"Ano base","UF","Classe Substância","Substância Mineral","Quantidade Produção","Unidade de Medida - Produção","Quantidade Contido","Unidade de Medida - Contido","Indicação Contido","Quantidade Venda","Unidade de Medida - Venda","Valor Venda (R$)","Quantidade Consumo/Utilização na Usina","Unidade de Medida - Consumo/Utilização na Usina","Valor Consumo / Utilização na Usina (R$)","Quantidade Transferência para Transformação / Utilização / Consumo","Unidade de Medida - Transferência para Transformação / Utilização / Consumo","Valor Transferência para Transformação / Utilização / Consumo (R$)"
"2010","AL","Não-Metálicos","Calcário","1006305,2899999999","t",",000000000000000","-","","161857,52000000002","t","10316106,109999999","0","t","0","815338","t","6136774,0499999998"
"2010","AL","Não-Metálicos","Rochas (Britadas) e Cascalho","855122,76000000001","t",",000000000000000","-","","681758,76000000001","t","24950312,869999997","53650","t","877370","119714","t","0"
"2010","AM","Metálicos","Columbita-Tantalita","6319","t","1922,302990000000000","t","Nb2O5","0","t","0","0","t","0","6227,5200000000004","t","33407046,27"
"2010","AM","Metálicos","Estanho","4284188,5","kg","2784170,000000000000000","kg","Sn","0","kg","0","0","kg","0","3178353","kg","49798593,509999998"
"2010","AM","Não-Metálicos","Rochas (Britadas) e Cascalho","347611,48999999999","t",",000000000000000","-","","268349,48999999999","t","17162304,829999998","5986","t","433319","7728","t","139560"
"2010","AP","Metálicos","Cromo","91878","t","91878,000000000000000","t","Cr2O3","38421,910000000003","t","9448716,1099999994","0","t","0","0","t","0"
"2010","AP","Metálicos","Ferro","4243086","t","2569507,380000000000000","t","Fe","4193349,8700000001","t","684932386,32999992","0","t","0","0","t","0"
"2010","AP","Metálicos","Ouro","6,7620000000000005","kg","6,762000000000000","kg","Au","6,7620000000000005","kg","421164,60999999999","0","kg","0","0","kg","0"
"2010","AP","Não-Metálicos","Caulim","881427","t",",000000000000000","-","","0","t","118024927,04000001","881427","t","0","0","t","0"
"2010","AP","Não-Metálicos","Rochas (Britadas) e Cascalho","116559","t",",000000000000000","-","","113376","t","4496287,3399999999","0","t","0","0","t","0"
"2010","BA","Gemas e Diamantes","Diamante","1103,2","ct","1103,200000000000000","ct","","0","ct","0","0","ct","0","0","ct","0"
"2010","BA","Metálicos","Cobre","82405,309999999998","t","27803,340000000000000","t","Cu","86152,650000000009","t","433394129,88","0","t","0","0","t","0"
"2010","BA","Metálicos","Cromo","428250,90000000002","t","166430,420000000000000","t","Cr2O3","98050,989999999991","t","56251392,219999991","0","t","0","383132,13000000006","t","86599915,469999999"
"2010","BA","Metálicos","Manganês","1697,8","t","764,010000000000000","t","Mn","1697,8","t","867237,83999999997","0","t","0","0","t","0"
"2010","BA","Metálicos","Níquel","75978","t","10375,000000000000000","t"," Ni","73218","t","370387333,72000003","0","t","0","0","t","0"
"2010","BA","Metálicos","Ouro","5979,4752900000003","kg","5979,474290000000000","kg","Au","6025,4083499999997","kg","419163287,38999999","0","kg","0","0","kg","0"
"2010","BA","Metálicos","Prata","75,011499999999998","kg","75,011500000000000","kg","Ag","75,011499999999998","kg","110888,57000000001","0","kg","0","0","kg","0"
"2010","BA","Não-Metálicos","Argilas","277214,75","t",",000000000000000","-","","281515,75","t","32893347,93","0","t","0","8265,3199999999997","t","1448657,23"
"2010","BA","Não-Metálicos","Bário","17995,349999999999","t","17445,020000000000000","t","BaSO4","309,89999999999998","t","351606,88","0","t","0","16972,91","t","7297130,1500000004"
"2010","BA","Não-Metálicos","Calcário","1585357,2999999998","t",",000000000000000","-","","377499","t","14393262,57","25480,549999999999","t","832797,46999999997","1063896,0599999998","t","15825855,879999999"
"2010","BA","Não-Metálicos","Caulim","9605","t",",000000000000000","-","","8139","t","5317802","0","t","0","0","t","0"
"2010","BA","Não-Metálicos","Diatomita","4082,1999999999998","t",",000000000000000","-","","3979,3099999999999","t","8305401,4500000002","0","t","0","0","t","0"
"2010","BA","Não-Metálicos","Dolomito e Magnesita","1362417","t",",000000000000000","-","","169262","t","113713177,52000001","182155","t","5586193,9299999997","947864","t","129777935,34"
"2010","BA","Não-Metálicos","Fosfato","287663,03999999998","t","94516,120000000000000","t","P2O5","229478,72","t","31052424,710000001","0","t","0","71878,839999999997","t","8617600"
"2010","BA","Não-Metálicos","Gipsita","0","t",",000000000000000","-","","0","t","0","0","t","0","0","t","0"
"2010","BA","Não-Metálicos","Grafita","17001,099999999999","t","15530,410000000000000","t","","17001,099999999999","t","22859581,260000002","0","t","0","0","t","0"
"2010","BA","Não-Metálicos","Rochas (Britadas) e Cascalho","5958212,2599999979","t",",000000000000000","-","","5529208,7599999979","t","172736405,28000006","556599,84000000008","t","1263146,96","0","t","0"
"2010","BA","Não-Metálicos","Talco e outras Cargas Minerais","79833,309999999998","t",",000000000000000","-","","73687,639999999999","t","74164644,959999993","0","t","0","1317,1300000000001","t","232588,78"
"2010","BA","Não-Metálicos","Vermiculita e Perlita","859,35000000000002","t","730,440000000000000","t","","859,35000000000002","t","51561,199999999997","0","t","0","0","t","0"
"2010","CE","Não-Metálicos","Areias Industriais","194258,51999999999","t",",000000000000000","-","","0","t","0","0","t","0","159225,56","t","2706918,5600000001"
"2010","CE","Não-Metálicos","Argilas","19977,889999999999","t",",000000000000000","-","","0","t","0","0","t","0","19977,889999999999","t","384991,40000000002"
"2010","CE","Não-Metálicos","Calcário","2032609,8700000001","t",",000000000000000","-","","58166,190000000002","t","4467903,4900000002","11009,4","t","154000","1963434,28","t","20597992,350000001"
"2010","CE","Não-Metálicos","Rochas (Britadas) e Cascalho","3558542,5","t",",000000000000000","-","","3252287,5","t","91004356,820000008","2175","t","36105","304080","t","1390065,3500000001"
"2010","DF","Não-Metálicos","Areia","0","t",",000000000000000","-","","0","t","0","0","t","0","0","t","0"
"2010","DF","Não-Metálicos","Argilas","33986,93","t",",000000000000000","-","","0","t","0","0","t","0","33986,93","t","535663,18000000005"
"2010","DF","Não-Metálicos","Calcário","3880454","t",",000000000000000","-","","3880454","t","25006120,280000001","0","t","0","0","t","0"
"2010","DF","Não-Metálicos","Rochas (Britadas) e Cascalho","3760652,7299999995","t",",000000000000000","-","","1697691,96","t","33219685,380000003","0","t","0","2040084,5600000001","t","33217679,239999998"
"2010","ES","Não-Metálicos","Calcário","353052,16999999998","t",",000000000000000","-","","353549,96999999997","t","21307503,109999999","0","t","0","0","t","0"
"2010","ES","Não-Metálicos","Rochas (Britadas) e Cascalho","5066573,7599999998","t",",000000000000000","-","","5258457,1399999997","t","89452632,090000004","0","t","0","0","t","0"
"2010","ES","Não-Metálicos","Rochas Ornamentais","124630,29999999999","t",",000000000000000","-","","122201,59999999999","t","77800220,61999999","0","t","0","1850,74","t","1615032,27"
"2010","GO","Gemas e Diamantes","Diamante","82,799999999999997","ct","82,800000000000000","ct","","15,98","ct","5549,8000000000002","0","ct","0","0","ct","0"
"2010","GO","Metálicos","Cobalto","3203447,4399999999","t","2881,520000000000000","t","Co","0","t","0","0","t","0","3203447,4399999999","t","0,12"
"2010","GO","Metálicos","Cobre","271475,39000000001","t","69662,360000000000000","t","Cu","272014,48000000004","t","1241022095,7","0","t","0","0","t","0,12"
"2010","GO","Metálicos","Manganês","12065,200000000001","t","5638,360000000000000","t","Mn","12065,200000000001","t","6661975,9799999995","0","t","0","0","t","0"
"2010","GO","Metálicos","Nióbio","17941,231350000002","t","8547,567880000000000","t","Nb2O5","214,19148000000001","t","788789,06000000006","0","t","0","12488,12587","t","268935037,51999998"
"2010","GO","Metálicos","Níquel","95855,669999999998","t","21501,330000000000000","t"," Ni","64446,790000000001","t","437048115,24000001","0","t","0","32034,470000000001","t","120050927"
"2010","GO","Metálicos","Ouro","4794,6700000000001","kg","3252,672170000000000","kg","Au","4942,1840300000003","kg","341944169,25999999","0","kg","0","0","kg","0"
"2010","GO","Metálicos","Prata","60","kg","60,000000000000000","kg","Ag","60","kg","140000","0","kg","0","0","kg","0"
"2010","GO","Metálicos","Titânio","36829,889999999999","t","7000,000000000000000","t","TiO2","30970,790000000001","t","6279262,8899999997","0","t","0","0","t","0"
"2010","GO","Não-Metálicos","Amianto","302257","t","302257,000000000000000","t","","306350,20000000001","t","413847085,19","0","t","0","0","t","0"
"2010","GO","Não-Metálicos","Areia","408910,79999999999","t",",000000000000000","-","","408632,96000000002","t","6724360,6200000001","0","t","0","0","t","0"
"2010","GO","Não-Metálicos","Areias Industriais","15750","t",",000000000000000","-","","15750","t","147400","0","t","0","0","t","0"
"2010","GO","Não-Metálicos","Argilas","3235","t",",000000000000000","-","","218","t","2926,3000000000002","0","t","0","1000","t","444145"
"2010","GO","Não-Metálicos","Bário","23390","t","13174,000000000000000","t","BaSO4","23261,799999999999","t","2578934,1000000001","0","t","0","0","t","0"
"2010","GO","Não-Metálicos","Calcário","4886420,9300000006","t",",000000000000000","-","","3701998,1000000001","t","106311293,25","0","t","0","1442671,49","t","8076324,8799999999"
"2010","GO","Não-Metálicos","Dolomito e Magnesita","439700,59999999998","t",",000000000000000","-","","434853,69999999995","t","11807603,800000001","0","t","0","0","t","0"
"2010","GO","Não-Metálicos","Fosfato","2643426,8800000004","t","949307,230000000000000","t","P2O5","281172,83000000002","t","107866356,51000001","45414","t","4241803,3399999999","1851023,1299999999","t","197375241,61000001"
"2010","GO","Não-Metálicos","Rochas (Britadas) e Cascalho","5970704,8800000008","t",",000000000000000","-","","5354502,3499999996","t","137344071,92000002","1941","t","17469","276769,43000000005","t","4296752,4900000002"
"2010","GO","Não-Metálicos","Rochas Ornamentais","6980","t",",000000000000000","-","","6980","t","35196","0","t","0","0","t","0"
"2010","GO","Não-Metálicos","Vermiculita e Perlita","44413","t","25000,000000000000000","t","","36495,639999999999","t","3347473,04","0","t","0","5183,6499999999996","t","434969,20000000001"
"2010","MA","Metálicos","Ouro","506,72579999999999","kg","471,254990000000000","kg","Au","432,95690000000002","kg","31961892,280000001","0","kg","0","0","kg","0"
"2010","MA","Não-Metálicos","Areia","3361","t",",000000000000000","-","","3361","t","16355","0","t","0","0","t","0"
"2010","MA","Não-Metálicos","Argilas","153809,10000000001","t",",000000000000000","-","","35546,869999999995","t","3347112,5600000001","118177,28000000001","t","875876,01000000001","0","t","0"
"2010","MA","Não-Metálicos","Calcário","273029","t",",000000000000000","-","","273029","t","6970223,5499999998","0","t","0","0","t","0"
"2010","MA","Não-Metálicos","Rochas (Britadas) e Cascalho","1640172,99","t",",000000000000000","-","","1647501,4000000001","t","44190175,549999997","0","t","0","0","t","0"
"2010","MG","Gemas e Diamantes","Diamante","10659,109999999999","ct","10659,110000000000000","ct","","7620,4700000000003","ct","3653583,7199999997","0","ct","0","0","ct","0"
"2010","MG","Gemas e Diamantes","Gemas","486,99372000000005","kg","486,993720000000000","kg","","361,46735999999999","kg","8760285,4600000009","19,040749999999999","kg","118049,7","0","kg","0"
"2010","MG","Metálicos","Alumínio (Bauxita)","2968433,5800000001","t","1286851,460000000000000","t","Al2O3","6295,6599999999999","t","2022147,8500000001","0","t","0","2964851,3399999999","t","134315799,75"
"2010","MG","Metálicos","Chumbo","19650,360000000001","t","12832,380000000000000","t","Pb","19739,98","t","27013105,600000001","0","t","0","0","t","0"
"2010","MG","Metálicos","Columbita-Tantalita","773,85000000000002","t","150,000000000000000","t","Ta2O5","747,70000000000005","t","15970972,789999999","0","t","0","0","t","0"
"2010","MG","Metálicos","Estanho","451039","kg","316957,000000000000000","kg","Sn","417759","kg","4447408,0199999996","0","kg","0","0","kg","0"
"2010","MG","Metálicos","Ferro","262341144,83000001","t","165409770,330000000000000","t","Fe","181276735,17000002","t","26535255660,030003","4846896","t","127418118,17999999","72347311,389999986","t","4143302072,3400002"
"2010","MG","Metálicos","Lítio","7262","t","363,100000000000000","t","Li2O","49,130000000000003","t","43717","0","t","0","6630,1999999999998","t","5263443,6500000004"
"2010","MG","Metálicos","Manganês","694985,55999999994","t","136868,800000000000000","t","Mn","593494,78000000003","t","55908647,510000005","2450","t","192500","141404,07000000001","t","14489526,579999998"
"2010","MG","Metálicos","Nióbio","139125","t","74974,000000000000000","t","Nb2O5","0","t","0","0","t","0","139125","t","133949200"
"2010","MG","Metálicos","Níquel","79479","t","13210,830000000000000","t"," Ni","29250,68","t","443950574,88999999","50367","t","9474091,2699999996","0","t","0"
"2010","MG","Metálicos","Ouro","30767,103999999999","kg","30767,102000000000000","kg","Au","30510,739000000001","kg","2109878624,0699999","0","kg","0","0","kg","0"
"2010","MG","Metálicos","Prata","6113,9619999999995","kg","6113,962000000000000","kg","Ag","6164,0290000000005","kg","7235487,2999999998","0","kg","0","0","kg","0"
"2010","MG","Metálicos","Zinco","495584,39000000001","t","211202,710000000000000","t","Zn","86958,380000000005","t","72340491,299999997","0","t","0","397419","t","52471230,469999999"
"2010","MG","Não-Metálicos","Areia","535507,77000000002","t",",000000000000000","-","","531586,41999999993","t","9117174,5800000001","0","t","0","0","t","0"
"2010","MG","Não-Metálicos","Areias Industriais","768505,17999999993","t",",000000000000000","-","","369826,20999999996","t","18595888,020000003","41358,07","t","144753,22","349238,08000000002","t","5546405,3800000008"
"2010","MG","Não-Metálicos","Argilas","1659124,5200000003","t",",000000000000000","-","","713312,43999999994","t","6744286,1000000006","253309,26000000001","t","620607,68999999994","689401,18000000005","t","19708066,740000002"
"2010","MG","Não-Metálicos","Calcário","40194897,350000001","t",",000000000000000","-","","20538014,080000002","t","371536775,86000007","3190416,0600000001","t","11203431,359999999","16692270,23","t","172869451,25999999"
"2010","MG","Não-Metálicos","Caulim","523","t",",000000000000000","-","","523","t","5225","0","t","0","0","t","0"
"2010","MG","Não-Metálicos","Cianita e outros minerais refratários","0","t",",000000000000000","-","","0","t","0","0","t","0","291","t","120485,83"
"2010","MG","Não-Metálicos","Enxofre","291351,45999999996","t","69739,830000000000000","t","S","298245,83999999997","t","70648002,879999995","0","t","0","0","t","0"
"2010","MG","Não-Metálicos","Feldspato, Leucita e Nefelina-Sienito","146122,16","t",",000000000000000","-","","136867,32000000001","t","16397493,530000001","0","t","0","0","t","0"
"2010","MG","Não-Metálicos","Fosfato","3482345,6899999999","t","1217440,980000000000000","t","P2O5","46607,389999999999","t","3246635,8700000001","895430,35000000009","t","151264718,99000001","3191027,52","t","355269341,95999998"
"2010","MG","Não-Metálicos","Grafita","72497,809999999998","t","58042,750000000000000","t","","71383,279999999999","t","114481531,08999999","0","t","0","0","t","0"
"2010","MG","Não-Metálicos","Rochas (Britadas) e Cascalho","14692555,975","t",",000000000000000","-","","13795397,429999998","t","341443374,6049999","86218","t","1033645","63113,689999999995","t","644635,12"
"2010","MG","Não-Metálicos","Rochas Ornamentais","5491,5699999999997","t",",000000000000000","-","","5353,1999999999998","t","2727617,6600000001","0","t","0","0","t","0"
"2010","MG","Não-Metálicos","Talco e outras Cargas Minerais","640106,07000000007","t",",000000000000000","-","","535721,91999999993","t","26248540,340000004","0","t","0","0","t","0"
"2010","MS","Gemas e Diamantes","Diamante","0","ct",",000000000000000","ct","","0","ct","0","0","ct","0","0","ct","0"
"2010","MS","Metálicos","Ferro","6575434","t","4175411,760000000000000","t","Fe","4715988,7999999998","t","629603935,44000006","0","t","0","0","t","0"
"2010","MS","Metálicos","Manganês","203784","t","89144,010000000000000","t","Mn","299089","t","111433681,97","0","t","0","0","t","0"
"2010","MS","Não-Metálicos","Areia","535770,8899999999","t",",000000000000000","-","","528478,53000000003","t","6522952,1800000006","0","t","0","0","t","0"
"2010","MS","Não-Metálicos","Argilas","440266,71999999997","t",",000000000000000","-","","61583,220000000001","t","2827495,5899999999","295158,28000000003","t","3035829,4100000001","78728,399999999994","t","12"
"2010","MS","Não-Metálicos","Calcário","2061871,2799999998","t",",000000000000000","-","","1000367,7699999999","t","20626708,620000001","0","t","0","1026356,9199999999","t","8422109,0899999999"
"2010","MS","Não-Metálicos","Dolomito e Magnesita","765862,88","t",",000000000000000","-","","779774,51000000001","t","20597400,030000001","0","t","0","0","t","0"
"2010","MS","Não-Metálicos","Rochas (Britadas) e Cascalho","4186043,8100000005","t",",000000000000000","-","","4103827,2200000002","t","69090449,189999998","0","t","0","219331,22","t","1756396,77"
"2010","MS","Não-Metálicos","Talco e outras Cargas Minerais","222070,67999999999","t",",000000000000000","-","","0","t","0","0","t","0","222070,67999999999","t","1423682,8999999999"
"2010","MT","Gemas e Diamantes","Diamante","8405,8299999999999","ct","8352,450000000000000","ct","","16843,34","ct","1446801,75","0","ct","0","0","ct","0"
"2010","MT","Metálicos","Estanho","208248","kg","145774,000000000000000","kg","Sn","208248","kg","3115467,7999999998","0","kg","0","0","kg","0"
"2010","MT","Metálicos","Ferro","36150,919999999998","t",",000000000000000","-","Fe","0","t","0","0","t","0","36150,919999999998","t","416050,02000000002"
"2010","MT","Metálicos","Ouro","4132,6155500000004","kg","3970,796990000000000","kg","Au","4137,4901","kg","284256534,69000006","9,5059700000000014","kg","701498","0","kg","0"
"2010","MT","Não-Metálicos","Areia","3211,0999999999999","t",",000000000000000","-","","3068,7399999999998","t","80446,729999999996","0","t","0","0","t","0"
"2010","MT","Não-Metálicos","Argilas","204648,60999999999","t",",000000000000000","-","","42063,990000000005","t","5041141,9900000002","0","t","0","92959,470000000001","t","1069842,8799999999"
"2010","MT","Não-Metálicos","Calcário","4745624,4299999997","t",",000000000000000","-","","3657161,7399999993","t","92994311,809999987","0","t","0","1121400,0600000001","t","11187069,880000001"
"2010","MT","Não-Metálicos","Dolomito e Magnesita","537035","t",",000000000000000","-","","531639,18999999994","t","10072404,85","0","t","0","0","t","0"
"2010","MT","Não-Metálicos","Rochas (Britadas) e Cascalho","2492806,2099999995","t",",000000000000000","-","","2489832,2999999998","t","58814619,349999987","0","t","0","9148,0799999999999","t","118925,03999999999"
"2010","PA","Gemas e Diamantes","Gemas","180952","kg","180952,000000000000000","kg","","180952","kg","181132,78","0","kg","0","0","kg","0"
"2010","PA","Metálicos","Alumínio (Bauxita)","27106990,02","t","13127711,210000000000000","t","Al2O3","27588772,649999999","t","1595263659,96","0","t","0","0","t","0"
"2010","PA","Metálicos","Cobre","394294","t","117221,000000000000000","t","Cu","422433,29999999999","t","1433448500,51","11177,65","t","24613831,899999999","0","t","0"
"2010","PA","Metálicos","Ferro","101769670,98","t","66677560,790000000000000","t","Fe","92569910,629999995","t","13923996643,460001","0","t","0","6037355","t","173155636,43000001"
"2010","PA","Metálicos","Manganês","2197525,7800000003","t","978068,220000000000000","t","Mn","2171084,4199999999","t","656767487,39999998","0","t","0","181055,73000000001","t","18465358,579999998"
"2010","PA","Metálicos","Ouro","1342,20442","kg","1342,078810000000000","kg","Au","1392,47838","kg","96420638,179999992","0","kg","0","0","kg","0"
"2010","PA","Metálicos","Tungstênio","172,75","t","112,280000000000000","t","WO3","159,5","t","3291688,8799999999","0","t","0","0","t","0"
"2010","PA","Não-Metálicos","Areia","0","t",",000000000000000","-","","0","t","26617,360000000001","0","t","0","0","t","0"
"2010","PA","Não-Metálicos","Areias Industriais","19864,259999999998","t",",000000000000000","-","","0","t","0","0","t","0","19864,259999999998","t","2468588,2999999998"
"2010","PA","Não-Metálicos","Argilas","11180","t",",000000000000000","-","","11180","t","1346119","0","t","0","0","t","0"
"2010","PA","Não-Metálicos","Calcário","80803,229999999996","t",",000000000000000","-","","80803,229999999996","t","3510776,6800000002","0","t","0","0","t","0"
"2010","PA","Não-Metálicos","Caulim","1620661","t",",000000000000000","-","","1595238,28","t","428003380,44","0","t","0","0","t","0"
"2010","PA","Não-Metálicos","Rochas (Britadas) e Cascalho","129211,89999999999","t",",000000000000000","-","","101293,89999999999","t","3235788,9499999997","0","t","0","27785","t","513715,85999999999"
"2010","PA","Não-Metálicos","Rochas Ornamentais","0","t",",000000000000000","-","","0","t","0","0","t","0","0","t","0"
"2010","PB","Metálicos","Titânio","82953,510000000009","t","45702,830000000000000","t","TiO2","83886,570000000007","t","20656362,850000001","0","t","0","0","t","0"
"2010","PB","Metálicos","Zircônio","21892,5","t","14183,130000000000000","t","ZrSiO4","21830,5","t","43026946,259999998","0","t","0","0","t","0"
"2010","PB","Não-Metálicos","Areias Industriais","1285","t",",000000000000000","-","","920","t","27600","0","t","0","0","t","0"
"2010","PB","Não-Metálicos","Argilas","434101,75","t",",000000000000000","-","","353375,26000000001","t","94165245,549999997","0","t","0","81275","t","367969"
"2010","PB","Não-Metálicos","Calcário","2914468,46","t",",000000000000000","-","","17755","t","3551660","87,460000000000008","t","2644,8000000000002","2896626","t","20222181"
"2010","PB","Não-Metálicos","Cianita e outros minerais refratários","2834,9400000000001","t",",000000000000000","-","","3119","t","1269465,1100000001","0","t","0","0","t","0"
"2010","PB","Não-Metálicos","Dolomito e Magnesita","4285,54","t",",000000000000000","-","","0","t","0","4285,54","t","129595,2","0","t","0"
"2010","PB","Não-Metálicos","Feldspato, Leucita e Nefelina-Sienito","1785","t",",000000000000000","-","","1785","t","189012,28","0","t","0","0","t","0"
"2010","PB","Não-Metálicos","Rochas (Britadas) e Cascalho","696879,58999999997","t",",000000000000000","-","","660881,97999999998","t","16330585,690000001","0","t","0","0","t","0"
"2010","PB","Não-Metálicos","Rochas Ornamentais","10796","t",",000000000000000","-","","8058","t","7669024,7700000005","2716","t","1362504","0","t","0"
"2010","PE","Metálicos","Titânio","0","t",",000000000000000","t","TiO2","0","t","0","0","t","0","0","t","0"
"2010","PE","Não-Metálicos","Areias Industriais","165180,38","t",",000000000000000","-","","18009","t","103362,64999999999","0","t","0","145112,38","t","1720588,7"
"2010","PE","Não-Metálicos","Argilas","507824,04999999999","t",",000000000000000","-","","1962","t","174344,88","99445,229999999996","t","1259217","406416,82000000001","t","1968705,4199999999"
"2010","PE","Não-Metálicos","Calcário","768729,93999999994","t",",000000000000000","-","","87144,179999999993","t","14235529,82","675663,88","t","13380958,210000001","0","t","0"
"2010","PE","Não-Metálicos","Dolomito e Magnesita","418,80000000000001","t",",000000000000000","-","","418,80000000000001","t","44341,970000000001","0","t","0","0","t","0"
"2010","PE","Não-Metálicos","Gipsita","886049,33999999997","t",",000000000000000","-","","598971,34000000008","t","17514218,850000001","0","t","0","266289,07999999996","t","16496448,960000001"
"2010","PE","Não-Metálicos","Rochas (Britadas) e Cascalho","5248316,1799999997","t",",000000000000000","-","","5240417,8100000005","t","109811767,33999999","0","t","0","0","t","0"
"2010","PE","Não-Metálicos","Rochas Ornamentais","0","t",",000000000000000","-","","358,11000000000001","t","213271,87","0","t","0","54,950000000000003","t","15480,379999999999"
"2010","PE","Não-Metálicos","Vermiculita e Perlita","4704","t","3669,330000000000000","t","","1735","t","1480420,5800000001","0","t","0","0","t","0"
"2010","PI","Gemas e Diamantes","Diamante","710,79999999999995","ct","710,800000000000000","ct","","281,13999999999999","ct","63174","0","ct","0","0","ct","0"
"2010","PI","Gemas e Diamantes","Gemas","7,8000000000000007","kg","7,800000000000000","kg","","7,8000000000000007","kg","155200","0","kg","0","0","kg","0"
"2010","PI","Não-Metálicos","Argilas","82022,010000000009","t",",000000000000000","-","","0","t","0","64772,010000000002","t","360441,56","17250","t","85750"
"2010","PI","Não-Metálicos","Calcário","1094242,0800000001","t",",000000000000000","-","","253840,47","t","12030271,189999999","5087","t","104408,60000000001","836290","t","1823112,2"
"2010","PI","Não-Metálicos","Rochas (Britadas) e Cascalho","583259,13","t",",000000000000000","-","","494191,16999999998","t","16216126,32","8523","t","113640","75995,009999999995","t","1665207,95"
"2010","PI","Não-Metálicos","Rochas Ornamentais","4954,5799999999999","t",",000000000000000","-","","3107,8299999999999","t","2255747,3799999999","552,63999999999999","t","69637,539999999994","0","t","0"
"2010","PR","Energéticos","Carvão Mineral","97545,070000000007","t",",000000000000000","-","","97532,970000000001","t","23611597,920000002","0","t","0","0","t","0"
"2010","PR","Gemas e Diamantes","Diamante","314,88","ct","314,880000000000000","ct","","0","ct","0","0","ct","0","0","ct","0"
"2010","PR","Metálicos","Ouro","439,72116999999997","kg","439,677200000000000","kg","Au","484,5","kg","33305887","0","kg","0","0","kg","0"
"2010","PR","Metálicos","Prata","65,329120000000003","kg","65,329120000000000","kg","Ag","0","kg","0","0","kg","0","0","kg","0"
"2010","PR","Não-Metálicos","Areia","1904862,9700000002","t",",000000000000000","-","","1904858,9700000002","t","21823857,899999999","0","t","0","0","t","0"
"2010","PR","Não-Metálicos","Areias Industriais","7199,4300000000003","t",",000000000000000","-","","5793,4300000000003","t","320206,60999999999","0","t","0","1406","t","28130"
"2010","PR","Não-Metálicos","Argilas","104540,61","t",",000000000000000","-","","105556,78999999999","t","1106828,3900000001","0","t","0","3645","t","485418,45000000001"
"2010","PR","Não-Metálicos","Calcário","11927744,040000001","t",",000000000000000","-","","3685747,4000000013","t","75615310,38000001","0","t","0","8319890,4699999997","t","60477336,120000005"
"2010","PR","Não-Metálicos","Caulim","2200","t",",000000000000000","-","","2110","t","63300","0","t","0","90","t","1800"
"2010","PR","Não-Metálicos","Dolomito e Magnesita","435993,80999999994","t",",000000000000000","-","","415031,47000000003","t","4093064,3600000003","0","t","0","21495","t","31800,119999999999"
"2010","PR","Não-Metálicos","Feldspato, Leucita e Nefelina-Sienito","88820","t",",000000000000000","-","","0","t","0","0","t","0","108238,05","t","2626006,0099999998"
"2010","PR","Não-Metálicos","Fluorita e Criolita","11196,43","t","9803,300000000000000","t","","11583,68","t","8837470,5299999993","0","t","0","0","t","0"
"2010","PR","Não-Metálicos","Rochas (Britadas) e Cascalho","9861787,3000000026","t",",000000000000000","-","","9294230,2200000025","t","165736219,48000002","303061,71999999997","t","3477633,2199999997","197651,20000000001","t","2547866,6000000001"
"2010","PR","Não-Metálicos","Rochas Ornamentais","3727,8299999999999","t",",000000000000000","-","","2410,6500000000001","t","422134,83999999997","0","t","0","1317,1799999999998","t","0"
"2010","PR","Não-Metálicos","Talco e outras Cargas Minerais","35559,200000000004","t",",000000000000000","-","","33008,18","t","4564709,0199999996","0","t","0","3584","t","176974"
"2010","RJ","Metálicos","Monazita e Terras-Raras","248","t","248,000000000000000","t","ETR","0","t","0","0","t","0","0","t","0"
"2010","RJ","Metálicos","Titânio","6129","t","3556,140000000000000","t","TiO2","9811","t","3350988,6699999999","0","t","0","0","t","0"
"2010","RJ","Metálicos","Zircônio","1343","t","859,520000000000000","t","ZrSiO4","1519","t","2961618,3399999999","0","t","0","0","t","0"
"2010","RJ","Não-Metálicos","Areia","170808,79000000001","t",",000000000000000","-","","170808,79000000001","t","1532714,3600000001","0","t","0","0","t","0"
"2010","RJ","Não-Metálicos","Areias Industriais","201251,22","t",",000000000000000","-","","202114,49000000002","t","10498453,07","0","t","0","0","t","0"
"2010","RJ","Não-Metálicos","Argilas","139956,5","t",",000000000000000","-","","0","t","0","0","t","0","139956,5","t","811865,93999999994"
"2010","RJ","Não-Metálicos","Calcário","4003198,02","t",",000000000000000","-","","14739,310000000001","t","2437889,1000000001","0","t","0","3991137,6400000001","t","34679622,640000001"
"2010","RJ","Não-Metálicos","Fluorita e Criolita","13250","t","10209,000000000000000","t","","13005,6","t","7872944,3799999999","0","t","0","0","t","0"
"2010","RJ","Não-Metálicos","Rochas (Britadas) e Cascalho","18310880,840000004","t",",000000000000000","-","","17220199,580000002","t","381399010,70000011","84020,400000000009","t","1389335,8599999999","764706,23999999999","t","4189080,3199999998"
"2010","RJ","Não-Metálicos","Rochas Ornamentais","9224,2899999999991","t",",000000000000000","-","","10750,77","t","12395449,93","0","t","0","0","t","0"
"2010","RN","Metálicos","Columbita-Tantalita","1,3700000000000045","t","1,370000000000000","t","Ta2O5","1,3700000000000001","t","52598","0","t","0","0","t","0"
"2010","RN","Metálicos","Tungstênio","289,87","t","280,740000000000000","t","WO3","286,87","t","7640106,0700000003","0","t","0","0","t","0"
"2010","RN","Não-Metálicos","Argilas","26329,580000000002","t",",000000000000000","-","","0","t","0","26329,580000000002","t","18430,709999999999","0","t","0"
"2010","RN","Não-Metálicos","Calcário","256771,17999999999","t",",000000000000000","-","","65088,550000000003","t","3198910,02","191682,63","t","3512748,9100000001","0","t","0"
"2010","RN","Não-Metálicos","Caulim","44680,160000000003","t",",000000000000000","-","","44680,160000000003","t","6433023,5","0","t","0","0","t","0"
"2010","RN","Não-Metálicos","Feldspato, Leucita e Nefelina-Sienito","6328","t",",000000000000000","-","","6328","t","478800","0","t","0","0","t","0"
"2010","RN","Não-Metálicos","Rochas (Britadas) e Cascalho","589487,20999999996","t",",000000000000000","-","","537968,89000000001","t","16849489,16","20605,639999999999","t","85172,199999999997","3584","t","5949,4399999999996"
"2010","RO","Metálicos","Columbita-Tantalita","4409,75","t","227,905500000000000","t","Nb2O5","4297,75","t","11512164,460000001","0","t","0","0","t","0"
"2010","RO","Metálicos","Columbita-Tantalita","2696","t","87,874000000000000","t","Ta2O5","2696","t","6323825,1799999997","0","t","0","0","t","0"
"2010","RO","Metálicos","Estanho","10828092,619999999","kg","6915329,300000000000000","kg","Sn","9245826,6199999992","kg","172446742,14999998","0","kg","0","1533610","kg","16251299,23"
"2010","RO","Metálicos","Manganês","45972,339999999997","t","15000,000000000000000","t","Mn","45972,339999999997","t","7919559,4400000004","0","t","0","0","t","0"
"2010","RO","Metálicos","Ouro","613,11183999999992","kg","613,111840000000000","kg","Au","613,11123999999995","kg","45069803,480000004","0","kg","0","0","kg","0"
"2010","RO","Não-Metálicos","Areia","7965,1999999999998","t",",000000000000000","-","","8090,4499999999998","t","147199,06","0","t","0","0","t","0"
"2010","RO","Não-Metálicos","Calcário","17610","t",",000000000000000","-","","7902","t","316118,40000000002","0","t","0","0","t","0"
"2010","RO","Não-Metálicos","Rochas (Britadas) e Cascalho","1272642,28","t",",000000000000000","-","","1220613,1800000002","t","56119047,039999992","16691,740000000002","t","190830,84","5257","t","213385"
"2010","RR","Não-Metálicos","Rochas (Britadas) e Cascalho","111686,11","t",",000000000000000","-","","111686,11","t","4981959,9900000002","0","t","0","0","t","0"
"2010","RS","Energéticos","Carvão Mineral","3237839,6299999999","t",",000000000000000","-","","3237839,6299999999","t","240999631,67000002","0","t","0","0","t","0"
"2010","RS","Não-Metálicos","Areias Industriais","98842","t",",000000000000000","-","","98842","t","4501243,5599999996","0","t","0","0","t","0"
"2010","RS","Não-Metálicos","Argilas","9798,2999999999993","t",",000000000000000","-","","9798,2999999999993","t","449953,79999999999","0","t","0","0","t","0"
"2010","RS","Não-Metálicos","Calcário","3035033,5299999998","t",",000000000000000","-","","1282098,6000000001","t","48785832,859999992","0","t","0","1712925,0900000001","t","34827482,660000004"
"2010","RS","Não-Metálicos","Caulim","25916","t",",000000000000000","-","","25916","t","2834908,1400000001","0","t","0","0","t","0"
"2010","RS","Não-Metálicos","Rochas (Britadas) e Cascalho","15064718,869999999","t",",000000000000000","-","","11749515,250000002","t","204077532,04000002","996867,76000000001","t","12851288,27","2284831,8999999999","t","16693619,859999999"
"2010","SC","Energéticos","Carvão Mineral","2407956,6099999999","t",",000000000000000","-","","2413136,6099999999","t","431485305,33000004","0","t","0","0","t","0"
"2010","SC","Energéticos","Turfa","80659,600000000006","t",",000000000000000","-","","39975,900000000001","t","3107771,25","0","t","0","23231,099999999999","t","805376,27000000002"
"2010","SC","Metálicos","Alumínio (Bauxita)","30610,939999999999","t","16530,000000000000000","t","Al2O3","29916,400000000001","t","4199587,2000000002","0","t","0","0","t","0"
"2010","SC","Não-Metálicos","Areia","164770","t",",000000000000000","-","","165413,57000000001","t","2234923,4900000002","0","t","0","0","t","0"
"2010","SC","Não-Metálicos","Areias Industriais","929875,37","t",",000000000000000","-","","928865,16000000003","t","40587193,950000003","0","t","0","0","t","0"
"2010","SC","Não-Metálicos","Argilas","120301,25","t",",000000000000000","-","","0","t","0","0","t","0","120301,25","t","1298442,54"
"2010","SC","Não-Metálicos","Calcário","654308,52000000002","t",",000000000000000","-","","653599,52000000002","t","17198221,349999998","0","t","0","0","t","0"
"2010","SC","Não-Metálicos","Feldspato, Leucita e Nefelina-Sienito","102350,64999999999","t",",000000000000000","-","","102992,72","t","12784089,819999998","0","t","0","0","t","0"
"2010","SC","Não-Metálicos","Fluorita e Criolita","0","t",",000000000000000","t","","1223,7","t","1660461,0800000001","0","t","0","0","t","0"
"2010","SC","Não-Metálicos","Rochas (Britadas) e Cascalho","12610102,659999998","t",",000000000000000","-","","11277814,109999998","t","204059853,09999993","1061826,24","t","8569456,1500000004","138316,89999999999","t","911454,52000000002"
"2010","SC","Não-Metálicos","Saibro","187881","t",",000000000000000","-","","120469,39999999999","t","798658,80000000005","52266","t","208517","0","t","0"
"2010","SE","Não-Metálicos","Argilas","479560,69999999995","t",",000000000000000","-","","199779,40000000002","t","8021576,8000000007","0","t","0","223984,10000000001","t","1275370,97"
"2010","SE","Não-Metálicos","Calcário","4349364,5","t",",000000000000000","-","","257550,76000000001","t","1361507,7","0","t","0","4104790,3500000001","t","23490253,739999998"
"2010","SE","Não-Metálicos","Dolomito e Magnesita","48490,360000000001","t",",000000000000000","-","","48392,070000000007","t","3870077,3799999999","0","t","0","0","t","0"
"2010","SE","Não-Metálicos","Potássio","661690","t","452698,330000000000000","t","K2O","681448","t","492250778,69999999","0","t","0","0","t","0"
"2010","SE","Não-Metálicos","Rochas (Britadas) e Cascalho","618506,48999999999","t",",000000000000000","-","","618506,48999999999","t","16870329,990000002","0","t","0","0","t","0"
"2010","SP","Metálicos","Alumínio (Bauxita)","36580,809999999998","t","18919,590000000000000","t","Al2O3","36580,809999999998","t","9159051,6999999993","0","t","0","0","t","0"
"2010","SP","Metálicos","Ferro","225939","t","167362,040000000000000","t","Fe","176000","t","1936000","0","t","0","0","t","0"
"2010","SP","Não-Metálicos","Areia","7791799,2599999998","t",",000000000000000","-","","7791033,1899999995","t","131045954,39000005","0","t","0","0","t","0"
"2010","SP","Não-Metálicos","Areias Industriais","4639838,9799999995","t",",000000000000000","-","","4070006,0700000003","t","150627271,29000002","0","t","0","460198,94","t","9384594,3499999996"
"2010","SP","Não-Metálicos","Argilas","1271373,6000000001","t",",000000000000000","-","","894279,65999999992","t","26942066,190000001","0","t","0","394828,53000000003","t","5038498,8399999999"
"2010","SP","Não-Metálicos","Calcário","12332205,770000001","t",",000000000000000","-","","4451265","t","128240102,38000001","0","t","0","7888549,29","t","127035171,59"
"2010","SP","Não-Metálicos","Calcário","3516757","t","3516757,000000000000000","t","","1512206","t","19658671","0","t","0","0","t","0"
"2010","SP","Não-Metálicos","Caulim","105108,03","t",",000000000000000","-","","102101,85000000001","t","26075044,040000003","0","t","0","2639,7799999999997","t","567093,83999999997"
"2010","SP","Não-Metálicos","Dolomito e Magnesita","282291,21999999997","t",",000000000000000","-","","282343,53000000003","t","10172884,360000001","0","t","0","0","t","0"
"2010","SP","Não-Metálicos","Feldspato, Leucita e Nefelina-Sienito","19922,880000000001","t",",000000000000000","-","","18232,880000000001","t","3353564,0799999996","0","t","0","0","t","0"
"2010","SP","Não-Metálicos","Fosfato","584313,87","t","192803,000000000000000","t","P2O5","36847,870000000003","t","2801977,9199999999","0","t","0","605650,66000000003","t","134714246,19999999"
"2010","SP","Não-Metálicos","Rochas (Britadas) e Cascalho","85248370,549999982","t",",000000000000000","-","","79277801,439999968","t","1994503750,8299999","542555,71999999997","t","8846365,5899999999","1652286,6599999999","t","14572759,789999999"
"2010","SP","Não-Metálicos","Rochas Ornamentais","3960","t",",000000000000000","-","","3955,3400000000001","t","4032392,7599999998","0","t","0","0","t","0"
"2010","SP","Não-Metálicos","Talco e outras Cargas Minerais","924309,17999999993","t",",000000000000000","-","","924309,17999999993","t","27823362,010000005","0","t","0","0","t","0"
"2010","TO","Metálicos","Ouro","1,7","kg","1,350000000000000","kg","Au","0","kg","0","0","kg","0","1,7","kg","102000"
"2010","TO","Não-Metálicos","Areia","0","t",",000000000000000","-","","0","t","0","0","t","0","0","t","0"
"2010","TO","Não-Metálicos","Argilas","22952,959999999999","t",",000000000000000","-","","21678,16","t","3496595,3300000001","0","t","0","0","t","0"
"2010","TO","Não-Metálicos","Calcário","2280067,3100000001","t",",000000000000000","-","","1411284,0800000001","t","38365618,840000004","0","t","0","851868,09999999998","t","16377359,789999999"
"2010","TO","Não-Metálicos","Minerais Industriais (Outros)","64,150000000000006","t",",000000000000000","-","","35","t","617400","0","t","0","0","t","0"
"2010","TO","Não-Metálicos","Rochas (Britadas) e Cascalho","1249009,98","t",",000000000000000","-","","313434,62","t","6564824,129999999","0","t","0","920010,48999999999","t","4965267,1799999997"
"2011","AL","Não-Metálicos","Calcário","948235,63","t",",000000000000000","-","","149839,41999999998","t","10236285,959999999","0","t","0","774068","t","6937303,7999999998"
"2011","AL","Não-Metálicos","Rochas (Britadas) e Cascalho","1426945,0699999998","t",",000000000000000","-","","893099,98999999999","t","40475059,730000004","401487,22999999998","t","1182326,48","110876,16","t","2264794"
"2011","AM","Metálicos","Columbita-Tantalita","8331,2199999999993","t","1101,937000000000000","t","Nb2O5","0","t","0","0","t","0","8620,7199999999993","t","69888005,560000002"
"2011","AM","Metálicos","Columbita-Tantalita","8331,2199999999993","t","1101,937000000000000","t","Ta2O5","0","t","0","0","t","0","8620,7199999999993","t","69888005,560000002"
"2011","AM","Metálicos","Estanho","13029850","kg","8590000,000000000000000","kg","Sn","0","kg","0","0","kg","0","13453240","kg","154584801,63"
"2011","AM","Metálicos","Ouro","8,0504999999999995","kg","8,050500000000000","kg","Au","8,0504999999999995","kg","702000","0","kg","0","0","kg","0"
"2011","AM","Não-Metálicos","Rochas (Britadas) e Cascalho","340512,90000000002","t",",000000000000000","-","","298806,90000000002","t","22132204,159999996","2958","t","88740","0","t","0"
"2011","AP","Metálicos","Columbita-Tantalita","5,7699999999999996","t","5,770000000000000","t","Ta2O5","5,7699999999999996","t","115700","0","t","0","0","t","0"
"2011","AP","Metálicos","Cromo","37835,300000000003","t","15150,000000000000000","t","Cr2O3","60289","t","17783464,02","0","t","0","0","t","0"
"2011","AP","Metálicos","Ferro","5456858,0599999996","t","3116110,590000000000000","t","Fe","5345322,2399999993","t","1016477647,2200001","0","t","0","0","t","0"
"2011","AP","Metálicos","Ouro","113,14680999999405","kg","111,237360000000000","kg","Au","106,52199999999405","kg","7141609,0500000007","0","kg","0","0","kg","0"
"2011","AP","Não-Metálicos","Caulim","578164,18999999994","t",",000000000000000","-","","0","t","109610546,08","578164,18999999994","t","0","0","t","0"
"2011","AP","Não-Metálicos","Rochas (Britadas) e Cascalho","166879,66","t",",000000000000000","-","","165733,76000000001","t","6672363,7000000002","0","t","0","0","t","0"
"2011","BA","Gemas e Diamantes","Gemas","3600","kg","3600,000000000000000","kg","","3600","kg","17640000","0","kg","0","0","kg","0"
"2011","BA","Metálicos","Cobre","90865,479999999996","t","29644,840000000000000","t","Cu","93769,080000000002","t","499139207,64999998","0","t","0","0","t","0"
"2011","BA","Metálicos","Cromo","540015,64000000001","t","212297,440000000000000","t","Cr2O3","67091,729999999996","t","41555181,379999995","22602","t","6441034,7000000002","369536,82999999996","t","103153833,45"
"2011","BA","Metálicos","Manganês","1027,8499999999999","t","452,260000000000000","t","Mn","1027,8499999999999","t","443390,15000000002","0","t","0","0","t","0"
"2011","BA","Metálicos","Níquel","112734,52","t","15854,190000000000000","t"," Ni","111354,91","t","565024640,05999994","0","t","0","0","t","0"
"2011","BA","Metálicos","Ouro","5500,2572400000008","kg","5500,257240000000000","kg","Au","5605,7715600000001","kg","475546104,94000006","0","kg","0","0","kg","0"
"2011","BA","Metálicos","Prata","57,418300000000002","kg","57,418300000000000","kg","Ag","57,418300000000002","kg","134026,92999999999","0","kg","0","0","kg","0"
"2011","BA","Não-Metálicos","Argilas","316302,52000000002","t",",000000000000000","-","","289205,16999999998","t","36948849,940000005","17490,349999999999","t","1444368,52","6826","t","37612,989999999991"
"2011","BA","Não-Metálicos","Bário","6977,1999999999998","t","6768,000000000000000","t","BaSO4","6035,6000000000004","t","6197322,71","0","t","0","966","t","982430,23999999999"
"2011","BA","Não-Metálicos","Calcário","1966935,0699999998","t",",000000000000000","-","","735598,75000000012","t","28406621,98","28250,509999999998","t","1087916,4199999999","1195479,4199999999","t","16635423,6"
"2011","BA","Não-Metálicos","Caulim","8558","t",",000000000000000","-","","7040","t","4790427","0","t","0","0","t","0"
"2011","BA","Não-Metálicos","Diatomita","4000,2399999999998","t",",000000000000000","-","","4223,0100000000002","t","9343172,5199999996","0","t","0","0","t","0"
"2011","BA","Não-Metálicos","Dolomito e Magnesita","1208425","t",",000000000000000","-","","81126","t","70437468,590000004","146065","t","6892831,7000000002","1032873","t","225349541,51000002"
"2011","BA","Não-Metálicos","Fosfato","262749,85999999999","t","86324,910000000000000","t","P2O5","186241,97","t","15877647,4","0","t","0","66582,270000000004","t","14785205,65"
"2011","BA","Não-Metálicos","Grafita","17605,25","t","16087,680000000000000","t","","16851,77","t","30461061","0","t","0","0","t","0"
"2011","BA","Não-Metálicos","Rochas (Britadas) e Cascalho","6314683,1400000006","t",",000000000000000","-","","5898336,8200000003","t","181311978,56","63194,589999999997","t","1440755,6000000001","72833","t","173000,04000000001"
"2011","BA","Não-Metálicos","Talco e outras Cargas Minerais","80349","t",",000000000000000","-","","78970","t","77592307,079999998","0","t","0","961,34000000000003","t","169236,84"
"2011","BA","Não-Metálicos","Vermiculita e Perlita","628,84000000000003","t","535,510000000000000","t","","628,84000000000003","t","45989,400000000001","0","t","0","0","t","0"
"2011","CE","Não-Metálicos","Areias Industriais","154139,08000000002","t",",000000000000000","-","","0","t","0","0","t","0","154139,08000000002","t","2833951,1500000004"
"2011","CE","Não-Metálicos","Argilas","51178,699999999997","t",",000000000000000","-","","0","t","0","0","t","0","51178,699999999997","t","1990891,97"
"2011","CE","Não-Metálicos","Calcário","2177826,1199999996","t",",000000000000000","-","","127844,73","t","9411771,2400000002","0","t","0","2049981,3899999999","t","20322209,57"
"2011","CE","Não-Metálicos","Gipsita","8483","t",",000000000000000","-","","0","t","0","0","t","0","8483","t","523237,09999999998"
"2011","CE","Não-Metálicos","Rochas (Britadas) e Cascalho","3996367,46","t",",000000000000000","-","","3634918,2599999998","t","102830087,64999999","0","t","0","361450","t","4194554,2000000002"
"2011","DF","Não-Metálicos","Areias Industriais","4240,0299999999997","t",",000000000000000","-","","0","t","0","4240,0299999999997","t","21200,150000000001","0","t","0"
"2011","DF","Não-Metálicos","Argilas","277084,13","t",",000000000000000","-","","0","t","0","0","t","0","277084,13","t","10156321,18"
"2011","DF","Não-Metálicos","Calcário","2730866,1000000001","t",",000000000000000","-","","0","t","0","0","t","0","2730866,1000000001","t","18093132,02"
"2011","DF","Não-Metálicos","Caulim","11097","t",",000000000000000","-","","0","t","0","0","t","0","11097","t","281419,91999999998"
"2011","DF","Não-Metálicos","Rochas (Britadas) e Cascalho","3364180,6599999997","t",",000000000000000","-","","3133531,1899999999","t","51813249,589999996","0","t","0","126857,06999999999","t","1501932,28"
"2011","ES","Não-Metálicos","Argilas","0","t",",000000000000000","-","","0","t","0","0","t","0","0","t","0"
"2011","ES","Não-Metálicos","Calcário","388384,04000000004","t",",000000000000000","-","","389220,97000000003","t","29620966,690000005","0","t","0","0","t","0"
"2011","ES","Não-Metálicos","Rochas (Britadas) e Cascalho","6154319,8899999987","t",",000000000000000","-","","6159854,9500000011","t","110856737,15999998","0","t","0","0","t","0"
"2011","ES","Não-Metálicos","Rochas Ornamentais","197762,23000000001","t",",000000000000000","-","","171690,11000000002","t","99811927,700000018","0","t","0","3769,6099999999997","t","3229427,6899999999"
"2011","GO","Metálicos","Cobalto","3329076","t","3238,800000000000000","t","Co","0","t","0","0","t","0","3329076","t","0,12"
"2011","GO","Metálicos","Cobre","304146,5","t","72522,950000000000000","t","Cu","300422,85999999999","t","1374078885,4200001","0","t","0","0","t","0"
"2011","GO","Metálicos","Manganês","18519,110000000001","t","7246,740000000000000","t","Mn","18519,110000000001","t","5311403,0199999996","0","t","0","0","t","0"
"2011","GO","Metálicos","Nióbio","17314,78931","t","8501,250000000000000","t","Nb2O5","0","t","0","0","t","0","12356,62931","t","251997726,98999998"
"2011","GO","Metálicos","Níquel","111154,26000000001","t","29295,260000000000000","t"," Ni","73705,570000000007","t","605783537,23000002","0","t","0","33290,760000000002","t","119223665,59"
"2011","GO","Metálicos","Ouro","4140,1261100000002","kg","3226,674000000000000","kg","Au","3961,0541899999998","kg","338307564,86000001","0","kg","0","0","kg","0"
"2011","GO","Metálicos","Prata","200","kg","200,000000000000000","kg","Ag","200","kg","462000","0","kg","0","0","kg","0"
"2011","GO","Metálicos","Titânio","6155,1899999999996","t","1000,000000000000000","t","TiO2","14195,799999999999","t","2948094,02","0","t","0","0","t","0"
"2011","GO","Não-Metálicos","Amianto","306320,56","t","306320,560000000000000","t","","296663,75","t","410328338,31999999","0","t","0","0","t","0"
"2011","GO","Não-Metálicos","Areia","377848,27999999997","t",",000000000000000","-","","368973,66999999998","t","7659809,1599999992","0","t","0","0","t","0"
"2011","GO","Não-Metálicos","Areias Industriais","63394,050000000003","t",",000000000000000","-","","63394,050000000003","t","589760","0","t","0","0","t","0"
"2011","GO","Não-Metálicos","Bário","12104","t","6700,000000000000000","t","BaSO4","17910,25","t","2985111,27","0","t","0","0","t","0"
"2011","GO","Não-Metálicos","Calcário","5636852,7799999993","t",",000000000000000","-","","4370172,1300000008","t","148651920,28999999","0","t","0","1226915,8999999999","t","9038033,6600000001"
"2011","GO","Não-Metálicos","Dolomito e Magnesita","874521,45999999996","t",",000000000000000","-","","883871,28999999992","t","30362049,289999999","0","t","0","0","t","0"
"2011","GO","Não-Metálicos","Fosfato","3464387,1499999999","t","1233670,820000000000000","t","P2O5","484413,59999999998","t","201480153,5","112337","t","7647361","1771614,6499999999","t","207782014,61000001"
"2011","GO","Não-Metálicos","Rochas (Britadas) e Cascalho","7573053,6500000004","t",",000000000000000","-","","7264197,5200000005","t","178440354,47000003","0","t","0","68465,949999999997","t","1087472,0899999999"
"2011","GO","Não-Metálicos","Rochas Ornamentais","395","t",",000000000000000","-","","355","t","7250","0","t","0","0","t","0"
"2011","GO","Não-Metálicos","Rochas Ornamentais - Outras","395","t",",000000000000000","-","","355","t","7250","0","t","0","0","t","0"
"2011","GO","Não-Metálicos","Talco e outras Cargas Minerais","6000","t",",000000000000000","-","","6000","t","60000","0","t","0","0","t","0"
"2011","GO","Não-Metálicos","Vermiculita e Perlita","1973,8","t",",000000000000000","t","","1973,8","t","138166","0","t","0","1973,8","t","138166"
"2011","MA","Metálicos","Ouro","1303,17282","kg","1303,172000000000000","kg","Au","1270,48722","kg","112991900","0","kg","0","0","kg","0"
"2011","MA","Não-Metálicos","Areia","85427,210000000006","t",",000000000000000","-","","48478,93","t","1079592,74","0","t","0","11063,959999999999","t","27371,779999999999"
"2011","MA","Não-Metálicos","Argilas","194388,85999999999","t",",000000000000000","-","","36794,739999999998","t","1920133,9199999999","157594,12","t","1182753,9100000001","0","t","0"
"2011","MA","Não-Metálicos","Calcário","174679","t",",000000000000000","-","","174679","t","4890982","0","t","0","0","t","0"
"2011","MA","Não-Metálicos","Rochas (Britadas) e Cascalho","1825380,96","t",",000000000000000","-","","1836798,48","t","64015451,589999996","0","t","0","84127,419999999998","t","581230,72999999998"
"2011","MG","Gemas e Diamantes","Diamante","7080,3100000000013","ct","7080,310000000000000","ct","","8367,6800000000003","ct","4303218,4500000002","0","ct","0","850","ct","0"
"2011","MG","Gemas e Diamantes","Gemas","907,44674000000009","kg","907,446740000000000","kg","","256,47282000000007","kg","15590251,979999999","2,738","kg","2446,6900000000001","0","kg","0"
"2011","MG","Metálicos","Alumínio (Bauxita)","2791451,1100000003","t","1232769,080000000000000","t","Al2O3","0","t","0","0","t","0","2728809,8300000001","t","150252106,28"
"2011","MG","Metálicos","Chumbo","15100,370000000001","t","8545,200000000000000","t","Pb","14151,719999999999","t","10030183,66","0","t","0","0","t","0"
"2011","MG","Metálicos","Columbita-Tantalita","531,60000000000002","t","120,000000000000000","t","Ta2O5","543,42999999999995","t","39684500,909999996","0","t","0","0","t","0"
"2011","MG","Metálicos","Estanho","456109","kg","317218,000000000000000","kg","Sn","479462","kg","6068731,5300000003","0","kg","0","0","kg","0"
"2011","MG","Metálicos","Ferro","275537927,31999993","t","178091954,760000000000000","t","Fe","202570710,61999992","t","37529350183,359993","4490145","t","128280767,42","68688784,539999992","t","2449374103,0999999"
"2011","MG","Metálicos","Lítio","6401","t","323,250000000000000","t","Li2O","162","t","145750","0","t","0","6600,2700000000004","t","6349353,6799999997"
"2011","MG","Metálicos","Manganês","664069,80000000005","t","137173,410000000000000","t","Mn","543926,08999999997","t","62091850,530000001","0","t","0","189766,62000000002","t","15838653,709999999"
"2011","MG","Metálicos","Nióbio","141926","t","77239,000000000000000","t","Nb2O5","0","t","0","0","t","0","141926","t","155055927,5"
"2011","MG","Metálicos","Níquel","78920","t","12444,410000000000000","t"," Ni","27536","t","437808494","51530","t","10165884,129999999","0","t","0"
"2011","MG","Metálicos","Ouro","30870,94112","kg","30870,820540000000000","kg","Au","29904,274170000004","kg","2548551223,2100005","0","kg","0","0","kg","0"
"2011","MG","Metálicos","Platina (Grupo da)","4,2999999999999999E-4","t",",000430000000000","t","EGP","4,2999999999999999E-4","t","18552,16","0","t","0","0","t","0"
"2011","MG","Metálicos","Prata","6028,9376599999996","kg","6028,937660000000000","kg","Ag","6011,95172","kg","12923183,07","0","kg","0","0","kg","0"
"2011","MG","Metálicos","Zinco","479977,58999999997","t","197840,070000000000000","t","Zn","83206,350000000006","t","77718885,879999995","0","t","0","388669,67999999999","t","57736880,960000001"
"2011","MG","Não-Metálicos","Areia","565188,60000000009","t",",000000000000000","-","","590796,34000000008","t","12771454,050000001","0","t","0","0","t","0"
"2011","MG","Não-Metálicos","Areias Industriais","764429,60000000009","t",",000000000000000","-","","330099,89000000001","t","21654667,059999995","49845,239999999998","t","170742,84","389957,67000000004","t","6233895,7800000003"
"2011","MG","Não-Metálicos","Argilas","1792365,7799999998","t",",000000000000000","-","","802433,69000000006","t","4719271,8099999996","374564,40999999997","t","1351676,55","732637,20999999996","t","18661427,240000002"
"2011","MG","Não-Metálicos","Calcário","42923990,829999998","t",",000000000000000","-","","21649412,160000004","t","469067542,98000014","3644778,1499999999","t","14755909,289999999","19072025,5","t","216427698,12"
"2011","MG","Não-Metálicos","Cianita e outros minerais refratários","1","t",",000000000000000","-","","0","t","0","0","t","0","233","t","115261"
"2011","MG","Não-Metálicos","Enxofre","294335,17000000004","t","69015,490000000000000","t","S","270525,88","t","81312617,460000008","0","t","0","0","t","0"
"2011","MG","Não-Metálicos","Feldspato, Leucita e Nefelina-Sienito","151257,37","t",",000000000000000","-","","150286,20000000001","t","14496756,82","0","t","0","0","t","0"
"2011","MG","Não-Metálicos","Fosfato","3491388,3999999999","t","1210920,790000000000000","t","P2O5","62424,010000000002","t","7673270,0099999998","771729,57999999996","t","140794685,13999999","2589976,3700000001","t","364590980,16000003"
"2011","MG","Não-Metálicos","Grafita","80279,550000000017","t","65425,690000000000000","t","","79636,640000000014","t","144577762,31","0","t","0","0","t","0"
"2011","MG","Não-Metálicos","Rochas (Britadas) e Cascalho","18130043,689999998","t",",000000000000000","-","","16637355,694999995","t","437877458,27999985","20446,5","t","564254,03000000003","101510,63","t","1459541,1299999999"
"2011","MG","Não-Metálicos","Rochas Ornamentais","3874,52","t",",000000000000000","-","","4080,5599999999999","t","1965780,77","0","t","0","0","t","0"
"2011","MG","Não-Metálicos","Talco e outras Cargas Minerais","564681,43000000005","t",",000000000000000","-","","446482,39000000001","t","24260013,739999998","0","t","0","0","t","0"
"2011","MS","Gemas e Diamantes","Diamante","0","ct",",000000000000000","ct","","0","ct","0","0","ct","0","0","ct","0"
"2011","MS","Metálicos","Ferro","7451189","t","4876882,400000000000000","t","Fe","6056926,4699999997","t","1062290939,9299999","0","t","0","0","t","0"
"2011","MS","Metálicos","Manganês","301734","t","130058,200000000000000","t","Mn","248485","t","77168433,969999999","0","t","0","0","t","0"
"2011","MS","Não-Metálicos","Areia","556750,14999999991","t",",000000000000000","-","","550127,48999999999","t","7864012,3999999994","0","t","0","0","t","0"
"2011","MS","Não-Metálicos","Argilas","379583,17000000004","t",",000000000000000","-","","79238,970000000001","t","3818091,0299999993","280686,46999999997","t","2947887,2199999997","19332,900000000001","t","82296"
"2011","MS","Não-Metálicos","Calcário","2012569,7800000003","t",",000000000000000","-","","807278,84000000008","t","20388780,5","0","t","0","1217034,78","t","10350171,32"
"2011","MS","Não-Metálicos","Dolomito e Magnesita","1167618,1200000001","t",",000000000000000","-","","1150190,3900000001","t","35024030,900000006","0","t","0","0","t","0"
"2011","MS","Não-Metálicos","Rochas (Britadas) e Cascalho","4220587,0800000001","t",",000000000000000","-","","3978706,1100000003","t","83015201,809999987","0","t","0","45587,82","t","364263,40000000002"
"2011","MS","Não-Metálicos","Talco e outras Cargas Minerais","262579","t",",000000000000000","-","","0","t","0","0","t","0","262579","t","1418039,74"
"2011","MT","Gemas e Diamantes","Diamante","40906,100000000006","ct","40906,100000000000000","ct","","21178,619999999999","ct","1443621,51","0","ct","0","0","ct","0"
"2011","MT","Metálicos","Estanho","178000","kg","117637,000000000000000","kg","Sn","178000","kg","2293000","0","kg","0","0","kg","0"
"2011","MT","Metálicos","Ouro","6724,0827600000002","kg","6676,256840000000000","kg","Au","6668,0258800000001","kg","559226731,18000019","1,75","kg","143078,20000000001","51,736860000000007","kg","4605203,54"
"2011","MT","Metálicos","Zinco","0","t",",000000000000000","t","Zn","1652","t","1406519,3899999999","0","t","0","0","t","0"
"2011","MT","Não-Metálicos","Areia","17962","t",",000000000000000","-","","17805","t","131176,19","0","t","0","0","t","0"
"2011","MT","Não-Metálicos","Argilas","2063064,5299999998","t",",000000000000000","-","","1907307,1600000001","t","5672822,0200000005","97417,369999999995","t","1276306,55","0","t","0"
"2011","MT","Não-Metálicos","Calcário","6914620,1999999993","t",",000000000000000","-","","5511195,4299999997","t","153939277,38","1227147,5699999998","t","10162628,27","0","t","0"
"2011","MT","Não-Metálicos","Dolomito e Magnesita","651074,90000000002","t",",000000000000000","-","","645917,07999999996","t","14698742,939999999","0","t","0","0","t","0"
"2011","MT","Não-Metálicos","Quartzo (Cristal) e outros Piezelétricos","1701","t",",000000000000000","-","","1701","t","4762,8000000000002","0","t","0","0","t","0"
"2011","MT","Não-Metálicos","Rochas (Britadas) e Cascalho","2931470","t",",000000000000000","-","","2912619,7999999993","t","64763403,229999997","1312,25","t","22623,189999999999","0","t","0"
"2011","PA","Gemas e Diamantes","Gemas","478831","kg","478831,000000000000000","kg","","478831","kg","294070,44","0","kg","0","0","kg","0"
"2011","PA","Metálicos","Alumínio (Bauxita)","28876215,560000002","t","13998246,310000000000000","t","Al2O3","29052428,920000002","t","1702700573,9400001","0","t","0","0","t","0"
"2011","PA","Metálicos","Cobre","375900","t","111855,390000000000000","t","Cu","410035,96999999997","t","1633051385,2","0","t","0","0","t","0"
"2011","PA","Metálicos","Estanho","114898","kg","74900,000000000000000","kg","Sn","114898","kg","1424970","0","kg","0","0","kg","0"
"2011","PA","Metálicos","Ferro","110343689,18000001","t","71976757,720000000000000","t","Fe","98702073,090000004","t","19809975056,960003","0","t","0","5933671","t","192869910,15000001"
"2011","PA","Metálicos","Manganês","1712150,4199999999","t","768938,290000000000000","t","Mn","1693077,4300000002","t","405742620,30000001","0","t","0","0","t","0"
"2011","PA","Metálicos","Níquel","19468,91","t","6970,000000000000000","t"," Ni","4931,1000000000004","t","165584950,03999999","0","t","0","0","t","0"
"2011","PA","Metálicos","Ouro","1792,2300599999999","kg","1792,230060000000000","kg","Au","1726,0254799999998","kg","143241923,53999999","0","kg","0","0","kg","0"
"2011","PA","Metálicos","Tungstênio","57,409999999999997","t","37,310000000000000","t","WO3","57,409999999999997","t","1664635","0","t","0","0","t","0"
"2011","PA","Não-Metálicos","Areia","1656","t",",000000000000000","-","","1656","t","17945","0","t","0","0","t","0"
"2011","PA","Não-Metálicos","Areias Industriais","28104,93","t",",000000000000000","-","","0","t","0","0","t","0","28104,93","t","3656092"
"2011","PA","Não-Metálicos","Argilas","20943,720000000001","t",",000000000000000","-","","20943,720000000001","t","1626653,1099999999","0","t","0","0","t","0"
"2011","PA","Não-Metálicos","Calcário","212471,47000000003","t",",000000000000000","-","","212471,47000000003","t","8599022,2100000009","0","t","0","0","t","0"
"2011","PA","Não-Metálicos","Caulim","1574208","t",",000000000000000","-","","1535010","t","349127647,18000001","0","t","0","0","t","0"
"2011","PA","Não-Metálicos","Rochas (Britadas) e Cascalho","1184813,0800000001","t",",000000000000000","-","","466675,07999999996","t","9338665,8099999987","0","t","0","706993","t","16105948,01"
"2011","PA","Não-Metálicos","Rochas Ornamentais","0","t",",000000000000000","-","","0","t","0","0","t","0","0,01","t","0,01"
"2011","PB","Metálicos","Columbita-Tantalita","1,8999999999999999","t","1,900000000000000","t","Ta2O5","1,8999999999999999","t","117481,60000000001","0","t","0","0","t","0"
"2011","PB","Metálicos","Titânio","113500,00999999999","t","63147,930000000000000","t","TiO2","139481,60999999999","t","36890164,089999996","0","t","0","0","t","0"
"2011","PB","Metálicos","Zircônio","22324,700000000001","t","14460,190000000000000","t","ZrSiO4","19237","t","68928649,409999996","0","t","0","0","t","0"
"2011","PB","Não-Metálicos","Areias Industriais","1016","t",",000000000000000","-","","1016","t","20320","0","t","0","0","t","0"
"2011","PB","Não-Metálicos","Argilas","384987,5","t",",000000000000000","-","","334956,67999999999","t","98878152,74000001","0","t","0","50747","t","314717,91999999998"
"2011","PB","Não-Metálicos","Calcário","2331839","t",",000000000000000","-","","0","t","0","0","t","0","2331839","t","22677401,02"
"2011","PB","Não-Metálicos","Caulim","6767","t",",000000000000000","-","","6767","t","1027230,6","0","t","0","0","t","0"
"2011","PB","Não-Metálicos","Cianita e outros minerais refratários","2297,8899999999999","t",",000000000000000","-","","3132,5","t","1711690,99","0","t","0","0","t","0"
"2011","PB","Não-Metálicos","Feldspato, Leucita e Nefelina-Sienito","1334","t",",000000000000000","-","","1334","t","154479","0","t","0","0","t","0"
"2011","PB","Não-Metálicos","Rochas (Britadas) e Cascalho","954315,52000000002","t",",000000000000000","-","","799215,12","t","19281122,109999999","0","t","0","60010,239999999998","t","1046112,65"
"2011","PB","Não-Metálicos","Rochas Ornamentais","9957,3500000000004","t",",000000000000000","-","","9007,6900000000005","t","9368829,9600000009","953,36000000000001","t","718703,17999999993","0","t","0"
"2011","PB","Não-Metálicos","Vermiculita e Perlita","3681,5","t","65,000000000000000","t","","3681,5","t","84674,5","0","t","0","0","t","0"
"2011","PE","Não-Metálicos","Areias Industriais","145833,85000000001","t",",000000000000000","-","","17719,009999999998","t","247469,66","0","t","0","128882,17","t","2803976,8599999999"
"2011","PE","Não-Metálicos","Argilas","495114,38","t",",000000000000000","-","","3558","t","338353,12","63755,150000000001","t","1206887,1299999999","427801,22999999998","t","8453502,3200000003"
"2011","PE","Não-Metálicos","Calcário","816049,72999999998","t",",000000000000000","-","","79679,729999999996","t","14254316,359999999","736370","t","21840825,09","0","t","0"
"2011","PE","Não-Metálicos","Gipsita","975969,02999999991","t",",000000000000000","-","","673405,27000000002","t","19464077,189999998","0","t","0","251871,03000000003","t","15328926,73"
"2011","PE","Não-Metálicos","Rochas (Britadas) e Cascalho","6855969,8500000015","t",",000000000000000","-","","6784439,2100000009","t","157892452,99000001","36080","t","630299,79000000004","0","t","0"
"2011","PE","Não-Metálicos","Rochas Ornamentais","0","t",",000000000000000","-","","0","t","0","0","t","0","0","t","0"
"2011","PE","Não-Metálicos","Vermiculita e Perlita","4494","t","3662,900000000000000","t","","1603","t","1989937,1000000001","0","t","0","0","t","0"
"2011","PI","Gemas e Diamantes","Gemas","9","kg","9,000000000000000","kg","","9","kg","175000","0","kg","0","0","kg","0"
"2011","PI","Não-Metálicos","Argilas","103053,75","t",",000000000000000","-","","0","t","0","103053,75","t","1742844,1100000001","0","t","0"
"2011","PI","Não-Metálicos","Calcário","617522,84000000008","t",",000000000000000","-","","304841,19999999995","t","16391918,16","0","t","0","313122,64000000001","t","682607,35999999999"
"2011","PI","Não-Metálicos","Rochas (Britadas) e Cascalho","671602,77000000002","t",",000000000000000","-","","573381,37","t","22800907,48","31963,93","t","478511,06","15646,360000000001","t","391474,38"
"2011","PI","Não-Metálicos","Rochas Ornamentais","12601,299999999999","t",",000000000000000","-","","12467,389999999999","t","1717981,52","0","t","0","0","t","0"
"2011","PR","Energéticos","Carvão Mineral","100222,45999999999","t",",000000000000000","-","","100210,45999999999","t","25546215,030000001","0","t","0","0","t","0"
"2011","PR","Gemas e Diamantes","Diamante","1141,4299999999967","ct","1141,430000000000000","ct","","494,82999999999811","ct","133000","0","ct","0","0","ct","0"
"2011","PR","Metálicos","Ouro","345,21702000000005","kg","345,182500000000000","kg","Au","339","kg","28200035","0","kg","0","0","kg","0"
"2011","PR","Não-Metálicos","Areia","1850950","t",",000000000000000","-","","1850950","t","19273508,300000001","0","t","0","0","t","0"
"2011","PR","Não-Metálicos","Areias Industriais","10775,060000000001","t",",000000000000000","-","","8577,0600000000013","t","117777,91","0","t","0","2198","t","87920"
"2011","PR","Não-Metálicos","Argilas","11175444","t",",000000000000000","-","","9813517","t","1946057,6600000001","0","t","0","0","t","0"
"2011","PR","Não-Metálicos","Calcário","10843118,320000002","t",",000000000000000","-","","2386031,1200000001","t","53113723,280000001","93575,300000000003","t","237300","8412521,620000001","t","57474750,399999991"
"2011","PR","Não-Metálicos","Caulim","60","t",",000000000000000","-","","0","t","0","0","t","0","60","t","1200"
"2011","PR","Não-Metálicos","Dolomito e Magnesita","744028,93000000017","t",",000000000000000","-","","721538,52000000002","t","10582919,67","0","t","0","23155,669999999998","t","73967,009999999995"
"2011","PR","Não-Metálicos","Feldspato, Leucita e Nefelina-Sienito","132717,10999999999","t",",000000000000000","-","","0","t","0","0","t","0","123546,75","t","3354690,1299999999"
"2011","PR","Não-Metálicos","Fluorita e Criolita","11089,73","t","9556,750000000000000","t","","11172,719999999999","t","8653015,7599999998","0","t","0","0","t","0"
"2011","PR","Não-Metálicos","Rochas (Britadas) e Cascalho","14652981,550000001","t",",000000000000000","-","","13894164,490000006","t","207625206,41000006","328480,56","t","3153522,4599999995","260484,87","t","1715253,3"
"2011","PR","Não-Metálicos","Rochas Ornamentais","6575,9799999999996","t",",000000000000000","-","","4873,0799999999999","t","7032802,3500000006","0","t","0","5102,8999999999996","t","6642587,6500000004"
"2011","PR","Não-Metálicos","Rochas Ornamentais - Outras","3095","t",",000000000000000","-","","3095","t","24750","0","t","0","0","t","0"
"2011","PR","Não-Metálicos","Talco e outras Cargas Minerais","50988,93","t",",000000000000000","-","","48747,380000000005","t","7399148,2400000002","0","t","0","3190","t","160830"
"2011","RJ","Metálicos","Monazita e Terras-Raras","289,54000000000002","t","289,540000000000000","t","ETR","1500","t","997377","0","t","0","0","t","0"
"2011","RJ","Metálicos","Ouro","3,194","kg","3,194000000000000","kg","Au","3,194","kg","268325","0","kg","0","0","kg","0"
"2011","RJ","Metálicos","Titânio","7006,0100000000002","t","7005,990000000000000","t","TiO2","10986","t","3764868,5599999996","0","t","0","0","t","0"
"2011","RJ","Metálicos","Zircônio","957,91999999999996","t","957,920000000000000","t","ZrSiO4","958","t","1908274,3700000001","0","t","0","0","t","0"
"2011","RJ","Não-Metálicos","Areia","29548,349999999999","t",",000000000000000","-","","29491,849999999999","t","665631,73999999999","0","t","0","0","t","0"
"2011","RJ","Não-Metálicos","Areias Industriais","234137,20000000001","t",",000000000000000","-","","250832,54000000001","t","9642058,4700000007","0","t","0","0","t","0"
"2011","RJ","Não-Metálicos","Argilas","59952,75","t",",000000000000000","-","","0","t","0","0","t","0","59952,75","t","288871,73999999999"
"2011","RJ","Não-Metálicos","Calcário","2896215,8300000001","t",",000000000000000","-","","17949,889999999999","t","4404885,8399999999","0","t","0","2885413,9199999999","t","23354139,170000002"
"2011","RJ","Não-Metálicos","Fluorita e Criolita","13950","t","11270,000000000000000","t","","14544","t","9050489,2100000009","0","t","0","0","t","0"
"2011","RJ","Não-Metálicos","Rochas (Britadas) e Cascalho","21625908,879999995","t",",000000000000000","-","","20311264,490000002","t","608961946,34000015","106852,67999999999","t","2602654,0099999998","374886,45999999996","t","5563794,5000000009"
"2011","RJ","Não-Metálicos","Rochas Ornamentais","8142,2700000000004","t",",000000000000000","-","","11359,120000000001","t","9345889,8000000007","0","t","0","0","t","0"
"2011","RN","Metálicos","Columbita-Tantalita","4,5499999999999545","t","4,550000000000000","t","Ta2O5","4,5499999999999998","t","256550","0","t","0","0","t","0"
"2011","RN","Metálicos","Ouro","23","kg","16,100000000000000","kg","Au","0","kg","0","0","kg","0","0","kg","0"
"2011","RN","Metálicos","Tungstênio","326,87","t","240,320000000000000","t","WO3","321,19","t","12703721,309999999","0","t","0","0","t","0"
"2011","RN","Não-Metálicos","Argilas","15269,530000000001","t",",000000000000000","-","","0","t","0","15269,530000000001","t","10688,690000000001","0","t","0"
"2011","RN","Não-Metálicos","Calcário","182764,79999999999","t",",000000000000000","-","","67157,75","t","3981354,1800000002","115607,05","t","3252026,3100000001","0","t","0"
"2011","RN","Não-Metálicos","Caulim","52502,300000000003","t",",000000000000000","-","","52002,300000000003","t","8936890,0399999991","0","t","0","0","t","0"
"2011","RN","Não-Metálicos","Feldspato, Leucita e Nefelina-Sienito","12178","t",",000000000000000","-","","12148,5","t","965990","0","t","0","0","t","0"
"2011","RN","Não-Metálicos","Rochas (Britadas) e Cascalho","1316345,78","t",",000000000000000","-","","1106571,96","t","41781367,629999995","0","t","0","17389,200000000001","t","377200,5"
"2011","RN","Não-Metálicos","Rochas Ornamentais","0","t",",000000000000000","-","","0","t","0","0","t","0","0","t","0"
"2011","RO","Gemas e Diamantes","Gemas","2057,0149999999999","kg","2057,015000000000000","kg","","2057,0149999999999","kg","474890,75","0","kg","0","0","kg","0"
"2011","RO","Metálicos","Columbita-Tantalita","3446,4300000000017","t","232,252500000000000","t","Nb2O5","3378,6099999999947","t","12047800,060000001","0","t","0","0","t","0"
"2011","RO","Metálicos","Columbita-Tantalita","1907,5","t","78,359000000000000","t","Ta2O5","1839,679999999993","t","6001333,8399999999","0","t","0","0","t","0"
"2011","RO","Metálicos","Estanho","13815228,379999999","kg","8973498,330000000000000","kg","Sn","10668120,869999999","kg","213184942,92999995","0","kg","0","2524320,0800000001","kg","52712497,190000005"
"2011","RO","Metálicos","Manganês","39873,459999999999","t","12370,730000000000000","t","Mn","39873,459999999999","t","6769492,2000000002","0","t","0","0","t","0"
"2011","RO","Metálicos","Ouro","488,61998","kg","488,248060000000000","kg","Au","488,61998","kg","40478189,219999999","0","kg","0","0","kg","0"
"2011","RO","Não-Metálicos","Areia","28728,279999999999","t",",000000000000000","-","","28664,98","t","603585,62","0","t","0","0","t","0"
"2011","RO","Não-Metálicos","Argilas","2220","t",",000000000000000","-","","2220","t","44192","0","t","0","0","t","0"
"2011","RO","Não-Metálicos","Calcário","7587,8199999999997","t",",000000000000000","-","","17952,470000000001","t","744896,29000000004","0","t","0","0","t","0"
"2011","RO","Não-Metálicos","Rochas (Britadas) e Cascalho","1006398,2200000001","t",",000000000000000","-","","966995,20000000007","t","46030731,510000005","20696","t","240367,5","147","t","8000"
"2011","RR","Não-Metálicos","Rochas (Britadas) e Cascalho","87885,790000000008","t",",000000000000000","-","","87685,790000000008","t","4401122,9500000002","0","t","0","200","t","13000"
"2011","RS","Energéticos","Carvão Mineral","3550826,2999999998","t",",000000000000000","-","","4801984,2299999995","t","286698906,22999996","0","t","0","0","t","0"
"2011","RS","Não-Metálicos","Areias Industriais","84190,949999999997","t",",000000000000000","-","","84190,949999999997","t","4528658,5499999998","0","t","0","0","t","0"
"2011","RS","Não-Metálicos","Argilas","26473,419999999998","t",",000000000000000","-","","26473,419999999998","t","1171249,8200000001","0","t","0","0","t","0"
"2011","RS","Não-Metálicos","Calcário","3757574,9099999997","t",",000000000000000","-","","1957534,8399999999","t","62927779,059999995","0,5","t","0,01","1774165,24","t","36707379,219999999"
"2011","RS","Não-Metálicos","Caulim","20409,739999999998","t",",000000000000000","-","","20409,739999999998","t","3283563,2999999998","0","t","0","0","t","0"
"2011","RS","Não-Metálicos","Rochas (Britadas) e Cascalho","17231451,570000004","t",",000000000000000","-","","13631352,310000008","t","255540842,58999997","929513,07999999996","t","12437904,190000001","2558205,8399999999","t","20116848,279999997"
"2011","SC","Energéticos","Carvão Mineral","2347726,3599999999","t",",000000000000000","-","","2338745","t","445653290,11999995","0","t","0","0","t","0"
"2011","SC","Energéticos","Turfa","98026,75","t",",000000000000000","-","","43005,660000000003","t","1494843,3","111622,63","t","1521738,6399999999","17415","t","353655,96999999997"
"2011","SC","Metálicos","Alumínio (Bauxita)","21280,249999999996","t","11491,340000000000000","t","Al2O3","21280,25","t","2638919,3300000001","0","t","0","0","t","0"
"2011","SC","Não-Metálicos","Areia","100280","t",",000000000000000","-","","100439,22","t","1415145,5700000001","0","t","0","0","t","0"
"2011","SC","Não-Metálicos","Areias Industriais","1182351,6299999999","t",",000000000000000","-","","1183133,0800000001","t","50640964,620000012","0","t","0","0","t","0"
"2011","SC","Não-Metálicos","Argilas","129943,35000000001","t",",000000000000000","-","","0","t","0","0","t","0","129943,35000000001","t","1317513,8300000001"
"2011","SC","Não-Metálicos","Calcário","1493390,1400000001","t",",000000000000000","-","","858698,71999999997","t","24192454,48","0","t","0","635630,29000000004","t","5912346,6799999997"
"2011","SC","Não-Metálicos","Caulim","4175,8199999999997","t",",000000000000000","-","","4175,8199999999997","t","617882,23999999999","0","t","0","0","t","0"
"2011","SC","Não-Metálicos","Feldspato, Leucita e Nefelina-Sienito","118514,89999999999","t",",000000000000000","-","","115514,29999999999","t","17746868,850000001","0","t","0","0","t","0"
"2011","SC","Não-Metálicos","Fluorita e Criolita","3489,5","t","3349,500000000000000","t","","1174","t","141455,32999999999","0","t","0","0","t","0"
"2011","SC","Não-Metálicos","Rochas (Britadas) e Cascalho","14779061,710000003","t",",000000000000000","-","","13278886,900000004","t","246870022,13000005","656498,76000000001","t","7190559,8299999982","507296,44","t","4234418,0499999998"
"2011","SC","Não-Metálicos","Saibro","329961,70000000001","t",",000000000000000","-","","326285,40000000002","t","3524354,1099999999","0","t","0","0","t","0"
"2011","SE","Não-Metálicos","Argilas","269393,20999999996","t",",000000000000000","-","","18146,209999999999","t","1488295,3599999999","0","t","0","223238,19","t","1119878,0900000001"
"2011","SE","Não-Metálicos","Calcário","5253251","t",",000000000000000","-","","213939,84","t","864727,81000000006","0","t","0","4996022,8700000001","t","24475511,219999999"
"2011","SE","Não-Metálicos","Dolomito e Magnesita","34000,839999999997","t",",000000000000000","-","","34000,839999999997","t","2957567,1400000001","0","t","0","0","t","0"
"2011","SE","Não-Metálicos","Potássio","625302,5","t","423850,490000000000000","t","K2O","568192,80000000005","t","481155196,13","0","t","0","0","t","0"
"2011","SE","Não-Metálicos","Rochas (Britadas) e Cascalho","561532,16999999993","t",",000000000000000","-","","561532,16999999993","t","15237781,300000001","0","t","0","0","t","0"
"2011","SP","Metálicos","Alumínio (Bauxita)","40302,240000000005","t","20844,320000000000000","t","Al2O3","40302,240000000005","t","8371207,2400000002","0","t","0","0","t","0"
"2011","SP","Metálicos","Ferro","514048,79999999999","t","367287,870000000000000","t","Fe","175758,92999999999","t","1953285,6399999999","0","t","0","0","t","0"
"2011","SP","Não-Metálicos","Areia","8513631,0499999989","t",",000000000000000","-","","8500462,0899999999","t","159911462,31000003","0","t","0","0","t","0"
"2011","SP","Não-Metálicos","Areias Industriais","4621444,0099999998","t",",000000000000000","-","","4157361,5299999998","t","158631757,13","0","t","0","465288,94","t","12112603,529999999"
"2011","SP","Não-Metálicos","Argilas","1190740,4299999997","t",",000000000000000","-","","742389,84000000008","t","20678905,829999998","0","t","0","456365,43999999994","t","6545144"
"2011","SP","Não-Metálicos","Calcário","13680316,269999998","t",",000000000000000","-","","5350810,8699999992","t","176122686,75999999","118641,5","t","2154529,4500000002","8158962,0999999996","t","132570028,68000001"
"2011","SP","Não-Metálicos","Calcário","3752211","t","3752211,000000000000000","t","","1613451","t","22588308","0","t","0","0","t","0"
"2011","SP","Não-Metálicos","Caulim","105692,98000000001","t",",000000000000000","-","","103078,76000000001","t","27292497,850000001","0","t","0","2316,4000000000001","t","430386"
"2011","SP","Não-Metálicos","Dolomito e Magnesita","351134,06","t",",000000000000000","-","","351134,06","t","10606338,25","0","t","0","0","t","0"
"2011","SP","Não-Metálicos","Feldspato, Leucita e Nefelina-Sienito","20631","t",",000000000000000","-","","20631","t","3007931,5099999998","0","t","0","0","t","0"
"2011","SP","Não-Metálicos","Fosfato","659930,13","t","269466,350000000000000","t","P2O5","77736,660000000003","t","4261730,5700000003","0","t","0","536907,69999999995","t","135243005,25"
"2011","SP","Não-Metálicos","Rochas (Britadas) e Cascalho","85722713,469999969","t",",000000000000000","-","","77882299,929999977","t","1937279164,8900001","1108369,26","t","11123148,690000001","1300372,8100000001","t","24740594,739999998"
"2011","SP","Não-Metálicos","Rochas Ornamentais","4595","t",",000000000000000","-","","4579,71","t","3360465,7400000002","0","t","0","0","t","0"
"2011","SP","Não-Metálicos","Talco e outras Cargas Minerais","670414,37","t",",000000000000000","-","","670414,37","t","27286491,829999998","0","t","0","0","t","0"
"2011","TO","Metálicos","Ferro","332303,71000000002","t","206000,000000000000000","t","Fe","332303,71000000002","t","31873148,48","0","t","0","0","t","0"
"2011","TO","Metálicos","Ouro","18,334070000000001","kg","16,922000000000000","kg","Au","18,334070000000001","kg","1328344,3999999999","0","kg","0","0","kg","0"
"2011","TO","Não-Metálicos","Areia","0","t",",000000000000000","-","","0","t","0","0","t","0","0","t","0"
"2011","TO","Não-Metálicos","Calcário","2932072,0299999998","t",",000000000000000","-","","2180732,8300000001","t","48686912,130000003","0","t","0","758685,85999999999","t","14626176,529999999"
"2011","TO","Não-Metálicos","Minerais Industriais (Outros)","48000","t",",000000000000000","-","","48000","t","794300","0","t","0","0","t","0"
"2011","TO","Não-Metálicos","Rochas (Britadas) e Cascalho","554744,53000000003","t",",000000000000000","-","","335602,52000000002","t","8654040,7299999986","0","t","0","207676,5","t","2856458,0700000003"
"2012","AL","Não-Metálicos","Calcário","1069082,5800000001","t",",000000000000000","-","","149399,19","t","9971109,379999999","0","t","0","883622","t","8430045,4900000002"
"2012","AL","Não-Metálicos","Rochas (Britadas) e Cascalho","1247048,72","t",",000000000000000","-","","1209484,23","t","38481684,969999999","0","t","0","22732,799999999999","t","288810,56"
"2012","AM","Metálicos","Columbita-Tantalita","10907,780000000001","t","1799,800000000000000","t","Nb2O5","0","t","0","0","t","0","10907,780000000001","t","68445513,400000006"
"2012","AM","Metálicos","Columbita-Tantalita","10907,780000000001","t","1799,800000000000000","t","Ta2O5","0","t","0","0","t","0","10907,780000000001","t","68445513,400000006"
"2012","AM","Metálicos","Estanho","10344225","kg","6844225,000000000000000","kg","Sn","0","kg","0","0","kg","0","10344225","kg","170876355,19"
"2012","AM","Metálicos","Ouro","40,121670000000002","kg","40,121670000000000","kg","Au","40,111669999999997","kg","4051708,6299999999","0","kg","0","0","kg","0"
"2012","AM","Não-Metálicos","Rochas (Britadas) e Cascalho","218101,5","t",",000000000000000","-","","281867,29999999999","t","10199535,300000001","1000","t","10000","0","t","0"
"2012","AP","Metálicos","Columbita-Tantalita","31,609999999999999","t","31,610000000000000","t","Ta2O5","31,609999999999999","t","632300","0","t","0","0","t","0"
"2012","AP","Metálicos","Cromo","9025","t","3520,000000000000000","t","Cr2O3","28723,049999999999","t","6408062,0999999996","0","t","0","0","t","0"
"2012","AP","Metálicos","Ferro","6835549,2100000009","t","4184953,290000000000000","t","Fe","6838518,1500000004","t","1222072096,24","0","t","0","0","t","0"
"2012","AP","Metálicos","Ouro","176,28297000000001","kg","174,638600000000000","kg","Au","169,91759999999999","kg","14896319,58","0","kg","0","0","kg","0"
"2012","AP","Não-Metálicos","Caulim","287565,48999999999","t",",000000000000000","-","","285960,31","t","109454004,88","0","t","0","0","t","0"
"2012","AP","Não-Metálicos","Rochas (Britadas) e Cascalho","274467,26999999996","t",",000000000000000","-","","262440,34000000003","t","12931860,649999999","0","t","0","0","t","0"
"2012","BA","Gemas e Diamantes","Diamante","864,21000000000004","ct","864,210000000000000","ct","","0","ct","0","0","ct","0","0","ct","0"
"2012","BA","Gemas e Diamantes","Gemas","4336,3599999999997","kg","4336,360000000000000","kg","","4336,3599999999997","kg","14526703,039999999","0","kg","0","0","kg","0"
"2012","BA","Metálicos","Cobre","92485,949999999997","t","29201,420000000000000","t","Cu","91580,889999999999","t","491779655,88999999","0","t","0","0","t","0"
"2012","BA","Metálicos","Cromo","479152,64000000001","t","189756,290000000000000","t","Cr2O3","27528,709999999999","t","20938827,289999999","20510","t","6575773,0700000003","402100,94","t","125665402,93000001"
"2012","BA","Metálicos","Manganês","5793,0299999999997","t","1853,770000000000000","t","Mn","4876,3500000000004","t","626809,05000000005","0","t","0","0","t","0"
"2012","BA","Metálicos","Níquel","133192","t","19253,000000000000000","t"," Ni","136929,37","t","620206412,38","0","t","0","0","t","0"
"2012","BA","Metálicos","Ouro","5723,4170800000002","kg","5723,417080000000000","kg","Au","5713,7348500000007","kg","600787484,22000003","0","kg","0","0","kg","0"
"2012","BA","Metálicos","Prata","11,276400000000001","kg","11,276400000000000","kg","Ag","11,276400000000001","kg","27782,279999999999","0","kg","0","0","kg","0"
"2012","BA","Não-Metálicos","Areias Industriais","0","t",",000000000000000","-","","0","t","0","0","t","0","0","t","0"
"2012","BA","Não-Metálicos","Argilas","315442,92999999999","t",",000000000000000","-","","299016,92999999999","t","42633558,82","0","t","0","16400","t","65600"
"2012","BA","Não-Metálicos","Bário","3025","t","3016,000000000000000","t","BaSO4","3001","t","4040418,0899999999","0","t","0","24","t","21895,68"
"2012","BA","Não-Metálicos","Calcário","2154805,8300000001","t",",000000000000000","-","","742424,21999999997","t","27791759,919999998","27315,599999999999","t","1343690,22","1383438,5600000001","t","18664218,880000003"
"2012","BA","Não-Metálicos","Caulim","5154,6800000000003","t",",000000000000000","-","","5154,6800000000003","t","4051128,4399999999","0","t","0","0","t","0"
"2012","BA","Não-Metálicos","Diatomita","1986,1300000000001","t",",000000000000000","-","","2054,46","t","5364047,3600000003","0","t","0","0","t","0"
"2012","BA","Não-Metálicos","Dolomito e Magnesita","1534147,3","t",",000000000000000","-","","174050,25","t","149207227,87000003","114430,3","t","6866554,3300000001","1006706","t","126154412,84"
"2012","BA","Não-Metálicos","Fosfato","277517,33000000002","t","89530,320000000000000","t","P2O5","67945,960000000006","t","16867134,309999999","0","t","0","204243,98000000001","t","21746827,300000001"
"2012","BA","Não-Metálicos","Gipsita","0","t",",000000000000000","-","","0","t","0","0","t","0","0","t","0"
"2012","BA","Não-Metálicos","Grafita","9353,1900000000005","t","8624,970000000000000","t","","9553,9500000000007","t","19265151,98","0","t","0","0","t","0"
"2012","BA","Não-Metálicos","Rochas (Britadas) e Cascalho","6859400,5199999996","t",",000000000000000","-","","6358244,29","t","214569838,86999995","93581,5","t","3587848,1699999999","28595,490000000002","t","801245,56999999995"
"2012","BA","Não-Metálicos","Talco e outras Cargas Minerais","112408,60000000001","t",",000000000000000","-","","79958,610000000001","t","92823995,200000003","0","t","0","1416","t","802368,57999999996"
"2012","BA","Não-Metálicos","Vermiculita e Perlita","620,55999999999995","t","527,470000000000000","t","","620,55999999999995","t","49644,959999999999","0","t","0","0","t","0"
"2012","CE","Não-Metálicos","Areias Industriais","156364,29999999999","t",",000000000000000","-","","0","t","0","0","t","0","156364,29999999999","t","2740884,9300000002"
"2012","CE","Não-Metálicos","Argilas","62655","t",",000000000000000","-","","0","t","0","0","t","0","62655","t","2859052,1499999999"
"2012","CE","Não-Metálicos","Calcário","2295482,2199999997","t",",000000000000000","-","","79335,75","t","6978745,54","0","t","0","2195006,9500000002","t","24133431,010000002"
"2012","CE","Não-Metálicos","Gipsita","9828","t",",000000000000000","-","","0","t","0","0","t","0","9828","t","660171,71999999997"
"2012","CE","Não-Metálicos","Rochas (Britadas) e Cascalho","4289809,9699999997","t",",000000000000000","-","","4202518,0100000007","t","114758052,07000001","39646","t","596069,26000000001","0","t","0"
"2012","CE","Não-Metálicos","Rochas Ornamentais","1627","t",",000000000000000","-","","1625","t","1039106","0","t","0","0","t","0"
"2012","DF","Não-Metálicos","Areia","0","t",",000000000000000","-","","0","t","0","0","t","0","0","t","0"
"2012","DF","Não-Metálicos","Argilas","339294,53000000003","t",",000000000000000","-","","0","t","0","0","t","0","341950,23999999999","t","10280642,239999998"
"2012","DF","Não-Metálicos","Calcário","3437904,5800000001","t",",000000000000000","-","","0","t","0","0","t","0","3437904,5800000001","t","22894782,030000001"
"2012","DF","Não-Metálicos","Caulim","198900,03","t",",000000000000000","-","","0","t","0","0","t","0","198900,03","t","5032535,4000000004"
"2012","DF","Não-Metálicos","Rochas (Britadas) e Cascalho","3427908,5600000005","t",",000000000000000","-","","3532567,9700000002","t","60792737,830000006","0","t","0","0","t","0"
"2012","ES","Não-Metálicos","Argilas","0","t",",000000000000000","-","","0","t","0","0","t","0","0","t","0"
"2012","ES","Não-Metálicos","Calcário","408506,46999999997","t",",000000000000000","-","","408208,27000000002","t","35538366,140000001","0","t","0","0","t","0"
"2012","ES","Não-Metálicos","Rochas (Britadas) e Cascalho","7639845,6600000001","t",",000000000000000","-","","7960924,120000001","t","148351475,00999999","0","t","0","0","t","0"
"2012","ES","Não-Metálicos","Rochas Ornamentais","427388,7699999999","t",",000000000000000","-","","404802,92999999988","t","399893726,63999993","0","t","0","20,34","t","13594,76"
"2012","GO","Metálicos","Cobalto","3248182","t","3037,170000000000000","t","Co","0","t","0","0","t","0","3248182","t","0,12"
"2012","GO","Metálicos","Cobre","273566,72999999998","t","70389,600000000000000","t","Cu","268665,85999999999","t","1476667182,1700001","0","t","0","0","t","0"
"2012","GO","Metálicos","Manganês","1162,24","t","1104,120000000000000","t","Mn","1162,24","t","161447,67999999999","0","t","0","0","t","0"
"2012","GO","Metálicos","Nióbio","20189,852579999999","t","10038,829440000000000","t","Nb2O5","0","t","0","0","t","0","14515,972580000001","t","334918567,00999999"
"2012","GO","Metálicos","Níquel","87282,740000000005","t","29370,960000000000000","t"," Ni","55349,68","t","1129233363","0","t","0","32481,82","t","116033765,92"
"2012","GO","Metálicos","Ouro","4036,42497","kg","4036,424970000000000","kg","Au","4048,2993999999999","kg","423880156,26999998","0","kg","0","0","kg","0"
"2012","GO","Metálicos","Prata","227,005","kg","227,005000000000000","kg","Ag","237,072","kg","523872","0","kg","0","0","kg","0"
"2012","GO","Metálicos","Titânio","18884,439999999999","t","3600,000000000000000","t","TiO2","18884,439999999999","t","602546,72999999998","0","t","0","0","t","0"
"2012","GO","Não-Metálicos","Amianto","304568,79999999999","t","304568,800000000000000","t","","303481,25","t","491417346,29000002","0","t","0","0","t","0"
"2012","GO","Não-Metálicos","Areia","493607,16999999998","t",",000000000000000","-","","493093,46999999997","t","10295287,23","0","t","0","0","t","0"
"2012","GO","Não-Metálicos","Areias Industriais","88585,349999999991","t",",000000000000000","-","","88585,349999999991","t","890312,60999999999","0","t","0","0","t","0"
"2012","GO","Não-Metálicos","Bário","0","t",",000000000000000","t","BaSO4","215,84","t","71230,5","0","t","0","0","t","0"
"2012","GO","Não-Metálicos","Calcário","6533564,4400000023","t",",000000000000000","-","","4731258,4900000002","t","192612143,16999996","0","t","0","1763578,6200000001","t","14432608,67"
"2012","GO","Não-Metálicos","Dolomito e Magnesita","303372","t",",000000000000000","-","","294005,98999999999","t","10354247,9","0","t","0","0","t","0"
"2012","GO","Não-Metálicos","Fosfato","3458682,8399999999","t","1232323,620000000000000","t","P2O5","348929,82000000001","t","122030487,09","112823,74000000001","t","9602214,4100000001","2179531,7999999998","t","320114903,05999994"
"2012","GO","Não-Metálicos","Rochas (Britadas) e Cascalho","10476837,550000001","t",",000000000000000","-","","9743747,0899999999","t","231100714,53","364363","t","7988048,6900000004","137315,88","t","1421459,47"
"2012","GO","Não-Metálicos","Rochas Ornamentais","350","t",",000000000000000","-","","350","t","7250","0","t","0","0","t","0"
"2012","MA","Metálicos","Ouro","2310,0363900000002","kg","2309,805390000000000","kg","Au","2318,51586","kg","245850118,66","0","kg","0","0","kg","0"
"2012","MA","Não-Metálicos","Argilas","7578967,5699999994","t",",000000000000000","-","","7403036,3499999996","t","6680434,54","175931,22","t","1596989,24","0","t","0"
"2012","MA","Não-Metálicos","Calcário","216080","t",",000000000000000","-","","216080","t","6065000,7799999993","0","t","0","0","t","0"
"2012","MA","Não-Metálicos","Rochas (Britadas) e Cascalho","3182636,4299999997","t",",000000000000000","-","","2972474,7400000002","t","90240625,650000006","29742,790000000001","t","404425,56","143550,04999999999","t","1869125,76"
"2012","MG","Gemas e Diamantes","Diamante","2814,6500000000005","ct","2814,650000000000000","ct","","2224,96","ct","3851887,2599999998","0","ct","0","413,5","ct","369988"
"2012","MG","Gemas e Diamantes","Gemas","4627,5514800000001","kg","4627,551480000000000","kg","","4112,4680300000009","kg","17817777,449999999","5","kg","0","0","kg","0"
"2012","MG","Metálicos","Alumínio (Bauxita)","2429482,7799999998","t","1092250,220000000000000","t","Al2O3","2405","t","331250","0","t","0","2467151,4899999998","t","126028397,14000002"
"2012","MG","Metálicos","Chumbo","16953,350000000002","t","8921,650000000000000","t","Pb","16476,790000000001","t","10678098,23","0","t","0","0","t","0"
"2012","MG","Metálicos","Columbita-Tantalita","611,69000000000005","t","120,088000000000000","t","Ta2O5","603,60000000000002","t","75407908,799999997","0","t","0","0","t","0"
"2012","MG","Metálicos","Estanho","512561,64000000001","kg","330562,000000000000000","kg","Sn","551314,64000000001","kg","7947309,9400000004","0","kg","0","0","kg","0"
"2012","MG","Metálicos","Ferro","282603849,40000004","t","181984339,640000000000000","t","Fe","201421821,79999995","t","33122033897,529999","295962,07000000001","t","44823211,829999998","70948981,290000007","t","3005484593,8200002"
"2012","MG","Metálicos","Lítio","6504","t","365,520000000000000","t","Li2O","188","t","180880","0","t","0","7561,5799999999999","t","6568517,7000000002"
"2012","MG","Metálicos","Manganês","580873,20999999996","t","124265,000000000000000","t","Mn","367613,79000000004","t","40245222,279999994","0","t","0","173767,63","t","20261437,120000001"
"2012","MG","Metálicos","Nióbio","130605","t","71532,000000000000000","t","Nb2O5","0","t","0","0","t","0","130605","t","177496912"
"2012","MG","Metálicos","Níquel","29706","t","12772,890000000000000","t"," Ni","28640,84","t","409671964,41000003","489","t","11948,549999999999","0","t","0"
"2012","MG","Metálicos","Ouro","29677,559430000001","kg","29677,559430000000000","kg","Au","29660,03124","kg","3112235772,9800005","0","kg","0","0","kg","0"
"2012","MG","Metálicos","Prata","6283,4830000000002","kg","6283,483000000000000","kg","Ag","6252,7102500000001","kg","13592931,129999999","0","kg","0","0","kg","0"
"2012","MG","Metálicos","Zinco","407191,91999999998","t","164258,040000000000000","t","Zn","77901,119999999995","t","86600172,36999999","0","t","0","327235,01000000001","t","67930715,730000004"
"2012","MG","Não-Metálicos","Areia","726163,44999999995","t",",000000000000000","-","","728964,53000000003","t","15790991,319999998","0","t","0","0","t","0"
"2012","MG","Não-Metálicos","Areias Industriais","888959,85000000009","t",",000000000000000","-","","442885,40999999997","t","43120273,349999994","55894,620000000003","t","224696,31","396046,57000000001","t","7355581,0099999998"
"2012","MG","Não-Metálicos","Argilas","1594782,3599999999","t",",000000000000000","-","","660330,46999999997","t","8009040,5300000003","263714,91000000003","t","951644,53000000003","682939,28999999992","t","28720077,289999999"
"2012","MG","Não-Metálicos","Calcário","41676688,890000001","t",",000000000000000","-","","20221537,960000005","t","455957954,43000007","4261241,4199999999","t","24603393,289999999","16728376,870000003","t","181918129,51999995"
"2012","MG","Não-Metálicos","Cianita e outros minerais refratários","323","t",",000000000000000","-","","0","t","0","0","t","0","279","t","92320"
"2012","MG","Não-Metálicos","Enxofre","266915,01000000001","t","63472,880000000000000","t","S","265280,19999999995","t","77264830,930000007","0","t","0","0","t","0"
"2012","MG","Não-Metálicos","Feldspato, Leucita e Nefelina-Sienito","86665,149999999994","t",",000000000000000","-","","116429,50999999999","t","15590203,58","0","t","0","0","t","0"
"2012","MG","Não-Metálicos","Fosfato","3407831","t","1176719,390000000000000","t","P2O5","32456","t","4839174,3399999999","0","t","0","3495887,8699999996","t","688003791,70999992"
"2012","MG","Não-Metálicos","Grafita","79386,5","t","65980,300000000000000","t","","79083,989999999991","t","170575940,34999999","0","t","0","0","t","0"
"2012","MG","Não-Metálicos","Rochas (Britadas) e Cascalho","18501680,760000005","t",",000000000000000","-","","17748012,470000003","t","515925189,19999993","112184,2","t","1354990,4100000001","246203,26999999999","t","3924079,9100000001"
"2012","MG","Não-Metálicos","Rochas Ornamentais","4940,3899999999994","t",",000000000000000","-","","4300,4899999999998","t","2629672,6399999997","0","t","0","0","t","0"
"2012","MG","Não-Metálicos","Talco e outras Cargas Minerais","595536,68000000005","t",",000000000000000","-","","518897,57999999996","t","29995033,93","0","t","0","0","t","0"
"2012","MS","Gemas e Diamantes","Diamante","0","ct",",000000000000000","ct","","0","ct","0","0","ct","0","0","ct","0"
"2012","MS","Metálicos","Ferro","8673674","t","5628804,990000000000000","t","Fe","5213937,25","t","742001296,13999999","0","t","0","0","t","0"
"2012","MS","Metálicos","Manganês","326584","t","138034,450000000000000","t","Mn","264263","t","83082052,75","0","t","0","0","t","0"
"2012","MS","Não-Metálicos","Areia","480899","t",",000000000000000","-","","468344,30000000005","t","7011344,8399999999","0","t","0","0","t","0"
"2012","MS","Não-Metálicos","Argilas","333636,28000000003","t",",000000000000000","-","","59619,480000000003","t","4403847,6299999999","253670,98000000001","t","5510753,3399999999","18396,470000000001","t","138709,29000000001"
"2012","MS","Não-Metálicos","Calcário","1966689,01","t",",000000000000000","-","","853284,20999999996","t","26088746,200000003","0","t","0","1147716,0499999998","t","11452066,07"
"2012","MS","Não-Metálicos","Dolomito e Magnesita","1553261","t",",000000000000000","-","","1506927,0899999999","t","50406769,300000004","0","t","0","0","t","0"
"2012","MS","Não-Metálicos","Rochas (Britadas) e Cascalho","3102123,1099999999","t",",000000000000000","-","","2994728,8100000005","t","71373061,829999998","37883,519999999997","t","612009","34599,159999999996","t","339877,27999999997"
"2012","MS","Não-Metálicos","Talco e outras Cargas Minerais","312573,94","t",",000000000000000","-","","0","t","0","0","t","0","312573,94","t","2846520,23"
"2012","MT","Gemas e Diamantes","Diamante","46635,039999999994","ct","45711,040000000000000","ct","","49580,070000000007","ct","3731064,8099999996","0","ct","0","0","ct","0"
"2012","MT","Metálicos","Estanho","111068","kg","76068,000000000000000","kg","Sn","111351,92999999999","kg","1026310,74","0","kg","0","0","kg","0"
"2012","MT","Metálicos","Ouro","5387,4669400000002","kg","5382,530250000000000","kg","Au","5331,637929999999","kg","539036789,27999997","16,38888","kg","16388,880000000001","3,0150000000000001","kg","152783,87"
"2012","MT","Metálicos","Zinco","0","t",",000000000000000","t","Zn","0","t","0","0","t","0","0","t","0"
"2012","MT","Não-Metálicos","Areia","124255,45","t",",000000000000000","-","","124255,45","t","3362659,6899999999","0","t","0","0","t","0"
"2012","MT","Não-Metálicos","Argilas","231868,38999999998","t",",000000000000000","-","","147681,89999999999","t","23534524,43","82695,960000000006","t","1167541,45","0","t","0"
"2012","MT","Não-Metálicos","Calcário","7168007,9699999997","t",",000000000000000","-","","5979712,5899999999","t","206652464,98000002","1122971,1299999999","t","9752130,5199999996","43040,739999999998","t","443040,73999999999"
"2012","MT","Não-Metálicos","Dolomito e Magnesita","787656","t",",000000000000000","-","","705466,14000000001","t","16695848,529999999","0","t","0","0","t","0"
"2012","MT","Não-Metálicos","Quartzo (Cristal) e outros Piezelétricos","144,22999999999999","t",",000000000000000","-","","144,22999999999999","t","24000","0","t","0","0","t","0"
"2012","MT","Não-Metálicos","Rochas (Britadas) e Cascalho","3814009,5700000003","t",",000000000000000","-","","3653798,2999999998","t","86128743,219999999","1487","t","22675","0","t","0"
"2012","PA","Gemas e Diamantes","Gemas","252531","kg","252531,000000000000000","kg","","252531","kg","148914,78","0","kg","0","0","kg","0"
"2012","PA","Metálicos","Alumínio (Bauxita)","30737144,420000002","t","15096009,680000000000000","t","Al2O3","30463259,800000001","t","1919766604,21","0","t","0","0","t","0"
"2012","PA","Metálicos","Cobre","448170,06","t","124944,710000000000000","t","Cu","452796,06","t","1998071772,55","0","t","0","0","t","0"
"2012","PA","Metálicos","Estanho","3723941","kg","2616823,550000000000000","kg","Sn","3717873","kg","56792497,880000003","0","kg","0","0","kg","0"
"2012","PA","Metálicos","Ferro","107438108,09","t","69467932,300000000000000","t","Fe","102983735,84999999","t","17818771916,450001","0","t","0","4290497","t","169623882,38999999"
"2012","PA","Metálicos","Manganês","1862671,01","t","867451,540000000000000","t","Mn","1667816,6699999999","t","435453870,13","0","t","0","0","t","0"
"2012","PA","Metálicos","Níquel","15646,290000000001","t","5765,360000000000000","t"," Ni","7025","t","221820273,88999999","0","t","0","0","t","0"
"2012","PA","Metálicos","Ouro","1483,20361","kg","1483,203610000000000","kg","Au","1572,74701","kg","155112329,96000001","0","kg","0","0","kg","0"
"2012","PA","Metálicos","Tungstênio","126,13","t","81,980000000000000","t","WO3","126,13","t","5072185,8499999996","0","t","0","0","t","0"
"2012","PA","Não-Metálicos","Areias Industriais","28184,139999999999","t",",000000000000000","-","","0","t","0","0","t","0","28184,139999999999","t","3807464,6000000001"
"2012","PA","Não-Metálicos","Argilas","2778,8600000000001","t",",000000000000000","-","","2778,8600000000001","t","897002,44999999995","0","t","0","0","t","0"
"2012","PA","Não-Metálicos","Calcário","80555,290000000008","t",",000000000000000","-","","79393,290000000008","t","3807132,3799999999","0","t","0","0","t","0"
"2012","PA","Não-Metálicos","Caulim","1517548,8599999999","t",",000000000000000","-","","1528160,4199999999","t","351977058,61000001","0","t","0","0","t","0"
"2012","PA","Não-Metálicos","Rochas (Britadas) e Cascalho","1563499,3400000001","t",",000000000000000","-","","1214915,3400000001","t","67582260,049999997","0","t","0","338418","t","12496335,100000001"
"2012","PB","Metálicos","Columbita-Tantalita","4","t",",400000000000000","t","Ta2O5","4","t","12000","0","t","0","0","t","0"
"2012","PB","Metálicos","Titânio","122080,39","t","67608,760000000000000","t","TiO2","124535,83","t","53044548,380000003","0","t","0","0","t","0"
"2012","PB","Metálicos","Zircônio","19754,799999999999","t","12778,080000000000000","t","ZrSiO4","13966,5","t","70736480,959999993","0","t","0","0","t","0"
"2012","PB","Não-Metálicos","Areias Industriais","48057,730000000003","t",",000000000000000","-","","459","t","1950","459","t","1950","47598,730000000003","t","1597718,8200000001"
"2012","PB","Não-Metálicos","Argilas","408898,70000000001","t",",000000000000000","-","","346724,70000000001","t","100004824,62","0","t","0","63460","t","285823"
"2012","PB","Não-Metálicos","Calcário","2721670","t",",000000000000000","-","","22165,150000000001","t","3420638,23","0","t","0","2699319","t","20914652,869999997"
"2012","PB","Não-Metálicos","Cianita e outros minerais refratários","1297,3599999999999","t",",000000000000000","-","","889","t","618393,89000000001","0","t","0","0","t","0"
"2012","PB","Não-Metálicos","Feldspato, Leucita e Nefelina-Sienito","59122,470000000001","t",",000000000000000","-","","59122,470000000001","t","1975787,0900000001","0","t","0","0","t","0"
"2012","PB","Não-Metálicos","Rochas (Britadas) e Cascalho","948777,60999999999","t",",000000000000000","-","","884559,97000000009","t","21550707,039999999","0","t","0","86534,419999999998","t","2010367,1399999999"
"2012","PB","Não-Metálicos","Rochas Ornamentais","9171,7899999999991","t",",000000000000000","-","","8518,1000000000004","t","8744526,4800000004","634,24000000000001","t","331977,5","0","t","0"
"2012","PB","Não-Metálicos","Vermiculita e Perlita","6778","t","6778,000000000000000","t","","6778","t","1962505","0","t","0","0","t","0"
"2012","PE","Não-Metálicos","Areias Industriais","153325,53","t",",000000000000000","-","","10976","t","218420","16672,630000000001","t","3874793,2000000002","120257,33","t","1571192,3100000001"
"2012","PE","Não-Metálicos","Argilas","537826,22999999998","t",",000000000000000","-","","17462,75","t","3031054,8399999999","0","t","0","520363,47999999998","t","3378269,1399999997"
"2012","PE","Não-Metálicos","Calcário","688722,17000000004","t",",000000000000000","-","","74748,989999999991","t","14001949,460000001","0","t","0","613973,18000000005","t","18207444,960000001"
"2012","PE","Não-Metálicos","Dolomito e Magnesita","366,73000000000002","t",",000000000000000","-","","366,73000000000002","t","43828,099999999999","0","t","0","0","t","0"
"2012","PE","Não-Metálicos","Gipsita","1299348,6499999997","t",",000000000000000","-","","928820,04000000004","t","26844283,890000001","0","t","0","242643,54000000001","t","16408409,91"
"2012","PE","Não-Metálicos","Rochas (Britadas) e Cascalho","8396170,870000001","t",",000000000000000","-","","7646952,4200000018","t","190216666,55000004","0","t","0","7098,1000000000004","t","123995,07000000001"
"2012","PE","Não-Metálicos","Rochas Ornamentais","0","t",",000000000000000","-","","0","t","0","0","t","0","0","t","0"
"2012","PE","Não-Metálicos","Vermiculita e Perlita","3902","t","3212,120000000000000","t","","1414","t","1827997,3999999999","0","t","0","0","t","0"
"2012","PI","Não-Metálicos","Argilas","96226,729999999996","t",",000000000000000","-","","0","t","0","96226,729999999996","t","1194075,8300000001","0","t","0"
"2012","PI","Não-Metálicos","Calcário","190472,92999999999","t",",000000000000000","-","","149317,01000000001","t","8156925,1799999997","21155,919999999998","t","834193,83999999997","0","t","0"
"2012","PI","Não-Metálicos","Dolomito e Magnesita","210904,07999999999","t",",000000000000000","-","","201586","t","10098665,539999999","9318,0799999999999","t","440214,15999999997","0","t","0"
"2012","PI","Não-Metálicos","Rochas (Britadas) e Cascalho","611540,72999999998","t",",000000000000000","-","","531421,43000000005","t","22927222,280000001","39665,009999999995","t","1843587,8899999999","3822,1300000000001","t","157575,29999999999"
"2012","PI","Não-Metálicos","Rochas Ornamentais","16078,710000000003","t",",000000000000000","-","","15428,910000000002","t","1980797,9300000002","0","t","0","0","t","0"
"2012","PR","Energéticos","Carvão Mineral","97416,839999999997","t",",000000000000000","-","","97404,839999999997","t","26023802,57","0","t","0","0","t","0"
"2012","PR","Metálicos","Ouro","437,67403000000002","kg","437,630240000000000","kg","Au","445","kg","46705632,270000003","0","kg","0","0","kg","0"
"2012","PR","Metálicos","Prata","83,773350000000008","kg","83,764970000000000","kg","Ag","0","kg","0","6,8073800000000002","kg","0,01","0","kg","0"
"2012","PR","Não-Metálicos","Areia","1902982,4999999998","t",",000000000000000","-","","1900936,9799999997","t","23060398,359999999","0","t","0","0","t","0"
"2012","PR","Não-Metálicos","Areias Industriais","6359,3400000000001","t",",000000000000000","-","","4308,3400000000001","t","175799,38","0","t","0","2051","t","82040"
"2012","PR","Não-Metálicos","Argilas","3029269,1000000001","t",",000000000000000","-","","4371132,5999999996","t","1048377,7","0","t","0","0","t","0"
"2012","PR","Não-Metálicos","Calcário","11596516,415999996","t",",000000000000000","-","","2872678,7459999998","t","71555573,206","108102,53999999999","t","354640","8615187,7200000007","t","62319152,590000004"
"2012","PR","Não-Metálicos","Caulim","62","t",",000000000000000","-","","0","t","0","0","t","0","62","t","1240"
"2012","PR","Não-Metálicos","Dolomito e Magnesita","504088,98999999999","t",",000000000000000","-","","479070,10000000003","t","5580441,3600000003","0","t","0","64767,150000000001","t","217301,45000000001"
"2012","PR","Não-Metálicos","Feldspato, Leucita e Nefelina-Sienito","117609","t",",000000000000000","-","","0","t","0","0","t","0","117606,56","t","3403420,54"
"2012","PR","Não-Metálicos","Fluorita e Criolita","11972,900000000001","t","10133,200000000000000","t","","11812,700000000001","t","8839705,0800000001","0","t","0","0","t","0"
"2012","PR","Não-Metálicos","Rochas (Britadas) e Cascalho","12454899,513999995","t",",000000000000000","-","","11603524,563999997","t","233364295,03400001","324033,06","t","3557090,7000000002","215884,45999999999","t","2485558,79"
"2012","PR","Não-Metálicos","Rochas Ornamentais","6008,3800000000001","t",",000000000000000","-","","4617,3800000000001","t","1216464,74","0","t","0","4274,6000000000004","t","647271,76000000001"
"2012","PR","Não-Metálicos","Talco e outras Cargas Minerais","53638,860000000001","t",",000000000000000","-","","46908,830000000002","t","7141569,1000000006","0","t","0","6526","t","330904"
"2012","RJ","Metálicos","Monazita e Terras-Raras","205","t","205,000000000000000","t","ETR","2700","t","2096184","0","t","0","0","t","0"
"2012","RJ","Metálicos","Titânio","3343","t","3343,000000000000000","t","TiO2","12220","t","3772942,8199999998","0","t","0","0","t","0"
"2012","RJ","Metálicos","Zircônio","668","t","668,000000000000000","t","ZrSiO4","848","t","1688351,9299999999","0","t","0","0","t","0"
"2012","RJ","Não-Metálicos","Areia","73825,76999999999","t",",000000000000000","-","","73826,76999999999","t","2329138,6000000001","0","t","0","0","t","0"
"2012","RJ","Não-Metálicos","Areias Industriais","151789","t",",000000000000000","-","","162803,84","t","6264708,2000000002","0","t","0","0","t","0"
"2012","RJ","Não-Metálicos","Argilas","70850,869999999995","t",",000000000000000","-","","0","t","0","0","t","0","70850,869999999995","t","382502,84999999998"
"2012","RJ","Não-Metálicos","Calcário","2881925,3600000003","t",",000000000000000","-","","16858,09","t","4030706,3900000001","0","t","0","2861284,1100000003","t","23178868,289999999"
"2012","RJ","Não-Metálicos","Fluorita e Criolita","12175","t","9500,000000000000000","t","","11928","t","7630410,2000000002","0","t","0","0","t","0"
"2012","RJ","Não-Metálicos","Rochas (Britadas) e Cascalho","25394687,210000001","t",",000000000000000","-","","24511887,469999999","t","787734466,52999985","85569,899999999994","t","1645575","293316,98999999999","t","8714424,2100000009"
"2012","RJ","Não-Metálicos","Rochas Ornamentais","20142,639999999999","t",",000000000000000","-","","22925,360000000001","t","29776559,640000001","0","t","0","0","t","0"
"2012","RN","Metálicos","Columbita-Tantalita","7,5","t","7,500000000000000","t","Ta2O5","7,5","t","529670,73999999999","0","t","0","0","t","0"
"2012","RN","Metálicos","Ferro","41071,459999999999","t","24232,160000000000000","t","Fe","81175,770000000004","t","6103797,4699999997","0","t","0","0","t","0"
"2012","RN","Metálicos","Ouro","33,301300000000005","kg","33,301000000000000","kg","Au","33,301300000000005","kg","3554554,98","0","kg","0","0","kg","0"
"2012","RN","Metálicos","Tungstênio","502,33000000000004","t","384,770000000000000","t","WO3","524,58000000000004","t","19293179,93","0","t","0","0","t","0"
"2012","RN","Não-Metálicos","Argilas","16448,82","t",",000000000000000","-","","0","t","0","16448,82","t","11514,18","0","t","0"
"2012","RN","Não-Metálicos","Calcário","158248,91999999998","t",",000000000000000","-","","82439,160000000003","t","4722404,04","75809,759999999995","t","2132528,5499999998","0","t","0"
"2012","RN","Não-Metálicos","Caulim","43754,389999999999","t",",000000000000000","-","","43754,389999999999","t","7989069,0999999996","0","t","0","0","t","0"
"2012","RN","Não-Metálicos","Feldspato, Leucita e Nefelina-Sienito","4726","t",",000000000000000","-","","4703","t","466680","0","t","0","0","t","0"
"2012","RN","Não-Metálicos","Minerais Industriais (Outros)","1,1399999999999999","t",",001000000000000","t","","1,1399999999999999","t","251882,51999999999","0","t","0","0","t","0"
"2012","RN","Não-Metálicos","Rochas (Britadas) e Cascalho","1090140,5700000001","t",",000000000000000","-","","914180,05000000005","t","32739908,57","19236,049999999999","t","19236,049999999999","59562,68","t","1189670,96"
"2012","RO","Gemas e Diamantes","Gemas","2200","kg","2200,000000000000000","kg","","2200","kg","500000","0","kg","0","0","kg","0"
"2012","RO","Metálicos","Columbita-Tantalita","9731,2199999999757","t","496,781000000000000","t","Nb2O5","9408,8800000000047","t","37226104,399999999","0","t","0","0","t","0"
"2012","RO","Metálicos","Columbita-Tantalita","7480,4799999999814","t","314,774000000000000","t","Ta2O5","7363,2600000000093","t","28402224,619999997","0","t","0","0","t","0"
"2012","RO","Metálicos","Estanho","13524604,380000001","kg","8767582,680000000000000","kg","Sn","10603517,850000001","kg","199825870,02000004","0","kg","0","2427255,54","kg","50914804,630000003"
"2012","RO","Metálicos","Manganês","45498,260000000002","t","13914,140000000000000","t","Mn","39700","t","5884869,4199999999","0","t","0","4008,2800000000002","t","601242"
"2012","RO","Metálicos","Ouro","665,48019000000284","kg","664,789610000000000","kg","Au","665,43619000000285","kg","62602504,590000004","0","kg","0","0","kg","0"
"2012","RO","Não-Metálicos","Areia","19618","t",",000000000000000","-","","20032,32","t","488606","0","t","0","0","t","0"
"2012","RO","Não-Metálicos","Calcário","17000","t",",000000000000000","-","","17000","t","700000","0","t","0","0","t","0"
"2012","RO","Não-Metálicos","Rochas (Britadas) e Cascalho","928798,97999999998","t",",000000000000000","-","","882003,51000000013","t","50309112,209999993","63319,610000000001","t","766875,26000000001","0","t","0"
"2012","RR","Não-Metálicos","Rochas (Britadas) e Cascalho","144275,16999999998","t",",000000000000000","-","","144275,16999999998","t","6237714,2400000002","0","t","0","0","t","0"
"2012","RR","Não-Metálicos","Rochas Ornamentais","1200","t",",000000000000000","-","","1200","t","207000","0","t","0","0","t","0"
"2012","RS","Energéticos","Carvão Mineral","4017826,8300000001","t",",000000000000000","-","","4744301,6600000001","t","292559578,11000007","0","t","0","0","t","0"
"2012","RS","Não-Metálicos","Areias Industriais","62853,160000000003","t",",000000000000000","-","","62853,160000000003","t","3695079,8399999999","0","t","0","0","t","0"
"2012","RS","Não-Metálicos","Argilas","16056,049999999999","t",",000000000000000","-","","16056,049999999999","t","714997,55000000005","0","t","0","0","t","0"
"2012","RS","Não-Metálicos","Calcário","4069228,3800000004","t",",000000000000000","-","","2205422,1400000006","t","88293988,460000008","3652","t","34568,980000000003","1856740,5299999998","t","38759479,509999998"
"2012","RS","Não-Metálicos","Caulim","14830,18","t",",000000000000000","-","","14830,18","t","3153481,8500000001","0","t","0","0","t","0"
"2012","RS","Não-Metálicos","Rochas (Britadas) e Cascalho","18890869,559999999","t",",000000000000000","-","","14987278,029999997","t","289978999,03999996","1276044,28","t","14920727,319999998","2521558,5999999996","t","18776926,659999996"
"2012","SC","Energéticos","Carvão Mineral","2535103,5199999996","t",",000000000000000","-","","2612576,4899999998","t","500914620,41000009","0","t","0","0","t","0"
"2012","SC","Energéticos","Turfa","142159,82000000001","t",",000000000000000","-","","65997,630000000005","t","2659940,75","124405,77","t","828281,92000000004","34345,260000000002","t","1744892,3200000001"
"2012","SC","Metálicos","Alumínio (Bauxita)","93951,550000000003","t","50734,490000000000000","t","Al2O3","33672,830000000002","t","4792025,4100000001","0","t","0","41964,479999999996","t","1426426,3599999999"
"2012","SC","Não-Metálicos","Areia","159585","t",",000000000000000","-","","159646,45000000001","t","2276552,1000000001","0","t","0","0","t","0"
"2012","SC","Não-Metálicos","Areias Industriais","1110871,8799999999","t",",000000000000000","-","","1118218,21","t","51325651,520000003","0","t","0","0","t","0"
"2012","SC","Não-Metálicos","Argilas","95471","t",",000000000000000","-","","0","t","0","0","t","0","95471","t","912033,06999999995"
"2012","SC","Não-Metálicos","Calcário","2711409,6699999999","t",",000000000000000","-","","1043595,8","t","28514255,460000001","0","t","0","1667504,8700000001","t","12178135,289999999"
"2012","SC","Não-Metálicos","Feldspato, Leucita e Nefelina-Sienito","134822,34","t",",000000000000000","-","","134822,34","t","17796140,260000002","0","t","0","0","t","0"
"2012","SC","Não-Metálicos","Rochas (Britadas) e Cascalho","16568324,33","t",",000000000000000","-","","14603461,480000002","t","293927940,85000008","772755,49999999988","t","9861973,0499999989","735659,03000000003","t","9691276,0399999991"
"2012","SC","Não-Metálicos","Saibro","380112,09999999998","t",",000000000000000","-","","367020,41000000003","t","4189961,8500000001","0","t","0","0","t","0"
"2012","SE","Não-Metálicos","Argilas","214690,73999999999","t",",000000000000000","-","","23625,459999999999","t","943726,09999999998","0","t","0","190311,56","t","1208706,3600000001"
"2012","SE","Não-Metálicos","Calcário","4804959,04","t",",000000000000000","-","","249792,23000000001","t","961126,87","0","t","0","4596108,5600000005","t","33205891,620000001"
"2012","SE","Não-Metálicos","Dolomito e Magnesita","25613,98","t",",000000000000000","-","","25613,98","t","2625375,23","0","t","0","0","t","0"
"2012","SE","Não-Metálicos","Potássio","548534","t","548534,000000000000000","t","K2O","551985","t","563405090,55999994","0","t","0","0","t","0"
"2012","SE","Não-Metálicos","Rochas (Britadas) e Cascalho","722632,36999999988","t",",000000000000000","-","","722632,36999999988","t","19830940,719999999","0","t","0","0","t","0"
"2012","SP","Metálicos","Alumínio (Bauxita)","35577,990000000005","t","18400,920000000000000","t","Al2O3","35577,990000000005","t","10270769,83","0","t","0","0","t","0"
"2012","SP","Metálicos","Ferro","195897,04000000001","t","136244,000000000000000","t","Fe","180311,42000000001","t","2047542,25","0","t","0","0","t","0"
"2012","SP","Metálicos","Manganês","1121,51","t","300,000000000000000","t","Mn","1121,51","t","145011,39999999999","0","t","0","0","t","0"
"2012","SP","Não-Metálicos","Areia","11810829,9","t",",000000000000000","-","","11438523,270000001","t","242708761,72999996","0","t","0","0","t","0"
"2012","SP","Não-Metálicos","Areias Industriais","4768762,3999999994","t",",000000000000000","-","","4328370,379999999","t","165363842,57999998","0","t","0","436518,41999999998","t","10775849,939999999"
"2012","SP","Não-Metálicos","Argilas","1627419,0499999998","t",",000000000000000","-","","1060999,73","t","23725345,620000005","8821","t","17592","556027,23999999999","t","6768542,6299999999"
"2012","SP","Não-Metálicos","Calcário","12370662,129999999","t",",000000000000000","-","","3521613,0699999998","t","138328608,23000002","3149694,7399999998","t","47946492,580000006","5666976,9200000009","t","104473496,59"
"2012","SP","Não-Metálicos","Calcário","1965751","t","1965751,000000000000000","t","","1700969","t","9566086,4100000001","0","t","0","291815","t","7179707,8399999999"
"2012","SP","Não-Metálicos","Caulim","90904,299999999988","t",",000000000000000","-","","87504,399999999994","t","23921661,969999999","0","t","0","2333,6799999999998","t","466736"
"2012","SP","Não-Metálicos","Dolomito e Magnesita","142339,29999999999","t",",000000000000000","-","","142339,29999999999","t","8965433,2200000007","0","t","0","0","t","0"
"2012","SP","Não-Metálicos","Feldspato, Leucita e Nefelina-Sienito","18995","t",",000000000000000","-","","21659,75","t","4846772,6799999997","0","t","0","0","t","0"
"2012","SP","Não-Metálicos","Fosfato","637944,15000000002","t","257553,370000000000000","t","P2O5","87791,660000000003","t","5193842,1399999997","0","t","0","561237,60999999999","t","166129208,71000001"
"2012","SP","Não-Metálicos","Rochas (Britadas) e Cascalho","89646932,599999964","t",",000000000000000","-","","76815453,919999987","t","2040545133,7700002","1235131,3900000001","t","15713433,290000001","1678928,1899999999","t","27903496,809999999"
"2012","SP","Não-Metálicos","Rochas Ornamentais","5090","t",",000000000000000","-","","5074,04","t","6213411,5499999998","0","t","0","0","t","0"
"2012","SP","Não-Metálicos","Talco e outras Cargas Minerais","664641,84999999986","t",",000000000000000","-","","659303,59999999998","t","28649068,270000003","507,11000000000001","t","912,77999999999997","0","t","0"
"2012","TO","Metálicos","Ferro","342514,84999999998","t","205510,000000000000000","t","Fe","342514,84999999998","t","26672618,890000001","0","t","0","0","t","0"
"2012","TO","Metálicos","Ouro","1,34368","kg","1,000000000000000","kg","Au","0","kg","0","0","kg","0","0","kg","0"
"2012","TO","Não-Metálicos","Calcário","3872835,5799999996","t",",000000000000000","-","","2761286,5600000001","t","67002819,710000001","0","t","0","1094555,3899999999","t","15344663,710000001"
"2012","TO","Não-Metálicos","Minerais Industriais (Outros)","158","t",",000000000000000","-","","158","t","1565360","0","t","0","0","t","0"
"2012","TO","Não-Metálicos","Rochas (Britadas) e Cascalho","531200,81000000006","t",",000000000000000","-","","528915,34000000008","t","16074060,009999998","0","t","0","0","t","0"
"2013","AL","Não-Metálicos","Calcário","1055452,22","t",",000000000000000","-","","164025,19","t","12122096,760000002","0","t","0","862492","t","10779934,92"
"2013","AL","Não-Metálicos","Rochas (Britadas) e Cascalho","1045546,5","t",",000000000000000","-","","1020349,22","t","32655422,550000001","8720,4899999999998","t","265812,53000000003","16476,790000000001","t","509676,40999999997"
"2013","AM","Metálicos","Columbita-Tantalita","24589,380000000001","t","5225,000000000000000","t","Nb2O5","0","t","0","0","t","0","24589,380000000001","t","113182724,7"
"2013","AM","Metálicos","Columbita-Tantalita","24589,380000000001","t","5225,000000000000000","t","Ta2O5","0","t","0","0","t","0","24589,380000000001","t","113182724,7"
"2013","AM","Metálicos","Estanho","14390227","kg","9790227,000000000000000","kg","Sn","0","kg","0","0","kg","0","14390227","kg","252687126,16"
"2013","AM","Metálicos","Ouro","397,18170000000003","kg","397,069450000000000","kg","Au","397,14970000000005","kg","34439517,920000002","0","kg","0","0","kg","0"
"2013","AM","Não-Metálicos","Rochas (Britadas) e Cascalho","578328,02000000002","t",",000000000000000","-","","578328,02000000002","t","38024070,219999999","0","t","0","0","t","0"
"2013","AP","Metálicos","Columbita-Tantalita","53,05000000000291","t","53,050000000000000","t","Ta2O5","53,05000000000291","t","339000","0","t","0","0","t","0"
"2013","AP","Metálicos","Cromo","1250","t","562,500000000000000","t","Cr2O3","89,579999999999998","t","741384","0","t","0","0","t","0"
"2013","AP","Metálicos","Ferro","6257785,5100000007","t","3799757,830000000000000","t","Fe","2067829,0900000001","t","474669782,29000002","0","t","0","0","t","0"
"2013","AP","Metálicos","Ouro","5559,7468600000002","kg","5239,590220000000000","kg","Au","5227,3718900000003","kg","500092778,80000001","0","kg","0","0","kg","0"
"2013","AP","Metálicos","Prata","196,6765","kg","196,676500000000000","kg","Ag","196,6765","kg","380368,47999999998","0","kg","0","0","kg","0"
"2013","AP","Não-Metálicos","Rochas (Britadas) e Cascalho","424773,52000000002","t",",000000000000000","-","","316538,29999999999","t","17016951,27","0","t","0","0","t","0"
"2013","BA","Gemas e Diamantes","Diamante","518,89999999999998","ct","518,900000000000000","ct","","0","ct","0","0","ct","0","0","ct","0"
"2013","BA","Gemas e Diamantes","Gemas","8773,8899999999994","kg","8773,890000000000000","kg","","8773,8899999999994","kg","18775441,129999999","0","kg","0","0","kg","0"
"2013","BA","Metálicos","Cobre","86243,449999999997","t","26457,860000000000000","t","Cu","85250,680000000008","t","457898879,73000002","0","t","0","0","t","0"
"2013","BA","Metálicos","Cromo","496607,38","t","193310,750000000000000","t","Cr2O3","44376,360000000001","t","25966914,920000002","22112","t","7712758,4699999997","425771,59000000003","t","148125866,60000002"
"2013","BA","Metálicos","Ferro","337675,10999999999","t","219826,500000000000000","t","Fe","299972,76000000001","t","28470058,010000002","0","t","0","0","t","0"
"2013","BA","Metálicos","Manganês","6436,8900000000003","t","2124,170000000000000","t","Mn","7095,2399999999998","t","957857,40000000002","0","t","0","0","t","0"
"2013","BA","Metálicos","Níquel","107663,66","t","15621,560000000000000","t"," Ni","96409,539999999994","t","413661873,38999999","0","t","0","0","t","0"
"2013","BA","Metálicos","Ouro","4962,8069300000006","kg","4962,806930000000000","kg","Au","5005,9947200000006","kg","469057851,68000001","0","kg","0","0","kg","0"
"2013","BA","Metálicos","Prata","0","kg",",000000000000000","kg","Ag","0","kg","0","0","kg","0","0","kg","0"
"2013","BA","Não-Metálicos","Areias Industriais","89786,339999999997","t",",000000000000000","-","","0","t","0","0","t","0","89767,839999999997","t","6217185,5700000003"
"2013","BA","Não-Metálicos","Argilas","376048,05000000005","t",",000000000000000","-","","343570,69","t","56915839,25","33440","t","274710","8500","t","34000"
"2013","BA","Não-Metálicos","Bário","0","t",",000000000000000","t","BaSO4","1177","t","1197707,47","0","t","0","0","t","0"
"2013","BA","Não-Metálicos","Calcário","1933260,0999999996","t",",000000000000000","-","","633443,34000000008","t","26677224,400000002","26689,07","t","1393755,6499999999","1277343,5","t","21178500,370000001"
"2013","BA","Não-Metálicos","Caulim","5943,7600000000002","t",",000000000000000","-","","5943,7600000000002","t","4582832,5899999999","0","t","0","0","t","0"
"2013","BA","Não-Metálicos","Diatomita","2474,48","t",",000000000000000","-","","2439,3099999999999","t","7531732,8899999997","0","t","0","0","t","0"
"2013","BA","Não-Metálicos","Dolomito e Magnesita","1387578,95","t",",000000000000000","-","","190831,72","t","162606416,01999998","153877","t","2921469,5899999999","1010253","t","131959769,92"
"2013","BA","Não-Metálicos","Fosfato","270368,81","t","88147,050000000000000","t","P2O5","67945,960000000006","t","16867134,309999999","0","t","0","205478,87","t","20793569,809999999"
"2013","BA","Não-Metálicos","Gipsita","0","t",",000000000000000","-","","0","t","0","0","t","0","0","t","0"
"2013","BA","Não-Metálicos","Grafita","14111,77","t","12836,420000000000000","t","","14086,690000000001","t","27133025,879999999","0","t","0","0","t","0"
"2013","BA","Não-Metálicos","Rochas (Britadas) e Cascalho","8470677,5200000014","t",",000000000000000","-","","7467232,9499999993","t","265704659,06999996","137685,79999999999","t","9699274,9499999993","511132,15000000002","t","4632759,7599999998"
"2013","BA","Não-Metálicos","Rochas Ornamentais","5509,4700000000003","t",",000000000000000","-","","4610,3400000000001","t","2068087,8399999999","0","t","0","0","t","0"
"2013","BA","Não-Metálicos","Talco e outras Cargas Minerais","129632,47","t",",000000000000000","-","","77121,779999999999","t","101773716,81","0","t","0","1677","t","1193049,6200000001"
"2013","BA","Não-Metálicos","Vermiculita e Perlita","951,39999999999998","t","808,680000000000000","t","","951,39999999999998","t","110561,64","0","t","0","0","t","0"
"2013","CE","Não-Metálicos","Areias Industriais","181565,65000000002","t",",000000000000000","-","","0","t","0","0","t","0","181565,65000000002","t","3809863,8799999999"
"2013","CE","Não-Metálicos","Argilas","69009","t",",000000000000000","-","","0","t","0","0","t","0","69009","t","2949217,5899999999"
"2013","CE","Não-Metálicos","Calcário","2200519,46","t",",000000000000000","-","","82149,660000000003","t","7466305,9299999997","3761","t","60856,220000000001","2094293,8","t","30559925,43"
"2013","CE","Não-Metálicos","Dolomito e Magnesita","6990","t",",000000000000000","-","","0","t","0","2945","t","1116641,5700000001","1328","t","682470"
"2013","CE","Não-Metálicos","Gipsita","5628","t",",000000000000000","-","","0","t","0","0","t","0","5628","t","413535,40000000002"
"2013","CE","Não-Metálicos","Rochas (Britadas) e Cascalho","5123714,6100000003","t",",000000000000000","-","","4685710,3599999994","t","125068766,32000001","39657,419999999998","t","582252,92000000004","104846,7","t","1437448,25"
"2013","CE","Não-Metálicos","Rochas Ornamentais","568","t",",000000000000000","-","","568","t","321414","0","t","0","0","t","0"
"2013","DF","Não-Metálicos","Areia","0","t",",000000000000000","-","","0","t","0","0","t","0","0","t","0"
"2013","DF","Não-Metálicos","Argilas","319741,37","t",",000000000000000","-","","0","t","0","0","t","0","319741,37","t","6840225,5699999994"
"2013","DF","Não-Metálicos","Calcário","4798775,7599999998","t",",000000000000000","-","","0","t","0","0","t","0","4798775,7599999998","t","39481587,829999998"
"2013","DF","Não-Metálicos","Rochas (Britadas) e Cascalho","4181252,3199999998","t",",000000000000000","-","","4059018,2000000002","t","67712061,310000002","0","t","0","131786,35000000001","t","1725538,4199999999"
"2013","ES","Não-Metálicos","Argilas","0","t",",000000000000000","-","","0","t","0","0","t","0","0","t","0"
"2013","ES","Não-Metálicos","Calcário","412076,92000000004","t",",000000000000000","-","","411734,51000000001","t","36048079,020000003","0","t","0","0","t","0"
"2013","ES","Não-Metálicos","Rochas (Britadas) e Cascalho","8799578,1500000004","t",",000000000000000","-","","7860487,1200000001","t","143810064,81999999","0","t","0","0","t","0"
"2013","ES","Não-Metálicos","Rochas Ornamentais","144334,11000000002","t",",000000000000000","-","","138738,94","t","179201679,5","0","t","0","112,13","t","111585,36"
"2013","GO","Metálicos","Cobalto","3239106","t","3467,800000000000000","t","Co","0","t","0","0","t","0","3239106","t","0,12"
"2013","GO","Metálicos","Cobre","243537,59","t","59959,240000000000000","t","Cu","248312,68999999997","t","1095112794,1399999","0","t","0","0","t","0"
"2013","GO","Metálicos","Manganês","657,16999999999996","t","230,000000000000000","t","Mn","657,16999999999996","t","138159,35000000001","0","t","0","0","t","0"
"2013","GO","Metálicos","Nióbio","20162,14921","t","9730,555400000000000","t","Nb2O5","0","t","0","0","t","0","14450,59921","t","392249036,66999996"
"2013","GO","Metálicos","Níquel","83807,710000000006","t","29386,790000000000000","t"," Ni","49626,510000000002","t","1161886209,6800001","0","t","0","32391,060000000001","t","111469966,75"
"2013","GO","Metálicos","Ouro","4917,3512700000001","kg","4917,351270000000000","kg","Au","5029,4973500000006","kg","471462880,74000001","0","kg","0","0","kg","0"
"2013","GO","Metálicos","Prata","196,977","kg","196,977000000000000","kg","Ag","212,95400000000001","kg","399671","0","kg","0","0","kg","0"
"2013","GO","Metálicos","Titânio","28607,82","t","6000,000000000000000","t","TiO2","28576,009999999998","t","1201166,6599999999","0","t","0","0","t","0"
"2013","GO","Não-Metálicos","Amianto","290825,65000000002","t","290825,650000000000000","t","","295003,23999999999","t","516560376,01999998","0","t","0","0","t","0"
"2013","GO","Não-Metálicos","Areia","705806,98999999999","t",",000000000000000","-","","680868,45999999996","t","16275889,67","0","t","0","0","t","0"
"2013","GO","Não-Metálicos","Areias Industriais","99787,990000000005","t",",000000000000000","-","","99787,990000000005","t","1630171,1299999999","0","t","0","0","t","0"
"2013","GO","Não-Metálicos","Calcário","7142707,6225999985","t",",000000000000000","-","","5513176,6971999994","t","195608297,65039995","0","t","0","1595812,1900000002","t","10841777,560000001"
"2013","GO","Não-Metálicos","Dolomito e Magnesita","527049,09999999998","t",",000000000000000","-","","496599,66999999998","t","17908799,210000001","0","t","0","0","t","0"
"2013","GO","Não-Metálicos","Fosfato","3484689","t","1241710,980000000000000","t","P2O5","0","t","0","128190,63","t","11190490,74","2441552,7999999998","t","375338081,19"
"2013","GO","Não-Metálicos","Rochas (Britadas) e Cascalho","10257833,7574","t",",000000000000000","-","","9888083,5628000051","t","251523708,30960003","49761,790000000001","t","587729,23999999999","132098,17999999999","t","3307658,8300000001"
"2013","GO","Não-Metálicos","Vermiculita e Perlita","58163","t","55254,850000000000000","t","","64231,910000000003","t","37601703,159999996","0","t","0","0","t","0"
"2013","MA","Metálicos","Ouro","2464,3255800000002","kg","2464,274080000000000","kg","Au","2390,0059500000002","kg","227885169,78999999","0","kg","0","0","kg","0"
"2013","MA","Não-Metálicos","Argilas","7682854,2000000002","t",",000000000000000","-","","7543513,9799999995","t","21292614,920000002","139340,22","t","1691461,05","8477,0499999999993","t","3034800"
"2013","MA","Não-Metálicos","Calcário","209770,54999999999","t",",000000000000000","-","","209770,54999999999","t","9222193,1099999994","0","t","0","0","t","0"
"2013","MA","Não-Metálicos","Rochas (Britadas) e Cascalho","3616401,7400000002","t",",000000000000000","-","","3028315,4800000004","t","90368312,920000002","66484","t","821742,23999999999","59134","t","631764,06999999995"
"2013","MG","Gemas e Diamantes","Diamante","6537,8499999999985","ct","6537,850000000000000","ct","","5310,7300000000005","ct","10826327,49","494,80000000000001","ct","0","0","ct","0"
"2013","MG","Gemas e Diamantes","Gemas","753,76084000000003","kg","753,760840000000000","kg","","746,49349000000007","kg","11955239,949999999","0","kg","0","0","kg","0"
"2013","MG","Metálicos","Alumínio (Bauxita)","3001495,48","t","1312375,940000000000000","t","Al2O3","59557,900000000001","t","2707460,77","0","t","0","2891398,7799999998","t","141414648,05000001"
"2013","MG","Metálicos","Chumbo","19468,239999999998","t","9124,060000000000000","t","Pb","20093,989999999998","t","30312514,229999997","0","t","0","0","t","0"
"2013","MG","Metálicos","Columbita-Tantalita","697,63","t","132,219000000000000","t","Ta2O5","690,80999999999995","t","91621190,459999993","0","t","0","0","t","0"
"2013","MG","Metálicos","Estanho","547594","kg","317460,000000000000000","kg","Sn","527324","kg","6911131,8899999997","0","kg","0","0","kg","0"
"2013","MG","Metálicos","Ferro","268833838,78999996","t","170031387,180000000000000","t","Fe","195519825,58000004","t","37086790663,279999","0","t","0","71361497,460000008","t","3578221891,3099995"
"2013","MG","Metálicos","Lítio","7982","t","415,860000000000000","t","Li2O","131","t","128380","0","t","0","7465,8100000000004","t","6808541,0599999996"
"2013","MG","Metálicos","Manganês","426193,10999999999","t","88467,570000000000000","t","Mn","320513,44","t","29741876,940000001","0","t","0","105666,85000000001","t","18091836,469999999"
"2013","MG","Metálicos","Nióbio","123125,04000000004","t","67436,000000000000000","t","Nb2O5","0","t","0","0","t","0","123125,03999999999","t","205318812"
"2013","MG","Metálicos","Níquel","24702,869999999999","t","10800,000000000000000","t"," Ni","25612,299999999999","t","353071892","0","t","0","0","t","0"
"2013","MG","Metálicos","Ouro","30882,333470000005","kg","30882,333470000000000","kg","Au","30905,43691","kg","2996647444,6499996","0","kg","0","0","kg","0"
"2013","MG","Metálicos","Prata","5287,67454","kg","5287,674540000000000","kg","Ag","5252,8492299999998","kg","9396048,0099999998","0","kg","0","0","kg","0"
"2013","MG","Metálicos","Zinco","401837,10999999999","t","152147,410000000000000","t","Zn","74665,459999999992","t","95113281,979999989","0","t","0","329740","t","59646668,600000001"
"2013","MG","Não-Metálicos","Areia","623707,31999999995","t",",000000000000000","-","","579457,92999999993","t","13716850,609999999","0","t","0","0","t","0"
"2013","MG","Não-Metálicos","Areias Industriais","771893,25999999989","t",",000000000000000","-","","306264,27999999997","t","32112323,639999997","51777,330000000002","t","315841,65999999997","401147,10999999999","t","6939321,2199999997"
"2013","MG","Não-Metálicos","Argilas","1822842,8200000003","t",",000000000000000","-","","578924,29999999993","t","4301524,4900000002","537854,10999999999","t","1344635,4000000001","690176,33000000007","t","24178847,789999999"
"2013","MG","Não-Metálicos","Calcário","45420274,350000001","t",",000000000000000","-","","19421042,159999996","t","415123881,21999991","3888543,2799999998","t","15373282,359999999","21052518,909999996","t","213878018,23999998"
"2013","MG","Não-Metálicos","Caulim","696,16999999999996","t",",000000000000000","-","","554","t","86211,75","0","t","0","0","t","0"
"2013","MG","Não-Metálicos","Cianita e outros minerais refratários","200","t",",000000000000000","-","","0","t","0","0","t","0","213,09999999999999","t","146272,20000000001"
"2013","MG","Não-Metálicos","Enxofre","256089","t","64286,140000000000000","t","S","238187,20000000001","t","56743944,939999998","0","t","0","0","t","0"
"2013","MG","Não-Metálicos","Feldspato, Leucita e Nefelina-Sienito","100990,64999999999","t",",000000000000000","-","","130429,2","t","18004367,420000002","0","t","0","0","t","0"
"2013","MG","Não-Metálicos","Fosfato","3240615,5899999999","t","1106479,290000000000000","t","P2O5","27662,760000000002","t","3094456,6700000004","630352,26000000001","t","213049479,06","2486007,8599999999","t","548072888,96000004"
"2013","MG","Não-Metálicos","Grafita","77796,51999999999","t","66169,050000000000000","t","","74071,289999999994","t","175249782,01999998","0","t","0","0","t","0"
"2013","MG","Não-Metálicos","Rochas (Britadas) e Cascalho","18789249,290000003","t",",000000000000000","-","","17746530,030000005","t","516434238,64999974","127318,76999999999","t","2606512,29","262606,92999999999","t","3395922,3700000001"
"2013","MG","Não-Metálicos","Rochas Ornamentais","1951,02","t",",000000000000000","-","","1935,5799999999999","t","604137,95999999996","0","t","0","0","t","0"
"2013","MG","Não-Metálicos","Talco e outras Cargas Minerais","507515,87000000005","t",",000000000000000","-","","462777,81","t","33902515,560000002","0","t","0","0","t","0"
"2013","MS","Metálicos","Ferro","7905757","t","5109576,330000000000000","t","Fe","6571142,2400000002","t","1202287648,8599999","0","t","0","0","t","0"
"2013","MS","Metálicos","Manganês","411244,46000000002","t","176752,870000000000000","t","Mn","474035,51000000001","t","173730061,78","0","t","0","0","t","0"
"2013","MS","Não-Metálicos","Areia","344244,5","t",",000000000000000","-","","340723","t","5228517,9099999992","0","t","0","0","t","0"
"2013","MS","Não-Metálicos","Argilas","335019,38","t",",000000000000000","-","","24657,509999999998","t","2391265,02","290808,35999999999","t","6609989,46","19501,689999999999","t","7536,0200000000004"
"2013","MS","Não-Metálicos","Calcário","3688367,5599999996","t",",000000000000000","-","","2454614,0899999999","t","89299018,780000001","0","t","0","1171338,52","t","16295406,120000001"
"2013","MS","Não-Metálicos","Rochas (Britadas) e Cascalho","4057950,77","t",",000000000000000","-","","3835413,6799999997","t","85271686,679999992","94434,199999999997","t","965317,06999999995","139421,04999999999","t","2021006,5699999998"
"2013","MS","Não-Metálicos","Talco e outras Cargas Minerais","293501,73999999999","t",",000000000000000","-","","0","t","0","0","t","0","293501,73999999999","t","2246176,8100000001"
"2013","MT","Gemas e Diamantes","Diamante","48470,670000000006","ct","42705,160000000000000","ct","","48354,790000000008","ct","4058748,3299999996","0","ct","0","0","ct","0"
"2013","MT","Metálicos","Estanho","15379","kg","10379,000000000000000","kg","Sn","13232","kg","135738,57000000001","0","kg","0","0","kg","0"
"2013","MT","Metálicos","Ouro","8643,2189500000004","kg","8636,357570000000000","kg","Au","8624,350800000002","kg","804541040,42999971","0","kg","515000","4,4540800000000003","kg","899280,18999999994"
"2013","MT","Não-Metálicos","Areia","157202,20000000001","t",",000000000000000","-","","157095,88","t","4126155,8700000001","0","t","0","0","t","0"
"2013","MT","Não-Metálicos","Argilas","592259,04000000004","t",",000000000000000","-","","506454,51000000001","t","31089330,57","80081,199999999997","t","1955012,52","0","t","0"
"2013","MT","Não-Metálicos","Calcário","8298075,6799999978","t",",000000000000000","-","","6153864,3399999999","t","248960349,77999997","2025622,02","t","33078937,560000002","0","t","0"
"2013","MT","Não-Metálicos","Dolomito e Magnesita","637507,71999999997","t",",000000000000000","-","","645928,70999999996","t","19374144,760000002","0","t","0","0","t","0"
"2013","MT","Não-Metálicos","Quartzo (Cristal) e outros Piezelétricos","320,61000000000001","t",",000000000000000","-","","320,61000000000001","t","33987","0","t","0","0","t","0"
"2013","MT","Não-Metálicos","Rochas (Britadas) e Cascalho","4542744,9300000118","t",",000000000000000","-","","4523252,7400000123","t","112133060,67000003","3603,25","t","44730","0","t","0"
"2013","PA","Gemas e Diamantes","Gemas","162664","kg","162664,000000000000000","kg","","162664","kg","174200,5","0","kg","0","0","kg","0"
"2013","PA","Metálicos","Alumínio (Bauxita)","29326734,059999999","t","14518018,350000000000000","t","Al2O3","29096056,059999999","t","2016898888,7799997","0","t","0","0","t","0"
"2013","PA","Metálicos","Cobre","628562,34000000008","t","184300,000000000000000","t","Cu","617271","t","2853745409,9299998","0","t","0","0","t","0"
"2013","PA","Metálicos","Estanho","3673051","kg","2539494,250000000000000","kg","Sn","3682301","kg","79778833,159999996","0","kg","0","0","kg","0"
"2013","PA","Metálicos","Ferro","105450815,16","t","68088726,760000000000000","t","Fe","109216854,86","t","21706320919,52","0","t","0","0","t","0"
"2013","PA","Metálicos","Manganês","1974756,1699999999","t","917855,710000000000000","t","Mn","1854694,6800000002","t","561864592,81999993","0","t","0","0","t","0"
"2013","PA","Metálicos","Níquel","5333,4499999999998","t","1883,930000000000000","t"," Ni","717,09000000000003","t","6287910,9100000001","0","t","0","0","t","0"
"2013","PA","Metálicos","Ouro","1200,3541000000002","kg","1200,352140000000000","kg","Au","1210,4062999999999","kg","112674559,97","0","kg","0","0","kg","0"
"2013","PA","Metálicos","Tungstênio","166,87","t","108,460000000000000","t","WO3","166,87","t","2646305,3599999999","0","t","0","0","t","0"
"2013","PA","Não-Metálicos","Areia","1096,8199999999999","t",",000000000000000","-","","1096,8199999999999","t","66999","0","t","0","0","t","0"
"2013","PA","Não-Metálicos","Areias Industriais","28360,299999999999","t",",000000000000000","-","","0","t","0","0","t","0","28360,299999999999","t","3785547"
"2013","PA","Não-Metálicos","Argilas","16760,25","t",",000000000000000","-","","16760,25","t","702252,51000000001","0","t","0","0","t","0"
"2013","PA","Não-Metálicos","Calcário","151516,60999999999","t",",000000000000000","-","","149499,60999999999","t","4142372,2799999998","0","t","0","0","t","0"
"2013","PA","Não-Metálicos","Caulim","1794631","t",",000000000000000","-","","1801936,96","t","474433498,07999998","0","t","0","0","t","0"
"2013","PA","Não-Metálicos","Rochas (Britadas) e Cascalho","1541767,6600000001","t",",000000000000000","-","","939951,35000000009","t","49029462,950000003","58104,519999999997","t","3705915,2599999998","387112,91999999998","t","7097339,79"
"2013","PB","Metálicos","Columbita-Tantalita","8,2999999999999989","t",",830000000000000","t","Ta2O5","8,2999999999999989","t","31000,200000000001","0","t","0","0","t","0"
"2013","PB","Metálicos","Titânio","113829,60000000001","t","63639,010000000000000","t","TiO2","110568,22","t","56352013,850000001","0","t","0","0","t","0"
"2013","PB","Metálicos","Tungstênio","0","t",",000000000000000","t","WO3","0","t","0","0","t","0","0","t","0"
"2013","PB","Metálicos","Zircônio","20587,279999999999","t","13366,070000000000000","t","ZrSiO4","24120","t","69900589,909999996","0","t","0","0","t","0"
"2013","PB","Não-Metálicos","Areias Industriais","70645,929999999993","t",",000000000000000","-","","989","t","5700","0","t","0","69656,929999999993","t","427928,81"
"2013","PB","Não-Metálicos","Argilas","399845,59999999998","t",",000000000000000","-","","315278,59999999998","t","97911041,849999994","0","t","0","78716","t","401838,78999999998"
"2013","PB","Não-Metálicos","Calcário","2763674,1499999999","t",",000000000000000","-","","18203","t","2236530","0","t","0","2745134,1499999999","t","28131563,719999999"
"2013","PB","Não-Metálicos","Cianita e outros minerais refratários","1095,3499999999999","t",",000000000000000","-","","897","t","672906,66000000003","0","t","0","0","t","0"
"2013","PB","Não-Metálicos","Feldspato, Leucita e Nefelina-Sienito","66113","t",",000000000000000","-","","66113","t","2362103,73","0","t","0","0","t","0"
"2013","PB","Não-Metálicos","Rochas (Britadas) e Cascalho","1102385,1400000001","t",",000000000000000","-","","1102385,1400000001","t","25540419,289999999","0","t","0","0","t","0"
"2013","PB","Não-Metálicos","Rochas Ornamentais","63317,970000000001","t",",000000000000000","-","","50832,040000000001","t","8681558,7199999988","12412,870000000001","t","759943,15000000002","0","t","0"
"2013","PE","Não-Metálicos","Areias Industriais","256649,78999999998","t",",000000000000000","-","","13635","t","256875","0","t","0","220597,12","t","5529077,3799999999"
"2013","PE","Não-Metálicos","Argilas","619615,07999999996","t",",000000000000000","-","","2291,3000000000002","t","372370,26000000001","38962,82","t","738172,45999999996","578360,95999999996","t","2371614,7400000002"
"2013","PE","Não-Metálicos","Calcário","539304,34999999998","t",",000000000000000","-","","65313,099999999999","t","14471059,300000001","466711,46000000002","t","13842684,15","7279,79","t","217879,84"
"2013","PE","Não-Metálicos","Dolomito e Magnesita","333,38","t",",000000000000000","-","","333,38","t","57346","0","t","0","0","t","0"
"2013","PE","Não-Metálicos","Gipsita","983106,98999999999","t",",000000000000000","-","","688895,08999999997","t","21831661,550000001","0","t","0","258512,84","t","15081496,83"
"2013","PE","Não-Metálicos","Rochas (Britadas) e Cascalho","8209052,1899999995","t",",000000000000000","-","","7902207,8399999999","t","184851777,09","2518,8899999999999","t","44005,010000000002","0","t","0"
"2013","PE","Não-Metálicos","Rochas Ornamentais","0","t",",000000000000000","-","","0","t","0","0","t","0","0","t","0"
"2013","PE","Não-Metálicos","Vermiculita e Perlita","4035,1999999999998","t","3172,510000000000000","t","","1938,9200000000001","t","2101803,2999999998","0","t","0","0","t","0"
"2013","PI","Gemas e Diamantes","Gemas","2","kg","2,000000000000000","kg","","2","kg","20000","0","kg","0","0","kg","0"
"2013","PI","Não-Metálicos","Argilas","35487,259999999995","t",",000000000000000","-","","885,36000000000001","t","34529,040000000001","34601,270000000004","t","647638,78000000003","0","t","0"
"2013","PI","Não-Metálicos","Calcário","215899,78","t",",000000000000000","-","","126279,72","t","7207919,2200000007","89620,059999999998","t","1887189,1456000002","0","t","0"
"2013","PI","Não-Metálicos","Dolomito e Magnesita","179485,20000000001","t",",000000000000000","-","","169359,41","t","8642611,9299999997","10125,789999999999","t","428041,57440000004","0","t","0"
"2013","PI","Não-Metálicos","Rochas (Britadas) e Cascalho","961596,17000000016","t",",000000000000000","-","","879518,80000000005","t","33106046,859999999","3091,52","t","153969,22","15130,5","t","561990"
"2013","PI","Não-Metálicos","Rochas Ornamentais","1653,7","t",",000000000000000","-","","1653,7","t","1731741,0600000001","0","t","0","0","t","0"
"2013","PR","Energéticos","Carvão Mineral","103348,78","t",",000000000000000","-","","103348,78","t","28743609,449999999","0","t","0","0","t","0"
"2013","PR","Metálicos","Ouro","415,43776999999994","kg","415,396230000000000","kg","Au","415,00001000000003","kg","40019743,5","0","kg","0","0","kg","0"
"2013","PR","Metálicos","Prata","36,482160000000007","kg","36,478510000000000","kg","Ag","0","kg","0","0","kg","0","0","kg","0"
"2013","PR","Não-Metálicos","Areia","2357322,3999999999","t",",000000000000000","-","","2349408,5300000003","t","27518099,799999997","0","t","0","0","t","0"
"2013","PR","Não-Metálicos","Areias Industriais","6633,6999999999998","t",",000000000000000","-","","4691,6999999999998","t","261440,75999999998","0","t","0","1942","t","75455,050000000003"
"2013","PR","Não-Metálicos","Argilas","14010","t",",000000000000000","-","","14010","t","1719291,3200000001","0","t","0","0","t","0"
"2013","PR","Não-Metálicos","Calcário","11328021,42","t",",000000000000000","-","","2608978,21","t","67619885,770000011","119743,25999999999","t","404880","8661736,0600000005","t","69302329,390000001"
"2013","PR","Não-Metálicos","Caulim","60","t",",000000000000000","-","","0","t","0","0","t","0","60","t","1200"
"2013","PR","Não-Metálicos","Dolomito e Magnesita","551809,90000000002","t",",000000000000000","-","","517296,19000000006","t","8580167,0399999991","0","t","0","33447,900000000001","t","167239,5"
"2013","PR","Não-Metálicos","Feldspato, Leucita e Nefelina-Sienito","178424,51000000001","t",",000000000000000","-","","0","t","0","0","t","0","178428,33000000002","t","6645758,8700000001"
"2013","PR","Não-Metálicos","Fluorita e Criolita","16314,110000000001","t","13602,660000000000000","t","","15984,110000000001","t","12143584,26","0","t","0","0","t","0"
"2013","PR","Não-Metálicos","Rochas (Britadas) e Cascalho","13335487,649999997","t",",000000000000000","-","","12085547,139999995","t","254449469,53000003","505209,89000000001","t","5734806,7199999988","473489,69","t","12741799,970000001"
"2013","PR","Não-Metálicos","Rochas Ornamentais","4777,3199999999997","t",",000000000000000","-","","4323,8199999999997","t","1096163,7100000002","0","t","0","0","t","0"
"2013","PR","Não-Metálicos","Talco e outras Cargas Minerais","56736,629999999997","t",",000000000000000","-","","43423,209999999999","t","8013020,7700000005","0","t","0","9043","t","611533,80000000005"
"2013","RJ","Metálicos","Monazita e Terras-Raras","600","t","600,000000000000000","t","ETR","600","t","600330","0","t","0","0","t","0"
"2013","RJ","Metálicos","Titânio","10646","t","10646,000000000000000","t","TiO2","10646","t","3149010,2599999998","0","t","0","0","t","0"
"2013","RJ","Metálicos","Zircônio","567","t","567,000000000000000","t","ZrSiO4","567","t","1123338,0900000001","0","t","0","0","t","0"
"2013","RJ","Não-Metálicos","Areia","93454,820000000007","t",",000000000000000","-","","93338,820000000007","t","1046107,6899999999","0","t","0","0","t","0"
"2013","RJ","Não-Metálicos","Areias Industriais","149372","t",",000000000000000","-","","131897,59","t","5244581,8200000003","0","t","0","0","t","0"
"2013","RJ","Não-Metálicos","Argilas","57912,709999999999","t",",000000000000000","-","","0","t","0","0","t","0","57912,720000000001","t","253211,31"
"2013","RJ","Não-Metálicos","Calcário","3182578,1400000001","t",",000000000000000","-","","240200,78","t","20878674,27","0","t","0","2949439,7799999998","t","26244691,789999999"
"2013","RJ","Não-Metálicos","Fluorita e Criolita","11407","t",",000000000000000","t","","10507","t","6438770,2400000002","0","t","0","0","t","0"
"2013","RJ","Não-Metálicos","Rochas (Britadas) e Cascalho","23570772,949999999","t",",000000000000000","-","","21940391,220000003","t","719768454,48000002","239741,20999999999","t","3513207,0099999998","527194,97999999998","t","12940957,110000001"
"2013","RJ","Não-Metálicos","Rochas Ornamentais","0","t",",000000000000000","-","","0","t","0","0","t","0","0","t","0"
"2013","RN","Metálicos","Columbita-Tantalita","3,1400000000000001","t","3,140000000000000","t","Ta2O5","3,1400000000000001","t","122460","0","t","0","0","t","0"
"2013","RN","Metálicos","Ouro","23,44746","kg","23,447460000000000","kg","Au","23","kg","2174000","0","kg","0","0","kg","0"
"2013","RN","Metálicos","Tungstênio","675,6400000000001","t","492,660000000000000","t","WO3","657,29999999999995","t","30016236,920000002","0","t","0","0","t","0"
"2013","RN","Não-Metálicos","Argilas","11059,799999999999","t",",000000000000000","-","","0","t","0","11059,799999999999","t","7741,8699999999999","0","t","0"
"2013","RN","Não-Metálicos","Calcário","1170605,3","t",",000000000000000","-","","1154728,99","t","12168280,83","15876,309999999999","t","446600,59999999998","0","t","0"
"2013","RN","Não-Metálicos","Caulim","14456,200000000001","t",",000000000000000","-","","14456,200000000001","t","4736527,0899999999","0","t","0","0","t","0"
"2013","RN","Não-Metálicos","Feldspato, Leucita e Nefelina-Sienito","16768","t",",000000000000000","-","","16625","t","2042300","0","t","0","0","t","0"
"2013","RN","Não-Metálicos","Rochas (Britadas) e Cascalho","1691966,01","t",",000000000000000","-","","1195335,3999999997","t","40345639,70000001","10687,879999999999","t","173143,64999999999","49575,550000000003","t","0"
"2013","RN","Não-Metálicos","Rochas Ornamentais","54,600000000000001","t",",000000000000000","-","","0","t","0","0","t","0","0","t","0"
"2013","RO","Gemas e Diamantes","Gemas","4399,5799999999999","kg","4399,580000000000000","kg","","4399,5799999999999","kg","891692,37","0","kg","0","0","kg","0"
"2013","RO","Metálicos","Columbita-Tantalita","6342,4499999999989","t","328,469000000000000","t","Nb2O5","6342,7999999999975","t","31361595,710000005","0","t","0","0","t","0"
"2013","RO","Metálicos","Columbita-Tantalita","4992,7600000000002","t","198,210000000000000","t","Ta2O5","4992,7600000000002","t","23165758,960000001","0","t","0","0","t","0"
"2013","RO","Metálicos","Estanho","10212748,190000001","kg","6428165,250000000000000","kg","Sn","9519755,0899999999","kg","219853294,89000002","0","kg","0","887879,08000000007","kg","21698100"
"2013","RO","Metálicos","Manganês","33158,059999999998","t","10177,250000000000000","t","Mn","27916,91","t","4024478","0","t","0","3604,5","t","540675"
"2013","RO","Metálicos","Ouro","632,65457000000015","kg","632,134520000000000","kg","Au","632,65457000000015","kg","55677139,830000006","0","kg","0","0","kg","0"
"2013","RO","Não-Metálicos","Areia","32502,209999999999","t",",000000000000000","-","","32370,009999999998","t","771668,23999999999","0","t","0","0","t","0"
"2013","RO","Não-Metálicos","Calcário","16486,619999999999","t",",000000000000000","-","","16053,25","t","642130","0","t","0","0","t","0"
"2013","RO","Não-Metálicos","Rochas (Britadas) e Cascalho","1007907,0800000002","t",",000000000000000","-","","878755,25","t","48222566,68","113410,39999999999","t","1317024","0","t","0"
"2013","RR","Não-Metálicos","Rochas (Britadas) e Cascalho","218474","t",",000000000000000","-","","199353","t","7914243,0199999996","0","t","0","0","t","0"
"2013","RS","Energéticos","Carvão Mineral","4502790,9500000002","t",",000000000000000","-","","5012847,9400000004","t","365410611,65999997","0","t","0","0","t","0"
"2013","RS","Não-Metálicos","Areias Industriais","66059,240000000005","t",",000000000000000","-","","66059,240000000005","t","3782317,9399999999","0","t","0","0","t","0"
"2013","RS","Não-Metálicos","Argilas","26909,889999999999","t",",000000000000000","-","","26909,889999999999","t","1198804,1699999999","0","t","0","0","t","0"
"2013","RS","Não-Metálicos","Calcário","4584893,8799999999","t",",000000000000000","-","","2649073,5699999998","t","122829533,56999998","0","t","0","1931479,7600000002","t","27587791,18"
"2013","RS","Não-Metálicos","Caulim","22167,990000000002","t",",000000000000000","-","","22167,990000000002","t","3978697,1699999999","0","t","0","0","t","0"
"2013","RS","Não-Metálicos","Rochas (Britadas) e Cascalho","20470446,079999998","t",",000000000000000","-","","16525224,789999999","t","325769804,09999979","1719904,78","t","13930742,770000001","1945200,3300000003","t","15864292,769999996"
"2013","SC","Energéticos","Carvão Mineral","2975701,2599999998","t",",000000000000000","-","","3132774,48","t","651326370,16999996","0","t","0","0","t","0"
"2013","SC","Energéticos","Turfa","72594,839999999997","t",",000000000000000","-","","42332,18","t","2593381,2400000002","74492,389999999999","t","1243204,4199999999","12771,440000000001","t","2217728,6699999999"
"2013","SC","Não-Metálicos","Areia","157435","t",",000000000000000","-","","156436,97","t","2951090,2399999998","0","t","0","0","t","0"
"2013","SC","Não-Metálicos","Areias Industriais","1277949,6099999999","t",",000000000000000","-","","1277723,2","t","58792822","0","t","0","0","t","0"
"2013","SC","Não-Metálicos","Argilas","69503,399999999994","t",",000000000000000","-","","52812","t","3890080","0","t","0","15551,700000000001","t","228872,92000000001"
"2013","SC","Não-Metálicos","Calcário","2443147,9900000002","t",",000000000000000","-","","773980,90000000002","t","25832629,780000001","0","t","0","1667115,0900000001","t","17971500,670000002"
"2013","SC","Não-Metálicos","Feldspato, Leucita e Nefelina-Sienito","140275,26999999999","t",",000000000000000","-","","140289,31","t","17337059,98","0","t","0","0","t","0"
"2013","SC","Não-Metálicos","Rochas (Britadas) e Cascalho","16721126,520000001","t",",000000000000000","-","","15021382,110000001","t","320915387,25","329614,57000000001","t","5436355,7100000009","888448,39000000001","t","11647005,59"
"2013","SC","Não-Metálicos","Saibro","288809","t",",000000000000000","-","","283758,29999999999","t","3830664,6799999997","0","t","0","0","t","0"
"2013","SE","Não-Metálicos","Argilas","203030,60999999999","t",",000000000000000","-","","46526,699999999997","t","2775761,3500000001","0","t","0","152930,09","t","1586539,6200000001"
"2013","SE","Não-Metálicos","Calcário","5104698,79","t",",000000000000000","-","","222385,14000000001","t","1180008,1899999999","0","t","0","4718471,7400000002","t","33801119,210000001"
"2013","SE","Não-Metálicos","Potássio","492150,90000000002","t","492150,900000000000000","t","K2O","523577,52000000002","t","473044619,81","0","t","0","0","t","0"
"2013","SE","Não-Metálicos","Rochas (Britadas) e Cascalho","762003,32999999984","t",",000000000000000","-","","762003,32999999984","t","15441371,369999999","0","t","0","0","t","0"
"2013","SP","Metálicos","Alumínio (Bauxita)","31282,119999999999","t","16179,280000000000000","t","Al2O3","31282,119999999999","t","12884755,939999999","0","t","0","0","t","0"
"2013","SP","Metálicos","Ferro","395996,53000000003","t","278108,330000000000000","t","Fe","175652,54999999999","t","2356768,1600000001","0","t","0","0","t","0"
"2013","SP","Não-Metálicos","Areia","12218008,350000003","t",",000000000000000","-","","12066548,540000001","t","262238188,77000004","0","t","0","0","t","0"
"2013","SP","Não-Metálicos","Areias Industriais","5212048,6100000003","t",",000000000000000","-","","4690640,6000000006","t","190439235,41000009","0","t","0","510716","t","12045812,789999999"
"2013","SP","Não-Metálicos","Argilas","1498534,9700000002","t",",000000000000000","-","","912894,06999999995","t","21455281,529999997","0","t","0","588923,82000000007","t","7742235,5800000001"
"2013","SP","Não-Metálicos","Calcário","13985888,960000005","t",",000000000000000","-","","5084664,9300000016","t","210780745,71000004","3063710,2399999998","t","45391819,619999997","5843348,0700000003","t","159455276,44999999"
"2013","SP","Não-Metálicos","Calcário","3767142,4100000001","t","3767142,410000000000000","t","","1916428,3500000001","t","29393939,93","0","t","0","0","t","0"
"2013","SP","Não-Metálicos","Caulim","93049,330000000002","t",",000000000000000","-","","90423,169999999998","t","26133908,25","0","t","0","2250,9299999999998","t","450240"
"2013","SP","Não-Metálicos","Dolomito e Magnesita","203574,29999999999","t",",000000000000000","-","","203574,29999999999","t","247289,13999999998","0","t","0","0","t","0"
"2013","SP","Não-Metálicos","Feldspato, Leucita e Nefelina-Sienito","24046,48","t",",000000000000000","-","","23998,48","t","3705503,2199999997","0","t","0","0","t","0"
"2013","SP","Não-Metálicos","Fosfato","711182,93999999994","t","226047,760000000000000","t","P2O5","70833,690000000002","t","4519587,0300000003","0","t","0","601088,93000000005","t","164058649,66999999"
"2013","SP","Não-Metálicos","Rochas (Britadas) e Cascalho","87459303,680000037","t",",000000000000000","-","","80666892,579999983","t","2141134108,9499993","1625085,6299999999","t","18170247,109999999","1812304,1899999997","t","27899519,619999997"
"2013","SP","Não-Metálicos","Rochas Ornamentais","5081,2299999999996","t",",000000000000000","-","","4875,4499999999998","t","5826631,2300000004","0","t","0","0","t","0"
"2013","SP","Não-Metálicos","Talco e outras Cargas Minerais","867043,24999999988","t",",000000000000000","-","","868691,97999999998","t","34471815,489999995","487,56999999999999","t","487,56999999999999","0","t","0"
"2013","TO","Metálicos","Ferro","242134,32000000001","t","145280,000000000000000","t","Fe","242134,32000000001","t","14887773,289999999","0","t","0","0","t","0"
"2013","TO","Metálicos","Ouro","29,980739999999997","kg","28,637740000000000","kg","Au","29,980739999999997","kg","2701286,1099999999","0","kg","0","0","kg","0"
"2013","TO","Não-Metálicos","Areia","88940","t",",000000000000000","-","","88940","t","1752240","0","t","0","0","t","0"
"2013","TO","Não-Metálicos","Calcário","3782256,4500000002","t",",000000000000000","-","","2737874,3700000001","t","98970863,299999997","0","t","0","1060215,5700000001","t","8888026,8399999999"
"2013","TO","Não-Metálicos","Fosfato","61924,160000000003","t","17338,760000000000000","t","P2O5","21145,720000000001","t","9685446,2599999998","0","t","0","27185,139999999999","t","5,9999999999999998E-2"
"2013","TO","Não-Metálicos","Minerais Industriais (Outros)","79800","t",",000000000000000","-","","79800","t","2632900","0","t","0","0","t","0"
"2013","TO","Não-Metálicos","Rochas (Britadas) e Cascalho","488364,53000000003","t",",000000000000000","-","","492641,78000000003","t","18466257,690000001","0","t","0","0","t","0"
"2014","AL","Não-Metálicos","Areia","0","t",",000000000000000","-","","0","t","0","0","t","0","0","t","0"
"2014","AL","Não-Metálicos","Argilas","68657","t",",000000000000000","-","","0","t","0","0","t","0","68657","t","294383,69"
"2014","AL","Não-Metálicos","Calcário","982794,47999999998","t",",000000000000000","-","","75291,440000000002","t","9563998,0099999998","0","t","0","903559","t","10393966,5"
"2014","AL","Não-Metálicos","Rochas (Britadas) e Cascalho","1562841,3999999999","t",",000000000000000","-","","1490728,51","t","49594959,340000004","45384,43","t","1398657,54","0","t","0"
"2014","AM","Metálicos","Columbita-Tantalita","15436,219999999999","t","2546,500000000000000","t","Nb2O5","0","t","0","0","t","0","15436,219999999999","t","42176268,439999998"
"2014","AM","Metálicos","Columbita-Tantalita","15436,219999999999","t","2546,500000000000000","t","Ta2O5","0","t","0","0","t","0","15436,219999999999","t","42176268,439999998"
"2014","AM","Metálicos","Estanho","19477499","kg","13000000,000000000000000","kg","Sn","0","kg","0","0","kg","0","19467499","kg","286550398,13"
"2014","AM","Metálicos","Ouro","425,25719000000004","kg","425,257190000000000","kg","Au","425,23319000000004","kg","38019010,360000007","0","kg","0","0","kg","0"
"2014","AM","Não-Metálicos","Rochas (Britadas) e Cascalho","796086,91999999993","t",",000000000000000","-","","576082,41999999993","t","44616654,600000001","0","t","0","10175","t","508750"
"2014","AP","Metálicos","Cromo","209251","t","46725,740000000000000","t","Cr2O3","0","t","0","0","t","0","209251","t","58407175"
"2014","AP","Metálicos","Ferro","1995384,6699999999","t","1236150,190000000000000","t","Fe","2646251,25","t","502708777,73000002","0","t","0","60000","t","60000"
"2014","AP","Metálicos","Ouro","4913,2227299999995","kg","4906,529690000000000","kg","Au","4786,4159100000006","kg","458276458,66999996","0","kg","0","0","kg","0"
"2014","AP","Não-Metálicos","Rochas (Britadas) e Cascalho","599270,55000000005","t",",000000000000000","-","","577624,42999999993","t","27708878,390000001","0","t","0","0","t","0"
"2014","BA","Gemas e Diamantes","Diamante","13470","ct","13470,000000000000000","ct","","0","ct","0","0","ct","0","0","ct","0"
"2014","BA","Gemas e Diamantes","Gemas","22993,93","kg","22993,930000000000000","kg","","22993,93","kg","9750587,9700000007","0","kg","0","0","kg","0"
"2014","BA","Metálicos","Cobre","94238,259999999995","t","26402,070000000000000","t","Cu","95023,590000000011","t","456357754,92000002","0","t","0","0","t","0"
"2014","BA","Metálicos","Cromo","507423,87","t","197897,360000000000000","t","Cr2O3","43215,659999999996","t","28065942,700000003","25736","t","8681783,6600000001","504729,68000000005","t","197537862,81"
"2014","BA","Metálicos","Ferro","421942,06","t","275185,730000000000000","t","Fe","357471,46000000002","t","39694619,410000004","0","t","0","0","t","0"
"2014","BA","Metálicos","Manganês","2300","t","759,000000000000000","t","Mn","2434,3000000000002","t","328618,34999999998","0","t","0","0","t","0"
"2014","BA","Metálicos","Níquel","86684","t","12047,800000000000000","t"," Ni","90205,479999999996","t","344000728,64999998","0","t","0","0","t","0"
"2014","BA","Metálicos","Ouro","5184,9590200000002","kg","5184,959020000000000","kg","Au","5139,5714399999997","kg","464669615,61000001","0","kg","0","0","kg","0"
"2014","BA","Metálicos","Vanádio","90256","t","2914,000000000000000","t","V","0","t","0","0","t","0","90256","t","39053722,219999999"
"2014","BA","Não-Metálicos","Areias Industriais","138209,78","t",",000000000000000","-","","0","t","0","0","t","0","131249,32000000001","t","10793994,85"
"2014","BA","Não-Metálicos","Argilas","440237,45000000001","t",",000000000000000","-","","384541,58000000007","t","65326110,240000002","36850","t","287290","10432,799999999999","t","41731"
"2014","BA","Não-Metálicos","Calcário","2092802,0699999998","t",",000000000000000","-","","663339,56999999995","t","28353558,859999999","31195,829999999998","t","1400003,1800000002","1305325,6499999999","t","19144212,25"
"2014","BA","Não-Metálicos","Caulim","6285,5600000000004","t",",000000000000000","-","","6286,5600000000004","t","3173862,9500000002","0","t","0","0","t","0"
"2014","BA","Não-Metálicos","Diatomita","2821,8699999999999","t",",000000000000000","-","","2726,9899999999998","t","8602979,5899999999","0","t","0","0","t","0"
"2014","BA","Não-Metálicos","Dolomito e Magnesita","1422920,6899999999","t",",000000000000000","-","","199813,39999999999","t","207429349,67000002","184809,04000000001","t","4375275,04","1055055","t","137839555,32999998"
"2014","BA","Não-Metálicos","Fosfato","192100,12","t","62134,350000000000000","t","P2O5","25673,5","t","9749651,1500000004","0","t","0","181138,57000000001","t","21342779,399999999"
"2014","BA","Não-Metálicos","Gipsita","0","t",",000000000000000","-","","0","t","0","0","t","0","0","t","0"
"2014","BA","Não-Metálicos","Grafita","14125","t","12833,540000000000000","t","","14602","t","28198183,550000001","0","t","0","0","t","0"
"2014","BA","Não-Metálicos","Rochas (Britadas) e Cascalho","10661983,800000001","t",",000000000000000","-","","10048506,08","t","365903942,4199999","137501,16","t","6486128,790000001","278587,87","t","2903462,0999999996"
"2014","BA","Não-Metálicos","Rochas Ornamentais","4404,8699999999999","t",",000000000000000","-","","4396,1700000000001","t","2548634,7600000002","0","t","0","0","t","0"
"2014","BA","Não-Metálicos","Talco e outras Cargas Minerais","113836,59","t",",000000000000000","-","","65969,239999999991","t","95994956,650000006","0","t","0","327","t","248077,82999999999"
"2014","BA","Não-Metálicos","Vermiculita e Perlita","700,74000000000001","t","595,620000000000000","t","","105","t","12585","0","t","0","0","t","0"
"2014","CE","Metálicos","Ferro","295249","t","183054,380000000000000","t","Fe","245859,67000000001","t","36745991,939999998","0","t","0","0","t","0"
"2014","CE","Não-Metálicos","Areias Industriais","181689,09","t",",000000000000000","-","","0","t","0","0","t","0","181689,09","t","3876565,6899999999"
"2014","CE","Não-Metálicos","Argilas","68208","t",",000000000000000","-","","0","t","0","0","t","0","68208","t","2674249,1299999999"
"2014","CE","Não-Metálicos","Calcário","2236764,2800000003","t",",000000000000000","-","","108924,84999999999","t","10819365,720000001","18404,239999999998","t","516041,83999999997","2109435,1899999999","t","41300988,409999996"
"2014","CE","Não-Metálicos","Dolomito e Magnesita","8951","t",",000000000000000","-","","0","t","0","6725","t","1665608,97","1219","t","507681"
"2014","CE","Não-Metálicos","Gipsita","6954","t",",000000000000000","-","","0","t","0","0","t","0","6954","t","528583,30000000005"
"2014","CE","Não-Metálicos","Rochas (Britadas) e Cascalho","6123138,1700000009","t",",000000000000000","-","","5531222,4199999999","t","161993790,00999999","91170","t","1755022,1400000001","0","t","0"
"2014","CE","Não-Metálicos","Rochas Ornamentais","0","t",",000000000000000","-","","0","t","0","0","t","0","0","t","0"
"2014","DF","Não-Metálicos","Areia","0","t",",000000000000000","-","","0","t","0","0","t","0","0","t","0"
"2014","DF","Não-Metálicos","Argilas","327351,62","t",",000000000000000","-","","0","t","0","0","t","0","327351,62","t","6757885,0199999996"
"2014","DF","Não-Metálicos","Calcário","4367079,1699999999","t",",000000000000000","-","","0","t","0","0","t","0","4367079,1699999999","t","38220470,520000003"
"2014","DF","Não-Metálicos","Rochas (Britadas) e Cascalho","3807181,71","t",",000000000000000","-","","3583023,8300000001","t","62844463,309999995","0","t","0","223157,88","t","3316583,7000000002"
"2014","ES","Não-Metálicos","Argilas","0","t",",000000000000000","-","","0","t","0","0","t","0","0","t","0"
"2014","ES","Não-Metálicos","Calcário","369576,41000000003","t",",000000000000000","-","","233079,52000000002","t","17953289,920000002","0","t","0","138323,28","t","2541159,7400000002"
"2014","ES","Não-Metálicos","Rochas (Britadas) e Cascalho","8161317,709999999","t",",000000000000000","-","","7172394,3500000024","t","160967945,74999997","0","t","0","0","t","0"
"2014","ES","Não-Metálicos","Rochas Ornamentais","158404,02000000002","t",",000000000000000","-","","130526,11000000002","t","205150381,30000004","0","t","0","0","t","0"
"2014","GO","Metálicos","Alumínio (Bauxita)","476371,84999999998","t","275831,210000000000000","t","Al2O3","455586,83000000002","t","23185928,77","0","t","0","0","t","0"
"2014","GO","Metálicos","Cobalto","0","t",",000000000000000","t","Co","0","t","0","0","t","0","0","t","0"
"2014","GO","Metálicos","Cobre","245779,29000000001","t","60599,000000000000000","t","Cu","239838,73999999999","t","1131082769,4100001","0","t","0","0","t","0"
"2014","GO","Metálicos","Ferro","23244,560000000001","t","14399,230000000000000","t","Fe","23244,560000000001","t","2165761,6400000001","0","t","0","0","t","0"
"2014","GO","Metálicos","Manganês","7105,5900000000001","t","1989,570000000000000","t","Mn","7105,5900000000001","t","561282,87","0","t","0","0","t","0"
"2014","GO","Metálicos","Nióbio","20522,2844","t","9882,296200000000000","t","Nb2O5","0","t","0","0","t","0","14504,7634","t","408689481,52999997"
"2014","GO","Metálicos","Níquel","144898,20000000001","t","48149,050000000000000","t"," Ni","113720,74000000002","t","1505700032,49","0","t","0","31177,469999999998","t","105688484,51000001"
"2014","GO","Metálicos","Ouro","5040,1035900000006","kg","5040,103590000000000","kg","Au","5076,0116699999999","kg","471701414,40999997","0","kg","0","0","kg","0"
"2014","GO","Metálicos","Prata","233,33600000000001","kg","233,336000000000000","kg","Ag","246,26500000000001","kg","447005,53999999998","0","kg","0","0","kg","0"
"2014","GO","Metálicos","Titânio","3556,0799999999999","t","2000,000000000000000","t","TiO2","3556,0799999999999","t","341618,67999999999","0","t","0","0","t","0"
"2014","GO","Não-Metálicos","Amianto","311227,90000000002","t","311227,900000000000000","t","","275268,29999999999","t","511968318,70999998","0","t","0","0","t","0"
"2014","GO","Não-Metálicos","Areia","832376,30999999994","t",",000000000000000","-","","778137,1399999999","t","19942431,109999999","0","t","0","0","t","0"
"2014","GO","Não-Metálicos","Areias Industriais","48496,849999999999","t",",000000000000000","-","","48496,849999999999","t","485847,38","0","t","0","0","t","0"
"2014","GO","Não-Metálicos","Argilas","0","t",",000000000000000","-","","0","t","0","9174","t","51688","0","t","0"
"2014","GO","Não-Metálicos","Calcário","6378476,4199999999","t",",000000000000000","-","","4659501,3899999997","t","215597273,89999998","0","t","0","1642284,9100000001","t","12461502,970000001"
"2014","GO","Não-Metálicos","Dolomito e Magnesita","575510,8600000001","t",",000000000000000","-","","565190,14999999991","t","21242514,940000001","0","t","0","8824,7199999999993","t","135410,67999999999"
"2014","GO","Não-Metálicos","Fosfato","2426598,3700000001","t","875223,320000000000000","t","P2O5","5965,0300000000007","t","1672784,6799999999","132295,26999999999","t","10074488,17","2074629,21","t","324260772,63999999"
"2014","GO","Não-Metálicos","Rochas (Britadas) e Cascalho","10188944,380000001","t",",000000000000000","-","","8830611,3599999975","t","235505446,31","1032525,65","t","5193452,0700000003","293755,47000000003","t","10376862,920000002"
"2014","GO","Não-Metálicos","Rochas Ornamentais","13048,4","t",",000000000000000","-","","13048,4","t","440521,28999999998","0","t","0","0","t","0"
"2014","GO","Não-Metálicos","Talco e outras Cargas Minerais","550","t",",000000000000000","-","","550","t","165000","0","t","0","0","t","0"
"2014","GO","Não-Metálicos","Vermiculita e Perlita","54737,419999999998","t","52000,550000000000000","t","","52236,5","t","31523190,859999999","0","t","0","0","t","0"
"2014","MA","Metálicos","Ouro","2525,6730000000002","kg","2316,784000000000000","kg","Au","2499,8229700000002","kg","231973281,36000001","0","kg","0","0","kg","0"
"2014","MA","Não-Metálicos","Areia","18332,599999999999","t",",000000000000000","-","","18332,599999999999","t","736786","0","t","0","0","t","0"
"2014","MA","Não-Metálicos","Argilas","62008,599999999999","t",",000000000000000","-","","0","t","0","62008,599999999999","t","8279682,8300000001","0","t","0"
"2014","MA","Não-Metálicos","Calcário","190733,54000000001","t",",000000000000000","-","","190733,54000000001","t","9818715,8900000006","0","t","0","0","t","0"
"2014","MA","Não-Metálicos","Rochas (Britadas) e Cascalho","3951768,5100000002","t",",000000000000000","-","","3684605,5","t","127585313,37","156006,32000000001","t","3997682,4900000002","0","t","0"
"2014","MG","Gemas e Diamantes","Diamante","7337,0299999999997","ct","7337,030000000000000","ct","","4004,0500000000002","ct","24124865,730000004","0","ct","0","0","ct","0"
"2014","MG","Gemas e Diamantes","Gemas","832,19214999999997","kg","832,192150000000000","kg","","713,57997","kg","14041421,539999999","0","kg","0","0","kg","0"
"2014","MG","Metálicos","Alumínio (Bauxita)","1387979,2099999997","t","619095,710000000000000","t","Al2O3","63912,790000000001","t","4057876,7199999997","0","t","0","1308044,05","t","83639110,609999999"
"2014","MG","Metálicos","Chumbo","20001,970000000001","t","10978,020000000000000","t","Pb","19831,720000000001","t","33601956,230000004","0","t","0","0","t","0"
"2014","MG","Metálicos","Columbita-Tantalita","719,71000000000004","t","118,373400000000000","t","Ta2O5","424,94999999999999","t","97486696,980000004","0","t","0","0","t","0"
"2014","MG","Metálicos","Estanho","597751","kg","356936,000000000000000","kg","Sn","597751","kg","11016796,210000001","0","kg","0","0","kg","0"
"2014","MG","Metálicos","Ferro","288407046,58999985","t","181814760,150000000000000","t","Fe","201547473,91000012","t","30584231134,179989","0","t","0","76168014,109999985","t","4543074574,1300001"
"2014","MG","Metálicos","Lítio","8519","t","451,510000000000000","t","Li2O","387","t","411380","0","t","0","7317,46","t","7945877,1299999999"
"2014","MG","Metálicos","Manganês","546527,12","t","95513,680000000000000","t","Mn","513148,00000000006","t","48527909,939999998","0","t","0","54594,300000000003","t","10429294,91"
"2014","MG","Metálicos","Nióbio","145990","t","78674,000000000000000","t","Nb2O5","0","t","0","0","t","0","145990","t","234783529,5"
"2014","MG","Metálicos","Níquel","0","t",",000000000000000","t"," Ni","0","t","0","0","t","0","0","t","0"
"2014","MG","Metálicos","Ouro","33033,671940000007","kg","33032,195450000000000","kg","Au","32772,634640000004","kg","3092900625,4799995","0","kg","0","0","kg","0"
"2014","MG","Metálicos","Prata","5254,027","kg","5231,288060000000000","kg","Ag","5273,3191100000004","kg","8418026,629999999","0","kg","0","0","kg","0"
"2014","MG","Metálicos","Zinco","414989,35999999999","t","169765,660000000000000","t","Zn","78997,589999999997","t","103170327,36000001","0","t","0","332612,46000000002","t","71371981,670000002"
"2014","MG","Não-Metálicos","Areia","850820,56000000006","t",",000000000000000","-","","847423,94999999995","t","25243190,02","0","t","0","0","t","0"
"2014","MG","Não-Metálicos","Areias Industriais","795424,15999999992","t",",000000000000000","-","","349020,06999999995","t","30063298,910000004","0","t","0","398008,16999999998","t","7513149,1300000008"
"2014","MG","Não-Metálicos","Argilas","1665341,0700000001","t",",000000000000000","-","","601813,92999999993","t","6555194,7500000009","290462,02000000002","t","1081851,8999999999","789386,52000000002","t","30613924,919999998"
"2014","MG","Não-Metálicos","Calcário","46206639,280000001","t",",000000000000000","-","","19059895,25","t","454491455,60000002","3157762,2799999998","t","22163912,460000001","21829871,719999999","t","213901202,11999997"
"2014","MG","Não-Metálicos","Caulim","610","t",",000000000000000","-","","499","t","72355","0","t","0","0","t","0"
"2014","MG","Não-Metálicos","Cianita e outros minerais refratários","270","t",",000000000000000","-","","0","t","0","0","t","0","214,84","t","249057,85999999999"
"2014","MG","Não-Metálicos","Enxofre","192214,14000000001","t","61508,520000000000000","t","S","198994,10000000001","t","43754007,009999998","0","t","0","0","t","0"
"2014","MG","Não-Metálicos","Feldspato, Leucita e Nefelina-Sienito","143938","t",",000000000000000","-","","150198,09","t","20954742,059999999","0","t","0","0","t","0"
"2014","MG","Não-Metálicos","Fosfato","3148822,3300000001","t","1077872,580000000000000","t","P2O5","42503,919999999998","t","4687601,3399999999","573716,79000000004","t","227055196,05000001","2498198,96","t","581059848,28999996"
"2014","MG","Não-Metálicos","Grafita","62502,82","t","58372,080000000000000","t","","64754,340000000004","t","174330487,22","0","t","0","0","t","0"
"2014","MG","Não-Metálicos","Rochas (Britadas) e Cascalho","19611294,380000003","t",",000000000000000","-","","18951512,590000004","t","546916083,70999992","102225,42","t","2174117,8500000001","152977,70999999999","t","5279916,0300000003"
"2014","MG","Não-Metálicos","Rochas Ornamentais","1110,9000000000001","t",",000000000000000","-","","1083,71","t","852396,65999999992","0","t","0","0","t","0"
"2014","MG","Não-Metálicos","Rochas Ornamentais - Outras","0","t",",000000000000000","-","","0","t","0","0","t","0","0","t","0"
"2014","MG","Não-Metálicos","Talco e outras Cargas Minerais","552879,40000000002","t",",000000000000000","-","","491402,53000000003","t","32296958,100000001","0","t","0","0","t","0"
"2014","MS","Metálicos","Ferro","7499431,0700000003","t","4761321,660000000000000","t","Fe","8014611,3399999999","t","1266170626,8399999","0","t","0","0","t","0"
"2014","MS","Metálicos","Manganês","600589","t","252240,070000000000000","t","Mn","604770,75","t","182659555,03999999","0","t","0","0","t","0"
"2014","MS","Não-Metálicos","Areia","305647,53000000003","t",",000000000000000","-","","301900,57000000001","t","4706453,0899999999","0","t","0","0","t","0"
"2014","MS","Não-Metálicos","Argilas","328774,49000000005","t",",000000000000000","-","","22827,93","t","2327284,5","279036,85999999999","t","5548805,4300000006","19910,200000000001","t","7693,8699999999999"
"2014","MS","Não-Metálicos","Calcário","3684239,4299999997","t",",000000000000000","-","","2637020,5800000001","t","98959542,75999999","0","t","0","1080695,5700000001","t","15159354,539999999"
"2014","MS","Não-Metálicos","Rochas (Britadas) e Cascalho","4629171,5","t",",000000000000000","-","","3925487,2699999996","t","105935094,80000001","238175,20000000001","t","1709375,29","115941,57000000001","t","1821677,6799999999"
"2014","MS","Não-Metálicos","Talco e outras Cargas Minerais","285313,12","t",",000000000000000","-","","0","t","0","0","t","0","285313,12","t","2061447,0800000001"
"2014","MT","Gemas e Diamantes","Diamante","49658,229999999996","ct","49658,230000000000000","ct","","49923,779999999999","ct","3677770,6799999997","0","ct","0","0","ct","0"
"2014","MT","Metálicos","Ouro","7319,3934100000006","kg","7312,451860000000000","kg","Au","7442,9579999999996","kg","697201143,70999968","0","kg","0","11,9049","kg","1028915,85"
"2014","MT","Não-Metálicos","Areia","87111,819999999992","t",",000000000000000","-","","86100,819999999992","t","2072654,3500000001","0","t","0","0","t","0"
"2014","MT","Não-Metálicos","Argilas","278683,23999999999","t",",000000000000000","-","","162430,28","t","28091281,309999999","98849,960000000006","t","1776186,0499999998","0","t","0"
"2014","MT","Não-Metálicos","Calcário","9752956,9999999981","t",",000000000000000","-","","7110601,2300000014","t","300073423,65999997","2375843,8999999999","t","42396168,340000004","0","t","0"
"2014","MT","Não-Metálicos","Dolomito e Magnesita","57669,709999999999","t",",000000000000000","-","","57669,709999999999","t","3426457,29","0","t","0","0","t","0"
"2014","MT","Não-Metálicos","Rochas (Britadas) e Cascalho","4206917,1900000004","t",",000000000000000","-","","4151803,5000000005","t","102765022,00000003","2941","t","41174","0","t","0"
"2014","PA","Gemas e Diamantes","Gemas","194623","kg","194623,000000000000000","kg","","194623","kg","212083,89999999999","0","kg","0","0","kg","0"
"2014","PA","Metálicos","Alumínio (Bauxita)","32272097,18","t","16118753,490000000000000","t","Al2O3","31999749,18","t","2252944385,8899999","0","t","0","0","t","0"
"2014","PA","Metálicos","Cobre","693428,53000000003","t","208673,540000000000000","t","Cu","675163,70999999996","t","3450037729,1500001","0","t","0","0","t","0"
"2014","PA","Metálicos","Estanho","3825737,27","kg","2616920,750000000000000","kg","Sn","3822121,27","kg","101989122,07999998","0","kg","0","0","kg","0"
"2014","PA","Metálicos","Ferro","120121910,59","t","77047986,000000000000000","t","Fe","113460750,12","t","17901045214,900002","0","t","0","0","t","0"
"2014","PA","Metálicos","Manganês","1841518,02","t","773437,570000000000000","t","Mn","1703389,9399999999","t","467570538,62","0","t","0","0","t","0"
"2014","PA","Metálicos","Níquel","64631","t","21392,860000000000000","t"," Ni","65074","t","776092124,49000001","0","t","0","0","t","0"
"2014","PA","Metálicos","Ouro","1639,07512","kg","1639,060200000000000","kg","Au","1605,1051099999997","kg","147825404,30000001","0","kg","0","0","kg","0"
"2014","PA","Metálicos","Prata","199,20112","kg","199,201120000000000","kg","Ag","186,64353","kg","209343,91","0","kg","0","0","kg","0"
"2014","PA","Metálicos","Tungstênio","145,53","t","94,590000000000000","t","WO3","145,53","t","5604509,3799999999","0","t","0","0","t","0"
"2014","PA","Não-Metálicos","Areia","325,62","t",",000000000000000","-","","325,62","t","24157,639999999999","325,62","t","24157,639999999999","0","t","0"
"2014","PA","Não-Metálicos","Areias Industriais","56225,580000000002","t",",000000000000000","-","","0","t","0","0","t","0","56225,580000000002","t","9129184,3299999982"
"2014","PA","Não-Metálicos","Argilas","16814,120000000003","t",",000000000000000","-","","16814,120000000003","t","578646,81000000006","0","t","0","0","t","0"
"2014","PA","Não-Metálicos","Calcário","301152,06","t",",000000000000000","-","","275474,34999999998","t","6520142,6599999992","0","t","0","0","t","0"
"2014","PA","Não-Metálicos","Caulim","1707867,5600000001","t",",000000000000000","-","","1679502,6199999999","t","499260384,65000004","0","t","0","0","t","0"
"2014","PA","Não-Metálicos","Rochas (Britadas) e Cascalho","1793290,1500000001","t",",000000000000000","-","","1580484,1600000001","t","76490508,569999993","0","t","0","80055,949999999997","t","1522163,4100000001"
"2014","PB","Metálicos","Columbita-Tantalita","14,549999999999994","t","1,755000000000000","t","Ta2O5","14,549999999999994","t","83760,610000000001","0","t","0","0","t","0"
"2014","PB","Metálicos","Titânio","129945,39999999999","t","72066,480000000000000","t","TiO2","128603,91","t","61591161,920000002","0","t","0","0","t","0"
"2014","PB","Metálicos","Zircônio","22597","t","14689,860000000000000","t","ZrSiO4","27203,5","t","81290470,390000001","0","t","0","0","t","0"
"2014","PB","Não-Metálicos","Areias Industriais","191809,69","t",",000000000000000","-","","24060,240000000002","t","216610,89999999999","0","t","0","167749,45000000001","t","3568099,0199999996"
"2014","PB","Não-Metálicos","Argilas","409161,84999999998","t",",000000000000000","-","","303877,27000000002","t","108211304,8","0","t","0","109318,03","t","302698,29999999999"
"2014","PB","Não-Metálicos","Calcário","2688145,2000000002","t",",000000000000000","-","","22944","t","2716187,48","0","t","0","2665192,2000000002","t","26926017,010000002"
"2014","PB","Não-Metálicos","Cianita e outros minerais refratários","479,29000000000002","t",",000000000000000","-","","1040,7","t","821882,94999999995","0","t","0","0","t","0"
"2014","PB","Não-Metálicos","Feldspato, Leucita e Nefelina-Sienito","139703,16","t",",000000000000000","-","","139703,16","t","4983209,4100000001","0","t","0","0","t","0"
"2014","PB","Não-Metálicos","Rochas (Britadas) e Cascalho","866293,28000000003","t",",000000000000000","-","","863993,78000000003","t","22844268,529999997","0","t","0","0","t","0"
"2014","PB","Não-Metálicos","Rochas Ornamentais","10537,519999999999","t",",000000000000000","-","","8993,5199999999986","t","17266442,939999998","1256","t","1019369,37","0","t","0"
"2014","PE","Não-Metálicos","Areias Industriais","150399,61000000002","t",",000000000000000","-","","15900","t","168240","0","t","0","134009,67999999999","t","1726421,97"
"2014","PE","Não-Metálicos","Argilas","478918,09999999998","t",",000000000000000","-","","10777,4","t","988548,31000000006","21143,66","t","400231,82000000001","446994,44","t","2314387,5800000001"
"2014","PE","Não-Metálicos","Calcário","368304,98999999999","t",",000000000000000","-","","52953,5","t","14636670,120000001","312360,66999999998","t","9264617,4700000007","2990,8099999999999","t","61888,919999999998"
"2014","PE","Não-Metálicos","Dolomito e Magnesita","317,88","t",",000000000000000","-","","317,88","t","46085,440000000002","0","t","0","0","t","0"
"2014","PE","Não-Metálicos","Gipsita","975344,05999999994","t",",000000000000000","-","","623179,98999999999","t","17785843,280000001","0","t","0","299362,34999999998","t","13719563,530000001"
"2014","PE","Não-Metálicos","Rochas (Britadas) e Cascalho","9239912,0800000001","t",",000000000000000","-","","8698554,9700000007","t","213951926,48999992","1360,9100000000001","t","23775,040000000001","0","t","0"
"2014","PE","Não-Metálicos","Rochas Ornamentais","0","t",",000000000000000","-","","0","t","0","0","t","0","0","t","0"
"2014","PE","Não-Metálicos","Vermiculita e Perlita","3976,7199999999998","t","3238,620000000000000","t","","1587","t","2211810,3999999999","0","t","0","0","t","0"
"2014","PI","Não-Metálicos","Argilas","61297,190000000002","t",",000000000000000","-","","19049,700000000001","t","1528168","42229,489999999998","t","613851,62","0","t","0"
"2014","PI","Não-Metálicos","Calcário","208592,67000000001","t",",000000000000000","-","","156185,60000000001","t","8266820,8799999999","52407,07","t","2161848,9299999997","0","t","0"
"2014","PI","Não-Metálicos","Dolomito e Magnesita","255480,06","t",",000000000000000","-","","163811,03","t","8997984,9199999999","4669,0299999999997","t","200362,76999999999","0","t","0"
"2014","PI","Não-Metálicos","Rochas (Britadas) e Cascalho","985787,41999999993","t",",000000000000000","-","","845070,35999999987","t","31633486,189999998","31452,57","t","847415,01000000001","0","t","0"
"2014","PI","Não-Metálicos","Rochas Ornamentais","2370","t",",000000000000000","-","","2359,4099999999999","t","1757255,1299999999","0","t","0","0","t","0"
"2014","PR","Energéticos","Carvão Mineral","108337,23999999999","t",",000000000000000","-","","108337,23999999999","t","31461953,419999998","0","t","0","0","t","0"
"2014","PR","Metálicos","Ouro","362,71269000000001","kg","362,676420000000000","kg","Au","363","kg","34295298,700000003","0","kg","0","0","kg","0"
"2014","PR","Metálicos","Prata","73,069140000000004","kg","73,067830000000000","kg","Ag","192,32565","kg","315414,07000000001","0","kg","0","0","kg","0"
"2014","PR","Não-Metálicos","Areia","2309238,3300000001","t",",000000000000000","-","","2302269,0300000003","t","30182360,659999996","0","t","0","0","t","0"
"2014","PR","Não-Metálicos","Areias Industriais","31547,050000000003","t",",000000000000000","-","","8544,4699999999993","t","200838,39999999999","0","t","0","23002,580000000002","t","380812,70000000001"
"2014","PR","Não-Metálicos","Argilas","737881,16000000003","t",",000000000000000","-","","20685,690000000002","t","2808661,23","42077,120000000003","t","34990,510000000002","671804,04000000004","t","2183942,1299999999"
"2014","PR","Não-Metálicos","Calcário","12884403,539999997","t",",000000000000000","-","","3140566,7199999997","t","87530347,479999989","115953,43000000001","t","847837,02000000002","9555604,7500000019","t","95757432,289999992"
"2014","PR","Não-Metálicos","Caulim","56","t",",000000000000000","-","","0","t","0","0","t","0","56","t","1250"
"2014","PR","Não-Metálicos","Dolomito e Magnesita","423946,67999999999","t",",000000000000000","-","","419255,73999999999","t","5835619,6699999999","0","t","0","5738,5900000000001","t","0,12"
"2014","PR","Não-Metálicos","Feldspato, Leucita e Nefelina-Sienito","204299,53999999998","t",",000000000000000","-","","0","t","0","0","t","0","201424,20000000001","t","8285240,2199999997"
"2014","PR","Não-Metálicos","Fluorita e Criolita","18194,32","t","14944,940000000000000","t","","17604,32","t","13840979,25","0","t","0","0","t","0"
"2014","PR","Não-Metálicos","Rochas (Britadas) e Cascalho","15965900,299999999","t",",000000000000000","-","","14580473,579999996","t","314787388,35000008","635805,75","t","8088252,6400000006","333955,85999999999","t","4531537,6200000001"
"2014","PR","Não-Metálicos","Rochas Ornamentais","2212,0700000000002","t",",000000000000000","-","","1894,0700000000002","t","765600,73999999999","0","t","0","0","t","0"
"2014","PR","Não-Metálicos","Talco e outras Cargas Minerais","44946,449999999997","t",",000000000000000","-","","41587,050000000003","t","8622007,5600000005","0","t","0","8373","t","796542"
"2014","RJ","Metálicos","Monazita e Terras-Raras","0","t",",000000000000000","t","ETR","0","t","0","0","t","0","0","t","0"
"2014","RJ","Metálicos","Titânio","9046","t","9046,000000000000000","t","TiO2","9046","t","3029798,7400000002","0","t","0","0","t","0"
"2014","RJ","Metálicos","Zircônio","469","t","469,000000000000000","t","ZrSiO4","469","t","931008,28000000003","0","t","0","0","t","0"
"2014","RJ","Não-Metálicos","Areia","67654,820000000007","t",",000000000000000","-","","67654,820000000007","t","777524,43999999994","0","t","0","0","t","0"
"2014","RJ","Não-Metálicos","Areias Industriais","90654,5","t",",000000000000000","-","","96457,009999999995","t","4606240,7300000004","0","t","0","0","t","0"
"2014","RJ","Não-Metálicos","Argilas","22106,009999999998","t",",000000000000000","-","","0","t","0","0","t","0","22106,009999999998","t","175254,67999999999"
"2014","RJ","Não-Metálicos","Calcário","1856078,6100000001","t",",000000000000000","-","","200449,60999999999","t","18196397,150000002","0","t","0","1647259,6600000001","t","17252544,710000001"
"2014","RJ","Não-Metálicos","Fluorita e Criolita","5655","t","5655,000000000000000","t","","8566,7299999999996","t","5011486,8300000001","0","t","0","0","t","0"
"2014","RJ","Não-Metálicos","Rochas (Britadas) e Cascalho","28563017,899999991","t",",000000000000000","-","","27430037,909999996","t","813921996,12","712,60000000000002","t","14252","1105851,5900000001","t","0"
"2014","RN","Metálicos","Ouro","38,29081","kg","38,290810000000000","kg","Au","38,73827","kg","3635529,6699999999","0","kg","0","0","kg","0"
"2014","RN","Metálicos","Tungstênio","711,01999999999998","t","582,000000000000000","t","WO3","718,22000000000003","t","28861473,300000001","0","t","0","0","t","0"
"2014","RN","Não-Metálicos","Argilas","18084","t",",000000000000000","-","","0","t","0","18084","t","12658,809999999999","0","t","0"
"2014","RN","Não-Metálicos","Calcário","501851,10999999999","t",",000000000000000","-","","74853,509999999995","t","5643492,2199999997","426997,59999999998","t","12011442,59","0","t","0"
"2014","RN","Não-Metálicos","Caulim","0,01","t",",000000000000000","-","","0","t","0","0","t","0","0","t","0"
"2014","RN","Não-Metálicos","Feldspato, Leucita e Nefelina-Sienito","13178","t",",000000000000000","-","","13166,5","t","2876863,5499999998","0","t","0","0","t","0"
"2014","RN","Não-Metálicos","Gipsita","5306,8900000000003","t",",000000000000000","-","","0","t","0","5306,8900000000003","t","171412,54999999999","0","t","0"
"2014","RN","Não-Metálicos","Rochas (Britadas) e Cascalho","1201157,25","t",",000000000000000","-","","1061866,27","t","31897198,439999998","6705,8100000000004","t","108876,05","0","t","0"
"2014","RN","Não-Metálicos","Rochas Ornamentais","118,09999999999999","t",",000000000000000","-","","0","t","0","0","t","0","0","t","0"
"2014","RO","Gemas e Diamantes","Gemas","1558,1000000000001","kg","1558,100000000000000","kg","","1520,4200000000001","kg","472928,19","0","kg","0","0","kg","0"
"2014","RO","Metálicos","Columbita-Tantalita","4277,6500000000069","t","178,508250000000000","t","Nb2O5","4251,430000000013","t","16502607,640000001","0","t","0","0","t","0"
"2014","RO","Metálicos","Columbita-Tantalita","3982,6200000000072","t","153,396000000000000","t","Ta2O5","3982,6800000000126","t","15001031,66","0","t","0","0","t","0"
"2014","RO","Metálicos","Estanho","10251275,439999999","kg","6511603,340000000000000","kg","Sn","9535707,4399999995","kg","226232397,77000001","0","kg","0","792628","kg","20379999,989999998"
"2014","RO","Metálicos","Manganês","17236","t","5431,000000000000000","t","Mn","16480","t","2301529,4900000002","0","t","0","2745","t","411750"
"2014","RO","Metálicos","Ouro","783,78413999999998","kg","782,968450000000000","kg","Au","783,49195999999995","kg","69275239,860000014","0","kg","0","0","kg","0"
"2014","RO","Não-Metálicos","Areia","9918,7399999999998","t",",000000000000000","-","","9918,7399999999998","t","287415","0","t","0","0","t","0"
"2014","RO","Não-Metálicos","Calcário","68704,25","t",",000000000000000","-","","69159,259999999995","t","2766370,3999999999","0","t","0","0","t","0"
"2014","RO","Não-Metálicos","Rochas (Britadas) e Cascalho","1511857,96","t",",000000000000000","-","","1382230,5799999998","t","82210469,949999988","45409,980000000003","t","480811,5","0","t","0"
"2014","RR","Não-Metálicos","Rochas (Britadas) e Cascalho","187719,32000000001","t",",000000000000000","-","","186646,32000000001","t","7165177,8200000003","0","t","0","1073","t","74959,779999999999"
"2014","RS","Energéticos","Carvão Mineral","4306170,8699999992","t",",000000000000000","-","","5096996,6200000001","t","407562888,57000005","0","t","0","0","t","0"
"2014","RS","Não-Metálicos","Areia","20896","t",",000000000000000","-","","3629,0700000000002","t","82445,910000000003","0","t","0","0","t","0"
"2014","RS","Não-Metálicos","Areias Industriais","55789,790000000001","t",",000000000000000","-","","55789,790000000001","t","2331126,8300000001","0","t","0","0","t","0"
"2014","RS","Não-Metálicos","Argilas","37840,010000000002","t",",000000000000000","-","","37840,010000000002","t","1673161,97","0","t","0","0","t","0"
"2014","RS","Não-Metálicos","Calcário","5084729,370000001","t",",000000000000000","-","","3090433,0899999999","t","134537900,98999998","0","t","0","1988273,26","t","41276859,859999999"
"2014","RS","Não-Metálicos","Caulim","26307,169999999998","t",",000000000000000","-","","26307,169999999998","t","4473644,1299999999","0","t","0","0","t","0"
"2014","RS","Não-Metálicos","Rochas (Britadas) e Cascalho","20755869,409999996","t",",000000000000000","-","","16837655,969999999","t","354885859,49000013","671378,18000000005","t","8655376,3399999999","2974842,7999999998","t","26967069,43"
"2014","SC","Energéticos","Carvão Mineral","3308792,0599999996","t",",000000000000000","-","","3639906,3399999999","t","770904842,88999987","0","t","0","0","t","0"
"2014","SC","Energéticos","Turfa","65746,320000000007","t",",000000000000000","-","","32873,349999999999","t","1944918,6599999999","72120,800000000003","t","2914549,2599999998","15574,700000000001","t","950093,52000000002"
"2014","SC","Não-Metálicos","Areia","167959","t",",000000000000000","-","","168427,04999999999","t","3294714,7399999998","0","t","0","0","t","0"
"2014","SC","Não-Metálicos","Areias Industriais","1248623,2599999998","t",",000000000000000","-","","1248490,5999999999","t","65383457,04999999","0","t","0","0","t","0"
"2014","SC","Não-Metálicos","Argilas","78563,300000000003","t",",000000000000000","-","","74528","t","5514754,1799999997","0","t","0","5175","t","204656,54999999999"
"2014","SC","Não-Metálicos","Calcário","2784680,6100000003","t",",000000000000000","-","","1080009,4500000002","t","32435107,780000001","0","t","0","1698408,3100000001","t","18239095,780000001"
"2014","SC","Não-Metálicos","Feldspato, Leucita e Nefelina-Sienito","171295,16","t",",000000000000000","-","","170772,19","t","19747955,390000001","0","t","0","0","t","0"
"2014","SC","Não-Metálicos","Rochas (Britadas) e Cascalho","18110734,100000001","t",",000000000000000","-","","16264836,580000002","t","352798602,81999993","875894,56999999995","t","14478228,349999998","614922,97999999998","t","8682992,7799999993"
"2014","SC","Não-Metálicos","Rochas Ornamentais - Outras","5321","t",",000000000000000","-","","5321","t","87277,880000000005","0","t","0","0","t","0"
"2014","SC","Não-Metálicos","Saibro","334626,25","t",",000000000000000","-","","356866,35000000003","t","3569909,75","0","t","0","0","t","0"
"2014","SE","Não-Metálicos","Argilas","179059,98999999999","t",",000000000000000","-","","12630","t","631500","0","t","0","166429,98999999999","t","1592306,8600000001"
"2014","SE","Não-Metálicos","Calcário","5026110,6899999995","t",",000000000000000","-","","225871,5","t","3024553,3399999999","0","t","0","4680355,0800000001","t","41451518,140000001"
"2014","SE","Não-Metálicos","Potássio","492355,06","t","311020,690000000000000","t","K2O","474872,23999999999","t","397892498,22000003","0","t","0","0","t","0"
"2014","SE","Não-Metálicos","Rochas (Britadas) e Cascalho","732497,87","t",",000000000000000","-","","717124,66999999993","t","19424416,140000001","0","t","0","0","t","0"
"2014","SP","Energéticos","Turfa","0","t",",000000000000000","-","","0","t","0","0","t","0","0","t","0"
"2014","SP","Metálicos","Alumínio (Bauxita)","30442,450000000001","t","15744,690000000000000","t","Al2O3","30442,450000000001","t","12574960,52","0","t","0","0","t","0"
"2014","SP","Metálicos","Ferro","383562,63","t","268493,820000000000000","t","Fe","157921,01999999999","t","2260595,1699999999","0","t","0","0","t","0"
"2014","SP","Não-Metálicos","Areia","10315101,690000001","t",",000000000000000","-","","10733969,5","t","229433757,87000009","0","t","0","0","t","0"
"2014","SP","Não-Metálicos","Areias Industriais","5441097,4900000002","t",",000000000000000","-","","4961448,6900000004","t","190720634,83999997","0","t","0","475150","t","10356377,029999999"
"2014","SP","Não-Metálicos","Argilas","1553952,8500000001","t",",000000000000000","-","","1051759,8100000001","t","33428002,770000003","0","t","0","451304,56","t","6668357,8100000005"
"2014","SP","Não-Metálicos","Calcário","12313813,489999998","t",",000000000000000","-","","3876151,23","t","178470950,15000004","1723739,3899999999","t","49027371,890000001","6731543,370000001","t","97208250,060000002"
"2014","SP","Não-Metálicos","Calcário","2265172,3399999999","t","2265172,340000000000000","t","","1842231,8100000001","t","24763602,040000003","293102,47999999998","t","6142166,96","0","t","0"
"2014","SP","Não-Metálicos","Caulim","92648,559999999998","t",",000000000000000","-","","90157,490000000005","t","25515389,289999999","0","t","0","2191,2600000000002","t","438252"
"2014","SP","Não-Metálicos","Dolomito e Magnesita","356816,46999999997","t",",000000000000000","-","","356816,46999999997","t","18244262,880000003","0","t","0","0","t","0"
"2014","SP","Não-Metálicos","Feldspato, Leucita e Nefelina-Sienito","8547,4500000000007","t",",000000000000000","-","","13756,799999999999","t","2754496,5199999996","0","t","0","0","t","0"
"2014","SP","Não-Metálicos","Fosfato","667318,91000000003","t","219434,840000000000000","t","P2O5","61888,93","t","3472336,8900000001","0","t","0","639739,15000000002","t","188237180,15000001"
"2014","SP","Não-Metálicos","Rochas (Britadas) e Cascalho","85080187,860000014","t",",000000000000000","-","","78464501,660000026","t","2058926851,3399997","1535254,7799999998","t","17140021,140000001","1786723,4799999997","t","50655062,089999996"
"2014","SP","Não-Metálicos","Rochas Ornamentais","4170,1800000000003","t",",000000000000000","-","","4170,1800000000003","t","5839190,21","0","t","0","0","t","0"
"2014","SP","Não-Metálicos","Talco e outras Cargas Minerais","955098,06999999983","t",",000000000000000","-","","954098,06999999983","t","33928130,070000008","0","t","0","0","t","0"
"2014","TO","Metálicos","Ferro","104964,66","t","65078,210000000000000","t","Fe","102164,66","t","5144244,2000000002","0","t","0","0","t","0"
"2014","TO","Metálicos","Ouro","36,491550000000004","kg","36,491550000000000","kg","Au","36,491550000000004","kg","3150124,4800000004","0","kg","0","0","kg","0"
"2014","TO","Metálicos","Zircônio","593,53999999999996","t","427,340000000000000","t","ZrSiO4","593,53999999999996","t","267093","0","t","0","0","t","0"
"2014","TO","Não-Metálicos","Areia","17010","t",",000000000000000","-","","17010","t","306180","0","t","0","0","t","0"
"2014","TO","Não-Metálicos","Argilas","4599,1099999999997","t",",000000000000000","-","","0","t","0","0","t","0","0","t","0"
"2014","TO","Não-Metálicos","Calcário","3701139,8460000004","t",",000000000000000","-","","2758153,2799999998","t","104124874,55999997","0","t","0","933422,13","t","13946006,060000001"
"2014","TO","Não-Metálicos","Dolomito e Magnesita","64592","t",",000000000000000","-","","64592","t","2495588","0","t","0","0","t","0"
"2014","TO","Não-Metálicos","Fosfato","139362,31","t","33975,170000000000000","t","P2O5","0","t","0","0","t","0","180117","t","59675702,609999999"
"2014","TO","Não-Metálicos","Minerais Industriais (Outros)","128","t",",000000000000000","-","","128","t","4832000","0","t","0","0","t","0"
"2014","TO","Não-Metálicos","Rochas (Britadas) e Cascalho","1219314,804","t",",000000000000000","-","","1112919,4299999999","t","40626215,710000001","0","t","0","62869,5","t","0"
"2015","AL","Não-Metálicos","Calcário","659117,92000000004","t",",000000000000000","-","","75742,919999999998","t","8288736,0800000001","0","t","0","576960","t","7114251,6299999999"
"2015","AL","Não-Metálicos","Rochas (Britadas) e Cascalho","1165117,4300000002","t",",000000000000000","-","","1183616,51","t","40194155,289999999","320","t","5031","0","t","0"
"2015","AM","Metálicos","Columbita-Tantalita","11209,700000000001","t","1849,450000000000000","t","Nb2O5","0","t","0","0","t","0","11209,700000000001","t","46927877,359999999"
"2015","AM","Metálicos","Columbita-Tantalita","11209,700000000001","t","1849,450000000000000","t","Ta2O5","0","t","0","0","t","0","11209,700000000001","t","46927877,359999999"
"2015","AM","Metálicos","Estanho","18892566","kg","12592570,000000000000000","kg","Sn","0","kg","0","0","kg","0","18892566","kg","313863511,77999997"
"2015","AM","Metálicos","Ouro","106,77270000000001","kg","106,756700000000000","kg","Au","106,72170000000001","kg","11795473,6","2,1999999999999999E-2","kg","0","0","kg","0"
"2015","AM","Não-Metálicos","Rochas (Britadas) e Cascalho","390167,26000000001","t",",000000000000000","-","","480174,69","t","27290876,539999999","0","t","0","1210","t","60500"
"2015","AP","Metálicos","Ferro","16038","t","10215,700000000000000","t","Fe","47462,849999999999","t","4775711,9699999997","0","t","0","0","t","0"
"2015","AP","Metálicos","Ouro","4020,1003999999998","kg","3969,156040000000000","kg","Au","4288,8063100000008","kg","514366318,69999993","0","kg","0","0","kg","0"
"2015","AP","Não-Metálicos","Rochas (Britadas) e Cascalho","162319,38999999998","t",",000000000000000","-","","147335,03","t","8084908,2800000003","0","t","0","0","t","0"
"2015","BA","Gemas e Diamantes","Diamante","0","ct",",000000000000000","ct","","0","ct","0","0","ct","0","0","ct","0"
"2015","BA","Gemas e Diamantes","Gemas","19053,70722","kg","19053,707220000000000","kg","","19053,70722","kg","7516172,1300000008","0","kg","0","0","kg","0"
"2015","BA","Metálicos","Cobre","89456,740000000005","t","27045,990000000000000","t","Cu","91749,960000000006","t","501758546,45999998","0","t","0","0","t","0"
"2015","BA","Metálicos","Cromo","526744,43000000005","t","204321,260000000000000","t","Cr2O3","22931,259999999998","t","22043576,540000003","21368","t","8003698,3899999997","423086,75999999995","t","177550901,46000004"
"2015","BA","Metálicos","Ferro","102066,08","t","63280,960000000000000","t","Fe","41198,970000000001","t","7118627","0","t","0","0","t","0"
"2015","BA","Metálicos","Manganês","1000","t","320,000000000000000","t","Mn","0","t","0","0","t","0","0","t","0"
"2015","BA","Metálicos","Níquel","114656,00999999999","t","16111,900000000000000","t"," Ni","132306,60000000001","t","428271238,44999999","0","t","0","0","t","0"
"2015","BA","Metálicos","Ouro","5033,8019199999999","kg","5033,801920000000000","kg","Au","5031,9411600000003","kg","596452908,50999999","0","kg","0","0","kg","0"
"2015","BA","Metálicos","Vanádio","280789","t","8907,000000000000000","t","V","0","t","0","0","t","0","280789","t","75093062,810000002"
"2015","BA","Não-Metálicos","Areias Industriais","116406,37000000001","t",",000000000000000","-","","0","t","0","0","t","0","116406,39","t","10201870,9"
"2015","BA","Não-Metálicos","Argilas","415316,25","t",",000000000000000","-","","388957,17999999999","t","77090585,030000001","23504,220000000001","t","463066,79999999999","9135","t","36538,82"
"2015","BA","Não-Metálicos","Calcário","1832205,9840000002","t",",000000000000000","-","","607668,06400000013","t","26485682,586000003","34157,690000000002","t","2043344,6100000001","1203177,4000000001","t","19094954,940000001"
"2015","BA","Não-Metálicos","Diatomita","2830,3499999999999","t",",000000000000000","-","","2837,52","t","9443955,8699999992","0","t","0","0","t","0"
"2015","BA","Não-Metálicos","Dolomito e Magnesita","1611351,75","t",",000000000000000","-","","226367,22999999998","t","287496801,82000005","194482,04999999999","t","4338435,7800000003","1059366,1000000001","t","146422480,84"
"2015","BA","Não-Metálicos","Feldspato, Leucita e Nefelina-Sienito","123,5","t",",000000000000000","-","","123,5","t","14689","0","t","0","0","t","0"
"2015","BA","Não-Metálicos","Fosfato","200103,04000000001","t","63032,460000000000000","t","P2O5","0","t","0","0","t","0","175991,69","t","24847639,02"
"2015","BA","Não-Metálicos","Gipsita","0","t",",000000000000000","-","","0","t","0","0","t","0","0","t","0"
"2015","BA","Não-Metálicos","Grafita","13194,73","t","11892,410000000000000","t","","12495,379999999999","t","27821519,670000002","0","t","0","0","t","0"
"2015","BA","Não-Metálicos","Rochas (Britadas) e Cascalho","8776981,2860000003","t",",000000000000000","-","","7596581,0559999989","t","268910427,634","51375","t","1754367,8500000001","92096,5","t","1875492,6800000002"
"2015","BA","Não-Metálicos","Rochas Ornamentais","4537,5799999999999","t",",000000000000000","-","","5720,3199999999997","t","3930310,71","0","t","0","0","t","0"
"2015","BA","Não-Metálicos","Talco e outras Cargas Minerais","108106,81","t",",000000000000000","-","","56370,330000000002","t","90476859,289999992","0","t","0","358,42999999999995","t","61892,840000000004"
"2015","CE","Metálicos","Ferro","0","t",",000000000000000","t","Fe","69792,690000000002","t","8897871,0700000003","0","t","0","0","t","0"
"2015","CE","Não-Metálicos","Areias Industriais","163368,39999999999","t",",000000000000000","-","","0","t","0","0","t","0","163368,39999999999","t","3802849,7599999998"
"2015","CE","Não-Metálicos","Argilas","67281","t",",000000000000000","-","","0","t","0","13046","t","34715,630000000005","54335","t","2606607,9399999999"
"2015","CE","Não-Metálicos","Calcário","3104126,9200000004","t",",000000000000000","-","","112376,17","t","12139915,02","15917,959999999999","t","490502,60999999999","2902932,5899999999","t","54317494,669999994"
"2015","CE","Não-Metálicos","Dolomito e Magnesita","19000","t",",000000000000000","-","","0","t","0","19000","t","2144704,3000000003","0","t","0"
"2015","CE","Não-Metálicos","Gipsita","5808","t",",000000000000000","-","","0","t","0","0","t","0","5808","t","503723,67999999999"
"2015","CE","Não-Metálicos","Rochas (Britadas) e Cascalho","5062398,7100000009","t",",000000000000000","-","","5261545,2600000007","t","158148788,76000002","53286","t","1096625,8800000001","0","t","0"
"2015","DF","Não-Metálicos","Areia","0","t",",000000000000000","-","","0","t","0","0","t","0","0","t","0"
"2015","DF","Não-Metálicos","Argilas","290453,13","t",",000000000000000","-","","0","t","0","0","t","0","290453,13","t","6571195,29"
"2015","DF","Não-Metálicos","Calcário","3815849,4900000002","t",",000000000000000","-","","37934,370000000003","t","672892,43000000005","0","t","0","3777915,1200000001","t","42046811,490000002"
"2015","DF","Não-Metálicos","Rochas (Britadas) e Cascalho","2575552,9699999997","t",",000000000000000","-","","2524893,5800000001","t","53260213,149999999","0","t","0","50634,389999999999","t","1081827,6399999999"
"2015","ES","Gemas e Diamantes","Gemas","0,34800000000000003","kg",",348000000000000","kg","","0,00109","kg","36670","0","kg","0","0","kg","0"
"2015","ES","Metálicos","Ferro","0","t",",000000000000000","t","Fe","0","t","0","0","t","0","0","t","0"
"2015","ES","Não-Metálicos","Argilas","2505,27","t",",000000000000000","-","","2373,9899999999998","t","464037,25","0","t","0","0","t","0"
"2015","ES","Não-Metálicos","Calcário","470409,95000000001","t",",000000000000000","-","","432028,38","t","24190671,539999999","0","t","0","0","t","0"
"2015","ES","Não-Metálicos","Rochas (Britadas) e Cascalho","5653719,1999999983","t",",000000000000000","-","","4600864,8100000005","t","105525565,09999999","0","t","0","0","t","0"
"2015","ES","Não-Metálicos","Rochas Ornamentais","390157,63000000006","t",",000000000000000","-","","372783,08000000007","t","575379714,1099999","0","t","0","0","t","0"
"2015","GO","Metálicos","Alumínio (Bauxita)","527101,64999999991","t","305191,850000000000000","t","Al2O3","487444,77000000002","t","25572827,880000003","0","t","0","0","t","0"
"2015","GO","Metálicos","Cobalto","0","t","1250,000000000000000","t","Co","0","t","0","0","t","0","0","t","0"
"2015","GO","Metálicos","Cobre","242523,39000000001","t","61363,000000000000000","t","Cu","240775,17000000001","t","1345533497,0799999","0","t","0","0","t","0"
"2015","GO","Metálicos","Ferro","30018,060000000001","t","18611,200000000000000","t","Fe","30018,060000000001","t","2147775","0","t","0","0","t","0"
"2015","GO","Metálicos","Nióbio","20208,003079999999","t","10578,201870000000000","t","Nb2O5","0","t","0","0","t","0","20208,003079999999","t","437357662,90999997"
"2015","GO","Metálicos","Níquel","137395,95000000007","t","48799,980000000000000","t"," Ni","97739,889999999999","t","1207988025,0799999","0","t","0","40205,830000000075","t","653416677,07000005"
"2015","GO","Metálicos","Ouro","6699,8985699999994","kg","6699,898090000000000","kg","Au","6815,5472900000004","kg","836039007,06999993","0","kg","0","0","kg","0"
"2015","GO","Metálicos","Prata","222,24200000000002","kg","222,242000000000000","kg","Ag","199,86500000000001","kg","424511","0","kg","0","0","kg","0"
"2015","GO","Metálicos","Titânio","45285,699999999997","t","9700,000000000000000","t","TiO2","45285,699999999997","t","4134783,1299999999","0","t","0","0","t","0"
"2015","GO","Não-Metálicos","Amianto","232051,56","t","232051,560000000000000","t","","248324,54999999999","t","550442248,75999999","0","t","0","0","t","0"
"2015","GO","Não-Metálicos","Areia","872777,47999999998","t",",000000000000000","-","","870030,43999999994","t","19759175,169999998","0","t","0","0","t","0"
"2015","GO","Não-Metálicos","Areias Industriais","13634,639999999999","t",",000000000000000","-","","13634,599999999999","t","166846,92999999999","0","t","0","0","t","0"
"2015","GO","Não-Metálicos","Argilas","17398","t",",000000000000000","-","","0","t","0","17298","t","138384","0","t","0"
"2015","GO","Não-Metálicos","Bário","20894,950000000001","t","17760,710000000000000","t","BaSO4","17963,009999999998","t","6630089,3300000001","0","t","0","0","t","0"
"2015","GO","Não-Metálicos","Calcário","5694321,21","t",",000000000000000","-","","4057282,330000001","t","186704990,06999999","97252,360000000001","t","1841690,3999999999","1473056,3200000001","t","14448157,68"
"2015","GO","Não-Metálicos","Dolomito e Magnesita","702457","t",",000000000000000","-","","672537,65000000002","t","27399303,119999997","0","t","0","0","t","0"
"2015","GO","Não-Metálicos","Fosfato","2350333","t","840731,180000000000000","t","P2O5","22139,630000000001","t","6029139,3200000003","132359","t","11092812,15","2102508","t","387209129,34000003"
"2015","GO","Não-Metálicos","Rochas (Britadas) e Cascalho","7162881,5499999989","t",",000000000000000","-","","6408089,5599999987","t","185606313,40999997","133371,37","t","1177296,8","241816,01000000001","t","7202484,4900000002"
"2015","GO","Não-Metálicos","Saibro","28655,18","t",",000000000000000","-","","28655,18","t","577588,35999999999","0","t","0","0","t","0"
"2015","GO","Não-Metálicos","Talco e outras Cargas Minerais","500","t",",000000000000000","-","","500","t","65000","0","t","0","0","t","0"
"2015","GO","Não-Metálicos","Vermiculita e Perlita","48896,169999999998","t","46044,510000000000000","t","","47565,300000000003","t","34818943,520000003","0","t","0","0","t","0"
"2015","MA","Metálicos","Ouro","1309,85672","kg","1218,789890000000000","kg","Au","1443,01847","kg","161244950,34999999","0","kg","0","0","kg","0"
"2015","MA","Não-Metálicos","Argilas","54213,849999999999","t",",000000000000000","-","","0","t","0","0","t","0","54213,849999999999","t","677282,85999999999"
"2015","MA","Não-Metálicos","Calcário","96347,699999999997","t",",000000000000000","-","","96556,320000000007","t","17525845,16","0","t","0","0","t","0"
"2015","MA","Não-Metálicos","Gipsita","60080","t",",000000000000000","-","","11170","t","1492960","0","t","0","0","t","0"
"2015","MA","Não-Metálicos","Rochas (Britadas) e Cascalho","3343682,6500000004","t",",000000000000000","-","","3094182,54","t","121646025,48","25431,310000000001","t","389894,76000000001","195500,54000000001","t","8108968,7699999996"
"2015","MG","Gemas e Diamantes","Diamante","1923,0500000000002","ct","1919,780000000000000","ct","","1628,97","ct","9476250,0299999993","0","ct","0","0","ct","0"
"2015","MG","Gemas e Diamantes","Gemas","277,11792000000003","kg","184,092490000000000","kg","","197,25191999999998","kg","23181072,460000001","0","kg","0","0","kg","0"
"2015","MG","Metálicos","Alumínio (Bauxita)","1732392,02","t","758151,430000000000000","t","Al2O3","136347,31999999998","t","24081240,699999999","0","t","0","1497460,5","t","89567091,040000007"
"2015","MG","Metálicos","Chumbo","19110,029999999999","t","9439,620000000000000","t","Pb","18859,239999999998","t","45493327,019999996","0","t","0","0","t","0"
"2015","MG","Metálicos","Columbita-Tantalita","655,90999999999997","t","129,112980000000000","t","Ta2O5","428,45999999999998","t","125870997,68000001","0","t","0","0","t","0"
"2015","MG","Metálicos","Estanho","439970","kg","234114,000000000000000","kg","Sn","439970","kg","10650735,42","0","kg","0","0","kg","0"
"2015","MG","Metálicos","Ferro","294955875,28000009","t","187708779,620000000000000","t","Fe","214857879,78000003","t","23434843248,379997","0","t","0","73377672,719999999","t","4653168798,2800007"
"2015","MG","Metálicos","Lítio","5781","t","308,130000000000000","t","Li2O","251","t","300360","0","t","0","6101,8999999999996","t","7567355,3499999996"
"2015","MG","Metálicos","Manganês","95261,699999999997","t","12632,780000000000000","t","Mn","157003,10999999999","t","13304037,780000001","0","t","0","0","t","0"
"2015","MG","Metálicos","Nióbio","132501","t","71453,000000000000000","t","Nb2O5","0","t","0","0","t","0","132501","t","271474504,39999998"
"2015","MG","Metálicos","Níquel","0","t",",000000000000000","t"," Ni","0","t","0","0","t","0","0","t","0"
"2015","MG","Metálicos","Ouro","31967,049920000001","kg","31967,049790000000000","kg","Au","32317,097990000006","kg","3954450001,6700001","0","kg","0","0","kg","0"
"2015","MG","Metálicos","Prata","4203,076","kg","4203,076000000000000","kg","Ag","4170,3640000000005","kg","7589677,0399999991","0","kg","0","0","kg","0"
"2015","MG","Metálicos","Zinco","400580,41000000003","t","157101,280000000000000","t","Zn","62691,580000000002","t","107172598,95999999","0","t","0","338897,14000000001","t","200003502,38999999"
"2015","MG","Não-Metálicos","Areia","674917,69999999995","t",",000000000000000","-","","662851,66000000003","t","21130906,859999999","0","t","0","0","t","0"
"2015","MG","Não-Metálicos","Areias Industriais","592174,72999999998","t",",000000000000000","-","","311242,04999999999","t","27815839,410000004","0","t","0","315957,96999999997","t","5177991,1499999994"
"2015","MG","Não-Metálicos","Argilas","1823418,3300000001","t",",000000000000000","-","","501922,71999999997","t","10984414,960000001","436027,77000000002","t","2149910,0800000001","886135,06999999983","t","30504734,789999999"
"2015","MG","Não-Metálicos","Calcário","39215411,470000014","t",",000000000000000","-","","14852998,869999997","t","420163874,98500001","4832286,7000000002","t","43361808,900000006","17714993,139999993","t","195216940,46000004"
"2015","MG","Não-Metálicos","Caulim","188,75","t",",000000000000000","-","","171,44","t","27698","0","t","0","0","t","0"
"2015","MG","Não-Metálicos","Cianita e outros minerais refratários","80","t",",000000000000000","-","","0","t","0","0","t","0","39","t","33352,57"
"2015","MG","Não-Metálicos","Enxofre","209787,63","t","68502,080000000000000","t","S","196667,47","t","71340772,079999998","0","t","0","0","t","0"
"2015","MG","Não-Metálicos","Feldspato, Leucita e Nefelina-Sienito","166783,14999999999","t",",000000000000000","-","","199994,14000000001","t","30053151,210000001","0","t","0","0","t","0"
"2015","MG","Não-Metálicos","Fosfato","2917569,5800000001","t","997143,040000000000000","t","P2O5","34199,18","t","5189732,9100000001","504725,45000000001","t","227909571,97999999","2389711,5700000003","t","599038450,78999996"
"2015","MG","Não-Metálicos","Grafita","61759,080000000002","t","57713,460000000000000","t","","57744,720000000001","t","192504001,28","0","t","0","0","t","0"
"2015","MG","Não-Metálicos","Rochas (Britadas) e Cascalho","19239053,837500002","t",",000000000000000","-","","17940407,927499998","t","502810962,77999997","176318","t","4029582,0099999998","588268,23999999999","t","8877029,1799999997"
"2015","MG","Não-Metálicos","Rochas Ornamentais","499,73000000000002","t",",000000000000000","-","","499,73000000000002","t","476144,60999999999","0","t","0","0","t","0"
"2015","MG","Não-Metálicos","Talco e outras Cargas Minerais","299959,61249999993","t",",000000000000000","-","","280553,23249999998","t","25564631,425000001","0","t","0","0","t","0"
"2015","MS","Metálicos","Ferro","5869069,1900000004","t","3700277,700000000000000","t","Fe","4779229,6600000001","t","495538638,31000006","0","t","0","0","t","0"
"2015","MS","Metálicos","Manganês","734639,05000000005","t","313779,210000000000000","t","Mn","665618,82999999996","t","179262242,54999998","0","t","0","0","t","0"
"2015","MS","Não-Metálicos","Areia","281824,21000000002","t",",000000000000000","-","","284403,06","t","4456756,0600000005","0","t","0","0","t","0"
"2015","MS","Não-Metálicos","Argilas","331229,76000000001","t",",000000000000000","-","","113570,09999999999","t","3498451,8500000006","201627,95000000001","t","4414114,1099999994","17896,049999999999","t","8181,0699999999997"
"2015","MS","Não-Metálicos","Calcário","2938540,0500000003","t",",000000000000000","-","","1693499,3999999997","t","68097915,260000005","0","t","0","1056611,27","t","17735383,670000002"
"2015","MS","Não-Metálicos","Dolomito e Magnesita","341332,70000000001","t",",000000000000000","-","","310364,88","t","14179624,98","0","t","0","0","t","0"
"2015","MS","Não-Metálicos","Rochas (Britadas) e Cascalho","4500611,5","t",",000000000000000","-","","3731931,3499999992","t","118831802,02","147032,88","t","1278555,22","51446,790000000001","t","760420,33999999997"
"2015","MS","Não-Metálicos","Talco e outras Cargas Minerais","286163","t",",000000000000000","-","","0","t","0","0","t","0","286163","t","2887693,3599999999"
"2015","MT","Gemas e Diamantes","Diamante","20976,760000000002","ct","20976,760000000000000","ct","","30629,040000000001","ct","2925056,6400000001","0","ct","0","0","ct","0"
"2015","MT","Metálicos","Manganês","5100,5500000000002","t","4296,220000000000000","t","Mn","5100,5500000000002","t","881730","0","t","0","0","t","0"
"2015","MT","Metálicos","Ouro","8691,4145000000026","kg","8680,979250000000000","kg","Au","8502,2398700000031","kg","953997800,25","2,7643900000000001","kg","3028288,77","0","kg","0"
"2015","MT","Não-Metálicos","Areia","152820,07000000001","t",",000000000000000","-","","132817,5","t","1726870,0099999998","0","t","0","0","t","0"
"2015","MT","Não-Metálicos","Areias Industriais","5600","t",",000000000000000","-","","5600","t","620974,27000000002","0","t","0","0","t","0"
"2015","MT","Não-Metálicos","Argilas","930796,77000000014","t",",000000000000000","-","","828817,13000000012","t","30489842,400000002","86856,860000000001","t","2733977,27","0","t","0"
"2015","MT","Não-Metálicos","Calcário","6797369,29","t",",000000000000000","-","","4986098,5700000012","t","219266811,54999995","1890271,3799999999","t","25632027,039999999","0","t","0"
"2015","MT","Não-Metálicos","Dolomito e Magnesita","1445006,5700000001","t",",000000000000000","-","","1454433,1300000001","t","68212887,850000009","0","t","0","0","t","0"
"2015","MT","Não-Metálicos","Rochas (Britadas) e Cascalho","3416291,0199999963","t",",000000000000000","-","","3332576,5799999996","t","98075211,940000027","4378","t","65670","0","t","0"
"2015","PA","Gemas e Diamantes","Diamante","6460,3199999999997","ct","6460,320000000000000","ct","","6460,3199999999997","ct","3521683,25","0","ct","0","0","ct","0"
"2015","PA","Gemas e Diamantes","Gemas","298269","kg","298269,000000000000000","kg","","298269","kg","339292","0","kg","0","0","kg","0"
"2015","PA","Metálicos","Alumínio (Bauxita)","33240405,940000001","t","16475789,080000000000000","t","Al2O3","33372721,079999998","t","3346976797,77","0","t","0","0","t","0"
"2015","PA","Metálicos","Cobre","839688,59999999998","t","272171,420000000000000","t","Cu","839113,27000000002","t","5219429048,6199999","0","t","0","0","t","0"
"2015","PA","Metálicos","Estanho","3107937,04","kg","2208022,350000000000000","kg","Sn","3131787,04","kg","75925770,769999996","0","kg","0","0","kg","0"
"2015","PA","Metálicos","Ferro","129599880,84","t","83901553,200000000000000","t","Fe","125274504,95999999","t","13337308378,690001","0","t","0","0","t","0"
"2015","PA","Metálicos","Manganês","1967292,78","t","890860,900000000000000","t","Mn","1575862,9299999999","t","422933420,37","0","t","0","0","t","0"
"2015","PA","Metálicos","Níquel","83550,830000000002","t","24390,000000000000000","t"," Ni","83352,360000000001","t","900621877,13","0","t","0","0","t","0"
"2015","PA","Metálicos","Ouro","1920,8477800000001","kg","1920,847780000000000","kg","Au","1885,4984600000003","kg","213269673,95999998","0","kg","0","0","kg","0"
"2015","PA","Metálicos","Prata","395,70398","kg","395,703980000000000","kg","Ag","378,12628999999998","kg","660917,03000000003","0","kg","0","0","kg","0"
"2015","PA","Metálicos","Tungstênio","105,83","t","49,570000000000000","t","WO3","75,829999999999998","t","2379127,2000000002","30","t","0,01","0","t","0"
"2015","PA","Não-Metálicos","Areia","151,77000000000001","t",",000000000000000","-","","151,77000000000001","t","10220,83","0","t","0","0","t","0"
"2015","PA","Não-Metálicos","Areias Industriais","54158,379999999997","t",",000000000000000","-","","54158,379999999997","t","9297605,5","0","t","0","0","t","0"
"2015","PA","Não-Metálicos","Argilas","323061,01000000001","t",",000000000000000","-","","274151,57000000001","t","2930740,02","12740","t","308260","0","t","0"
"2015","PA","Não-Metálicos","Calcário","162287,01000000001","t",",000000000000000","-","","155978,26999999999","t","5766527,2599999998","0","t","0","0","t","0"
"2015","PA","Não-Metálicos","Caulim","1673637,4300000002","t",",000000000000000","-","","1634649,9100000001","t","687089290,1099999","0","t","0","0","t","0"
"2015","PA","Não-Metálicos","Fosfato","23917,580000000002","t","4680,000000000000000","t","P2O5","13390,76","t","7791886,5599999996","0","t","0","0","t","0"
"2015","PA","Não-Metálicos","Rochas (Britadas) e Cascalho","2664801,1300000004","t",",000000000000000","-","","2633785,1200000001","t","111612696,57999998","20000","t","70000","0","t","0"
"2015","PB","Metálicos","Columbita-Tantalita","6,2999999999999998","t",",630000000000000","t","Ta2O5","6,2999999999999998","t","25200","0","t","0","0","t","0"
"2015","PB","Metálicos","Titânio","119982,66","t","66345,940000000000000","t","TiO2","65595,76999999999","t","42078422,530000001","0","t","0","0","t","0"
"2015","PB","Metálicos","Zircônio","21581,509999999998","t","14000,440000000000000","t","ZrSiO4","17826","t","73381135,719999999","0","t","0","0","t","0"
"2015","PB","Não-Metálicos","Areia","39411,339999999997","t",",000000000000000","-","","18271,34","t","162974,87","0","t","0","0","t","0"
"2015","PB","Não-Metálicos","Areias Industriais","155089,17000000001","t",",000000000000000","-","","1000","t","30480","0","t","0","147241,17000000001","t","7074088,79"
"2015","PB","Não-Metálicos","Argilas","361548,23999999999","t",",000000000000000","-","","307677,5","t","130875441,54000001","0","t","0","51958,660000000003","t","276559,08000000002"
"2015","PB","Não-Metálicos","Calcário","2829855","t",",000000000000000","-","","912403,27000000002","t","27926627,5","0","t","0","1917451,73","t","24340307,630000003"
"2015","PB","Não-Metálicos","Cianita e outros minerais refratários","734,76999999999998","t",",000000000000000","-","","1061","t","1220897,9399999999","0","t","0","0","t","0"
"2015","PB","Não-Metálicos","Feldspato, Leucita e Nefelina-Sienito","143602,20000000001","t",",000000000000000","-","","143602,20000000001","t","5701422,2000000002","0","t","0","0","t","0"
"2015","PB","Não-Metálicos","Rochas (Britadas) e Cascalho","1939656,4999999998","t",",000000000000000","-","","1439755,48","t","43426803,470000006","14271,440000000001","t","241233,82000000001","12199,040000000001","t","365971,20000000001"
"2015","PB","Não-Metálicos","Rochas Ornamentais","10505,5","t",",000000000000000","-","","8864,8099999999995","t","20088688,280000001","1894,53","t","329700,98999999999","0","t","0"
"2015","PE","Não-Metálicos","Areia","0","t",",000000000000000","-","","0","t","0","0","t","0","0","t","0"
"2015","PE","Não-Metálicos","Areias Industriais","146836","t",",000000000000000","-","","17445","t","174664,20000000001","0","t","0","124663","t","2400211,1499999999"
"2015","PE","Não-Metálicos","Argilas","96549,600000000006","t",",000000000000000","-","","14204,24","t","1585605,96","17302,84","t","327542,76000000001","61773,760000000002","t","292419,16999999998"
"2015","PE","Não-Metálicos","Calcário","321844,73999999999","t",",000000000000000","-","","79352,130000000005","t","13133041,639999999","239032,76000000001","t","7089711,6600000001","0","t","0"
"2015","PE","Não-Metálicos","Dolomito e Magnesita","277,30000000000001","t",",000000000000000","-","","277,30000000000001","t","40822,410000000003","0","t","0","0","t","0"
"2015","PE","Não-Metálicos","Gipsita","1068449,1699999999","t",",000000000000000","-","","719347,97000000009","t","19937041,920000002","0","t","0","257447,48999999999","t","15388502,859999999"
"2015","PE","Não-Metálicos","Rochas (Britadas) e Cascalho","4766801,790000001","t",",000000000000000","-","","4647187,9800000004","t","118748805,96000001","0","t","0","0","t","0"
"2015","PE","Não-Metálicos","Rochas Ornamentais","0","t",",000000000000000","-","","0","t","0","0","t","0","0","t","0"
"2015","PE","Não-Metálicos","Vermiculita e Perlita","4339,9300000000003","t","3594,750000000000000","t","","1843,77","t","2486295,8999999999","0","t","0","0","t","0"
"2015","PI","Não-Metálicos","Argilas","48872,550000000003","t",",000000000000000","-","","23351,889999999999","t","2025726,3999999999","25520,639999999999","t","381465,71000000002","0","t","0"
"2015","PI","Não-Metálicos","Calcário","86154,309999999998","t",",000000000000000","-","","86154,309999999998","t","4875373,0800000001","0","t","0","0","t","0"
"2015","PI","Não-Metálicos","Dolomito e Magnesita","218961,51999999999","t",",000000000000000","-","","218961,51999999999","t","12637583,069999998","0","t","0","0","t","0"
"2015","PI","Não-Metálicos","Rochas (Britadas) e Cascalho","634080,35999999999","t",",000000000000000","-","","521302,43000000005","t","22417739,030000001","10905,75","t","448578,96999999997","0","t","0"
"2015","PI","Não-Metálicos","Rochas Ornamentais","3185","t",",000000000000000","-","","3080,3800000000001","t","2506463,7200000002","0","t","0","0","t","0"
"2015","PR","Energéticos","Carvão Mineral","106837,52","t",",000000000000000","-","","106837,52","t","33136936,100000001","0","t","0","0","t","0"
"2015","PR","Metálicos","Ouro","332,3648","kg","332,331560000000000","kg","Au","332,04996000000006","kg","41733834,479999997","0","kg","0","0","kg","0"
"2015","PR","Metálicos","Prata","46,781120000000001","kg","46,776440000000000","kg","Ag","73,974559999999997","kg","127328,02","0","kg","0","0","kg","0"
"2015","PR","Não-Metálicos","Areia","2408967,54","t",",000000000000000","-","","2404665,2899999996","t","40775033,140000001","0","t","0","0","t","0"
"2015","PR","Não-Metálicos","Areias Industriais","55534,589999999997","t",",000000000000000","-","","31581,59","t","515411,65000000002","0","t","0","23953","t","428290"
"2015","PR","Não-Metálicos","Argilas","663806,89000000001","t",",000000000000000","-","","18913,200000000001","t","2714373,1699999999","23327,349999999999","t","259045,85000000001","617585,81000000006","t","4374758,4500000002"
"2015","PR","Não-Metálicos","Calcário","11768964,010000002","t",",000000000000000","-","","2199787,2200000002","t","63109571,959999993","84359,100000000006","t","425340","9425797,8100000005","t","105868901,31"
"2015","PR","Não-Metálicos","Caulim","66","t",",000000000000000","-","","0","t","0","0","t","0","66","t","1320"
"2015","PR","Não-Metálicos","Dolomito e Magnesita","676018,31000000006","t",",000000000000000","-","","641198,77000000002","t","12016708,950000001","37735,580000000002","t","868392,32999999996","0","t","0"
"2015","PR","Não-Metálicos","Feldspato, Leucita e Nefelina-Sienito","213103","t",",000000000000000","-","","0","t","0","0","t","0","215979,96000000002","t","10589654,800000001"
"2015","PR","Não-Metálicos","Fluorita e Criolita","19907,020000000004","t","16178,880000000000000","t","","18926,520000000004","t","14615504,75","0","t","0","0","t","0"
"2015","PR","Não-Metálicos","Rochas (Britadas) e Cascalho","18831157,810000006","t",",000000000000000","-","","17105749,149999991","t","343469729,96000004","626964,13","t","7299855,9300000006","448118,65000000002","t","5477612,21"
"2015","PR","Não-Metálicos","Rochas Ornamentais","10539,599999999999","t",",000000000000000","-","","9651,1599999999999","t","2394190,71","0","t","0","0","t","0"
"2015","PR","Não-Metálicos","Rochas Ornamentais - Outras","0","t",",000000000000000","-","","0","t","0","0","t","0","0","t","0"
"2015","PR","Não-Metálicos","Talco e outras Cargas Minerais","52584,350000000006","t",",000000000000000","-","","40063,279999999999","t","8180481,1900000004","0","t","0","12588,83","t","1274498,3599999999"
"2015","RJ","Metálicos","Monazita e Terras-Raras","2225","t","2225,000000000000000","t","ETR","2225","t","3448455","0","t","0","0","t","0"
"2015","RJ","Metálicos","Titânio","4930","t","4930,000000000000000","t","TiO2","4930","t","2528810,46","0","t","0","0","t","0"
"2015","RJ","Metálicos","Zircônio","1066","t","1066,000000000000000","t","ZrSiO4","1066","t","2248300,8599999999","0","t","0","0","t","0"
"2015","RJ","Não-Metálicos","Areia","113444,8","t",",000000000000000","-","","113351,2","t","1161287,9199999999","0","t","0","0","t","0"
"2015","RJ","Não-Metálicos","Areias Industriais","21843,59","t",",000000000000000","-","","47682,860000000001","t","940394,05000000005","0","t","0","0","t","0"
"2015","RJ","Não-Metálicos","Argilas","117399,89999999999","t",",000000000000000","-","","0","t","0","0","t","0","117399,89999999999","t","297450,75"
"2015","RJ","Não-Metálicos","Calcário","3098022,2799999998","t",",000000000000000","-","","158268,64999999999","t","13064507,189999999","0","t","0","2937722,52","t","29887699,899999999"
"2015","RJ","Não-Metálicos","Fluorita e Criolita","7444,9300000000003","t","7444,930000000000000","t","","7444,9300000000003","t","4334200,3700000001","0","t","0","0","t","0"
"2015","RJ","Não-Metálicos","Rochas (Britadas) e Cascalho","23490363,879999999","t",",000000000000000","-","","21993440,049999997","t","649836038,99000001","0","t","0","280460,27000000002","t","2021967,45"
"2015","RN","Metálicos","Columbita-Tantalita","2,1699999999999999","t","2,170000000000000","t","Ta2O5","2,1699999999999999","t","84160","0","t","0","0","t","0"
"2015","RN","Metálicos","Ferro","0","t",",000000000000000","t","Fe","16603,43","t","861462,57999999996","0","t","0","0","t","0"
"2015","RN","Metálicos","Ouro","25,80818","kg","25,808180000000000","kg","Au","25,80818","kg","2980338,73","0","kg","0","0","kg","0"
"2015","RN","Metálicos","Tungstênio","519,77000000000078","t","382,440000000000000","t","WO3","523,48000000000002","t","12432890,5","0","t","0","0","t","0"
"2015","RN","Não-Metálicos","Argilas","9680,3400000000001","t",",000000000000000","-","","0","t","0","9680,3400000000001","t","6776,2399999999998","0","t","0"
"2015","RN","Não-Metálicos","Calcário","469356,90999999997","t",",000000000000000","-","","56918,839999999997","t","5321781,7300000004","412438,04999999999","t","11601882,33","0","t","0"
"2015","RN","Não-Metálicos","Caulim","12000","t",",000000000000000","-","","0","t","0","12000","t","168000","0","t","0"
"2015","RN","Não-Metálicos","Feldspato, Leucita e Nefelina-Sienito","7030","t",",000000000000000","-","","6998,5299999999997","t","2686937,71","0","t","0","0","t","0"
"2015","RN","Não-Metálicos","Gipsita","3430,29","t",",000000000000000","-","","0","t","0","3430,29","t","110798,37","0","t","0"
"2015","RN","Não-Metálicos","Rochas (Britadas) e Cascalho","819328,6399999999","t",",000000000000000","-","","409872,36999999994","t","18137371,709999997","5036,0500000000002","t","85280,76999999999","0","t","0"
"2015","RN","Não-Metálicos","Rochas Ornamentais","89,900000000000006","t",",000000000000000","-","","64,400000000000006","t","64094,129999999997","0","t","0","0","t","0"
"2015","RO","Gemas e Diamantes","Gemas","1882,55","kg","1882,550000000000000","kg","","1920,1800000000001","kg","1428336,4299999999","0","kg","0","0","kg","0"
"2015","RO","Metálicos","Columbita-Tantalita","6393,5499999999911","t","277,594820000000000","t","Nb2O5","6511,5499999999911","t","35061540,420000002","0","t","0","0","t","0"
"2015","RO","Metálicos","Columbita-Tantalita","5182,9999999999909","t","171,990000000000000","t","Ta2O5","5282,7399999999907","t","22204145,66","0","t","0","0","t","0"
"2015","RO","Metálicos","Estanho","8997953,1699999999","kg","5127974,320000000000000","kg","Sn","8806979,9100000001","kg","239861043,28000003","0","kg","0","205380,26000000001","kg","5522675,1900000004"
"2015","RO","Metálicos","Manganês","69141,23000000001","t","25711,000000000000000","t","Mn","65410,590000000004","t","8310133,71","0","t","0","0","t","0"
"2015","RO","Metálicos","Ouro","1142,0131000000001","kg","1141,989620000000000","kg","Au","1141,9851000000003","kg","119563361,00999998","0","kg","0","0","kg","0"
"2015","RO","Não-Metálicos","Areia","11112","t",",000000000000000","-","","11112","t","386514","0","t","0","0","t","0"
"2015","RO","Não-Metálicos","Argilas","1480","t",",000000000000000","-","","1480","t","19240","0","t","0","0","t","0"
"2015","RO","Não-Metálicos","Calcário","266248,5","t",",000000000000000","-","","260967,5","t","10789378,879999999","0","t","0","0","t","0"
"2015","RO","Não-Metálicos","Rochas (Britadas) e Cascalho","1110621,0699999998","t",",000000000000000","-","","985712,80999999994","t","55438077,260000005","25743,330000000002","t","332172","0","t","0"
"2015","RR","Não-Metálicos","Rochas (Britadas) e Cascalho","145276,67999999999","t",",000000000000000","-","","145276,67999999999","t","5774842,8399999999","0","t","0","0","t","0"
"2015","RS","Energéticos","Carvão Mineral","4034254,0499999998","t",",000000000000000","-","","4957143,4199999999","t","409665380,88999999","0","t","0","0","t","0"
"2015","RS","Não-Metálicos","Areia","16385","t",",000000000000000","-","","19052,419999999998","t","407321,88","0","t","0","0","t","0"
"2015","RS","Não-Metálicos","Areias Industriais","11845,309999999999","t",",000000000000000","-","","11845,309999999999","t","851003,43000000005","0","t","0","0","t","0"
"2015","RS","Não-Metálicos","Argilas","34213,449999999997","t",",000000000000000","-","","34213,449999999997","t","1674156,8","0","t","0","0","t","0"
"2015","RS","Não-Metálicos","Calcário","4539999,620000001","t",",000000000000000","-","","2897589,04","t","131516916,19","0","t","0","1593657,3600000001","t","36819455,089999996"
"2015","RS","Não-Metálicos","Caulim","30863","t",",000000000000000","-","","30863","t","5428302,9699999997","0","t","0","0","t","0"
"2015","RS","Não-Metálicos","Rochas (Britadas) e Cascalho","18255687,340000007","t",",000000000000000","-","","15203444,17","t","318610522,34999996","488638,63999999996","t","6022615,0699999994","2271269,0600000001","t","25539333,010000002"
"2015","SC","Energéticos","Carvão Mineral","2758392,8199999998","t",",000000000000000","-","","2763855,3899999997","t","600834065,56000006","0","t","0","0","t","0"
"2015","SC","Energéticos","Turfa","59171,699999999997","t",",000000000000000","-","","29586,029999999999","t","1750426,8300000001","63636,889999999999","t","2623094,3399999999","14017,049999999999","t","855084,18999999994"
"2015","SC","Não-Metálicos","Areia","223518,60000000001","t",",000000000000000","-","","233704,56","t","4878918,4000000004","0","t","0","0","t","0"
"2015","SC","Não-Metálicos","Areias Industriais","1042094,2","t",",000000000000000","-","","1037394,5199999999","t","61560695,369999997","0","t","0","0","t","0"
"2015","SC","Não-Metálicos","Argilas","56775","t",",000000000000000","-","","0","t","0","0","t","0","59589,010000000002","t","3535356,8399999999"
"2015","SC","Não-Metálicos","Calcário","2138245,7800000003","t",",000000000000000","-","","554505,48999999999","t","22522520,48","0","t","0","1582749,48","t","22121185,02"
"2015","SC","Não-Metálicos","Feldspato, Leucita e Nefelina-Sienito","172427,26999999999","t",",000000000000000","-","","156187,95000000001","t","19838233,75","0","t","0","0","t","0"
"2015","SC","Não-Metálicos","Rochas (Britadas) e Cascalho","16786836,960000001","t",",000000000000000","-","","14986056,989999995","t","351894294,83000016","863797,80999999994","t","14581227,52","472141,13","t","5409473,8200000003"
"2015","SC","Não-Metálicos","Rochas Ornamentais - Outras","20800,279999999999","t",",000000000000000","-","","20800,279999999999","t","275961,94","0","t","0","0","t","0"
"2015","SC","Não-Metálicos","Saibro","425383,54999999999","t",",000000000000000","-","","323826,27999999997","t","4464852,5899999999","94644","t","324588","0","t","0"
"2015","SE","Não-Metálicos","Argilas","184709,64999999999","t",",000000000000000","-","","72000","t","72000","0","t","0","159209,64999999999","t","6529015,4100000001"
"2015","SE","Não-Metálicos","Calcário","4308174,29","t",",000000000000000","-","","243213,13","t","3023711,5199999996","0","t","0","4071117,29","t","39905444,600000001"
"2015","SE","Não-Metálicos","Potássio","481270,28000000003","t","304018,430000000000000","t","K2O","462532,03999999998","t","494637535,23000002","0","t","0","0","t","0"
"2015","SE","Não-Metálicos","Rochas (Britadas) e Cascalho","553612,17000000004","t",",000000000000000","-","","436586,41999999998","t","14568281,819999998","0","t","0","0","t","0"
"2015","SP","Energéticos","Turfa","402,88","t",",000000000000000","-","","43,979999999999997","t","2858,6999999999998","0","t","0","10793,57","t","117948,49000000001"
"2015","SP","Metálicos","Alumínio (Bauxita)","25803,200000000001","t","13362,660000000000000","t","Al2O3","25803,200000000001","t","10485474,98","0","t","0","0","t","0"
"2015","SP","Metálicos","Estanho","27104","kg","14907,200000000000000","kg","Sn","27104","kg","251344,32000000001","0","kg","0","0","kg","0"
"2015","SP","Metálicos","Ferro","367256,12","t","251570,440000000000000","t","Fe","167600,26999999999","t","2850135,02","0","t","0","0","t","0"
"2015","SP","Não-Metálicos","Areia","10641383,66","t",",000000000000000","-","","10055436,810000001","t","234731444,05999997","0","t","0","0","t","0"
"2015","SP","Não-Metálicos","Areias Industriais","4709363,8399999999","t",",000000000000000","-","","4188371,9100000001","t","191072987,56999999","0","t","0","470698,95000000001","t","12408841,9"
"2015","SP","Não-Metálicos","Argilas","1195372,53","t",",000000000000000","-","","800444,10999999999","t","31686058,040000003","0","t","0","347010,56","t","8123703,1099999994"
"2015","SP","Não-Metálicos","Calcário","12787635,990000002","t",",000000000000000","-","","5173049,9500000011","t","203300502,59","0","t","0","7509808,4900000002","t","106181587,46000001"
"2015","SP","Não-Metálicos","Calcário","3614206,3300000001","t","3614206,330000000000000","t","","1497943,01","t","21639618,539999999","0","t","0","244314,79999999999","t","5442375,5199999996"
"2015","SP","Não-Metálicos","Caulim","84959,380000000005","t",",000000000000000","-","","83450,580000000016","t","27320734,630000003","0","t","0","173,56999999999999","t","347209,56"
"2015","SP","Não-Metálicos","Dolomito e Magnesita","863682,69000000006","t",",000000000000000","-","","565009,87","t","19539330,100000001","0","t","0","298672,82000000001","t","2426834,0899999999"
"2015","SP","Não-Metálicos","Feldspato, Leucita e Nefelina-Sienito","1486,54","t",",000000000000000","-","","1482,54","t","499079,79999999999","0","t","0","0","t","0"
"2015","SP","Não-Metálicos","Fosfato","581417,57999999996","t","199193,660000000000000","t","P2O5","0","t","0","543891,57999999996","t","173574652,06","0","t","0"
"2015","SP","Não-Metálicos","Rochas (Britadas) e Cascalho","70980731,420000017","t",",000000000000000","-","","65440172,39000003","t","1694772753,6300001","620504,13","t","6536355,4299999997","2011226,22","t","43760706,990000002"
"2015","SP","Não-Metálicos","Rochas Ornamentais","3735","t",",000000000000000","-","","3764,5999999999999","t","4119675,6099999999","0","t","0","0","t","0"
"2015","SP","Não-Metálicos","Talco e outras Cargas Minerais","690511,37000000011","t",",000000000000000","-","","688732,21999999997","t","39027898,790000007","0","t","0","1779,1500000000001","t","70739,190000000002"
"2015","TO","Metálicos","Ouro","24,670730000000002","kg","24,251930000000000","kg","Au","24,670730000000002","kg","2847714,1500000004","0","kg","0","0","kg","0"
"2015","TO","Não-Metálicos","Areia","66196,470000000001","t",",000000000000000","-","","66432,470000000001","t","1730039,3","0","t","0","0","t","0"
"2015","TO","Não-Metálicos","Argilas","120634,82000000001","t",",000000000000000","-","","0","t","0","0","t","0","120634,82000000001","t","1204135,8100000001"
"2015","TO","Não-Metálicos","Calcário","3463843,9700000002","t",",000000000000000","-","","2583270,6499999994","t","101507527,91999999","0","t","0","881615,81999999995","t","16686944"
"2015","TO","Não-Metálicos","Fosfato","766","t","34,470000000000000","t","P2O5","33121,119999999995","t","1092139,3","0","t","0","0","t","0"
"2015","TO","Não-Metálicos","Minerais Industriais (Outros)","75","t",",000000000000000","-","","75","t","3462478","0","t","0","0","t","0"
"2015","TO","Não-Metálicos","Rochas (Britadas) e Cascalho","861946,75999999989","t",",000000000000000","-","","811341,79999999993","t","32793050,130000006","5231,2200000000003","t","12","0","t","0"
"2016","AL","Não-Metálicos","Calcário","545695,51000000001","t",",000000000000000","-","","103279,50999999999","t","12020688,27","0","t","0","439843","t","5735458,7000000002"
"2016","AL","Não-Metálicos","Rochas (Britadas) e Cascalho","1057140,73","t",",000000000000000","-","","1126618,03","t","38946411,609999999","352","t","5534,1000000000004","0","t","0"
"2016","AM","Metálicos","Columbita-Tantalita","9498,2800000000007","t","1102,600000000000000","t","Nb2O5","0","t","0","0","t","0","9327,2600000000002","t","34813627,68"
"2016","AM","Metálicos","Columbita-Tantalita","9498,2800000000007","t","1102,600000000000000","t","Ta2O5","0","t","0","0","t","0","9327,2600000000002","t","34813627,68"
"2016","AM","Metálicos","Estanho","14177809","kg","7088904,500000000000000","kg","Sn","0","kg","0","0","kg","0","14180552","kg","363778845,12"
"2016","AM","Metálicos","Ouro","90,670140000000004","kg","90,670140000000000","kg","Au","90,670140000000004","kg","10926722,33","0","kg","0","0","kg","0"
"2016","AM","Não-Metálicos","Rochas (Britadas) e Cascalho","550843,35999999999","t",",000000000000000","-","","465777,09000000003","t","29650486,350000001","0","t","0","0","t","0"
"2016","AP","Metálicos","Ferro","0","t",",000000000000000","t","Fe","0","t","0","0","t","0","0","t","0"
"2016","AP","Metálicos","Ouro","4777,4790400000011","kg","4775,996090000000000","kg","Au","5248,2145100000016","kg","658685504,55000007","0","kg","0","0","kg","0"
"2016","AP","Não-Metálicos","Rochas (Britadas) e Cascalho","66502,520000000004","t",",000000000000000","-","","108653,67000000001","t","5912791,3900000006","0","t","0","0","t","0"
"2016","BA","Gemas e Diamantes","Diamante","116994,8","ct","116994,800000000000000","ct","","58053,300000000003","ct","36239276,030000001","0","ct","0","0","ct","0"
"2016","BA","Gemas e Diamantes","Gemas","9940,1000000000004","kg","9940,100000000000000","kg","","9940,1000000000004","kg","5976187,4500000002","0","kg","0","0","kg","0"
"2016","BA","Metálicos","Chumbo","0","t",",000000000000000","t","Pb","0","t","0","0","t","0","0","t","0"
"2016","BA","Metálicos","Cobre","14355,07","t","4895,200000000000000","t","Cu","14889,549999999999","t","64756663,200000003","0","t","0","0","t","0"
"2016","BA","Metálicos","Cromo","426337,72999999998","t","166259,130000000000000","t","Cr2O3","86599,239999999991","t","68265651,040000007","11507","t","5026808,2199999997","351005,13","t","155346204,24000001"
"2016","BA","Metálicos","Ferro","0","t",",000000000000000","t","Fe","5286,5","t","205606,51000000001","0","t","0","0","t","0"
"2016","BA","Metálicos","Manganês","300","t","99,000000000000000","t","Mn","336,38999999999999","t","45412,650000000001","0","t","0","0","t","0"
"2016","BA","Metálicos","Níquel","27025","t","3876,460000000000000","t"," Ni","38961,25","t","102351558,59999999","0","t","0","0","t","0"
"2016","BA","Metálicos","Ouro","6160,2179699999997","kg","6160,217970000000000","kg","Au","6247,6431900000007","kg","806205201,17000008","0","kg","0","0","kg","0"
"2016","BA","Metálicos","Vanádio","345916","t","11685,000000000000000","t","V","0","t","0","0","t","0","345916","t","93210418"
"2016","BA","Não-Metálicos","Areias Industriais","88620","t",",000000000000000","-","","0","t","0","0","t","0","79948,539999999994","t","7314715,2600000007"
"2016","BA","Não-Metálicos","Argilas","341011,83000000007","t",",000000000000000","-","","323156,71000000002","t","77990846,670000002","10565,530000000001","t","110142,02","7232","t","0"
"2016","BA","Não-Metálicos","Calcário","1496622,97","t",",000000000000000","-","","448630,89000000007","t","20323956,27","21105,48","t","1360529,8899999999","986161,59999999998","t","16428571,4"
"2016","BA","Não-Metálicos","Diatomita","3130,04","t",",000000000000000","-","","3081,8299999999999","t","10911001,800000001","0","t","0","0","t","0"
"2016","BA","Não-Metálicos","Dolomito e Magnesita","1655884,23","t",",000000000000000","-","","387214,53000000003","t","499144169,94999999","148887,32999999999","t","4244269,2800000003","895098","t","54612678,070000008"
"2016","BA","Não-Metálicos","Feldspato, Leucita e Nefelina-Sienito","1554,5999999999999","t",",000000000000000","-","","1554,5999999999999","t","220790","0","t","0","0","t","0"
"2016","BA","Não-Metálicos","Fosfato","226001,44","t","72320,460000000000000","t","P2O5","0","t","0","0","t","0","230590,45999999999","t","36961056,710000001"
"2016","BA","Não-Metálicos","Gipsita","1097,6800000000001","t",",000000000000000","-","","0","t","0","1097,6800000000001","t","28737,27","0","t","0"
"2016","BA","Não-Metálicos","Rochas (Britadas) e Cascalho","6850366,9899999993","t",",000000000000000","-","","6234569,5799999991","t","225477293,39999998","76128","t","2235100,6600000001","134011,5","t","1265459,23"
"2016","BA","Não-Metálicos","Rochas Ornamentais","5618,6400000000003","t",",000000000000000","-","","5946,7699999999995","t","4176768,6699999999","0","t","0","0","t","0"
"2016","BA","Não-Metálicos","Rochas Ornamentais - Outras","1619","t",",000000000000000","-","","1619","t","56756","0","t","0","0","t","0"
"2016","BA","Não-Metálicos","Talco e outras Cargas Minerais","107580,54000000001","t",",000000000000000","-","","67384,279999999999","t","119597179,38","0","t","0","383,00999999999999","t","626158,38"
"2016","CE","Metálicos","Ferro","0","t",",000000000000000","t","Fe","29077,400000000001","t","2653603,52","0","t","0","0","t","0"
"2016","CE","Não-Metálicos","Areias Industriais","141595,81","t",",000000000000000","-","","0","t","0","0","t","0","141595,81","t","2986842,6400000001"
"2016","CE","Não-Metálicos","Argilas","64233,220000000001","t",",000000000000000","-","","31113,939999999999","t","6081700,46","26379,279999999999","t","456314,69","6820","t","31166,66"
"2016","CE","Não-Metálicos","Calcário","3945316,1899999999","t",",000000000000000","-","","338742,09999999998","t","18979668,380000003","1605357,48","t","30132939,539999999","1893779,55","t","35977180,719999999"
"2016","CE","Não-Metálicos","Dolomito e Magnesita","5098,4499999999998","t",",000000000000000","-","","0","t","0","5098,4499999999998","t","137167,23000000001","0","t","0"
"2016","CE","Não-Metálicos","Gipsita","2346,8800000000001","t",",000000000000000","-","","0","t","0","2346,8800000000001","t","61441,32","0","t","0"
"2016","CE","Não-Metálicos","Rochas (Britadas) e Cascalho","5122000,5099999998","t",",000000000000000","-","","5025350,7799999993","t","157282701,35999998","13886","t","255698,89999999999","0","t","0"
"2016","DF","Não-Metálicos","Argilas","243382,98999999999","t",",000000000000000","-","","0","t","0","0","t","0","243382,98999999999","t","11609854,77"
"2016","DF","Não-Metálicos","Calcário","3335310,3899999997","t",",000000000000000","-","","0","t","0","0","t","0","3335310,3900000001","t","47427396,350000001"
"2016","DF","Não-Metálicos","Rochas (Britadas) e Cascalho","1918529,8400000001","t",",000000000000000","-","","1915818,8700000001","t","43150943,490000002","0","t","0","2710,9699999999998","t","138500,78"
"2016","ES","Gemas e Diamantes","Gemas","3,3000000000000003","kg","3,294990000000000","kg","","3,3000000000000003","kg","224822","0","kg","0","0","kg","0"
"2016","ES","Metálicos","Ferro","0","t",",000000000000000","t","Fe","0","t","0","0","t","0","0","t","0"
"2016","ES","Não-Metálicos","Argilas","2832,9200000000001","t",",000000000000000","-","","2843,5","t","526360,80000000005","0","t","0","0","t","0"
"2016","ES","Não-Metálicos","Calcário","601321,30000000005","t",",000000000000000","-","","601610,94000000006","t","52265729,120000005","0","t","0","0","t","0"
"2016","ES","Não-Metálicos","Rochas (Britadas) e Cascalho","5926229,1699999999","t",",000000000000000","-","","4688464,79","t","97098072,299999982","61991,68","t","2169711,2599999998","0","t","0"
"2016","ES","Não-Metálicos","Rochas Ornamentais","336029,36999999994","t",",000000000000000","-","","320006,29000000004","t","541668050,08999979","0","t","0","0","t","0"
"2016","GO","Gemas e Diamantes","Diamante","166,49000000000001","ct",",000000000000000","ct","","0","ct","0","0","ct","0","0","ct","0"
"2016","GO","Metálicos","Alumínio (Bauxita)","733565,82000000007","t","388789,880000000000000","t","Al2O3","652854,96999999997","t","39874940,07","0","t","0","0","t","0"
"2016","GO","Metálicos","Cobalto","0","t","407,980000000000000","t","Co","0","t","0","0","t","0","0","t","0"
"2016","GO","Metálicos","Cobre","216332,47","t","52461,000000000000000","t","Cu","217229,34","t","1166121587,75","0","t","0","0","t","0"
"2016","GO","Metálicos","Ferro","24023,029999999999","t","16000,000000000000000","t","Fe","24023,029999999999","t","1852175,5800000001","0","t","0","0","t","0"
"2016","GO","Metálicos","Nióbio","23235,322780000002","t","12274,588590000000000","t","Nb2O5","0","t","0","0","t","0","23235,322780000002","t","747658394,42000008"
"2016","GO","Metálicos","Níquel","169075,57000000012","t","50615,050000000000000","t"," Ni","157547,89999999997","t","1481354928,22","0","t","0","13122,360000000102","t","245965074,78999999"
"2016","GO","Metálicos","Ouro","6814,2525400000004","kg","6814,252540000000000","kg","Au","6731,8847999999998","kg","926913025,57999992","0","kg","0","0","kg","0"
"2016","GO","Metálicos","Prata","233,874","kg","233,874000000000000","kg","Ag","239,947","kg","570876","0","kg","0","0","kg","0"
"2016","GO","Não-Metálicos","Amianto","177677","t","177677,000000000000000","t","","183214,79999999999","t","397901242,76999998","0","t","0","0","t","0"
"2016","GO","Não-Metálicos","Areia","553430,20999999996","t",",000000000000000","-","","522720,02000000002","t","14332582,600000001","0","t","0","0","t","0"
"2016","GO","Não-Metálicos","Areias Industriais","104932,5","t",",000000000000000","-","","103315,06999999999","t","3227793,5600000001","1,01","t","950","0","t","0"
"2016","GO","Não-Metálicos","Argilas","26825,790000000001","t",",000000000000000","-","","6045,79","t","178790,29000000001","19910","t","159280","0","t","0"
"2016","GO","Não-Metálicos","Bário","12133,4","t","7263,050000000000000","t","BaSO4","14347,4","t","3372336,5699999998","0","t","0","0","t","0"
"2016","GO","Não-Metálicos","Calcário","6238110,9400000004","t",",000000000000000","-","","4617498,54","t","204572464,59","550820,43000000005","t","550820,43000000005","1010455,92","t","16292699,07"
"2016","GO","Não-Metálicos","Dolomito e Magnesita","650579,21999999997","t",",000000000000000","-","","664878,54000000004","t","28947040,449999999","0","t","0","0","t","0"
"2016","GO","Não-Metálicos","Fosfato","2310693,3000000003","t","826920,400000000000000","t","P2O5","42320,120000000003","t","10280559,390000001","130017,41","t","12019450,65","2331651,25","t","524643562,92999995"
"2016","GO","Não-Metálicos","Rochas (Britadas) e Cascalho","6745678,4300000006","t",",000000000000000","-","","6330206,3999999994","t","181383487,48000005","115215,82000000001","t","335387,71000000002","158233,12","t","4784121,5499999998"
"2016","GO","Não-Metálicos","Talco e outras Cargas Minerais","800","t",",000000000000000","-","","800","t","80000","0","t","0","0","t","0"
"2016","GO","Não-Metálicos","Vermiculita e Perlita","55147","t","51556,930000000000000","t","","50121,099999999999","t","48104343,880000003","0","t","0","0","t","0"
"2016","MA","Não-Metálicos","Argilas","36807,220000000001","t",",000000000000000","-","","0","t","0","36807,220000000001","t","527483,53000000003","0","t","0"
"2016","MA","Não-Metálicos","Calcário","41789,57","t",",000000000000000","-","","41870,690000000002","t","18944025,07","0","t","0","0","t","0"
"2016","MA","Não-Metálicos","Gipsita","17036,950000000001","t",",000000000000000","-","","17036,950000000001","t","822981,62","0","t","0","0","t","0"
"2016","MA","Não-Metálicos","Rochas (Britadas) e Cascalho","3575650,8499999996","t",",000000000000000","-","","3490746,5099999998","t","136233944,00999999","14939,85","t","179304,23999999999","0","t","0"
"2016","MG","Gemas e Diamantes","Diamante","3805,2099999999996","ct","3491,810000000000000","ct","","3229,0499999999997","ct","42339592,039999999","0","ct","0","0","ct","0"
"2016","MG","Gemas e Diamantes","Gemas","381,52695999999997","kg","340,210970000000000","kg","","238,27517999999998","kg","39624649,199999996","0","kg","0","0","kg","0"
"2016","MG","Metálicos","Alumínio (Bauxita)","1572287,2300000002","t","693451,720000000000000","t","Al2O3","152730,51999999999","t","5606753,2499999991","0","t","0","1439659,9600000002","t","81419856,430000007"
"2016","MG","Metálicos","Chumbo","18238,580000000002","t","9014,840000000000000","t","Pb","18582,279999999999","t","47130364,950000003","0","t","0","0","t","0"
"2016","MG","Metálicos","Columbita-Tantalita","527,03999999999996","t","125,301500000000000","t","Ta2O5","436,86000000000001","t","100981286,08","0","t","0","0","t","0"
"2016","MG","Metálicos","Estanho","143699","kg","80471,000000000000000","kg","Sn","143699","kg","3860016,9300000002","0","kg","0","0","kg","0"
"2016","MG","Metálicos","Ferro","268638311,29999995","t","169060031,150000000000000","t","Fe","222393958,17999995","t","25333506045,579994","0","t","0","47563182,960000001","t","3347000673,4900002"
"2016","MG","Metálicos","Lítio","8804","t","440,200000000000000","t","Li2O","266","t","360920","0","t","0","8519,8899999999994","t","11682061,76"
"2016","MG","Metálicos","Manganês","77402,190000000002","t","12561,840000000000000","t","Mn","130805,31000000001","t","14223291,24","0","t","0","0","t","0"
"2016","MG","Metálicos","Nióbio","109040","t","58881,000000000000000","t","Nb2O5","0","t","0","0","t","0","109040","t","255927790,5"
"2016","MG","Metálicos","Níquel","0","t",",000000000000000","t"," Ni","0","t","0","0","t","0","0","t","0"
"2016","MG","Metálicos","Ouro","32278,590110000001","kg","32278,516190000000000","kg","Au","32687,842780000003","kg","4397919048,8100004","0","kg","0","0","kg","0"
"2016","MG","Metálicos","Prata","4204,1530000000002","kg","4204,153000000000000","kg","Ag","4157,1809400000002","kg","7384130,2400000002","0","kg","0","0","kg","0"
"2016","MG","Metálicos","Zinco","411850,95000000001","t","158191,810000000000000","t","Zn","58574,369999999995","t","114990160,23999999","0","t","0","350086,03999999998","t","233234406,58000001"
"2016","MG","Não-Metálicos","Areia","635828,20000000007","t",",000000000000000","-","","623175,58000000007","t","20444326,970000003","0","t","0","0","t","0"
"2016","MG","Não-Metálicos","Areias Industriais","644229,92000000004","t",",000000000000000","-","","218807,29999999999","t","25158438,670000002","0","t","0","387410,71000000002","t","6792658,25"
"2016","MG","Não-Metálicos","Argilas","1500759,24","t",",000000000000000","-","","600876,25000000012","t","52895673,229999989","178665,67999999999","t","1250422,79","751425,45000000007","t","4745365,5800000001"
"2016","MG","Não-Metálicos","Calcário","37435884,980000004","t",",000000000000000","-","","14273209,940000003","t","457986745,7750001","4339095,9400000004","t","37572461,460000001","16308250,469999999","t","232343512,22000006"
"2016","MG","Não-Metálicos","Cianita e outros minerais refratários","42","t",",000000000000000","-","","212,84999999999999","t","211616,67000000001","0","t","0","0","t","0"
"2016","MG","Não-Metálicos","Enxofre","195342,48000000001","t","63785,300000000000000","t","S","182584,72","t","55155521","0","t","0","0","t","0"
"2016","MG","Não-Metálicos","Feldspato, Leucita e Nefelina-Sienito","162661,37","t",",000000000000000","-","","181556,07999999999","t","28783318,109999999","0","t","0","0","t","0"
"2016","MG","Não-Metálicos","Fosfato","2612996,5499999998","t","886069,460000000000000","t","P2O5","16523,110000000001","t","2665767,2999999998","453798,57000000001","t","210628296,38999999","2156622,8900000001","t","798054319,76999986"
"2016","MG","Não-Metálicos","Grafita","61867,120000000003","t","57774,170000000000000","t","","64094,800000000003","t","205919893,86000001","0","t","0","0","t","0"
"2016","MG","Não-Metálicos","Rochas (Britadas) e Cascalho","15635737,509999996","t",",000000000000000","-","","14869486,462499995","t","472220679,88499987","94292","t","2530366,6699999999","142616,98999999999","t","2455472,7000000002"
"2016","MG","Não-Metálicos","Rochas Ornamentais","9884,7999999999993","t",",000000000000000","-","","0","t","0","9593,9799999999996","t","1845275,5900000001","0","t","0"
"2016","MG","Não-Metálicos","Rochas Ornamentais - Outras","150,91999999999999","t",",000000000000000","-","","137,19999999999999","t","90962,850000000006","0","t","0","0","t","0"
"2016","MG","Não-Metálicos","Talco e outras Cargas Minerais","207043,83999999997","t",",000000000000000","-","","183004,78749999998","t","22147503,569999997","0","t","0","0","t","0"
"2016","MS","Metálicos","Ferro","3503362","t","2181375,320000000000000","t","Fe","3601178,1100000003","t","317895881,31","0","t","0","0","t","0"
"2016","MS","Metálicos","Manganês","651553","t","271074,260000000000000","t","Mn","670889","t","219549031,46000001","0","t","0","0","t","0"
"2016","MS","Não-Metálicos","Areia","376038,61999999994","t",",000000000000000","-","","383946,31000000006","t","6227598,4500000002","0","t","0","0","t","0"
"2016","MS","Não-Metálicos","Argilas","285987,22000000003","t",",000000000000000","-","","109004,65000000001","t","3789556,1600000001","169736,22","t","3354406,8099999996","0","t","0"
"2016","MS","Não-Metálicos","Calcário","2906993,9500000002","t",",000000000000000","-","","2433117,0200000005","t","107392840,11","0","t","0","490410,97999999998","t","4913548,6399999997"
"2016","MS","Não-Metálicos","Rochas (Britadas) e Cascalho","4143498,6999999997","t",",000000000000000","-","","3217255,4599999995","t","111776387,94000001","260712,56","t","3636290,9300000002","84089,949999999997","t","1023529,73"
"2016","MS","Não-Metálicos","Talco e outras Cargas Minerais","197095,01999999999","t",",000000000000000","-","","0","t","0","0","t","0","197095,01999999999","t","2438510,2000000002"
"2016","MT","Gemas e Diamantes","Diamante","52410,729999999996","ct","52410,730000000000000","ct","","22859,689999999999","ct","2295866,0499999998","0","ct","0","0","ct","0"
"2016","MT","Metálicos","Estanho","288743","kg","193458,000000000000000","kg","Sn","314348","kg","7406042,2599999998","0","kg","0","0","kg","0"
"2016","MT","Metálicos","Manganês","1676,0599999999999","t","670,420000000000000","t","Mn","1676,0599999999999","t","643352","0","t","0","0","t","0"
"2016","MT","Metálicos","Ouro","7046,1184800000001","kg","7036,687940000000000","kg","Au","7070,8705499999996","kg","887538078,22000015","6,8091200000000001","kg","252430,95000000001","6,8091200000000001","kg","252430,95000000001"
"2016","MT","Não-Metálicos","Areia","35248,660000000003","t",",000000000000000","-","","33628,660000000003","t","500456,26000000001","0","t","0","0","t","0"
"2016","MT","Não-Metálicos","Argilas","646681,58999999997","t",",000000000000000","-","","573394,58999999997","t","22066819,040000003","59028,520000000004","t","1314870,96","720","t","108150"
"2016","MT","Não-Metálicos","Calcário","6209228,9500000011","t",",000000000000000","-","","4579211,7400000002","t","213838667,00000003","1489248,6899999999","t","18236775,600000001","0","t","0"
"2016","MT","Não-Metálicos","Dolomito e Magnesita","2159438,96","t",",000000000000000","-","","2067533,9700000002","t","98864199,36999999","0","t","0","0","t","0"
"2016","MT","Não-Metálicos","Quartzo (Cristal) e outros Piezelétricos","0,70000000000000007","t",",000000000000000","-","","0,70000000000000007","t","1925","0","t","0","0","t","0"
"2016","MT","Não-Metálicos","Rochas (Britadas) e Cascalho","3224564,3399999999","t",",000000000000000","-","","3070643,5100000002","t","90257449,590000018","2468","t","41956","28000","t","395000"
"2016","PA","Gemas e Diamantes","Diamante","6293,6300000000001","ct","6293,630000000000000","ct","","6293,6300000000001","ct","1251503,97","0","ct","0","0","ct","0"
"2016","PA","Metálicos","Alumínio (Bauxita)","35221777,329999998","t","17307652,090000000000000","t","Al2O3","35254712,329999998","t","3313048309,73","0","t","0","0","t","0"
"2016","PA","Metálicos","Cobre","882328,76000000013","t","280271,590000000000000","t","Cu","871982,15000000002","t","4290874866,48","0","t","0","0","t","0"
"2016","PA","Metálicos","Estanho","3316834,8399999999","kg","2126963,890000000000000","kg","Sn","3300244,8300000001","kg","82974363,150000006","0","kg","0","0","kg","0"
"2016","PA","Metálicos","Ferro","148123063,85999998","t","96672090,360000000000000","t","Fe","149041546,47","t","16988504819,709999","0","t","0","317419","t","17769016,260000002"
"2016","PA","Metálicos","Manganês","2050046,1499999999","t","884381,680000000000000","t","Mn","1700556,8799999999","t","647176344,27999997","0","t","0","0","t","0"
"2016","PA","Metálicos","Níquel","79736,399999999994","t","24134,360000000000000","t"," Ni","80074,539999999994","t","722075481,70000005","0","t","0","0","t","0"
"2016","PA","Metálicos","Ouro","11022,881469999998","kg","11022,881460000000000","kg","Au","4211,0904200000004","kg","470263270,25","0","kg","0","0","kg","0"
"2016","PA","Metálicos","Prata","455,08020000000005","kg","455,080200000000000","kg","Ag","472,44999999999999","kg","961837,03000000003","0","kg","0","0","kg","0"
"2016","PA","Metálicos","Tungstênio","0","t",",000000000000000","t","WO3","0","t","0","0","t","0","0","t","0"
"2016","PA","Não-Metálicos","Areia","6116,8800000000001","t",",000000000000000","-","","6116,8800000000001","t","277632,46000000002","0","t","0","0","t","0"
"2016","PA","Não-Metálicos","Areias Industriais","24200,110000000001","t",",000000000000000","-","","24200,110000000001","t","4809097,5","0","t","0","0","t","0"
"2016","PA","Não-Metálicos","Argilas","36987,529999999999","t",",000000000000000","-","","12582,779999999999","t","368432,58000000002","0","t","0","24404,75","t","251902,87"
"2016","PA","Não-Metálicos","Calcário","924347,66000000003","t",",000000000000000","-","","235451,76000000001","t","10437516,859999999","0","t","0","693501,90000000002","t","15483737,050000001"
"2016","PA","Não-Metálicos","Caulim","1524886,54","t",",000000000000000","-","","1552325,3","t","733152117,05000007","0","t","0","0","t","0"
"2016","PA","Não-Metálicos","Fosfato","62743,360000000001","t","12227,340000000000000","t","P2O5","40598","t","25073246,02","0","t","0","0","t","0"
"2016","PA","Não-Metálicos","Rochas (Britadas) e Cascalho","1743049,47","t",",000000000000000","-","","1642182,8299999998","t","74913215,229999989","0","t","0","13250","t","219420"
"2016","PB","Metálicos","Titânio","111703,99000000001","t","62228,540000000000000","t","TiO2","71884,289999999994","t","40668303,149999999","0","t","0","15432,139999999999","t","5335557,9100000001"
"2016","PB","Metálicos","Zircônio","19887,029999999999","t","12876,540000000000000","t","ZrSiO4","18271","t","72572184,010000005","0","t","0","0","t","0"
"2016","PB","Não-Metálicos","Areia","8227,2999999999993","t",",000000000000000","-","","12947,59","t","62140,690000000002","0","t","0","0","t","0"
"2016","PB","Não-Metálicos","Areias Industriais","59004,790000000001","t",",000000000000000","-","","1068","t","32040","0","t","0","58308,18","t","3787181,6099999999"
"2016","PB","Não-Metálicos","Argilas","313879,23999999999","t",",000000000000000","-","","236855,55999999997","t","128366872,94000001","0","t","0","79938","t","613369,30000000005"
"2016","PB","Não-Metálicos","Calcário","2568419,6899999999","t",",000000000000000","-","","1336256,25","t","40606500,82","0","t","0","1232163,4399999999","t","17408752,739999998"
"2016","PB","Não-Metálicos","Cianita e outros minerais refratários","1183,6800000000001","t",",000000000000000","-","","897","t","1066208,23","0","t","0","0","t","0"
"2016","PB","Não-Metálicos","Feldspato, Leucita e Nefelina-Sienito","13609","t",",000000000000000","-","","13609","t","735850,69999999995","0","t","0","0","t","0"
"2016","PB","Não-Metálicos","Rochas (Britadas) e Cascalho","1341686,8900000001","t",",000000000000000","-","","1351271,98","t","35149698,759999998","2690","t","48522,900000000001","11557","t","312900"
"2016","PB","Não-Metálicos","Rochas Ornamentais","9071","t",",000000000000000","-","","7960,04","t","16388994,57","1285,54","t","948860,93999999994","0","t","0"
"2016","PE","Não-Metálicos","Areia","0","t",",000000000000000","-","","0","t","0","0","t","0","0","t","0"
"2016","PE","Não-Metálicos","Areias Industriais","116667,73999999999","t",",000000000000000","-","","4485","t","49587,150000000001","0","t","0","86524,5","t","2300086,9399999999"
"2016","PE","Não-Metálicos","Argilas","103328,05","t",",000000000000000","-","","16451,52","t","1713502,0600000001","16429,139999999999","t","311003,60999999999","70454,389999999999","t","348978,51000000001"
"2016","PE","Não-Metálicos","Calcário","192006,46000000002","t",",000000000000000","-","","19005","t","349500","153209,76000000001","t","4544201,4800000004","19791,689999999999","t","271525,15999999997"
"2016","PE","Não-Metálicos","Dolomito e Magnesita","156,81999999999999","t",",000000000000000","-","","156,81999999999999","t","23282,299999999999","0","t","0","0","t","0"
"2016","PE","Não-Metálicos","Gipsita","900136,8600000001","t",",000000000000000","-","","653821,52000000025","t","28088375,879999999","0","t","0","162569,5","t","13341643,98"
"2016","PE","Não-Metálicos","Rochas (Britadas) e Cascalho","3322041,7199999997","t",",000000000000000","-","","3392020,9199999995","t","91061263,640000001","0","t","0","11399,809999999999","t","284994,94"
"2016","PE","Não-Metálicos","Vermiculita e Perlita","3670,9300000000003","t","2968,410000000000000","t","","1532,0899999999999","t","2325088,0600000001","0","t","0","0","t","0"
"2016","PI","Metálicos","Níquel","73,170000000000002","t","25,590000000000000","t"," Ni","73,170000000000002","t","570817,39000000001","0","t","0","0","t","0"
"2016","PI","Não-Metálicos","Argilas","24698,559999999998","t",",000000000000000","-","","3489,9400000000001","t","479844,40000000002","21208,619999999999","t","385317,34000000003","0","t","0"
"2016","PI","Não-Metálicos","Calcário","226978","t",",000000000000000","-","","226208,77000000002","t","15038317,880000001","0","t","0","769,23000000000002","t","38461,5"
"2016","PI","Não-Metálicos","Dolomito e Magnesita","5081,9499999999998","t",",000000000000000","-","","4630,1800000000003","t","230440,44","0","t","0","451,76999999999998","t","22588,5"
"2016","PI","Não-Metálicos","Rochas (Britadas) e Cascalho","812100,23999999999","t",",000000000000000","-","","731383,62","t","27487801,259999998","14396,92","t","525040,19999999995","180","t","9000"
"2016","PR","Energéticos","Carvão Mineral","103873,67","t",",000000000000000","-","","103852,67","t","34884967,189999998","0","t","0","0","t","0"
"2016","PR","Metálicos","Ouro","324,20196000000004","kg","324,169820000000000","kg","Au","321","kg","43832125,299999997","0","kg","0","0","kg","0"
"2016","PR","Metálicos","Prata","43,092610000000001","kg","43,049520000000000","kg","Ag","18","kg","38700","0","kg","0","0","kg","0"
"2016","PR","Não-Metálicos","Areia","2079530,0099999998","t",",000000000000000","-","","2074662,1599999997","t","33179624,299999997","0","t","0","0","t","0"
"2016","PR","Não-Metálicos","Areias Industriais","13193,310000000012","t",",000000000000000","-","","13193,309999999983","t","408907,03999999998","0","t","0","0","t","0"
"2016","PR","Não-Metálicos","Argilas","43968,610000000001","t",",000000000000000","-","","26926","t","4806128,8700000001","17042,610000000001","t","149100,98000000001","0","t","0"
"2016","PR","Não-Metálicos","Calcário","11961121,479999997","t",",000000000000000","-","","2463160,7899999996","t","76602792,780000001","85442","t","433800","9422848,3200000003","t","108024097,84"
"2016","PR","Não-Metálicos","Caulim","1552,8800000000001","t",",000000000000000","-","","1552,8800000000001","t","578016,09999999998","0","t","0","0","t","0"
"2016","PR","Não-Metálicos","Dolomito e Magnesita","327443,78999999998","t",",000000000000000","-","","328502,57000000001","t","7604931,2199999997","0","t","0","0","t","0"
"2016","PR","Não-Metálicos","Feldspato, Leucita e Nefelina-Sienito","78330","t",",000000000000000","-","","0","t","0","0","t","0","72062,279999999999","t","2161868,3999999999"
"2016","PR","Não-Metálicos","Fluorita e Criolita","18152,560000000001","t","14938,740000000000000","t","","18700,560000000001","t","16674344,290000001","0","t","0","0","t","0"
"2016","PR","Não-Metálicos","Rochas (Britadas) e Cascalho","16124612,020000001","t",",000000000000000","-","","14880577,090000002","t","375380394,81999999","733887,33999999997","t","7488290,5199999996","247403,48999999999","t","2877275,2699999996"
"2016","PR","Não-Metálicos","Rochas Ornamentais","5750,4299999999994","t",",000000000000000","-","","4824,1500000000005","t","872296,57000000007","0","t","0","0","t","0"
"2016","PR","Não-Metálicos","Talco e outras Cargas Minerais","60350,18","t",",000000000000000","-","","58420,460000000006","t","8333014,7199999988","0","t","0","1922,8199999999999","t","85296,899999999994"
"2016","RJ","Metálicos","Monazita e Terras-Raras","3700","t","3700,000000000000000","t","ETR","3700","t","5130736","0","t","0","0","t","0"
"2016","RJ","Metálicos","Titânio","4279","t","4279,000000000000000","t","TiO2","4279","t","3123737,6799999997","0","t","0","0","t","0"
"2016","RJ","Metálicos","Zircônio","1415","t","1415,000000000000000","t","ZrSiO4","1415","t","3308754,54","0","t","0","0","t","0"
"2016","RJ","Não-Metálicos","Areia","114056","t",",000000000000000","-","","114056","t","1460428,54","0","t","0","0","t","0"
"2016","RJ","Não-Metálicos","Areias Industriais","0","t",",000000000000000","-","","257,91000000000003","t","5682,6000000000004","0","t","0","0","t","0"
"2016","RJ","Não-Metálicos","Argilas","135487,29999999999","t",",000000000000000","-","","0","t","0","0","t","0","135487,29999999999","t","621826,08000000007"
"2016","RJ","Não-Metálicos","Calcário","2650747,9099999997","t",",000000000000000","-","","54157,439999999995","t","4490153,4900000002","0","t","0","2594196,4699999997","t","25439453,469999999"
"2016","RJ","Não-Metálicos","Dolomito e Magnesita","84530,949999999997","t",",000000000000000","-","","84530,949999999997","t","7895575,71","0","t","0","0","t","0"
"2016","RJ","Não-Metálicos","Fluorita e Criolita","3322","t","3322,000000000000000","t","","5478,1700000000001","t","3503119,6299999999","0","t","0","0","t","0"
"2016","RJ","Não-Metálicos","Rochas (Britadas) e Cascalho","16982401,730000004","t",",000000000000000","-","","16400519,900000004","t","471277646,26999992","0","t","0","0","t","0"
"2016","RN","Gemas e Diamantes","Gemas","62,560000000000002","kg","62,560000000000000","kg","","14,594940000000001","kg","1329607,48","0","kg","0","0","kg","0"
"2016","RN","Metálicos","Ferro","0","t",",000000000000000","t","Fe","26771,34","t","1360772,3999999999","0","t","0","0","t","0"
"2016","RN","Metálicos","Ouro","56,79468","kg","56,794680000000000","kg","Au","55,696940000000005","kg","7457335,1200000001","0","kg","0","0","kg","0"
"2016","RN","Metálicos","Tungstênio","462,10000000000002","t","322,670000000000000","t","WO3","486,92000000000002","t","16290291,640000001","0","t","0","0","t","0"
"2016","RN","Não-Metálicos","Argilas","37805,18","t",",000000000000000","-","","0","t","0","37805,18","t","30468,509999999998","0","t","0"
"2016","RN","Não-Metálicos","Calcário","1597004,71","t",",000000000000000","-","","64009,540000000001","t","6712107,1799999997","1532995,1699999999","t","34935336,489999995","0","t","0"
"2016","RN","Não-Metálicos","Feldspato, Leucita e Nefelina-Sienito","6047","t",",000000000000000","-","","6038,3500000000004","t","2674497,3599999999","0","t","0","0","t","0"
"2016","RN","Não-Metálicos","Gipsita","1284,5999999999999","t",",000000000000000","-","","0","t","0","1284,5999999999999","t","41492,580000000002","0","t","0"
"2016","RN","Não-Metálicos","Rochas (Britadas) e Cascalho","906380,94999999995","t",",000000000000000","-","","903286,52999999991","t","22860343,039999999","7143,8100000000004","t","115729,07000000001","0","t","0"
"2016","RN","Não-Metálicos","Rochas Ornamentais","7987,3200000000006","t",",000000000000000","-","","7116,1999999999998","t","14781284,58","0","t","0","0","t","0"
"2016","RO","Metálicos","Columbita-Tantalita","6399,4700000000003","t","425,993000000000000","t","Nb2O5","6430,7300000000005","t","36315252,170000002","0","t","0","0","t","0"
"2016","RO","Metálicos","Columbita-Tantalita","2536,0999999999999","t","109,000000000000000","t","Ta2O5","2536,0999999999999","t","10588408,120000001","0","t","0","0","t","0"
"2016","RO","Metálicos","Estanho","10175104,52","kg","6298607,090000000000000","kg","Sn","10256709,129999999","kg","309003406,1099999","0","kg","0","0","kg","0"
"2016","RO","Metálicos","Manganês","99740,75","t","29922,040000000000000","t","Mn","133233,17999999999","t","20597813,98","0","t","0","0","t","0"
"2016","RO","Metálicos","Ouro","1147,0228599999998","kg","1144,957860000000000","kg","Au","1147,8948499999999","kg","144627007,57000002","0","kg","0","0","kg","0"
"2016","RO","Não-Metálicos","Areia","15870,6","t",",000000000000000","-","","15870,6","t","452510","0","t","0","0","t","0"
"2016","RO","Não-Metálicos","Argilas","2164,5","t",",000000000000000","-","","2164,5","t","27102,5","0","t","0","0","t","0"
"2016","RO","Não-Metálicos","Calcário","310682","t",",000000000000000","-","","296403,17000000004","t","11811389,49","0","t","0","0","t","0"
"2016","RO","Não-Metálicos","Rochas (Britadas) e Cascalho","1039986,0399999999","t",",000000000000000","-","","1056556,04","t","63464402,13000001","46861,099999999999","t","574360","0","t","0"
"2016","RR","Não-Metálicos","Rochas (Britadas) e Cascalho","185191,61000000007","t",",000000000000000","-","","185191,61000000007","t","7699396,46","0","t","0","0","t","0"
"2016","RS","Energéticos","Carvão Mineral","3625753,9500000002","t",",000000000000000","-","","3782085,9199999999","t","355282059,10000002","0","t","0","0","t","0"
"2016","RS","Não-Metálicos","Areia","42046","t",",000000000000000","-","","31493,669999999998","t","707921","0","t","0","0","t","0"
"2016","RS","Não-Metálicos","Areias Industriais","21352,75","t",",000000000000000","-","","21352,75","t","1139469,6100000001","0","t","0","0","t","0"
"2016","RS","Não-Metálicos","Argilas","30241,5","t",",000000000000000","-","","14506,01","t","724405,5","0","t","0","0","t","0"
"2016","RS","Não-Metálicos","Calcário","4086213,6699999999","t",",000000000000000","-","","3538476","t","141992422,11000001","59835","t","484841,52000000002","467732,92000000004","t","17330157,669999994"
"2016","RS","Não-Metálicos","Caulim","42812","t",",000000000000000","-","","31335,169999999998","t","5221349,8799999999","0","t","0","0","t","0"
"2016","RS","Não-Metálicos","Rochas (Britadas) e Cascalho","18156963,010000009","t",",000000000000000","-","","14342054,460000003","t","341771301,21000004","513402,14999999997","t","6253056,3700000001","3042403,3900000001","t","46431249,00999999"
"2016","SC","Energéticos","Carvão Mineral","2280187,6000000001","t",",000000000000000","-","","2284197,4199999999","t","542680165,26999998","0","t","0","0","t","0"
"2016","SC","Energéticos","Turfa","34727,879999999997","t",",000000000000000","-","","17364,040000000001","t","1027325,5","37348,440000000002","t","1539494,05","8226,6200000000008","t","501848,90999999997"
"2016","SC","Não-Metálicos","Areia","180532,04000000001","t",",000000000000000","-","","184542,79999999999","t","4209771,0999999996","0","t","0","0","t","0"
"2016","SC","Não-Metálicos","Areias Industriais","930493,25","t",",000000000000000","-","","930650,25","t","59350053,36999999","0","t","0","0","t","0"
"2016","SC","Não-Metálicos","Argilas","117581,5","t",",000000000000000","-","","0","t","0","0","t","0","116592,51000000001","t","3938137,8600000003"
"2016","SC","Não-Metálicos","Calcário","2294190,8999999999","t",",000000000000000","-","","855323,89999999991","t","40255197,059999995","0","t","0","1438688,4099999999","t","25585732,48"
"2016","SC","Não-Metálicos","Feldspato, Leucita e Nefelina-Sienito","101253,35000000001","t",",000000000000000","-","","122382,7","t","21871620,880000003","0","t","0","0","t","0"
"2016","SC","Não-Metálicos","Rochas (Britadas) e Cascalho","16826022,740000002","t",",000000000000000","-","","14839248,860000001","t","337302812,84000009","922448,65000000002","t","15027270,229999999","944797,37","t","15919111,789999999"
"2016","SC","Não-Metálicos","Rochas Ornamentais - Outras","34545,450000000004","t",",000000000000000","-","","34523,450000000004","t","296634,82999999996","0","t","0","0","t","0"
"2016","SC","Não-Metálicos","Saibro","441615,10999999999","t",",000000000000000","-","","337014,03000000003","t","4566964,4100000001","102670,2","t","752446","0","t","0"
"2016","SE","Não-Metálicos","Argilas","138166,33000000002","t",",000000000000000","-","","10000","t","1305010","10000","t","1305010","128166,33","t","4148828,5499999998"
"2016","SE","Não-Metálicos","Calcário","3397358,2399999998","t",",000000000000000","-","","240230,69","t","3150652,9500000002","0","t","0","3157127,54","t","27995969,280000001"
"2016","SE","Não-Metálicos","Potássio","500916,97999999998","t","292254,060000000000000","t","K2O","531977,70999999996","t","450834072,18000001","0","t","0","0","t","0"
"2016","SE","Não-Metálicos","Rochas (Britadas) e Cascalho","377366,03999999998","t",",000000000000000","-","","378450,88","t","12297470,59","0","t","0","0","t","0"
"2016","SP","Energéticos","Turfa","8649,4200000000001","t",",000000000000000","-","","99,609999999999999","t","7122,1199999999999","0","t","0","8361,9699999999993","t","122446,75"
"2016","SP","Metálicos","Alumínio (Bauxita)","34712,379999999997","t","17953,150000000000000","t","Al2O3","34712,379999999997","t","9166908,2899999991","0","t","0","0","t","0"
"2016","SP","Metálicos","Estanho","3150,3099999999999","kg","1732,670000000000000","kg","Sn","0","kg","0","0","kg","0","0","kg","0"
"2016","SP","Metálicos","Ferro","383508,83000000002","t","287631,620000000000000","t","Fe","112707,23","t","1769898,6599999999","0","t","0","0","t","0"
"2016","SP","Não-Metálicos","Areia","10248817,409999998","t",",000000000000000","-","","10563028,68","t","252339057,5500001","0","t","0","0","t","0"
"2016","SP","Não-Metálicos","Areias Industriais","4503812,8499999987","t",",000000000000000","-","","4108974,9499999997","t","209690577,94","0","t","0","459721,57000000001","t","11704148,92"
"2016","SP","Não-Metálicos","Argilas","1275186,7500000002","t",",000000000000000","-","","911079,52000000002","t","35792300,329999998","0","t","0","351376,69","t","5455144,3200000003"
"2016","SP","Não-Metálicos","Calcário","9672841,0000000019","t",",000000000000000","-","","3460819,2099999995","t","158856813,61999997","0","t","0","5991982,3099999996","t","142142839,81999999"
"2016","SP","Não-Metálicos","Caulim","68489,919999999998","t",",000000000000000","-","","68368,699999999997","t","26244298,039999999","0","t","0","121,22","t","242417"
"2016","SP","Não-Metálicos","Dolomito e Magnesita","846090,70999999996","t",",000000000000000","-","","575385,21999999997","t","23489018,289999999","0","t","0","270705,48999999999","t","2321109,1000000001"
"2016","SP","Não-Metálicos","Feldspato, Leucita e Nefelina-Sienito","1188,99","t",",000000000000000","-","","1188,99","t","454591,82000000001","0","t","0","0","t","0"
"2016","SP","Não-Metálicos","Fosfato","3829357,8199999998","t","1769799,860000000000000","t","P2O5","998973,25","t","45112112,799999997","518099,84000000003","t","220950171,78","235540,59","t","7516112,9299999997"
"2016","SP","Não-Metálicos","Rochas (Britadas) e Cascalho","58795107,670000009","t",",000000000000000","-","","54223891,89000003","t","1427686773,8200004","281227,75","t","1893097,73","861027,03000000003","t","23920205,770000003"
"2016","SP","Não-Metálicos","Rochas Ornamentais","1550","t",",000000000000000","-","","628,50999999999999","t","1391278,5","0","t","0","0","t","0"
"2016","SP","Não-Metálicos","Talco e outras Cargas Minerais","657078,22999999998","t",",000000000000000","-","","625240,96999999997","t","40477180,879999995","0","t","0","1185,8599999999999","t","74538,259999999995"
"2016","TO","Metálicos","Ouro","30,644740000000002","kg","30,644740000000000","kg","Au","25,964740000000003","kg","3803108,04","0","kg","0","0","kg","0"
"2016","TO","Não-Metálicos","Areia","15128,129999999999","t",",000000000000000","-","","15128,129999999999","t","393330,92999999999","0","t","0","0","t","0"
"2016","TO","Não-Metálicos","Argilas","2145,1900000000001","t",",000000000000000","-","","2145,1900000000001","t","717067,42999999993","0","t","0","0","t","0"
"2016","TO","Não-Metálicos","Calcário","2792023,8637999999","t",",000000000000000","-","","2049228,4329999997","t","98987378,319199979","0","t","0","735857,41000000003","t","15614107,779999999"
"2016","TO","Não-Metálicos","Dolomito e Magnesita","217671,23000000001","t",",000000000000000","-","","217671,23000000001","t","6824596,1200000001","0","t","0","0","t","0"
"2016","TO","Não-Metálicos","Fosfato","4041,6300000000001","t","181,870000000000000","t","P2O5","4041,6300000000001","t","344456,60999999999","0","t","0","0","t","0"
"2016","TO","Não-Metálicos","Minerais Industriais (Outros)","10,18","t",",000000000000000","-","","5,0199999999999996","t","1175850","0","t","0","0","t","0"
"2016","TO","Não-Metálicos","Rochas (Britadas) e Cascalho","562416,1862","t",",000000000000000","-","","519396,70699999994","t","18198495,580800001","0","t","0","0","t","0"
"2017","AL","Não-Metálicos","Calcário","217398","t",",000000000000000","-","","93298,009999999995","t","9090907,9499999993","0","t","0","130311","t","1032690,05"
"2017","AL","Não-Metálicos","Rochas (Britadas) e Cascalho","1176611,9200000002","t",",000000000000000","-","","1183103,21","t","34484579,219999999","192,38999999999999","t","4331,71","0","t","0"
"2017","AM","Metálicos","Columbita-Tantalita","17801,560000000001","t","2670,233000000000000","t","Nb2O5","0","t","0","0","t","0","17621,48","t","88521149,239999995"
"2017","AM","Metálicos","Columbita-Tantalita","17801,560000000001","t","2670,233000000000000","t","Ta2O5","0","t","0","0","t","0","17621,48","t","88521149,239999995"
"2017","AM","Metálicos","Estanho","14489293","kg","7244646,500000000000000","kg","Sn","0","kg","0","0","kg","0","14846890","kg","347827951,36000001"
"2017","AM","Metálicos","Ouro","238,1678","kg","238,167560000000000","kg","Au","238,16756000000001","kg","28354427,300000001","0","kg","0","0","kg","0"
"2017","AM","Não-Metálicos","Rochas (Britadas) e Cascalho","503473,69","t",",000000000000000","-","","460802,63","t","31391224,960000005","0","t","0","0","t","0"
"2017","AP","Metálicos","Cromo","2150","t","850,000000000000000","t","Cr2O3","0","t","0","0","t","0","0","t","0"
"2017","AP","Metálicos","Ferro","0","t",",000000000000000","t","Fe","91500,899999999994","t","10926190,43","0","t","0","0","t","0"
"2017","AP","Metálicos","Ouro","4144,3208799999993","kg","4144,320880000000000","kg","Au","4013,5504500000002","kg","518735743,56","0","kg","0","0","kg","0"
"2017","AP","Metálicos","Prata","313,25220000000002","kg","313,252200000000000","kg","Ag","313,25220000000002","kg","693220,85999999999","0","kg","0","0","kg","0"
"2017","AP","Não-Metálicos","Rochas (Britadas) e Cascalho","86135,900000000009","t",",000000000000000","-","","115448,00000000001","t","6233083,6499999994","0","t","0","0","t","0"
"2017","BA","Gemas e Diamantes","Diamante","230941,20000000001","ct","230941,200000000000000","ct","","264643,62","ct","169531563,36000001","0","ct","0","0","ct","0"
"2017","BA","Metálicos","Cobre","57195,419999999998","t","19719,260000000000000","t","Cu","56340,760000000002","t","404219652,05000001","0","t","0","0","t","0"
"2017","BA","Metálicos","Cromo","542989,09999999998","t","212502,820000000000000","t","Cr2O3","91972,810000000012","t","73890970,25999999","18729","t","7848215,6299999999","410064,75","t","172702596,11000001"
"2017","BA","Metálicos","Ferro","0","t",",000000000000000","t","Fe","0","t","0","0","t","0","0","t","0"
"2017","BA","Metálicos","Manganês","0","t",",000000000000000","t","Mn","0","t","0","0","t","0","0","t","0"
"2017","BA","Metálicos","Ouro","6126,6325299999999","kg","6126,632530000000000","kg","Au","6092,0404100000005","kg","730832092,75999999","0","kg","0","0","kg","0"
"2017","BA","Metálicos","Vanádio","358762","t","12139,000000000000000","t","V","0","t","0","0","t","0","358762","t","91686377,010000005"
"2017","BA","Não-Metálicos","Areia","0","t",",000000000000000","-","","0","t","0","0","t","0","0","t","0"
"2017","BA","Não-Metálicos","Areias Industriais","137100","t",",000000000000000","-","","0","t","0","0","t","0","124841,74999999999","t","11234744,150000002"
"2017","BA","Não-Metálicos","Argilas","378635,64999999997","t",",000000000000000","-","","365192,28999999998","t","69714067,909999996","37070","t","101900,12","26880","t","0,12"
"2017","BA","Não-Metálicos","Bário","2792","t","2792,000000000000000","t","BaSO4","860","t","891129,69999999995","0","t","0","0","t","0"
"2017","BA","Não-Metálicos","Calcário","1265643,5100000002","t",",000000000000000","-","","307148,78999999998","t","23574598,219999999","440","t","19731,43","944082,75","t","15123387,27"
"2017","BA","Não-Metálicos","Diatomita","2287,73","t",",000000000000000","-","","2377,8899999999999","t","7968877,1399999997","0","t","0","0","t","0"
"2017","BA","Não-Metálicos","Dolomito e Magnesita","2574995,8099999996","t",",000000000000000","-","","751697,90000000002","t","739612740,68999982","225204,35999999999","t","7062630,8399999999","912586","t","62535260,399999999"
"2017","BA","Não-Metálicos","Fosfato","217966,51999999999","t","71253,320000000000000","t","P2O5","0","t","0","0","t","0","210205,13","t","37291557,509999998"
"2017","BA","Não-Metálicos","Rochas (Britadas) e Cascalho","7123972,4699999997","t",",000000000000000","-","","6240870,3999999985","t","222881047,24000007","71567,699999999997","t","945822,47999999998","120960","t","1987813,5"
"2017","BA","Não-Metálicos","Rochas Ornamentais","5192,7600000000002","t",",000000000000000","-","","4980,2300000000005","t","2840795,7199999997","0","t","0","506,00999999999999","t","519553,62"
"2017","BA","Não-Metálicos","Talco e outras Cargas Minerais","100492,2","t",",000000000000000","-","","71039,559999999998","t","118545562,90000001","0","t","0","0","t","0"
"2017","CE","Metálicos","Ferro","3252,27","t","2229,740000000000000","t","Fe","3252,27","t","742770,93999999994","0","t","0","0","t","0"
"2017","CE","Não-Metálicos","Areias Industriais","95449,600000000006","t",",000000000000000","-","","18645,41","t","1742118,8400000001","0","t","0","76804,190000000002","t","1655141,8"
"2017","CE","Não-Metálicos","Argilas","12034","t",",000000000000000","-","","0","t","0","0","t","0","12034","t","216974,32000000001"
"2017","CE","Não-Metálicos","Calcário","4442590,8200000003","t",",000000000000000","-","","861184,39000000001","t","38965645,930000007","36069","t","2915634,3100000001","3462006,7199999997","t","51944779,669999994"
"2017","CE","Não-Metálicos","Gipsita","1339","t",",000000000000000","-","","0","t","0","0","t","0","1339","t","35055,019999999997"
"2017","CE","Não-Metálicos","Rochas (Britadas) e Cascalho","2823159,5600000005","t",",000000000000000","-","","2653067,1699999999","t","81439485,359999999","20811","t","376821,73999999999","0","t","0"
"2017","DF","Não-Metálicos","Areia","240951,59","t",",000000000000000","-","","172401,19","t","3855939,0499999998","0","t","0","0","t","0"
"2017","DF","Não-Metálicos","Argilas","212493,60999999999","t",",000000000000000","-","","0","t","0","0","t","0","212493,60999999999","t","1986728,49"
"2017","DF","Não-Metálicos","Calcário","2297244,6500000004","t",",000000000000000","-","","206710,59","t","17503844,710000001","0","t","0","2090534,0499999998","t","65940603,909999996"
"2017","DF","Não-Metálicos","Rochas (Britadas) e Cascalho","2011123,3","t",",000000000000000","-","","2011123,3","t","44905075,590000004","0","t","0","0","t","0"
"2017","ES","Metálicos","Ferro","0","t",",000000000000000","t","Fe","0","t","0","0","t","0","0","t","0"
"2017","ES","Não-Metálicos","Argilas","36864,459999999999","t",",000000000000000","-","","9559,0200000000004","t","1079219,25","0","t","0","27133","t","0"
"2017","ES","Não-Metálicos","Calcário","60377,870000000003","t",",000000000000000","-","","59525,940000000002","t","4262917,7599999998","0","t","0","0","t","0"
"2017","ES","Não-Metálicos","Rochas (Britadas) e Cascalho","4120676,8999999994","t",",000000000000000","-","","3839433,4099999992","t","91565088,00999999","0","t","0","2873,1199999999999","t","0"
"2017","ES","Não-Metálicos","Rochas Ornamentais","88881,179999999993","t",",000000000000000","-","","102139,58999999998","t","178099211,24000001","0","t","0","7238,8199999999997","t","2581330,8599999999"
"2017","GO","Gemas e Diamantes","Diamante","17,16","ct","17,160000000000000","ct","","0","ct","0","0","ct","0","0","ct","0"
"2017","GO","Metálicos","Alumínio (Bauxita)","828800,31999999995","t","444848,260000000000000","t","Al2O3","766771,31999999995","t","51473463,119999997","0","t","0","0","t","0"
"2017","GO","Metálicos","Cobalto","0","t",",000000000000000","t","Co","0","t","0","0","t","0","0","t","0"
"2017","GO","Metálicos","Cobre","242126,54999999999","t","57758,310000000000000","t","Cu","242795,64999999999","t","1435278665,76","0","t","0","0","t","0"
"2017","GO","Metálicos","Estanho","6500","kg","2092,200000000000000","kg","Sn","6500","kg","32223,549999999999","0","kg","0","0","kg","0"
"2017","GO","Metálicos","Ferro","0","t",",000000000000000","t","Fe","0","t","0","0","t","0","0","t","0"
"2017","GO","Metálicos","Nióbio","28228,98","t","14206,745530000000000","t","Nb2O5","1054,9400000000001","t","34812921","0","t","0","27174,040000000001","t","312629845,5"
"2017","GO","Metálicos","Níquel","158144,73999999999","t","43800,230000000000000","t"," Ni","154073,30000000002","t","1429612219,4000001","0","t","0","0","t","0"
"2017","GO","Metálicos","Ouro","6513,41165","kg","6513,411650000000000","kg","Au","6439,71821","kg","823459244,66999996","0","kg","0","0","kg","0"
"2017","GO","Metálicos","Prata","219,20699999999999","kg","219,207000000000000","kg","Ag","0","kg","0","0","kg","0","0","kg","0"
"2017","GO","Não-Metálicos","Amianto","129093,85000000001","t","129093,850000000000000","t","","149993,45000000001","t","286075309,45999998","0","t","0","0","t","0"
"2017","GO","Não-Metálicos","Areia","523483,82000000001","t",",000000000000000","-","","517711,25","t","14802572,049999997","0","t","0","0","t","0"
"2017","GO","Não-Metálicos","Areias Industriais","137907,60000000001","t",",000000000000000","-","","132699,44999999998","t","4459169,9899999993","0","t","0","0","t","0"
"2017","GO","Não-Metálicos","Argilas","29940","t",",000000000000000","-","","0","t","0","20430","t","163440","0","t","0"
"2017","GO","Não-Metálicos","Bário","16275,790000000001","t","9981,120000000000000","t","BaSO4","16674,119999999999","t","3243976,3999999999","0","t","0","0","t","0"
"2017","GO","Não-Metálicos","Calcário","7167507,8300000001","t",",000000000000000","-","","5481202,5499999989","t","270362280,57000005","0","t","0","1596680,6499999999","t","31937891,519999996"
"2017","GO","Não-Metálicos","Dolomito e Magnesita","318512,73999999999","t",",000000000000000","-","","314763,29999999999","t","15466746,02","0","t","0","0","t","0"
"2017","GO","Não-Metálicos","Fosfato","2132082,9500000002","t","797929,450000000000000","t","P2O5","5485,1300000000001","t","3614692","152690,32000000001","t","13681997,609999999","1993964,9199999999","t","513682664,61000001"
"2017","GO","Não-Metálicos","Rochas (Britadas) e Cascalho","4928010,0100000007","t",",000000000000000","-","","4807489,1999999993","t","146668649,91999996","0","t","0","112751,61","t","3867863,4300000002"
"2017","GO","Não-Metálicos","Saibro","1388,73","t",",000000000000000","-","","1388,73","t","35413,82","0","t","0","0","t","0"
"2017","GO","Não-Metálicos","Talco e outras Cargas Minerais","600","t",",000000000000000","-","","600","t","70000","0","t","0","0","t","0"
"2017","GO","Não-Metálicos","Vermiculita e Perlita","52109","t","48705,000000000000000","t","","55956,279999999999","t","31365012,809999999","0","t","0","0","t","0"
"2017","MA","Não-Metálicos","Argilas","37380,809999999998","t",",000000000000000","-","","0","t","0","37380,809999999998","t","534972,34999999998","0","t","0"
"2017","MA","Não-Metálicos","Calcário","138304","t",",000000000000000","-","","138331,81","t","32368871,129999999","0","t","0","0","t","0"
"2017","MA","Não-Metálicos","Gipsita","26297,040000000001","t",",000000000000000","-","","26297,040000000001","t","664769,12","0","t","0","0","t","0"
"2017","MA","Não-Metálicos","Rochas (Britadas) e Cascalho","3817540,4500000002","t",",000000000000000","-","","3708886,1800000006","t","133472740,32000001","358","t","28640","0","t","0"
"2017","MG","Gemas e Diamantes","Diamante","3150,8200000000002","ct","3097,830000000000000","ct","","2981,6500000000001","ct","26892884,57","102,08000000000015","ct","91206,240000000005","0","ct","0"
"2017","MG","Gemas e Diamantes","Gemas","625,22843999999998","kg","590,289440000000000","kg","","386,23964000000001","kg","25136653,390000001","0","kg","0","0","kg","0"
"2017","MG","Metálicos","Alumínio (Bauxita)","1445733,53","t","605656,760000000000000","t","Al2O3","137686,28","t","29176266,099999998","0","t","0","1332476,1099999999","t","76773758,150000006"
"2017","MG","Metálicos","Chumbo","15701,459999999999","t","6862,020000000000000","t","Pb","15256,5","t","55487200,310000002","0","t","0","0","t","0"
"2017","MG","Metálicos","Columbita-Tantalita","436,74000000000001","t","75,035800000000000","t","Ta2O5","300","t","36759619,899999999","0","t","0","0","t","0"
"2017","MG","Metálicos","Estanho","206070,69","kg","119521,000000000000000","kg","Sn","206070,69","kg","4699001,5999999996","0","kg","0","0","kg","0"
"2017","MG","Metálicos","Ferro","281655940,22999996","t","176563599,110000000000000","t","Fe","228952825,13","t","33485587038,19001","0","t","0","48958267,890000001","t","3734279102,9199996"
"2017","MG","Metálicos","Lítio","10547","t","562,160000000000000","t","Li2O","258","t","371520","0","t","0","9710,8299999999999","t","10820754,380000001"
"2017","MG","Metálicos","Manganês","250307,59","t","57044,310000000000000","t","Mn","211722,57999999999","t","18979498,93","0","t","0","84961","t","13393909,83"
"2017","MG","Metálicos","Nióbio","131002","t","68624,000000000000000","t","Nb2O5","0","t","0","0","t","0","131002","t","254048715,5"
"2017","MG","Metálicos","Níquel","0","t",",000000000000000","t"," Ni","0","t","0","0","t","0,01","0","t","0"
"2017","MG","Metálicos","Ouro","28896,661010000003","kg","28896,661010000000000","kg","Au","29322,870289999999","kg","3672654490,96","0","kg","0","0","kg","0"
"2017","MG","Metálicos","Prata","2990,2942499999999","kg","2990,294250000000000","kg","Ag","2818,0660899999998","kg","4733087,8300000001","0","kg","0","0","kg","0"
"2017","MG","Metálicos","Zinco","402231,71999999997","t","156469,570000000000000","t","Zn","51557,949999999997","t","121996884,26000001","0","t","0","348761,45000000001","t","229436386,47"
"2017","MG","Não-Metálicos","Areia","561514,09999999998","t",",000000000000000","-","","535164,68000000005","t","18557747,109999999","3601,8000000000002","t","89835,5","0","t","0"
"2017","MG","Não-Metálicos","Areias Industriais","687661,49999999988","t",",000000000000000","-","","251278,61000000004","t","29849884,309999999","0","t","0","421917,21000000002","t","7759167,75"
"2017","MG","Não-Metálicos","Argilas","1210505,6899999997","t",",000000000000000","-","","457391,83000000002","t","53804319,5","174060,79999999999","t","635564,35999999999","596000,35999999999","t","5451507,7300000004"
"2017","MG","Não-Metálicos","Calcário","37884250,040000014","t",",000000000000000","-","","14403055,17","t","494477524,5000003","5294854,0000000009","t","31322826,650000002","17030340,940000001","t","236104830,22"
"2017","MG","Não-Metálicos","Cianita e outros minerais refratários","243,00999999999999","t",",000000000000000","-","","120,64","t","158400,95999999999","0","t","0","0","t","0"
"2017","MG","Não-Metálicos","Enxofre","202532,59","t","66133,090000000000000","t","S","215557,76000000001","t","68798867,189999998","0","t","0","0","t","0"
"2017","MG","Não-Metálicos","Feldspato, Leucita e Nefelina-Sienito","164747,95000000001","t",",000000000000000","-","","189883,29000000001","t","31441243,48","0","t","0","0","t","0"
"2017","MG","Não-Metálicos","Fosfato","2991287,9699999997","t","1028205,270000000000000","t","P2O5","10933,219999999999","t","1034700,9299999999","397766,08000000002","t","145506640,53999999","2546261,6600000001","t","855840015,03999996"
"2017","MG","Não-Metálicos","Grafita","58202,830000000002","t","54331,740000000000000","t","","63266,829999999994","t","208518801,32999998","0","t","0","0","t","0"
"2017","MG","Não-Metálicos","Rochas (Britadas) e Cascalho","21902402,5625","t",",000000000000000","-","","15953102,054999998","t","469694304,11249983","81551,610000000001","t","1602033,1599999999","163180,54000000001","t","4674197,8300000001"
"2017","MG","Não-Metálicos","Rochas Ornamentais","2472,8800000000001","t",",000000000000000","-","","2472,7399999999998","t","747457,22999999998","0","t","0","0","t","0"
"2017","MG","Não-Metálicos","Talco e outras Cargas Minerais","197736,54750000002","t",",000000000000000","-","","172552,08500000002","t","38664827,997500002","0","t","0","0","t","0"
"2017","MS","Metálicos","Ferro","2676937,7399999993","t","1729843,730000000000000","t","Fe","3104937,8600000003","t","324192054,88","0","t","0","0","t","0"
"2017","MS","Metálicos","Manganês","673007","t","286068,780000000000000","t","Mn","648478","t","299503182,06","0","t","0","0","t","0"
"2017","MS","Não-Metálicos","Areia","237009,41000000003","t",",000000000000000","-","","241280,79999999999","t","4462575,1099999994","0","t","0","0","t","0"
"2017","MS","Não-Metálicos","Argilas","243613,97","t",",000000000000000","-","","108656,05","t","3145105,7999999998","121632,47","t","1757492,8200000005","5805,1000000000004","t","2764,0300000000002"
"2017","MS","Não-Metálicos","Calcário","3588932,4000000004","t",",000000000000000","-","","2952178,6600000001","t","131561813,24999997","0","t","0","675976,38","t","10369738,129999999"
"2017","MS","Não-Metálicos","Rochas (Britadas) e Cascalho","3765113,5299999998","t",",000000000000000","-","","3030933,8700000001","t","99670843,930000007","195946,37","t","2776228,2599999998","66076,75","t","1031191,98"
"2017","MS","Não-Metálicos","Talco e outras Cargas Minerais","143428,17000000001","t",",000000000000000","-","","0","t","0","0","t","0","143428,17000000001","t","2232150,3700000001"
"2017","MT","Gemas e Diamantes","Diamante","22508,910000000003","ct","22500,880000000000000","ct","","43543,809999999998","ct","5743427,9399999995","0","ct","0","0","ct","0"
"2017","MT","Metálicos","Estanho","536019","kg","359133,000000000000000","kg","Sn","536019","kg","16339017,92","0","kg","0","0","kg","0"
"2017","MT","Metálicos","Ouro","5458,7861700000021","kg","5453,945510000000000","kg","Au","5302,5692900000022","kg","1019482670,8300004","0","kg","0","0","kg","0"
"2017","MT","Não-Metálicos","Areia","120632,53000000001","t",",000000000000000","-","","120618,11000000002","t","1860826,0600000001","0","t","0","0","t","0"
"2017","MT","Não-Metálicos","Argilas","743131,01000000001","t",",000000000000000","-","","699729,52000000002","t","25604692,41","0","t","0","49059,869999999995","t","1850707,1100000001"
"2017","MT","Não-Metálicos","Calcário","6847254,1300000008","t",",000000000000000","-","","5506103,6199999992","t","307738191,97999996","835762,91000000003","t","2920415,5699999998","585970,14000000001","t","7337540,5800000001"
"2017","MT","Não-Metálicos","Dolomito e Magnesita","2193294,3300000001","t",",000000000000000","-","","2141475,2999999998","t","102428805,15000001","0","t","0","0","t","0"
"2017","MT","Não-Metálicos","Rochas (Britadas) e Cascalho","3586782,9800000004","t",",000000000000000","-","","3462685,8199999998","t","105273187,25","58062","t","483075,73999999999","0","t","0"
"2017","MT","Não-Metálicos","Rochas Ornamentais","960,82000000000005","t",",000000000000000","-","","960,82000000000005","t","215687,81","0","t","0","0","t","0"
"2017","PA","Gemas e Diamantes","Diamante","384,34999999999991","ct","384,350000000000000","ct","","1500","ct","15000","0","ct","0","0","ct","0"
"2017","PA","Metálicos","Alumínio (Bauxita)","34101036,090000004","t","16633374,680000000000000","t","Al2O3","34534419,090000004","t","3057738373,3099999","0","t","0","0","t","0"
"2017","PA","Metálicos","Cobre","984437,64999999991","t","307064,400000000000000","t","Cu","979955,77000000002","t","6529408358,2600002","0","t","0","0","t","0"
"2017","PA","Metálicos","Estanho","4448080,7100000009","kg","2800989,370000000000000","kg","Sn","4448080,7100000009","kg","114756214,35999998","0","kg","0","0","kg","0"
"2017","PA","Metálicos","Ferro","169151575","t","110612621,190000000000000","t","Fe","167469028","t","25486394080,519997","0","t","0","1623937","t","71676726,219999999"
"2017","PA","Metálicos","Manganês","2242261,1999999997","t","949276,360000000000000","t","Mn","2345532,21","t","1029094910,1899999","0","t","0","0","t","0"
"2017","PA","Metálicos","Níquel","89106,210000000006","t","25003,140000000000000","t"," Ni","89643,059999999998","t","751770936,27999997","0","t","0","0","t","0"
"2017","PA","Metálicos","Ouro","3175,3893999999991","kg","3171,659200000000000","kg","Au","3162,9672199999986","kg","368628641,50000006","0","kg","0","0","kg","0"
"2017","PA","Metálicos","Prata","341,83616999999998","kg","326,033500000000000","kg","Ag","326,0335","kg","730951,43999999994","0","kg","0","0","kg","0"
"2017","PA","Não-Metálicos","Areia","24077,449999999997","t",",000000000000000","-","","23911,449999999997","t","392318,30000000005","0","t","0","0","t","0"
"2017","PA","Não-Metálicos","Areias Industriais","50481,959999999999","t",",000000000000000","-","","18722,900000000001","t","2884520,5","0","t","0","31759,060000000001","t","3460978,73"
"2017","PA","Não-Metálicos","Argilas","38256,43","t",",000000000000000","-","","794,24000000000001","t","190665,60000000001","1014,24","t","217726,89999999999","55211,419999999998","t","382039,46999999997"
"2017","PA","Não-Metálicos","Calcário","1478768,8900000001","t",",000000000000000","-","","275931,70000000001","t","10476957,059999999","0","t","0","1123273","t","18521418,920000002"
"2017","PA","Não-Metálicos","Caulim","1504595,3699999999","t",",000000000000000","-","","1605072,3799999999","t","726306363,21000004","0","t","0","0","t","0"
"2017","PA","Não-Metálicos","Fosfato","73983","t","17874,290000000000000","t","P2O5","68860","t","30984224,760000002","0","t","0","0","t","0"
"2017","PA","Não-Metálicos","Rochas (Britadas) e Cascalho","1208884,1499999999","t",",000000000000000","-","","988797,63","t","52923728,43","0","t","0","0","t","0"
"2017","PB","Metálicos","Titânio","114292,71000000001","t","63796,090000000000000","t","TiO2","79589,449999999997","t","43121167,149999999","0","t","0","52871,720000000001","t","19451867,989999998"
"2017","PB","Metálicos","Zircônio","18471,009999999998","t","11959,390000000000000","t","ZrSiO4","23488,5","t","86054065,930000007","0","t","0","0","t","0"
"2017","PB","Não-Metálicos","Areias Industriais","155824","t",",000000000000000","-","","1275","t","38300","0","t","0","154549","t","3339661,8199999998"
"2017","PB","Não-Metálicos","Argilas","300183,21999999997","t",",000000000000000","-","","287486,54999999999","t","146754664,85000002","0","t","0","84368","t","258504,98999999999"
"2017","PB","Não-Metálicos","Calcário","2653118,75","t",",000000000000000","-","","1254282,8","t","37951072,629999995","1330","t","53200","1398835,95","t","15394334,66"
"2017","PB","Não-Metálicos","Cianita e outros minerais refratários","431,52999999999997","t",",000000000000000","-","","795","t","836986,43000000005","0","t","0","0","t","0"
"2017","PB","Não-Metálicos","Feldspato, Leucita e Nefelina-Sienito","130978,89999999999","t",",000000000000000","-","","130978,89999999999","t","5410327,3700000001","0","t","0","0","t","0"
"2017","PB","Não-Metálicos","Rochas (Britadas) e Cascalho","618793,91999999993","t",",000000000000000","-","","649447,87999999989","t","23928102,490000002","0","t","0","0","t","0"
"2017","PB","Não-Metálicos","Rochas Ornamentais","7710,6899999999996","t",",000000000000000","-","","7031,5199999999995","t","11498129,93","378,44","t","759943,14000000001","0","t","0"
"2017","PE","Não-Metálicos","Areias Industriais","82774,440000000002","t",",000000000000000","-","","7080","t","102796,88","0","t","0","63298,790000000001","t","2277217,1699999999"
"2017","PE","Não-Metálicos","Argilas","71885,539999999994","t",",000000000000000","-","","17281,200000000001","t","1875355,04","0","t","0","54469,839999999997","t","351302,35000000003"
"2017","PE","Não-Metálicos","Calcário","54952,950000000004","t",",000000000000000","-","","17543,799999999999","t","420710","0","t","0","37409,139999999999","t","660511"
"2017","PE","Não-Metálicos","Dolomito e Magnesita","133,59999999999999","t",",000000000000000","-","","133,59999999999999","t","20526,040000000001","0","t","0","0","t","0"
"2017","PE","Não-Metálicos","Gipsita","741213,89999999991","t",",000000000000000","-","","555993,59999999998","t","15723811,669999998","0","t","0","143109,54999999999","t","11246236,989999996"
"2017","PE","Não-Metálicos","Rochas (Britadas) e Cascalho","3999884,2999999993","t",",000000000000000","-","","3743600,9499999997","t","92709494,729999989","0","t","0","0","t","0"
"2017","PE","Não-Metálicos","Vermiculita e Perlita","4093,4899999999998","t","3303,950000000000000","t","","1530,99","t","1999655,3200000001","0","t","0","0","t","0"
"2017","PI","Metálicos","Níquel","0","t",",000000000000000","t"," Ni","0","t","0","0","t","0","0","t","0"
"2017","PI","Não-Metálicos","Argilas","7894,4400000000005","t",",000000000000000","-","","2453,4400000000001","t","653836,59999999998","5441","t","119702","2709,9099999999999","t","58539,550000000003"
"2017","PI","Não-Metálicos","Calcário","319688,54390000005","t",",000000000000000","-","","319688,04390000005","t","20183323,274","0","t","0","0","t","0"
"2017","PI","Não-Metálicos","Dolomito e Magnesita","12776,5461","t",",000000000000000","-","","12776,5461","t","945628,22600000002","0","t","0","0","t","0"
"2017","PI","Não-Metálicos","Rochas (Britadas) e Cascalho","816249,59999999986","t",",000000000000000","-","","807765,82999999996","t","25687352,59","0","t","0","1702,8499999999999","t","41160"
"2017","PR","Energéticos","Carvão Mineral","106138,47","t",",000000000000000","-","","106138,47","t","37096886,060000002","0","t","0","0","t","0"
"2017","PR","Metálicos","Ouro","334,18335999999999","kg","334,149940000000000","kg","Au","335","kg","42827100","0","kg","0","0","kg","0"
"2017","PR","Metálicos","Prata","29,743849999999998","kg","29,714110000000000","kg","Ag","49","kg","100200","0","kg","0","0","kg","0"
"2017","PR","Não-Metálicos","Areia","1993436,6600000004","t",",000000000000000","-","","1957259,6300000004","t","32668583,940000001","10898","t","41919,349999999999","0","t","0"
"2017","PR","Não-Metálicos","Argilas","53920,660000000003","t",",000000000000000","-","","33717,629999999997","t","5779305,75","19964,66","t","184564,20999999999","0","t","0"
"2017","PR","Não-Metálicos","Calcário","9936610,1000000034","t",",000000000000000","-","","2706475,52","t","78158445,850000009","83657","t","451430","7136730,8300000001","t","100380395,37"
"2017","PR","Não-Metálicos","Caulim","340","t",",000000000000000","-","","340","t","30600","0","t","0","0","t","0"
"2017","PR","Não-Metálicos","Dolomito e Magnesita","477415,89000000001","t",",000000000000000","-","","455318,92999999993","t","13041254,640000001","0","t","0","18923,029999999999","t","332180,75"
"2017","PR","Não-Metálicos","Feldspato, Leucita e Nefelina-Sienito","65945","t",",000000000000000","-","","0","t","0","0","t","0","58765,900000000001","t","2261851,2000000002"
"2017","PR","Não-Metálicos","Fluorita e Criolita","20422,139999999999","t","16868,370000000000000","t","","20542,139999999999","t","19006801,409999996","0","t","0","0","t","0"
"2017","PR","Não-Metálicos","Rochas (Britadas) e Cascalho","16303828,740000002","t",",000000000000000","-","","14622777,800000008","t","362799920,06999987","813735,95000000007","t","12607782,460000001","618554,59000000008","t","8137368,7400000002"
"2017","PR","Não-Metálicos","Rochas Ornamentais","17560,390000000003","t",",000000000000000","-","","16669,799999999999","t","3740185,0599999996","0","t","0","0","t","0"
"2017","PR","Não-Metálicos","Rochas Ornamentais - Outras","10480","t",",000000000000000","-","","10480","t","10540","0","t","0","0","t","0"
"2017","PR","Não-Metálicos","Talco e outras Cargas Minerais","70352,589999999997","t",",000000000000000","-","","70265,550000000003","t","8232350,2300000004","0","t","0","0","t","0"
"2017","RJ","Metálicos","Monazita e Terras-Raras","1900","t","1900,000000000000000","t","ETR","1900","t","2677022,5","0","t","0","0","t","0"
"2017","RJ","Metálicos","Titânio","3943","t","3943,000000000000000","t","TiO2","3943","t","2274659,2600000002","0","t","0","0","t","0"
"2017","RJ","Metálicos","Zircônio","545","t","545,000000000000000","t","ZrSiO4","545","t","1403825,4399999999","0","t","0","0","t","0"
"2017","RJ","Não-Metálicos","Areia","107703","t",",000000000000000","-","","107703","t","1129087,1200000001","0","t","0","0","t","0"
"2017","RJ","Não-Metálicos","Argilas","52115","t",",000000000000000","-","","0","t","0","0","t","0","52115","t","504334,08000000002"
"2017","RJ","Não-Metálicos","Calcário","1655760,6300000001","t",",000000000000000","-","","36177,349999999999","t","3195707,2000000002","0","t","0","1577003,96","t","13704274,220000001"
"2017","RJ","Não-Metálicos","Dolomito e Magnesita","89960,279999999999","t",",000000000000000","-","","89960,279999999999","t","8773580,9100000001","0","t","0","0","t","0"
"2017","RJ","Não-Metálicos","Fluorita e Criolita","5100","t","5100,000000000000000","t","","6801,9700000000003","t","4477961,8799999999","0","t","0","0","t","0"
"2017","RJ","Não-Metálicos","Rochas (Britadas) e Cascalho","11531369,700000003","t",",000000000000000","-","","10221180,279999997","t","257015253,61000004","0","t","0","224534,39000000001","t","3177580,1699999999"
"2017","RJ","Não-Metálicos","Saibro","29537,540000000001","t",",000000000000000","-","","29537,540000000001","t","286364,66999999998","0","t","0","0","t","0"
"2017","RN","Gemas e Diamantes","Gemas","37,548639999999999","kg","37,548640000000000","kg","","54,919780000000003","kg","2993104,8399999999","0","kg","0","0","kg","0"
"2017","RN","Metálicos","Ferro","0","t",",000000000000000","t","Fe","24132,98","t","1208962,3999999999","0","t","0","0","t","0"
"2017","RN","Metálicos","Ouro","34,222999999999999","kg","34,223000000000000","kg","Au","34,638019999999997","kg","3986568,9199999999","0","kg","0","0","kg","0"
"2017","RN","Metálicos","Tungstênio","593,18000000000006","t","410,650000000000000","t","WO3","595,83999999999992","t","21090146,93","0","t","0","0","t","0"
"2017","RN","Não-Metálicos","Argilas","31804,639999999999","t",",000000000000000","-","","0","t","0","31804,639999999999","t","22263,25","0","t","0"
"2017","RN","Não-Metálicos","Calcário","1079901,4199999999","t",",000000000000000","-","","14292,959999999999","t","2634498,8100000001","231954,28","t","6524873,8899999997","833654,18000000005","t","11258424,810000001"
"2017","RN","Não-Metálicos","Dolomito e Magnesita","39108,309999999998","t",",000000000000000","-","","39108,309999999998","t","4083138,29","0","t","0","0","t","0"
"2017","RN","Não-Metálicos","Feldspato, Leucita e Nefelina-Sienito","7062","t",",000000000000000","-","","7053,1700000000001","t","2967153,2400000002","0","t","0","0","t","0"
"2017","RN","Não-Metálicos","Gipsita","2809,2399999999998","t",",000000000000000","-","","0","t","0","2809,2399999999998","t","90738,449999999997","0","t","0"
"2017","RN","Não-Metálicos","Rochas (Britadas) e Cascalho","888960,29000000004","t",",000000000000000","-","","841843,43999999994","t","16192478,77","1818,4100000000001","t","29458,240000000002","0","t","0"
"2017","RN","Não-Metálicos","Rochas Ornamentais","7351,8899999999994","t",",000000000000000","-","","7204,6999999999998","t","19107156,5","0","t","0","102,79000000000001","t","177702,13"
"2017","RO","Metálicos","Cobre","100","t","4,800000000000000","t","Cu","0","t","0","0","t","0","0","t","0"
"2017","RO","Metálicos","Columbita-Tantalita","4582,2399999999998","t","309,662970000000000","t","Nb2O5","4582,2399999999998","t","28439403,859999999","0","t","0","0","t","0"
"2017","RO","Metálicos","Columbita-Tantalita","2057,3600000000001","t","86,087000000000000","t","Ta2O5","2057,3600000000001","t","7498969,4000000004","0","t","0","0","t","0"
"2017","RO","Metálicos","Estanho","10606137,049999999","kg","6556646,970000000000000","kg","Sn","10897521,049999999","kg","333804789,31999999","0","kg","0","0","kg","0"
"2017","RO","Metálicos","Manganês","107453,33000000002","t","51577,600000000000000","t","Mn","100987,92999999999","t","33548807,41","0","t","0","0","t","0"
"2017","RO","Metálicos","Ouro","1065,04223","kg","1065,042230000000000","kg","Au","1065,04223","kg","127988507,16","0","kg","0","0","kg","0"
"2017","RO","Não-Metálicos","Areia","16137,92","t",",000000000000000","-","","16137,92","t","553218,05000000005","0","t","0","0","t","0"
"2017","RO","Não-Metálicos","Argilas","2175,75","t",",000000000000000","-","","2175,75","t","29985","0","t","0","0","t","0"
"2017","RO","Não-Metálicos","Calcário","342060","t",",000000000000000","-","","311431","t","15572847","0","t","0","0","t","0"
"2017","RO","Não-Metálicos","Rochas (Britadas) e Cascalho","983967,30999999994","t",",000000000000000","-","","877606,73999999987","t","50179598,79999999","67565,5","t","839880","0","t","0"
"2017","RR","Não-Metálicos","Areia","4100","t",",000000000000000","-","","0","t","0","0","t","0","0","t","0"
"2017","RR","Não-Metálicos","Rochas (Britadas) e Cascalho","236230","t",",000000000000000","-","","223821","t","9376995,3100000005","9597","t","220731","0","t","0"
"2017","RS","Energéticos","Carvão Mineral","2369879,98","t",",000000000000000","-","","2142399,0800000001","t","289312452,11000001","0","t","0","0","t","0"
"2017","RS","Não-Metálicos","Areia","29439,380000000001","t",",000000000000000","-","","26304,490000000002","t","521659,31","0","t","0","0","t","0"
"2017","RS","Não-Metálicos","Areias Industriais","29370,580000000002","t",",000000000000000","-","","29370,580000000002","t","1623670,6000000001","0","t","0","0","t","0"
"2017","RS","Não-Metálicos","Argilas","2237","t",",000000000000000","-","","10616,389999999999","t","484398,5","468","t","10066,5","0","t","0"
"2017","RS","Não-Metálicos","Calcário","3806829,77","t",",000000000000000","-","","3463633,0099999998","t","157540543,37","8854,3199999999997","t","283338,23999999999","324216,15000000002","t","14524707,559999999"
"2017","RS","Não-Metálicos","Caulim","65583,300000000003","t",",000000000000000","-","","54593,800000000003","t","6509006,5700000003","0","t","0","0","t","0"
"2017","RS","Não-Metálicos","Rochas (Britadas) e Cascalho","17349595,5","t",",000000000000000","-","","13025668,749999994","t","314416340,49999988","753849,49000000011","t","9839732,1999999974","2803027,8300000001","t","43565855,269999996"
"2017","SC","Energéticos","Carvão Mineral","2153413,3599999994","t",",000000000000000","-","","2147838,1899999999","t","551781204,13999999","0","t","0","0","t","0"
"2017","SC","Não-Metálicos","Areia","156971,76000000001","t",",000000000000000","-","","150965,87","t","3818279,2100000004","0","t","0","0","t","0"
"2017","SC","Não-Metálicos","Areias Industriais","1049360,1899999999","t",",000000000000000","-","","1048568,99","t","68477012,429999992","0","t","0","0","t","0"
"2017","SC","Não-Metálicos","Argilas","148904,78","t",",000000000000000","-","","0","t","0","0","t","0","149115,42999999999","t","4787155,6500000004"
"2017","SC","Não-Metálicos","Calcário","2397019,0500000003","t",",000000000000000","-","","833464,08999999997","t","38792416,140000001","0","t","0","1561707,05","t","23093133,57"
"2017","SC","Não-Metálicos","Caulim","29370,689999999999","t",",000000000000000","-","","29370,689999999999","t","7605746,29","0","t","0","0","t","0"
"2017","SC","Não-Metálicos","Feldspato, Leucita e Nefelina-Sienito","149482,03","t",",000000000000000","-","","118275,23","t","23762743,919999998","0","t","0","0","t","0"
"2017","SC","Não-Metálicos","Rochas (Britadas) e Cascalho","16530725,430000002","t",",000000000000000","-","","14477436,730000002","t","350354058,31999993","1324974,2399999998","t","24895239,23","752938,85999999999","t","10764702,189999999"
"2017","SC","Não-Metálicos","Rochas Ornamentais - Outras","88072,75","t",",000000000000000","-","","87535,75","t","363675,03999999998","0","t","0","0","t","0"
"2017","SC","Não-Metálicos","Saibro","298579,10999999999","t",",000000000000000","-","","223976,26000000001","t","2921356,5","71430,600000000006","t","445522,40000000002","0","t","0"
"2017","SE","Não-Metálicos","Argilas","203063,75","t",",000000000000000","-","","0","t","0","10555,73","t","1368825","192508,01999999999","t","2510357,1400000001"
"2017","SE","Não-Metálicos","Calcário","3550460,48","t",",000000000000000","-","","450082,14000000001","t","7007289,9100000001","0","t","0","3063250,6899999999","t","21166278,32"
"2017","SE","Não-Metálicos","Potássio","484877,03999999998","t","284765,000000000000000","t","K2O","490897,73999999999","t","417706623,16000003","0","t","0","0","t","0"
"2017","SE","Não-Metálicos","Rochas (Britadas) e Cascalho","281694,12","t",",000000000000000","-","","281694,12","t","14490322,640000001","0","t","0","0","t","0"
"2017","SP","Energéticos","Turfa","13520,76","t",",000000000000000","-","","58","t","4367,4399999999996","0","t","0","6610,9200000000001","t","99163,800000000003"
"2017","SP","Metálicos","Ferro","413279,85999999999","t","309959,890000000000000","t","Fe","78808,449999999997","t","1361704,0900000001","0","t","0","0","t","0"
"2017","SP","Não-Metálicos","Areia","9667266,1400000025","t",",000000000000000","-","","9400961,1400000006","t","228987701,74000001","0","t","0","0","t","0"
"2017","SP","Não-Metálicos","Areias Industriais","4360330,3900000006","t",",000000000000000","-","","3888692,8700000006","t","209792242,46000004","0","t","0","471797,20000000001","t","13837136,110000001"
"2017","SP","Não-Metálicos","Argilas","1198968,8499999999","t",",000000000000000","-","","916839,45000000019","t","34153081,399999999","0","t","0","297227,83999999997","t","4506613,2199999997"
"2017","SP","Não-Metálicos","Calcário","9476323,2699999996","t",",000000000000000","-","","3725816,5299999993","t","158240305,25","0","t","0","5672422,8000000007","t","108709291,98"
"2017","SP","Não-Metálicos","Caulim","81298,450000000012","t",",000000000000000","-","","81235,150000000009","t","31066184,350000001","0","t","0","63,299999999999997","t","126644"
"2017","SP","Não-Metálicos","Dolomito e Magnesita","1347573,6699999999","t",",000000000000000","-","","1079473,5600000001","t","61352104,099999994","0","t","0","244473,10999999999","t","2112071,5800000001"
"2017","SP","Não-Metálicos","Feldspato, Leucita e Nefelina-Sienito","1389,3","t",",000000000000000","-","","1389,3","t","633619","0","t","0","0","t","0"
"2017","SP","Não-Metálicos","Fosfato","3910056,4399999999","t","1863901,990000000000000","t","P2O5","921662,29000000004","t","28977901,52","604920,63","t","225679781,16","0","t","0"
"2017","SP","Não-Metálicos","Rochas (Britadas) e Cascalho","57620024,300000012","t",",000000000000000","-","","54941424,94000002","t","1342503655,5599997","109435,18000000001","t","530364,57999999996","932465,78999999992","t","30997909,940000005"
"2017","SP","Não-Metálicos","Rochas Ornamentais","267","t",",000000000000000","-","","5098,3699999999999","t","657471,40000000002","0","t","0","0","t","0"
"2017","SP","Não-Metálicos","Rochas Ornamentais - Outras","18,100000000000001","t",",000000000000000","-","","18,100000000000001","t","3525","0","t","0","0","t","0"
"2017","SP","Não-Metálicos","Saibro","32,299999999999997","t",",000000000000000","-","","32,299999999999997","t","867","0","t","0","0","t","0"
"2017","SP","Não-Metálicos","Talco e outras Cargas Minerais","630420,28000000003","t",",000000000000000","-","","617743,62000000011","t","41028535,75","0","t","0","0","t","0"
"2017","TO","Metálicos","Ouro","22,008590000000002","kg","22,008590000000000","kg","Au","22,008590000000002","kg","2418469,8599999999","0","kg","0","0","kg","0"
"2017","TO","Não-Metálicos","Areia","8988","t",",000000000000000","-","","8988","t","259365,98999999999","0","t","0","0","t","0"
"2017","TO","Não-Metálicos","Areias Industriais","82000","t",",000000000000000","-","","82000","t","3533380","0","t","0","0","t","0"
"2017","TO","Não-Metálicos","Argilas","15414,58","t",",000000000000000","-","","115490,58","t","2389272,73","0","t","0","0","t","0"
"2017","TO","Não-Metálicos","Calcário","3203447,1607920006","t",",000000000000000","-","","2573659,8416869994","t","123775273,42438301","0","t","0","571157,42000000004","t","11887376,23"
"2017","TO","Não-Metálicos","Dolomito e Magnesita","242677,67999999999","t",",000000000000000","-","","242677,67999999999","t","7468611,1399999997","0","t","0","0","t","0"
"2017","TO","Não-Metálicos","Fosfato","105908,37","t","19018,610000000000000","t","P2O5","59702,809999999998","t","9603741,1899999995","30830,810000000001","t","61586685","0","t","0"
"2017","TO","Não-Metálicos","Minerais Industriais (Outros)","73,75","t",",000000000000000","-","","49,75","t","2356560","0","t","0","0","t","0"
"2017","TO","Não-Metálicos","Rochas (Britadas) e Cascalho","731138,87920800003","t",",000000000000000","-","","718667,40831299999","t","24987476,955616999","2007,8099999999999","t","0,12","0","t","0"
"2018","AL","Não-Metálicos","Calcário","227089,81","t",",000000000000000","-","","130131,2","t","12053350,210000001","0","t","0","109230","t","1234807,46"
"2018","AL","Não-Metálicos","Rochas (Britadas) e Cascalho","1278799,8400000001","t",",000000000000000","-","","971350,95999999996","t","34806117,609999999","171","t","4723,9499999999998","217000","t","1085000"
"2018","AM","Metálicos","Columbita-Tantalita","11837,01","t","3551,103000000000000","t","Nb2O5","0","t","0","0","t","0","11837,01","t","85829257,239999995"
"2018","AM","Metálicos","Estanho","14335400","kg","7167700,000000000000000","kg","Sn","0","kg","0","0","kg","0","14335400","kg","362590019,16000003"
"2018","AM","Não-Metálicos","Rochas (Britadas) e Cascalho","787879,70999999996","t",",000000000000000","-","","679277,95999999996","t","48073444,920000002","0","t","0","0","t","0"
"2018","AP","Metálicos","Ferro","0","t",",000000000000000","t","Fe","0","t","0","0","t","0","0","t","0"
"2018","AP","Metálicos","Ouro","3930,9370699999999","kg","3930,937070000000000","kg","Au","3931,3189000000002","kg","578493813,19999993","0","kg","0","0","kg","0"
"2018","AP","Metálicos","Prata","389,54129999999998","kg","389,541300000000000","kg","Ag","389,54129999999998","kg","911604,46999999997","0","kg","0","0","kg","0"
"2018","AP","Não-Metálicos","Caulim","216854,31","t",",000000000000000","-","","185076,84","t","161387180,02000001","0","t","0","0","t","0"
"2018","AP","Não-Metálicos","Rochas (Britadas) e Cascalho","135441,34","t",",000000000000000","-","","130095,42999999999","t","7989021,4799999995","0","t","0","0","t","0"
"2018","BA","Gemas e Diamantes","Diamante","204873,51000000001","ct","204873,510000000000000","ct","","210287,98999999999","ct","145849661,97999999","0","ct","0","0","ct","0"
"2018","BA","Metálicos","Cobre","88178,860000000001","t","30118,730000000000000","t","Cu","71918,369999999995","t","642483876,59000003","0","t","0","0","t","0"
"2018","BA","Metálicos","Cromo","567292,59999999998","t","219724,180000000000000","t","Cr2O3","52430,970000000001","t","61006597,120000005","21746","t","12043572,390000001","404971,20999999996","t","167020227,03"
"2018","BA","Metálicos","Ferro","0","t",",000000000000000","t","Fe","0","t","0","0","t","0","0","t","0"
"2018","BA","Metálicos","Manganês","0","t",",000000000000000","t","Mn","0","t","0","0","t","0","0","t","0"
"2018","BA","Metálicos","Ouro","6726,4731000000011","kg","6726,473100000000000","kg","Au","6826,9859699999997","kg","976630266,33000004","0","kg","0","0","kg","0"
"2018","BA","Metálicos","Vanádio","343126","t","11718,000000000000000","t","V","0","t","0","0","t","0","343126","t","105650804,69"
"2018","BA","Não-Metálicos","Areia","2552,5500000000002","t",",000000000000000","-","","2552,5500000000002","t","105006,78999999999","0","t","0","0","t","0"
"2018","BA","Não-Metálicos","Areias Industriais","205755,81999999998","t",",000000000000000","-","","0","t","0","0","t","0","205755,81999999998","t","20084244,180000003"
"2018","BA","Não-Metálicos","Argilas","298770,53999999998","t",",000000000000000","-","","217208,53999999998","t","75029755,250000015","88409,669999999998","t","1633048,5","0","t","0"
"2018","BA","Não-Metálicos","Bário","4059","t","4059,000000000000000","t","BaSO4","4059","t","3931777,52","0","t","0","0","t","0"
"2018","BA","Não-Metálicos","Calcário","1585366,4199999999","t",",000000000000000","-","","648205,1100000001","t","42302884,43","0","t","0","951704,45999999996","t","15648906,68"
"2018","BA","Não-Metálicos","Diatomita","2821,73","t",",000000000000000","-","","2796,5599999999999","t","8372557,54","0","t","0","0","t","0"
"2018","BA","Não-Metálicos","Dolomito e Magnesita","2397027,2999999998","t",",000000000000000","-","","623145,40000000002","t","964048293,72000003","166967,54999999999","t","6145095,9800000004","971444","t","70793934,359999999"
"2018","BA","Não-Metálicos","Fosfato","198306,01000000001","t","64052,840000000000000","t","P2O5","0","t","0","0","t","0","216356,19","t","35643456,299999997"
"2018","BA","Não-Metálicos","Rochas (Britadas) e Cascalho","7673630,0600000005","t",",000000000000000","-","","6817609,8300000019","t","232028077,25000003","8919","t","282014,59000000003","164100","t","7056300"
"2018","BA","Não-Metálicos","Rochas Ornamentais","9031,8700000000008","t",",000000000000000","-","","8629,5299999999988","t","6854222,9000000004","0","t","0","359,91999999999996","t","308970,98000000004"
"2018","BA","Não-Metálicos","Talco e outras Cargas Minerais","29051,400000000001","t",",000000000000000","-","","28771,310000000001","t","59740254,850000001","0","t","0","0","t","0"
"2018","CE","Metálicos","Ferro","3360,6799999999998","t","2073,870000000000000","t","Fe","3360,6799999999998","t","918127,38","0","t","0","0","t","0"
"2018","CE","Metálicos","Manganês","234750","t","60982,500000000000000","t","Mn","118761","t","18790596,16","0","t","0","0","t","0"
"2018","CE","Não-Metálicos","Areias Industriais","32060,720000000001","t",",000000000000000","-","","31085,720000000001","t","1554286","0","t","0","975","t","20855,25"
"2018","CE","Não-Metálicos","Calcário","4534337,3099999996","t",",000000000000000","-","","1004115,6299999999","t","64445283,359999985","47762","t","3815325,9700000002","3310006,77","t","45275729,060000002"
"2018","CE","Não-Metálicos","Rochas (Britadas) e Cascalho","4425628,7699999996","t",",000000000000000","-","","4435860,9499999993","t","124799516,73999998","18184","t","299364,08000000002","0","t","0"
"2018","CE","Não-Metálicos","Rochas Ornamentais","5241,0799999999999","t",",000000000000000","-","","5241,0799999999999","t","11796834,27","0","t","0","0","t","0"
"2018","DF","Não-Metálicos","Areia","314095,65999999997","t",",000000000000000","-","","286049,5","t","5781177,46","0","t","0","0","t","0"
"2018","DF","Não-Metálicos","Argilas","156294,14000000001","t",",000000000000000","-","","0","t","0","0","t","0","156294,14000000001","t","1891548,27"
"2018","DF","Não-Metálicos","Calcário","3240524,0700000003","t",",000000000000000","-","","216876,29999999999","t","19491595,309999999","0","t","0","3017865,77","t","57275700,909999996"
"2018","DF","Não-Metálicos","Rochas (Britadas) e Cascalho","2180330,2800000003","t",",000000000000000","-","","2032778,3100000001","t","50573437,530000001","0","t","0","0","t","0"
"2018","ES","Metálicos","Ferro","0","t",",000000000000000","t","Fe","67631,619999999995","t","18780764,440000001","0","t","0","0","t","0"
"2018","ES","Não-Metálicos","Argilas","11307,66","t",",000000000000000","-","","11689,459999999999","t","1309276,1499999999","0","t","0","0","t","0"
"2018","ES","Não-Metálicos","Calcário","228012,49000000002","t",",000000000000000","-","","212383,24000000002","t","12952558,389999999","0","t","0","0","t","0"
"2018","ES","Não-Metálicos","Rochas (Britadas) e Cascalho","4180776,8800000004","t",",000000000000000","-","","3906166,8200000003","t","98989191,849999979","0","t","0","0","t","0"
"2018","ES","Não-Metálicos","Rochas Ornamentais","141840,78999999998","t",",000000000000000","-","","125958,39","t","217872577,51000002","8281,8899999999994","t","2779310,3599999999","0","t","0"
"2018","GO","Gemas e Diamantes","Diamante","0","ct",",000000000000000","ct","","0","ct","0","0","ct","0","0","ct","0"
"2018","GO","Metálicos","Alumínio (Bauxita)","1046203,0699999999","t","552746,890000000000000","t","Al2O3","957328,84000000008","t","73985520,429999992","0","t","0","0","t","0"
"2018","GO","Metálicos","Cobre","243129,39000000001","t","58582,110000000000000","t","Cu","242549,34","t","1667239912,53","0","t","0","0","t","0"
"2018","GO","Metálicos","Ferro","15591,959999999999","t","8952,900000000000000","t","Fe","15591,959999999999","t","871696,81999999995","0","t","0","0","t","0"
"2018","GO","Metálicos","Manganês","713,02999999999997","t",",000000000000000","t","Mn","713,02999999999997","t","135962,23999999999","713,02999999999997","t","10000","713,02999999999997","t","125962,24000000001"
"2018","GO","Metálicos","Nióbio","29076,619999999999","t","14883,886090000000000","t","Nb2O5","0","t","0","0","t","0","29076,619999999999","t","373949978,52999997"
"2018","GO","Metálicos","Níquel","154732,83000000002","t","42309,890000000000000","t"," Ni","152252,01999999999","t","2055160113,7400002","0","t","0","0","t","0"
"2018","GO","Metálicos","Ouro","5595,4621000000006","kg","5595,462100000000000","kg","Au","5726,2348300000003","kg","849774361,06999993","0","kg","0","0","kg","0"
"2018","GO","Metálicos","Prata","187,66400000000002","kg","187,664000000000000","kg","Ag","119,789","kg","263537","0","kg","0","0","kg","0"
"2018","GO","Não-Metálicos","Amianto","111438,5","t","111438,500000000000000","t","","116518,55","t","217350234,61000001","0","t","0","0","t","0"
"2018","GO","Não-Metálicos","Areia","488084,66999999993","t",",000000000000000","-","","488444,92999999999","t","13985094,620000003","0","t","0","0","t","0"
"2018","GO","Não-Metálicos","Areias Industriais","137945,51000000001","t",",000000000000000","-","","136103,38","t","4892465,29","0","t","0","0","t","0"
"2018","GO","Não-Metálicos","Argilas","52868,360000000001","t",",000000000000000","-","","5288","t","1720","12000","t","96000","35980,360000000001","t","474311,31"
"2018","GO","Não-Metálicos","Bário","5318,1800000000003","t","3007,960000000000000","t","BaSO4","4537,1000000000004","t","852830,79000000004","0","t","0","0","t","0"
"2018","GO","Não-Metálicos","Calcário","6971713,2930000015","t",",000000000000000","-","","6017719,0030000005","t","313313167,79500002","0","t","0","923802,70999999996","t","19296085,859999999"
"2018","GO","Não-Metálicos","Dolomito e Magnesita","318916,78999999998","t",",000000000000000","-","","271217,63","t","12896580,91","0","t","0","0","t","0"
"2018","GO","Não-Metálicos","Fosfato","2214941,54","t","795828,680000000000000","t","P2O5","5515,1499999999996","t","3042101,48","152882,57000000001","t","25940539,239999998","1990302,4199999999","t","451268141,37"
"2018","GO","Não-Metálicos","Rochas (Britadas) e Cascalho","8313509,6069999989","t",",000000000000000","-","","6564414,0369999986","t","193042001,38499999","171,28","t","6255,1400000000003","1550580,9500000002","t","21537799,75"
"2018","GO","Não-Metálicos","Saibro","0","t",",000000000000000","-","","0","t","0","0","t","0","0","t","0"
"2018","GO","Não-Metálicos","Talco e outras Cargas Minerais","700","t",",000000000000000","-","","700","t","70000","0","t","0","0","t","0"
"2018","GO","Não-Metálicos","Vermiculita e Perlita","53305","t","52372,640000000000000","t","","46757,199999999997","t","56676321,25","5616","t","1903314,95","0","t","0"
"2018","MA","Não-Metálicos","Areia","12697,92","t",",000000000000000","-","","12697,92","t","147092,70999999999","0","t","0","0","t","0"
"2018","MA","Não-Metálicos","Argilas","117543,81000000014","t",",000000000000000","-","","89901,910000000149","t","418418","27641,900000000001","t","372219,35999999999","0","t","0"
"2018","MA","Não-Metálicos","Calcário","25333,099999999999","t",",000000000000000","-","","25079,959999999999","t","23161136,050000001","0","t","0","0","t","0"
"2018","MA","Não-Metálicos","Gipsita","406796,20999999996","t",",000000000000000","-","","406796,20999999996","t","19355857,210000001","0","t","0","0","t","0"
"2018","MA","Não-Metálicos","Rochas (Britadas) e Cascalho","2940143,0899999999","t",",000000000000000","-","","2703184,2799999998","t","79195263,489999995","412,5","t","21155","0","t","0"
"2018","MG","Gemas e Diamantes","Diamante","4330,5000000000018","ct","4263,960000000000000","ct","","3122,9199999999996","ct","19893238,219999999","108,00000000000045","ct","6299,54","0","ct","0"
"2018","MG","Gemas e Diamantes","Gemas","245,21957","kg","205,849580000000000","kg","","157,99981","kg","28205648,93","0","kg","0","0","kg","0"
"2018","MG","Metálicos","Alumínio (Bauxita)","1365843,4700000002","t","573795,070000000000000","t","Al2O3","45441,809999999998","t","9409728,3100000005","0","t","0","1328283,3599999999","t","78906109,670000017"
"2018","MG","Metálicos","Chumbo","15779,810000000001","t","7267,040000000000000","t","Pb","14555,290000000001","t","55177176,530000001","0","t","0","0","t","0"
"2018","MG","Metálicos","Columbita-Tantalita","560,38999999999999","t","141,069000000000000","t","Ta2O5","446,18000000000001","t","99928941,019999996","0","t","0","0","t","0"
"2018","MG","Metálicos","Estanho","203617","kg","49638,000000000000000","kg","Sn","62730","kg","4201124,8200000003","0","kg","0","0","kg","0"
"2018","MG","Metálicos","Ferro","252413603,99000004","t","158933438,680000000000000","t","Fe","196539672,44999993","t","31946479683,590004","0","t","0","51923150,689999998","t","4462462935,0699997"
"2018","MG","Metálicos","Lítio","17354","t","786,100000000000000","t","Li2O","2271","t","5413568,0099999998","0","t","0","10922,58","t","11262812,380000001"
"2018","MG","Metálicos","Manganês","303162,40000000002","t","71310,940000000000000","t","Mn","202368,38999999998","t","19123150,699999999","0","t","0","123354","t","21686185,569999997"
"2018","MG","Metálicos","Nióbio","129412","t","80833,000000000000000","t","Nb2O5","121445,16000000015","t","273564620,19999999","0","t","0","0","t","0"
"2018","MG","Metálicos","Ouro","32316,65062","kg","32316,650620000000000","kg","Au","31699,03716","kg","4648978636,5499992","0","kg","0","0","kg","0"
"2018","MG","Metálicos","Prata","3815,1933100000001","kg","3815,193310000000000","kg","Ag","3822,6992399999999","kg","6868820,1699999999","0","kg","0","0","kg","0"
"2018","MG","Metálicos","Titânio","2,5099999999999998","t","2,390000000000000","t","TiO2","0","t","0","0","t","0","0","t","0"
"2018","MG","Metálicos","Zinco","421730,54000000004","t","169772,850000000000000","t","Zn","53667,230000000003","t","132920069,44","0","t","0","357626,23999999999","t","277848086,61000001"
"2018","MG","Não-Metálicos","Areia","506116,22000000003","t",",000000000000000","-","","497710,35999999999","t","14052114,84","0","t","0","0","t","0"
"2018","MG","Não-Metálicos","Areias Industriais","523341,46999999997","t",",000000000000000","-","","144840,13","t","17216003,960000001","19589,84","t","237041,06","356452,04000000004","t","14523324,84"
"2018","MG","Não-Metálicos","Argilas","1476926,97","t",",000000000000000","-","","313649,64999999997","t","67258311,74000001","451624,46000000002","t","1373766,1800000002","712694,67000000004","t","4138508,7099999995"
"2018","MG","Não-Metálicos","Calcário","36503337,355999991","t",",000000000000000","-","","14028769,186000004","t","524441033,98799986","6134199,6800000006","t","28416683,670000002","16875077,439999998","t","279806484,61000001"
"2018","MG","Não-Metálicos","Cianita e outros minerais refratários","352","t",",000000000000000","-","","185,00999999999999","t","290622,08000000002","0","t","0","0","t","0"
"2018","MG","Não-Metálicos","Enxofre","184290,01999999999","t","60176,330000000000000","t","S","177256,5","t","75099167","0","t","0","0","t","0"
"2018","MG","Não-Metálicos","Feldspato, Leucita e Nefelina-Sienito","212059,60999999999","t",",000000000000000","-","","203169,76000000001","t","35200529,25","0","t","0","0","t","0"
"2018","MG","Não-Metálicos","Fosfato","2860211,5899999999","t","993495,220000000000000","t","P2O5","7341,2399999999998","t","3481308,5499999998","476840,39000000001","t","317507019,87","2539620,6400000001","t","999165279,30000007"
"2018","MG","Não-Metálicos","Grafita","78980,899999999994","t","68232,580000000000000","t","","81613,319999999992","t","270345090,53999996","0","t","0","0","t","0"
"2018","MG","Não-Metálicos","Rochas (Britadas) e Cascalho","17540040,634000007","t",",000000000000000","-","","17083086,9815","t","519591367,1169998","180519,65999999997","t","1436143,8999999999","116020,73","t","4470528,4800000004"
"2018","MG","Não-Metálicos","Rochas Ornamentais","152,97","t",",000000000000000","-","","100,97","t","141320,17000000001","0","t","0","0","t","0"
"2018","MG","Não-Metálicos","Talco e outras Cargas Minerais","262286,69","t",",000000000000000","-","","208860,09250000003","t","61792272,665000007","19418,490000000002","t","3180483,4700000002","0","t","0"
"2018","MS","Metálicos","Ferro","3916752,4500000002","t","2538637,110000000000000","t","Fe","3998985,2299999995","t","616238825,37999988","0","t","0","0","t","0"
"2018","MS","Metálicos","Manganês","670244","t","278742,030000000000000","t","Mn","632330","t","396900166,69","0","t","0","0","t","0"
"2018","MS","Não-Metálicos","Areia","273290,90000000002","t",",000000000000000","-","","277177,59999999998","t","5377348,5299999993","0","t","0","0","t","0"
"2018","MS","Não-Metálicos","Argilas","226574,50999999998","t",",000000000000000","-","","91706,460000000006","t","2448702,3500000001","123816,23","t","2216295,0600000001","6922,25","t","3295,9499999999998"
"2018","MS","Não-Metálicos","Calcário","4002304,1999999997","t",",000000000000000","-","","3416251,2800000003","t","157329135,05000001","0","t","0","674820,17000000004","t","12367212,129999999"
"2018","MS","Não-Metálicos","Fosfato","13036","t","1903,650000000000000","t","P2O5","12691","t","2746913,8999999999","0","t","0","0","t","0"
"2018","MS","Não-Metálicos","Rochas (Britadas) e Cascalho","4124860,9700000002","t",",000000000000000","-","","3713967,04","t","122329115,11999999","147864,82000000001","t","2000253,6600000001","14427,799999999999","t","288554,71999999997"
"2018","MS","Não-Metálicos","Talco e outras Cargas Minerais","111368,05","t",",000000000000000","-","","0","t","0","0","t","0","111368,05","t","2235062,0499999998"
"2018","MT","Gemas e Diamantes","Diamante","29847,690000000002","ct","29769,420000000000000","ct","","26454,59","ct","6238962,4199999999","0","ct","0","0","ct","0"
"2018","MT","Metálicos","Estanho","295561","kg","198025,870000000000000","kg","Sn","295561","kg","256399","0","kg","0","0","kg","0"
"2018","MT","Metálicos","Manganês","22800","t","9120,000000000000000","t","Mn","0","t","0","0","t","0","0","t","0"
"2018","MT","Metálicos","Ouro","9060,7662599999967","kg","9060,617610000000000","kg","Au","8997,314419999997","kg","1231941714,21","1,0000000000000001E-5","kg","464452,5","9,7972000000000001","kg","464452,5"
"2018","MT","Não-Metálicos","Areia","80722,340000000011","t",",000000000000000","-","","79776,540000000008","t","1924306,0900000001","0","t","0","0","t","0"
"2018","MT","Não-Metálicos","Argilas","2027035,8100000001","t",",000000000000000","-","","1991779,8900000001","t","9070000,0700000003","0","t","0","1124825,2","t","1589671,1299999999"
"2018","MT","Não-Metálicos","Calcário","8750442,620000001","t",",000000000000000","-","","7130756,6799999997","t","402707184,93000001","1151858,46","t","904440","491059,39000000001","t","8969500,4199999999"
"2018","MT","Não-Metálicos","Dolomito e Magnesita","2065155,4399999999","t",",000000000000000","-","","1980852,9999999998","t","94024045,030000001","0","t","0","0","t","0"
"2018","MT","Não-Metálicos","Rochas (Britadas) e Cascalho","3867075,6799999992","t",",000000000000000","-","","3752837,9399999999","t","125177285,39000006","10208,799999999999","t","458752,21999999997","0","t","0"
"2018","PA","Metálicos","Alumínio (Bauxita)","27300460,530000001","t","13322525,030000000000000","t","Al2O3","27592710,899999999","t","3407150743,5799999","0","t","0","0","t","0"
"2018","PA","Metálicos","Cobre","972184,64000000013","t","297060,570000000000000","t","Cu","964296,93000000005","t","7843934301,1599998","0","t","0","0","t","0"
"2018","PA","Metálicos","Estanho","5375852,4199999999","kg","4028479,000000000000000","kg","Sn","4232639","kg","61852504,240000002","0","kg","0","0","kg","0"
"2018","PA","Metálicos","Ferro","193640383","t","125822249,050000000000000","t","Fe","196193436","t","35047452158,519997","0","t","0","3232754","t","173176289,44999999"
"2018","PA","Metálicos","Manganês","2037856,9300000002","t","872437,310000000000000","t","Mn","2414589,75","t","1416761119,2599998","0","t","0","0","t","0"
"2018","PA","Metálicos","Níquel","82108,380000000005","t","22944,370000000000000","t"," Ni","77732,550000000003","t","940425322,88999999","0","t","0","0","t","0"
"2018","PA","Metálicos","Ouro","4894,3929300000018","kg","4883,076400000000000","kg","Au","4791,9779100000014","kg","630884547,99999988","466,13047999999998","kg","61939232,43999999","466,13047999999998","kg","61939232,43999999"
"2018","PA","Metálicos","Prata","287,01753000000002","kg","287,017530000000000","kg","Ag","311,98720000000003","kg","725929,21999999997","0","kg","0","0","kg","0"
"2018","PA","Não-Metálicos","Areia","210,22","t",",000000000000000","-","","210,22","t","15377,84","0","t","0","0","t","0"
"2018","PA","Não-Metálicos","Areias Industriais","40712,610000000001","t",",000000000000000","-","","0","t","0","0","t","0","40712,610000000001","t","9305541,0199999996"
"2018","PA","Não-Metálicos","Argilas","102669,13","t",",000000000000000","-","","48631,129999999997","t","121577,82000000001","12300","t","220260","50940,410000000003","t","878847,65000000002"
"2018","PA","Não-Metálicos","Calcário","2006678,9399999997","t",",000000000000000","-","","378285,01000000001","t","19472775,07","0","t","0","1392168,3300000001","t","25449519,670000002"
"2018","PA","Não-Metálicos","Caulim","1283831,2000000002","t",",000000000000000","-","","1243020,8300000001","t","565530049,28999996","0","t","0","0","t","0"
"2018","PA","Não-Metálicos","Fosfato","98520","t","23802,430000000000000","t","P2O5","76578,699999999997","t","44072136,520000003","0","t","0","0","t","0"
"2018","PA","Não-Metálicos","Rochas (Britadas) e Cascalho","1383763,8","t",",000000000000000","-","","1325665,23","t","67512880,340000004","177,55000000000001","t","2814","0","t","0"
"2018","PB","Metálicos","Titânio","123267,46000000001","t","68701,300000000000000","t","TiO2","68567,259999999995","t","45690962,259999998","0","t","0","4475,8100000000004","t","2196593,2000000002"
"2018","PB","Metálicos","Zircônio","16960,5","t","10948,450000000000000","t","ZrSiO4","15761","t","99066021,760000005","0","t","0","0","t","0"
"2018","PB","Não-Metálicos","Areias Industriais","169846,47","t",",000000000000000","-","","18519,07","t","158536,35999999999","0","t","0","151744,76999999999","t","6319657,4000000004"
"2018","PB","Não-Metálicos","Argilas","354389,58000000002","t",",000000000000000","-","","338446,44","t","181888511,73999998","0","t","0","57929,559999999998","t","383710,96000000002"
"2018","PB","Não-Metálicos","Calcário","3166860,8599999999","t",",000000000000000","-","","1532517,04","t","46387915,68","0","t","0","1636325,9500000002","t","30587646,09"
"2018","PB","Não-Metálicos","Cianita e outros minerais refratários","385,79000000000002","t",",000000000000000","-","","868,5","t","1125927,74","0","t","0","0","t","0"
"2018","PB","Não-Metálicos","Feldspato, Leucita e Nefelina-Sienito","148708,20999999999","t",",000000000000000","-","","148708,20999999999","t","6042217,6900000004","0","t","0","0","t","0"
"2018","PB","Não-Metálicos","Rochas (Britadas) e Cascalho","918634,62000000011","t",",000000000000000","-","","859356,68000000005","t","27782995,390000001","0","t","0","0","t","0"
"2018","PB","Não-Metálicos","Rochas Ornamentais","6684,0599999999995","t",",000000000000000","-","","6288,6300000000001","t","10598160,449999999","283,02999999999997","t","275048,17999999999","0","t","0"
"2018","PE","Metálicos","Ouro","2,5830000000000002","kg","2,583000000000000","kg","Au","2,5830000000000002","kg","335862,28999999998","0","kg","0","0","kg","0"
"2018","PE","Não-Metálicos","Areia","17300","t",",000000000000000","-","","17300","t","135500","0","t","0","0","t","0"
"2018","PE","Não-Metálicos","Areias Industriais","155446,60999999999","t",",000000000000000","-","","4230","t","48264,300000000003","0","t","0","115830,06","t","8245347,96"
"2018","PE","Não-Metálicos","Argilas","62796,219999999994","t",",000000000000000","-","","16599,450000000001","t","1465333,1600000001","0","t","0","43712,769999999997","t","500647,53999999998"
"2018","PE","Não-Metálicos","Calcário","50809,43","t",",000000000000000","-","","18611,150000000001","t","249211,5","0","t","0","32198,279999999999","t","419457,85999999999"
"2018","PE","Não-Metálicos","Dolomito e Magnesita","117,93000000000001","t",",000000000000000","-","","117,93000000000001","t","18537,919999999998","0","t","0","0","t","0"
"2018","PE","Não-Metálicos","Gipsita","702851,28999999992","t",",000000000000000","-","","488938,87000000005","t","27154490,119999997","0","t","0","100946,66","t","9095146,0600000005"
"2018","PE","Não-Metálicos","Rochas (Britadas) e Cascalho","4105598,3500000001","t",",000000000000000","-","","3958662,6899999995","t","106854151,31000002","0","t","0","21023,779999999999","t","525594,79000000004"
"2018","PE","Não-Metálicos","Vermiculita e Perlita","3403,4000000000001","t","170,680000000000000","t","","1311,1900000000001","t","2848400","0","t","0","0","t","0"
"2018","PI","Gemas e Diamantes","Gemas","1","kg","1,000000000000000","kg","","1","kg","1000","0","kg","0","0","kg","0"
"2018","PI","Não-Metálicos","Argilas","16001,02","t",",000000000000000","-","","554,22000000000003","t","76755,759999999995","3177,5500000000002","t","58275,360000000001","6646,8000000000002","t","317753,82999999996"
"2018","PI","Não-Metálicos","Calcário","594968,86999999988","t",",000000000000000","-","","594968,86999999988","t","37942832,406400003","0","t","0","0","t","0"
"2018","PI","Não-Metálicos","Dolomito e Magnesita","37979,270000000004","t",",000000000000000","-","","37979,270000000004","t","2596405,5436","0","t","0","0","t","0"
"2018","PI","Não-Metálicos","Rochas (Britadas) e Cascalho","890090,09999999986","t",",000000000000000","-","","732777,77000000014","t","30002156,649999999","0","t","0","4251","t","178542"
"2018","PI","Não-Metálicos","Saibro","19157,509999999998","t",",000000000000000","-","","19156,509999999998","t","510770,78000000003","0","t","0","0","t","0"
"2018","PR","Energéticos","Carvão Mineral","111697,03","t",",000000000000000","-","","111697,03","t","40511932,630000003","0","t","0","0","t","0"
"2018","PR","Metálicos","Ouro","289,60536999999999","kg","289,576410000000000","kg","Au","287,87099999999998","kg","42799350","0","kg","0","0","kg","0"
"2018","PR","Metálicos","Prata","41,130850000000002","kg","41,089720000000000","kg","Ag","47","kg","98700","0","kg","0","0","kg","0"
"2018","PR","Não-Metálicos","Areia","2279574,3400000003","t",",000000000000000","-","","2218359,8000000003","t","36969187,679999992","16450,139999999999","t","107956,32000000001","35848","t","860352"
"2018","PR","Não-Metálicos","Areias Industriais","1128","t",",000000000000000","-","","1128","t","18321,299999999999","0","t","0","0","t","0"
"2018","PR","Não-Metálicos","Argilas","226463,53000000003","t",",000000000000000","-","","34009,160000000003","t","7332791,79","26233,330000000002","t","222923,42000000001","166181,48000000001","t","1558103,71"
"2018","PR","Não-Metálicos","Calcário","12232539,949999997","t",",000000000000000","-","","2911293,4500000002","t","94996390,389999971","2225454,8999999999","t","38824573,840000004","7039315,379999999","t","90097693,75"
"2018","PR","Não-Metálicos","Caulim","2789,54","t",",000000000000000","-","","2789,54","t","1006984,52","0","t","0","0","t","0"
"2018","PR","Não-Metálicos","Dolomito e Magnesita","326752,76000000001","t",",000000000000000","-","","315485,91999999998","t","5167733,71","0","t","0","0","t","0"
"2018","PR","Não-Metálicos","Feldspato, Leucita e Nefelina-Sienito","82339,729999999996","t",",000000000000000","-","","0","t","0","0","t","0","88240,619999999995","t","3655230,5499999998"
"2018","PR","Não-Metálicos","Fluorita e Criolita","23895,170000000002","t","19405,580000000000000","t","","24035,830000000002","t","23442444,409999996","0","t","0","0","t","0"
"2018","PR","Não-Metálicos","Rochas (Britadas) e Cascalho","16775595,390000002","t",",000000000000000","-","","14561654,25","t","367582579,66000003","1225651,95","t","23008748","486677,36000000004","t","9122679,8599999994"
"2018","PR","Não-Metálicos","Rochas Ornamentais","9771,6000000000004","t",",000000000000000","-","","7921,5600000000004","t","439477,29000000004","0","t","0","1828,3399999999999","t","1880852,1299999999"
"2018","PR","Não-Metálicos","Talco e outras Cargas Minerais","404688,96000000002","t",",000000000000000","-","","39306,009999999995","t","10560324,969999999","0","t","0","365507,78999999998","t","3502299,3399999999"
"2018","RJ","Metálicos","Monazita e Terras-Raras","800","t","800,000000000000000","t","ETR","800","t","1441865","0","t","0","0","t","0"
"2018","RJ","Metálicos","Titânio","6090","t","6090,000000000000000","t","TiO2","6090","t","3893442,6800000002","0","t","0","0","t","0"
"2018","RJ","Metálicos","Zircônio","883","t","883,000000000000000","t","ZrSiO4","883","t","2348538,7000000002","0","t","0","0","t","0"
"2018","RJ","Não-Metálicos","Areia","130140,48","t",",000000000000000","-","","130140,48","t","1866608,05","0","t","0","0","t","0"
"2018","RJ","Não-Metálicos","Argilas","62184,760000000002","t",",000000000000000","-","","2906,8299999999999","t","423912,71999999997","0","t","0","59277,93","t","388588,72999999998"
"2018","RJ","Não-Metálicos","Calcário","1747164,54","t",",000000000000000","-","","97655,630000000005","t","9653100,8999999985","0","t","0","1648403,3500000001","t","23633580,469999999"
"2018","RJ","Não-Metálicos","Fluorita e Criolita","4300","t","4300,000000000000000","t","","4173,0900000000001","t","2950818,79","0","t","0","0","t","0"
"2018","RJ","Não-Metálicos","Rochas (Britadas) e Cascalho","11813854,680000002","t",",000000000000000","-","","11420251,830000002","t","320179330,54000002","0","t","0","123843,58","t","3559858,98"
"2018","RJ","Não-Metálicos","Rochas Ornamentais - Outras","16252,77","t",",000000000000000","-","","16252,77","t","566534,09999999998","0","t","0","16252,77","t","566534,09999999998"
"2018","RN","Gemas e Diamantes","Gemas","118,45599000000001","kg","118,455990000000000","kg","","43,733760000000004","kg","7444525,9800000004","0","kg","0","0","kg","0"
"2018","RN","Metálicos","Ferro","0","t",",000000000000000","t","Fe","17525,939999999999","t","851295,28000000003","0","t","0","0","t","0"
"2018","RN","Metálicos","Ouro","6,2667799999999998","kg","6,266780000000000","kg","Au","4,7208999999999994","kg","698693,79000000004","0","kg","0","0","kg","0"
"2018","RN","Metálicos","Tungstênio","473,97999999999996","t","345,750000000000000","t","WO3","479,29999999999995","t","26876089,75","0","t","0","0","t","0"
"2018","RN","Não-Metálicos","Areias Industriais","553","t",",000000000000000","-","","553","t","152700","0","t","0","0","t","0"
"2018","RN","Não-Metálicos","Argilas","56436,68","t",",000000000000000","-","","0","t","0","56436,68","t","39505,68","0","t","0"
"2018","RN","Não-Metálicos","Calcário","1726272,7000000002","t",",000000000000000","-","","48431,919999999998","t","7250989,1400000006","1677840,78","t","29745042,48","0","t","0"
"2018","RN","Não-Metálicos","Feldspato, Leucita e Nefelina-Sienito","7799,0200000000004","t",",000000000000000","-","","7799,0200000000004","t","3264757,3500000001","0","t","0","0","t","0"
"2018","RN","Não-Metálicos","Gipsita","2336,8200000000002","t",",000000000000000","-","","0","t","0","2336,8200000000002","t","75479,289999999994","0","t","0"
"2018","RN","Não-Metálicos","Rochas (Britadas) e Cascalho","851645,37999999989","t",",000000000000000","-","","790250,91000000003","t","25858921,159999996","6495,6999999999998","t","105230,34","0","t","0"
"2018","RN","Não-Metálicos","Rochas Ornamentais","7871,4300000000003","t",",000000000000000","-","","6021,1400000000003","t","19911830,890000001","0","t","0","0","t","0"
"2018","RO","Metálicos","Columbita-Tantalita","509,44450000000001","t","285,647570000000000","t","Nb2O5","346,95799999999997","t","13552888,665999999","0","t","0","246,89000000000001","t","16746736,669999998"
"2018","RO","Metálicos","Columbita-Tantalita","1,9555","t",",608000000000000","t","Ta2O5","5,3120000000000003","t","277365,42400000006","0","t","0","0","t","0"
"2018","RO","Metálicos","Estanho","9757093,6600000001","kg","6539780,850000000000000","kg","Sn","7238016,2999999998","kg","248659895,42999995","1062043,6299999999","kg","40639319,130000003","326950","kg","12745896,880000001"
"2018","RO","Metálicos","Manganês","37208,779999999999","t","18232,300000000000000","t","Mn","0","t","0","0","t","0","0","t","0"
"2018","RO","Metálicos","Ouro","734,89029999999991","kg","734,890300000000000","kg","Au","734,89029999999991","kg","99099684,62000002","0","kg","0","0","kg","0"
"2018","RO","Metálicos","Titânio","69,084450000000004","t","1245,600000000000000","t","TiO2","20,44445","t","433723","0","t","0","0","t","0"
"2018","RO","Não-Metálicos","Areia","30114,919999999998","t",",000000000000000","-","","26947,220000000001","t","1338078,3799999999","0","t","0","0","t","0"
"2018","RO","Não-Metálicos","Argilas","80","t",",000000000000000","-","","76,5","t","2100","0","t","0","0","t","0"
"2018","RO","Não-Metálicos","Calcário","377899","t",",000000000000000","-","","0","t","0","0","t","0","360658","t","19451195"
"2018","RO","Não-Metálicos","Rochas (Britadas) e Cascalho","1235233,4299999999","t",",000000000000000","-","","919635,4099999998","t","50424104,019999988","91700,259999999995","t","2120228,29","0","t","0"
"2018","RO","Não-Metálicos","Saibro","859","t",",000000000000000","-","","859","t","5426,8400000000001","0","t","0","0","t","0"
"2018","RR","Não-Metálicos","Areia","3100","t",",000000000000000","-","","0","t","0","0","t","0","0","t","0"
"2018","RR","Não-Metálicos","Rochas (Britadas) e Cascalho","121804,84","t",",000000000000000","-","","85349,839999999997","t","3613289,9300000002","36455","t","907729,5","0","t","0"
"2018","RS","Energéticos","Carvão Mineral","2522690,8300000001","t",",000000000000000","-","","2353158,3900000001","t","343023567,40999997","0","t","0","0","t","0"
"2018","RS","Não-Metálicos","Areia","37583,010000000002","t",",000000000000000","-","","27893,73","t","538541","0","t","0","0","t","0"
"2018","RS","Não-Metálicos","Areias Industriais","54101,300000000003","t",",000000000000000","-","","54101,300000000003","t","1743994,03","0","t","0","0","t","0"
"2018","RS","Não-Metálicos","Argilas","6672,3999999999996","t",",000000000000000","-","","63908,900000000001","t","69940,5","247,5","t","32657,240000000002","0","t","0"
"2018","RS","Não-Metálicos","Calcário","3421150,0499999998","t",",000000000000000","-","","3195534,0999999996","t","170130067,56999999","0","t","0","216291,25","t","4890332,0499999998"
"2018","RS","Não-Metálicos","Caulim","74766,130000000005","t",",000000000000000","-","","70207,130000000005","t","7837627,8899999997","0","t","0","0","t","0"
"2018","RS","Não-Metálicos","Rochas (Britadas) e Cascalho","15046662,19999999","t",",000000000000000","-","","12286954,319999995","t","299312812,95000011","621067,04000000004","t","6758498,7799999993","2042062,1799999995","t","32255669,870000001"
"2018","RS","Não-Metálicos","Saibro","75427,5","t",",000000000000000","-","","0","t","0","0","t","0","0","t","0"
"2018","SC","Energéticos","Carvão Mineral","2157866,8600000003","t",",000000000000000","-","","2182969,48","t","592698398,97000003","0","t","0","0","t","0"
"2018","SC","Não-Metálicos","Areia","320934","t",",000000000000000","-","","277662,44","t","7230944,8999999994","0","t","0","0","t","0"
"2018","SC","Não-Metálicos","Areias Industriais","1139043,1599999999","t",",000000000000000","-","","1140621,8800000001","t","73391693","0","t","0","0","t","0"
"2018","SC","Não-Metálicos","Argilas","149679,32999999999","t",",000000000000000","-","","0","t","0","0","t","0","149912,72999999998","t","5981633,1699999999"
"2018","SC","Não-Metálicos","Calcário","2407252,3000000003","t",",000000000000000","-","","971912,13000000012","t","46634333,07","0","t","0","1434722,6000000001","t","25870421,460000001"
"2018","SC","Não-Metálicos","Caulim","30566,689999999999","t",",000000000000000","-","","30566,689999999999","t","7907394,6900000004","0","t","0","0","t","0"
"2018","SC","Não-Metálicos","Feldspato, Leucita e Nefelina-Sienito","139896,39000000001","t",",000000000000000","-","","148840,79000000001","t","26615478,389999997","0","t","0","0","t","0"
"2018","SC","Não-Metálicos","Rochas (Britadas) e Cascalho","17408429,049999997","t",",000000000000000","-","","15391729,419999998","t","376813432,02999997","822745,23999999999","t","19555799,000000004","1019587,3199999999","t","12929381,459999995"
"2018","SC","Não-Metálicos","Rochas Ornamentais - Outras","66110,149999999994","t",",000000000000000","-","","66489,790000000008","t","275983,73999999999","50","t","0","0","t","0"
"2018","SC","Não-Metálicos","Saibro","238521,83000000002","t",",000000000000000","-","","184352,03","t","2011332,1600000001","59415,029999999999","t","626732,08999999997","0","t","0"
"2018","SE","Não-Metálicos","Argilas","163771,70000000001","t",",000000000000000","-","","0","t","0","0","t","0","163771,70000000001","t","1747805,77"
"2018","SE","Não-Metálicos","Calcário","3508511,29","t",",000000000000000","-","","389749,63","t","6635092,5499999998","0","t","0","2964787,0699999998","t","24295837,77"
"2018","SE","Não-Metálicos","Potássio","344253,25","t","201181,590000000000000","t","K2O","346909,28000000003","t","397766494,88","0","t","0","0","t","0"
"2018","SE","Não-Metálicos","Rochas (Britadas) e Cascalho","847702,87","t",",000000000000000","-","","787212,52999999991","t","24099386,400000002","0","t","0","0","t","0"
"2018","SP","Energéticos","Turfa","13988","t",",000000000000000","-","","0","t","0","0","t","0","11228,950000000001","t","265658,46999999997"
"2018","SP","Metálicos","Ferro","414305,90000000002","t","312303,790000000000000","t","Fe","148770,38","t","2107908,1899999999","0","t","0","0","t","0"
"2018","SP","Não-Metálicos","Areia","9031535,0499999989","t",",000000000000000","-","","8973222,3999999985","t","230995394,84000006","0","t","0","0","t","0"
"2018","SP","Não-Metálicos","Areias Industriais","4513090,79","t",",000000000000000","-","","4051002,3100000001","t","233415679,38000005","0","t","0","446049,77000000002","t","12034946,109999999"
"2018","SP","Não-Metálicos","Argilas","1307565,8899999999","t",",000000000000000","-","","1004644,47","t","35564288,420000002","0","t","0","341858,91999999998","t","6056209,1299999999"
"2018","SP","Não-Metálicos","Calcário","8857225,5300000012","t",",000000000000000","-","","3450199,1699999999","t","171308538,69000003","0","t","0","5435153,6699999999","t","138635410"
"2018","SP","Não-Metálicos","Caulim","76447,619999999995","t",",000000000000000","-","","76387,080000000002","t","30717605,91","0","t","0","60,539999999999999","t","121079,39999999999"
"2018","SP","Não-Metálicos","Dolomito e Magnesita","1170037,49","t",",000000000000000","-","","935723,69000000006","t","62740750,799999997","0","t","0","241524,42999999999","t","3515730,6400000001"
"2018","SP","Não-Metálicos","Feldspato, Leucita e Nefelina-Sienito","1481,5","t",",000000000000000","-","","1481,5","t","878273,75","0","t","0","0","t","0"
"2018","SP","Não-Metálicos","Fosfato","4195812,8000000007","t","1956733,460000000000000","t","P2O5","1108838,3999999999","t","39465610,32","772801,26000000001","t","239403891,48999998","0","t","0"
"2018","SP","Não-Metálicos","Rochas (Britadas) e Cascalho","58644162,369999982","t",",000000000000000","-","","56072915,730000004","t","1420973126,4399996","201112,01000000001","t","957773,06999999995","1042851,9399999999","t","45882985,729999997"
"2018","SP","Não-Metálicos","Rochas Ornamentais","4178,0100000000002","t",",000000000000000","-","","4178,0100000000002","t","398338,16999999998","0","t","0","0","t","0"
"2018","SP","Não-Metálicos","Talco e outras Cargas Minerais","730863,53999999992","t",",000000000000000","-","","729863,53999999992","t","47767795,280000001","0","t","0","0","t","0"
"2018","TO","Não-Metálicos","Areia","40039,259999999995","t",",000000000000000","-","","298455,41999999998","t","585448,47999999998","0","t","0","0","t","0"
"2018","TO","Não-Metálicos","Argilas","46601,910000000003","t",",000000000000000","-","","60004,179999999993","t","2895685,0899999999","0","t","0","0","t","0"
"2018","TO","Não-Metálicos","Calcário","4379664,1599999992","t",",000000000000000","-","","3651570,3100000005","t","169477101,86000004","0","t","0","780324,52000000002","t","12614325,25"
"2018","TO","Não-Metálicos","Fosfato","167243","t","10024,770000000000000","t","P2O5","165123,13","t","102913098,95999999","968,5","t","1","0","t","0"
"2018","TO","Não-Metálicos","Minerais Industriais (Outros)","43,119999999999997","t",",000000000000000","-","","43,119999999999997","t","4970768,75","0","t","0","0","t","0"
"2018","TO","Não-Metálicos","Rochas (Britadas) e Cascalho","650474,04000000004","t",",000000000000000","-","","685758,77000000002","t","30026369,860000003","0","t","0","0","t","0"
"2019","AL","Não-Metálicos","Calcário","574939,31000000006","t",",000000000000000","-","","151218","t","14533953,84","0","t","0","423495,83000000002","t","6059557,1200000001"
"2019","AL","Não-Metálicos","Rochas (Britadas) e Cascalho","1326903,7","t",",000000000000000","-","","1165789,0700000001","t","27509979,670000002","0","t","0","0","t","0"
"2019","AM","Metálicos","Columbita-Tantalita","10004,84","t","3501,694000000000000","t","Nb2O5","0","t","0","0","t","0","11837,01","t","79295957,700000003"
"2019","AM","Metálicos","Estanho","13993415","kg","6716839,200000000000000","kg","Sn","0","kg","0","0","kg","0","13673759","kg","345855030,62"
"2019","AM","Não-Metálicos","Rochas (Britadas) e Cascalho","831576,67999999993","t",",000000000000000","-","","792429,38","t","57373410,440000005","0","t","0","0","t","0"
"2019","AP","Metálicos","Cromo","12897,040000000001","t","4235,000000000000000","t","Cr2O3","0","t","0","0","t","0","0","t","0"
"2019","AP","Metálicos","Ferro","0","t",",000000000000000","t","Fe","0","t","0","0","t","0","0","t","0"
"2019","AP","Metálicos","Ouro","4204,4720100000004","kg","3881,307390000000000","kg","Au","4649,4663100000007","kg","753958049,43999994","0","kg","0","2,6954000000000002","kg","447484,79999999999"
"2019","AP","Não-Metálicos","Caulim","163285","t",",000000000000000","-","","191883,34","t","179883130,03999999","0","t","0","0","t","0"
"2019","AP","Não-Metálicos","Rochas (Britadas) e Cascalho","133592,5","t",",000000000000000","-","","133434,28","t","8748487,6400000006","0","t","0","0","t","0"
"2019","BA","Gemas e Diamantes","Diamante","140562,54999999999","ct","140562,550000000000000","ct","","142951,45000000001","ct","100347182,72","0","ct","0","0","ct","0"
"2019","BA","Metálicos","Cobre","121755,35000000001","t","42318,230000000000000","t","Cu","126086,64999999999","t","1087000493,3299999","0","t","0","0","t","0"
"2019","BA","Metálicos","Cromo","498245,88","t","195021,290000000000000","t","Cr2O3","85214,770000000004","t","65836396,670000002","14883","t","7283364,8700000001","248268,55999999997","t","123755386,06999999"
"2019","BA","Metálicos","Ferro","15475,959999999999","t","9595,090000000000000","t","Fe","14370,82","t","1705788,3600000001","0","t","0","0","t","0"
"2019","BA","Metálicos","Níquel","11065","t","1522,730000000000000","t"," Ni","0","t","0","0","t","0","0","t","0"
"2019","BA","Metálicos","Ouro","7242,0855599999995","kg","7242,085560000000000","kg","Au","7292,0114599999997","kg","1256721260,9400001","0","kg","0","0","kg","0"
"2019","BA","Metálicos","Vanádio","382500","t","12580,000000000000000","t","V","0","t","0","0","t","0","382500","t","118336041,13"
"2019","BA","Não-Metálicos","Areia","0","t",",000000000000000","-","","0","t","0","0","t","0","0","t","0"
"2019","BA","Não-Metálicos","Areias Industriais","235730,66999999998","t",",000000000000000","-","","6935,9200000000001","t","975268,08999999997","0","t","0","190787,97999999998","t","22687978,510000002"
"2019","BA","Não-Metálicos","Argilas","199881,86000000002","t",",000000000000000","-","","172468,23000000001","t","62586251,399999999","34001,860000000001","t","1257702,21","0","t","0"
"2019","BA","Não-Metálicos","Bário","5807,6400000000003","t","5807,640000000000000","t","BaSO4","5807,6400000000003","t","5286354,5199999996","0","t","0","0","t","0"
"2019","BA","Não-Metálicos","Calcário","1788186,5900000001","t",",000000000000000","-","","648172,05999999994","t","41067578,779999994","0","t","0","1133794,98","t","18032049,190000001"
"2019","BA","Não-Metálicos","Diatomita","2455,48","t",",000000000000000","-","","2573,25","t","8082569,0499999998","0","t","0","0","t","0"
"2019","BA","Não-Metálicos","Dolomito e Magnesita","1823863,8799999999","t",",000000000000000","-","","533096,32000000007","t","665435250,93999994","0","t","0","843997,68999999994","t","64932958,989999995"
"2019","BA","Não-Metálicos","Fosfato","200133","t","61040,000000000000000","t","P2O5","210958,48999999999","t","55262163,399999999","0","t","0","210958,48999999999","t","55262163,399999999"
"2019","BA","Não-Metálicos","Gipsita","0","t",",000000000000000","-","","0","t","0","0","t","0","0","t","0"
"2019","BA","Não-Metálicos","Quartzo (Cristal) e outros Piezelétricos","1","t",",000000000000000","-","","0","t","0","1","t","500","0,5","t","500"
"2019","BA","Não-Metálicos","Rochas (Britadas) e Cascalho","8099827,0799999991","t",",000000000000000","-","","7261965,7599999988","t","249122263,71000001","3195","t","98036,550000000003","202664,59999999998","t","7663069,0599999996"
"2019","BA","Não-Metálicos","Rochas Ornamentais","13427,530000000002","t",",000000000000000","-","","13106,030000000002","t","8098342,9499999993","0","t","0","441,19999999999999","t","385220,22999999998"
"2019","BA","Não-Metálicos","Rochas Ornamentais - Outras","639,07000000000005","t",",000000000000000","-","","222,06","t","252655,14000000001","0","t","0","417,13","t","25615,380000000001"
"2019","BA","Não-Metálicos","Talco e outras Cargas Minerais","96303,529999999999","t",",000000000000000","-","","65260,700000000004","t","123446392,65000001","0","t","0","40467,690000000002","t","0,22"
"2019","CE","Metálicos","Ferro","3928,9699999999998","t","2424,170000000000000","t","Fe","3928,9699999999998","t","691706,77000000002","0","t","0","0","t","0"
"2019","CE","Metálicos","Manganês","279084","t","76552,680000000000000","t","Mn","295894,62","t","47698695,329999998","0","t","0","0","t","0"
"2019","CE","Não-Metálicos","Areias Industriais","18842,119999999999","t",",000000000000000","-","","18842,119999999999","t","942106","0","t","0","0","t","0"
"2019","CE","Não-Metálicos","Calcário","4584511,6899999995","t",",000000000000000","-","","1260121,3200000001","t","90861277,649999991","114465,02","t","7909900,6499999994","3148526,0600000001","t","53256648,109999999"
"2019","CE","Não-Metálicos","Rochas (Britadas) e Cascalho","3747380,5400000005","t",",000000000000000","-","","4245432,6399999997","t","146061868,38000003","11770","t","240784,07000000001","1020","t","22766,400000000001"
"2019","CE","Não-Metálicos","Rochas Ornamentais","9651,2999999999993","t",",000000000000000","-","","7238,8500000000004","t","19755364,52","0","t","0","0","t","0"
"2019","DF","Não-Metálicos","Areia","1629461,2","t",",000000000000000","-","","1346327,8400000001","t","30667898,440000001","0","t","0","0","t","0"
"2019","DF","Não-Metálicos","Argilas","273975,47999999998","t",",000000000000000","-","","0","t","0","116156,05","t","369398,67999999999","150505,47999999998","t","2766726,6400000001"
"2019","DF","Não-Metálicos","Calcário","3831794,21","t",",000000000000000","-","","558017,32000000007","t","30475404,380000003","0","t","0","3273776,8900000001","t","51608123,829999998"
"2019","DF","Não-Metálicos","Rochas (Britadas) e Cascalho","2058500,1100000001","t",",000000000000000","-","","1261895,8100000001","t","30566428,699999999","417716,33000000002","t","4846954,8300000001","345619,5","t","8624880,9600000009"
"2019","ES","Metálicos","Ferro","0","t",",000000000000000","t","Fe","16167,93","t","10843420,66","0","t","0","0","t","0"
"2019","ES","Não-Metálicos","Areias Industriais","141,43000000000001","t",",000000000000000","-","","141,43000000000001","t","1691948,9399999999","0","t","0","0","t","0"
"2019","ES","Não-Metálicos","Argilas","13209,029999999999","t",",000000000000000","-","","13256,799999999999","t","1413887,9099999999","0","t","0","0","t","0"
"2019","ES","Não-Metálicos","Calcário","8320,1599999999999","t",",000000000000000","-","","8320,1599999999999","t","680213,59999999998","0","t","0","0","t","0"
"2019","ES","Não-Metálicos","Rochas (Britadas) e Cascalho","4861294,919999999","t",",000000000000000","-","","5053776,8799999999","t","126893406,02","13650,869999999999","t","201334,66","0","t","0"
"2019","ES","Não-Metálicos","Rochas Ornamentais","81400,420000000013","t",",000000000000000","-","","65794,180000000008","t","170450633,66999996","11198,33","t","3974112,6400000001","0","t","0"
"2019","GO","Gemas e Diamantes","Diamante","0","ct",",000000000000000","ct","","0","ct","0","0","ct","0","0","ct","0"
"2019","GO","Metálicos","Alumínio (Bauxita)","1123008,5900000001","t","594645,980000000000000","t","Al2O3","968323,80999999994","t","71118860,609999999","0","t","0","84695,360000000001","t","3814901,1499999999"
"2019","GO","Metálicos","Cobre","244899,57000000001","t","59008,630000000000000","t","Cu","247086,82999999999","t","1692895684","0","t","0","0","t","0"
"2019","GO","Metálicos","Manganês","16681","t","6215,000000000000000","t","Mn","13379,219999999999","t","4214454,2999999998","0","t","0","0","t","0"
"2019","GO","Metálicos","Nióbio","25440,34","t","13220,903660000000000","t","Nb2O5","0","t","0","0","t","0","25440,34","t","388162666,83999997"
"2019","GO","Metálicos","Níquel","168656,71000000002","t","42578,020000000000000","t"," Ni","166848,54000000001","t","2362418653,0700002","0","t","0","0","t","0"
"2019","GO","Metálicos","Ouro","5008,7114599999995","kg","5008,711460000000000","kg","Au","5024,2537399999992","kg","899284811,91000009","0","kg","0","0","kg","0"
"2019","GO","Metálicos","Prata","188,90854999999999","kg","188,908550000000000","kg","Ag","479,76130000000001","kg","1273244,8500000001","0","kg","0","0","kg","0"
"2019","GO","Metálicos","Titânio","11134,370000000001","t","50,000000000000000","t","TiO2","23281,040000000001","t","13058961,57","0","t","0","0","t","0"
"2019","GO","Não-Metálicos","Amianto","12204,65","t","12204,650000000000000","t","","17418","t","34008017,259999998","0","t","0","0","t","0"
"2019","GO","Não-Metálicos","Areia","525549,88","t",",000000000000000","-","","523973,66000000003","t","15482400,760000002","0","t","0","0","t","0"
"2019","GO","Não-Metálicos","Areias Industriais","144500","t",",000000000000000","-","","142245,75","t","5508122,5099999998","0","t","0","0","t","0"
"2019","GO","Não-Metálicos","Argilas","49620,889999999999","t",",000000000000000","-","","2180,8699999999999","t","31083,98","12000","t","96000","36340,019999999997","t","499904,60999999999"
"2019","GO","Não-Metálicos","Bário","3415,3200000000002","t","25,270000000000000","t","BaSO4","4464,0699999999997","t","714717,68000000005","0","t","0","0","t","0"
"2019","GO","Não-Metálicos","Calcário","10619938,779999996","t",",000000000000000","-","","7417191,1100000003","t","398713630,31000006","0","t","0","2409372,3599999999","t","37420660,539999999"
"2019","GO","Não-Metálicos","Dolomito e Magnesita","42840,449999999997","t",",000000000000000","-","","0","t","0","0","t","0","42840,449999999997","t","935487,67000000004"
"2019","GO","Não-Metálicos","Fosfato","2200210,7400000002","t","781230,110000000000000","t","P2O5","55452,660000000003","t","22244543,469999999","153118,20000000001","t","33416819,030000001","1967158,96","t","455346113,99000001"
"2019","GO","Não-Metálicos","Rochas (Britadas) e Cascalho","7620296,6599999992","t",",000000000000000","-","","7109160,0200000005","t","232119571,51000005","57,619999999999997","t","1440,5","305477,09999999998","t","6166139,4100000001"
"2019","GO","Não-Metálicos","Talco e outras Cargas Minerais","6000","t",",000000000000000","-","","6000","t","60000","0","t","0","0","t","0"
"2019","GO","Não-Metálicos","Vermiculita e Perlita","47581","t","44200,000000000000000","t","","40699,75","t","40765580,450000003","0","t","0","0","t","0"
"2019","MA","Metálicos","Ferro","25248,779999999999","t","6084,000000000000000","t","Fe","0","t","0","25248,779999999999","t","176741,45999999999","25248,779999999999","t","176741,45999999999"
"2019","MA","Metálicos","Ouro","2341,52657","kg","2177,620000000000000","kg","Au","2314,2634199999998","kg","442076006,52999997","0","kg","0","0","kg","0"
"2019","MA","Não-Metálicos","Argilas","41489,229999999996","t",",000000000000000","-","","9063,6599999999999","t","70935,300000000003","35520,229999999996","t","520999,26000000001","0","t","0"
"2019","MA","Não-Metálicos","Calcário","64476,93","t",",000000000000000","-","","63219,830000000002","t","29609565,330000002","0","t","0","0","t","0"
"2019","MA","Não-Metálicos","Gipsita","456280,73000000004","t",",000000000000000","-","","456280,73000000004","t","22796999,859999999","0","t","0","0","t","0"
"2019","MA","Não-Metálicos","Rochas (Britadas) e Cascalho","2686806,48","t",",000000000000000","-","","2457345,1499999999","t","72295541,890000001","170,03","t","8782,5900000000001","0","t","0"
"2019","MG","Gemas e Diamantes","Diamante","2683,7599999999998","ct","2673,280000000000000","ct","","2692,9299999999998","ct","16220549,129999999","0","ct","0","0","ct","0"
"2019","MG","Gemas e Diamantes","Gemas","210,43477999999999","kg","210,076790000000000","kg","","112,60034999999999","kg","27904259,07","0","kg","0","0","kg","0"
"2019","MG","Metálicos","Alumínio (Bauxita)","1043412,4099999999","t","641649,040000000000000","t","Al2O3","61949,879999999997","t","14170831,060000001","0","t","0","974296,84999999998","t","70664887,989999995"
"2019","MG","Metálicos","Chumbo","13349,359999999999","t","5714,670000000000000","t","Pb","12283,92","t","57204538,079999998","0","t","0","0","t","0"
"2019","MG","Metálicos","Columbita-Tantalita","412,10000000000002","t","75,996000000000000","t","Ta2O5","320,62","t","46903102,100000001","0","t","0","0","t","0"
"2019","MG","Metálicos","Estanho","287190","kg","116790,000000000000000","kg","Sn","118970","kg","7004272,2400000002","0","kg","0","0","kg","0"
"2019","MG","Metálicos","Ferro","203650519,01999998","t","129282042,610000000000000","t","Fe","173946199,09999996","t","41580440758,539993","17115,880000000001","t","25845","32312028,479999997","t","2941597001,0699997"
"2019","MG","Metálicos","Lítio","47818,040000000001","t","2574,750000000000000","t","Li2O","28208","t","55817187,700000003","0","t","0","10871,01","t","12814948,98"
"2019","MG","Metálicos","Manganês","409021,84999999998","t","101577,430000000000000","t","Mn","263947,21999999997","t","23005428,770000003","0","t","0","133891,42000000001","t","23973326,130000003"
"2019","MG","Metálicos","Nióbio","203445","t","109760,000000000000000","t","Nb2O5","0","t","0","0","t","0","202056,51999999999","t","343520631,27999997"
"2019","MG","Metálicos","Níquel","1598","t","16,800000000000000","t"," Ni","0","t","0","1598","t","54971,199999999997","0","t","0"
"2019","MG","Metálicos","Ouro","33651,920180000001","kg","33651,920180000000000","kg","Au","34285,694519999997","kg","6010043092,1299992","0","kg","0","0","kg","0"
"2019","MG","Metálicos","Prata","8052,0284799999999","kg","8033,880480000000000","kg","Ag","9181,033730000001","kg","20281015,109999999","0","kg","0","0","kg","0"
"2019","MG","Metálicos","Titânio","0,31","t",",300000000000000","t","TiO2","0","t","0","0","t","0","0","t","0"
"2019","MG","Metálicos","Zinco","414165,82000000001","t","163403,310000000000000","t","Zn","54825,919999999998","t","169039043,13999999","0","t","0","348540,84999999998","t","331414950,13"
"2019","MG","Não-Metálicos","Areia","674129,51000000001","t",",000000000000000","-","","715080,70999999996","t","23087248,690000001","160","t","100","0","t","0"
"2019","MG","Não-Metálicos","Areias Industriais","611566,40999999992","t",",000000000000000","-","","216827","t","25415307,419999998","13143,68","t","192862,48000000001","319330,29000000004","t","13961082,719999999"
"2019","MG","Não-Metálicos","Argilas","1226805,5","t",",000000000000000","-","","319962,66399999999","t","57668337,394000009","374038,23999999999","t","1323732,4900000002","558005,27000000002","t","25480059,190000001"
"2019","MG","Não-Metálicos","Calcário","34761963,139999993","t",",000000000000000","-","","13502317,59","t","502334912,91000009","5979297,8399999999","t","36520485,859999999","15643268,77","t","255548373,56000003"
"2019","MG","Não-Metálicos","Caulim","1298","t",",000000000000000","-","","1276,616","t","945265,71600000001","0","t","0","0","t","0"
"2019","MG","Não-Metálicos","Cianita e outros minerais refratários","180,71000000000001","t",",000000000000000","-","","150,37","t","228045,95000000001","0","t","0","0","t","0"
"2019","MG","Não-Metálicos","Dolomito e Magnesita","3454652,7699999996","t",",000000000000000","-","","2542454,8700000001","t","104474310,94","143578,22","t","2440945,02","448436,92999999999","t","13582918,880000001"
"2019","MG","Não-Metálicos","Enxofre","198865,95999999999","t","198865,960000000000000","t","S","193792,01000000001","t","89347980,709999993","0","t","0","0","t","0"
"2019","MG","Não-Metálicos","Feldspato, Leucita e Nefelina-Sienito","252093,5","t",",000000000000000","-","","218248,17000000001","t","38772601,579999998","0","t","0","0","t","0"
"2019","MG","Não-Metálicos","Fosfato","2047635,6700000002","t","702912,040000000000000","t","P2O5","38047,980000000003","t","6823800,0300000003","337585,39000000001","t","202775597,62","1779989,1699999999","t","729828962,31000006"
"2019","MG","Não-Metálicos","Grafita","81769,679999999993","t","67852,590000000000000","t","","69773,649999999994","t","260346930,83999997","0","t","0","0","t","0"
"2019","MG","Não-Metálicos","Rochas (Britadas) e Cascalho","17449432,725000001","t",",000000000000000","-","","17642585,612500004","t","674416203,51750004","131656,78999999998","t","959341,08999999997","68458,12999999999","t","1577033,53"
"2019","MG","Não-Metálicos","Rochas Ornamentais","7259,5900000000001","t",",000000000000000","-","","7259,5900000000001","t","1021333,8500000001","0","t","0","0","t","0"
"2019","MG","Não-Metálicos","Rochas Ornamentais - Outras","132,41999999999999","t",",000000000000000","-","","132,41999999999999","t","417478,19","0","t","0","0","t","0"
"2019","MG","Não-Metálicos","Talco e outras Cargas Minerais","326180,995","t",",000000000000000","-","","213137,83749999997","t","65169496,982499994","17180,73","t","3134250,9100000001","0","t","0"
"2019","MS","Metálicos","Ferro","4190882,3500000001","t","2705726,110000000000000","t","Fe","4479734,5999999996","t","768618226,72000003","0","t","0","0","t","0"
"2019","MS","Metálicos","Manganês","411491,16000000003","t","170616,860000000000000","t","Mn","307538,70999999996","t","162864128,74000001","0","t","0","0","t","0"
"2019","MS","Não-Metálicos","Areia","246959,10999999999","t",",000000000000000","-","","249606,84999999998","t","4690604,5700000003","0","t","0","0","t","0"
"2019","MS","Não-Metálicos","Argilas","207927,70000000004","t",",000000000000000","-","","94923,040000000008","t","2424654,71","117997,87","t","2340195,71","5874,7600000000002","t","2797,1900000000001"
"2019","MS","Não-Metálicos","Calcário","5339855,959999999","t",",000000000000000","-","","4091439,9199999999","t","207268863,68000001","0","t","0","999219,53000000003","t","13697984"
"2019","MS","Não-Metálicos","Fosfato","75139","t","1831,800000000000000","t","P2O5","63272","t","13764859,220000001","0","t","0","0","t","0"
"2019","MS","Não-Metálicos","Rochas (Britadas) e Cascalho","4287300,4699999997","t",",000000000000000","-","","3934985,3300000005","t","128494492,19999999","277120,87","t","6371851,7299999995","28856,07","t","568040,05000000005"
"2019","MS","Não-Metálicos","Talco e outras Cargas Minerais","114515,08","t",",000000000000000","-","","0","t","0","0","t","0","113533,08","t","947072,19999999995"
"2019","MT","Gemas e Diamantes","Diamante","18076,580000000002","ct","18074,580000000000000","ct","","15330,16","ct","4119012,77","0","ct","0","0","ct","0"
"2019","MT","Metálicos","Cobre","0","t",",000000000000000","t","Cu","0","t","0","0","t","64","0","t","0"
"2019","MT","Metálicos","Estanho","479286","kg","479286,000000000000000","kg","Sn","401914","kg","15565686,810000001","0","kg","0","0","kg","0"
"2019","MT","Metálicos","Manganês","0","t",",000000000000000","t","Mn","0","t","0","0","t","0","0","t","0"
"2019","MT","Metálicos","Ouro","10942,204220000003","kg","10940,607580000000000","kg","Au","10752,005420000003","kg","1727154201,3900003","71,071320000000014","kg","149151,32000000001","129,60632000000001","kg","7800463,4500000002"
"2019","MT","Não-Metálicos","Areia","37742,989999999998","t",",000000000000000","-","","37742,989999999998","t","685425,48999999999","0","t","0","0","t","0"
"2019","MT","Não-Metálicos","Argilas","216670,25999999998","t",",000000000000000","-","","193369,66","t","34271875,629999995","12359,549999999999","t","1054674,3799999999","64001,600000000006","t","2268069,3200000003"
"2019","MT","Não-Metálicos","Calcário","9246623,3699999992","t",",000000000000000","-","","8778283,7700000014","t","481964584,07000017","0","t","0","585508,93000000005","t","7762782,1699999999"
"2019","MT","Não-Metálicos","Dolomito e Magnesita","1054617,48","t",",000000000000000","-","","1024449,84","t","51765399,229999989","0","t","0","0","t","0"
"2019","MT","Não-Metálicos","Rochas (Britadas) e Cascalho","3759273,2899999986","t",",000000000000000","-","","3657636,1999999993","t","121730030,20000003","2234","t","81678,160000000003","10710,030000000001","t","535501,81999999995"
"2019","PA","Metálicos","Alumínio (Bauxita)","26397013,760000002","t","12854248,560000000000000","t","Al2O3","25732851,199999999","t","3768779304,1300001","0","t","0","0","t","0"
"2019","PA","Metálicos","Cobre","844362,80000000005","t","261941,480000000000000","t","Cu","846259,30999999994","t","7359007569,2399988","0","t","0","0","t","0"
"2019","PA","Metálicos","Estanho","6440215,2000000002","kg","4843945,900000000000000","kg","Sn","5334953,5","kg","115868879,43999998","22050","kg","330735,59999999998","0","kg","0"
"2019","PA","Metálicos","Ferro","188822770,14000002","t","123156542,910000000000000","t","Fe","185267079,79999998","t","47892280858,070007","102726,75","t","102726,75","6080154,1099999994","t","434029960,95000005"
"2019","PA","Metálicos","Manganês","2551206,3799999999","t","1083309,520000000000000","t","Mn","2685719,1000000001","t","1695889202,47","0","t","0","0","t","0"
"2019","PA","Metálicos","Níquel","44368","t","11643,000000000000000","t"," Ni","44237,009999999776","t","520664500,60000002","0","t","0","0","t","0"
"2019","PA","Metálicos","Ouro","6305,6671399999996","kg","6305,264100000000000","kg","Au","6295,4833099999996","kg","1092257882,6800001","16,436540000000001","kg","6938839,3800000008","9,6633899999999997","kg","1007209,6499999999"
"2019","PA","Metálicos","Prata","492,12926000000004","kg","492,129260000000000","kg","Ag","492,12926000000004","kg","1145308,0700000001","0","kg","0","0","kg","0"
"2019","PA","Não-Metálicos","Areia","713,59000000000003","t",",000000000000000","-","","713,59000000000003","t","52278,209999999999","0","t","0","0","t","0"
"2019","PA","Não-Metálicos","Areias Industriais","0","t",",000000000000000","-","","0","t","0","0","t","0","2889,3299999999999","t","1055321,24"
"2019","PA","Não-Metálicos","Argilas","72341,130000000005","t",",000000000000000","-","","181,33000000000001","t","32000","16500","t","164760","40012,580000000002","t","396437,65000000002"
"2019","PA","Não-Metálicos","Calcário","2148643","t",",000000000000000","-","","567955,12","t","27034669,210000001","0","t","0","1366910,1200000001","t","35224805,890000001"
"2019","PA","Não-Metálicos","Caulim","1079836","t",",000000000000000","-","","1128184","t","559075103","0","t","0","0","t","0"
"2019","PA","Não-Metálicos","Fosfato","79824,929999999993","t","19032,620000000000000","t","P2O5","77475,509999999995","t","51282891,100000001","0","t","0","2783,1199999999999","t","849692,81999999995"
"2019","PA","Não-Metálicos","Rochas (Britadas) e Cascalho","1059035,1499999999","t",",000000000000000","-","","1085160,3500000001","t","62805180","0","t","0","0","t","0"
"2019","PB","Metálicos","Columbita-Tantalita","3,48","t",",500000000000000","t","Nb2O5","3,48","t","84729,139999999999","0","t","0","0","t","0"
"2019","PB","Metálicos","Estanho","1750","kg","920,000000000000000","kg","Sn","1630","kg","24450","0","kg","0","0","kg","0"
"2019","PB","Metálicos","Titânio","128569,86","t","84757,380000000000000","t","TiO2","28782,619999999999","t","25115926,219999999","0","t","0","58632,440000000002","t","35453246,479999997"
"2019","PB","Metálicos","Zircônio","15434,98","t","9993,660000000000000","t","ZrSiO4","12960,5","t","91696266,040000007","0","t","0","0","t","0"
"2019","PB","Não-Metálicos","Areias Industriais","236813,56","t",",000000000000000","-","","900","t","27000","0","t","0","144727,35999999999","t","6037307,9199999999"
"2019","PB","Não-Metálicos","Argilas","281318,92999999999","t",",000000000000000","-","","241519,45000000001","t","165403697,28","0","t","0","32024,880000000001","t","420950,71999999997"
"2019","PB","Não-Metálicos","Calcário","3077837,9900000002","t",",000000000000000","-","","1252807,3999999999","t","38099701,32","0","t","0","1825030,5900000001","t","30521437,73"
"2019","PB","Não-Metálicos","Cianita e outros minerais refratários","1366,76","t",",000000000000000","-","","1486,7","t","1984326,29","0","t","0","0","t","0"
"2019","PB","Não-Metálicos","Feldspato, Leucita e Nefelina-Sienito","100660,25","t",",000000000000000","-","","100660,25","t","5193828,4500000002","0","t","0","0","t","0"
"2019","PB","Não-Metálicos","Rochas (Britadas) e Cascalho","860618,29000000004","t",",000000000000000","-","","844960,97999999998","t","28960843,130000003","0","t","0","0","t","0"
"2019","PB","Não-Metálicos","Rochas Ornamentais","6684,0599999999995","t",",000000000000000","-","","6288,6300000000001","t","10598160,449999999","283,02999999999997","t","275048,17999999999","0","t","0"
"2019","PE","Metálicos","Ouro","2,9380000000000002","kg","2,938000000000000","kg","Au","0","kg","0","0","kg","0","2,9380000000000002","kg","0"
"2019","PE","Não-Metálicos","Argilas","76034,199999999997","t",",000000000000000","-","","17510","t","1051653,03","8823,7999999999993","t","48054,18","49093,400000000001","t","724491,80000000005"
"2019","PE","Não-Metálicos","Calcário","41563","t",",000000000000000","-","","11520","t","172800","0","t","0","30043","t","288412,79999999999"
"2019","PE","Não-Metálicos","Dolomito e Magnesita","125,34","t",",000000000000000","-","","125,34","t","19300,98","0","t","0","0","t","0"
"2019","PE","Não-Metálicos","Gipsita","777379,18999999994","t",",000000000000000","-","","566699,33000000007","t","33813520,280000001","0","t","0","112884,58","t","11343276,529999999"
"2019","PE","Não-Metálicos","Rochas (Britadas) e Cascalho","4527149,540000001","t",",000000000000000","-","","4425875,4400000013","t","120576766,84999999","0","t","0","0","t","0"
"2019","PI","Gemas e Diamantes","Gemas","8,0000000000000002E-2","kg",",080000000000000","kg","","8,0000000000000002E-2","kg","600","0","kg","0","0","kg","0"
"2019","PI","Não-Metálicos","Argilas","17285,299999999999","t",",000000000000000","-","","13464","t","185759,44","781,29999999999995","t","4687,1999999999998","2983,6799999999998","t","144655,29999999999"
"2019","PI","Não-Metálicos","Calcário","512423,32000000001","t",",000000000000000","-","","512423,32000000001","t","33465448,289999999","0","t","0","0","t","0"
"2019","PI","Não-Metálicos","Dolomito e Magnesita","218737","t",",000000000000000","-","","218737","t","14153547,539999999","0","t","0","0","t","0"
"2019","PI","Não-Metálicos","Rochas (Britadas) e Cascalho","930371,41999999993","t",",000000000000000","-","","842692,15000000002","t","36001701,039999999","0","t","0","0","t","0"
"2019","PI","Não-Metálicos","Saibro","39513,260000000002","t",",000000000000000","-","","39513,260000000002","t","1076305,46","0","t","0","0","t","0"
"2019","PR","Energéticos","Carvão Mineral","120283,17999999999","t",",000000000000000","-","","120283,17999999999","t","47423788,039999999","0","t","0","0","t","0"
"2019","PR","Metálicos","Ouro","278,41174999999998","kg","278,383910000000000","kg","Au","279,72000000000003","kg","49840854,810000002","0","kg","0","0","kg","0"
"2019","PR","Metálicos","Prata","24,72636","kg","24,701630000000000","kg","Ag","0","kg","0","0","kg","0","0","kg","0"
"2019","PR","Não-Metálicos","Areia","2356410,2699999996","t",",000000000000000","-","","2299430,8199999998","t","38400374,839999996","0","t","0","17671","t","106026"
"2019","PR","Não-Metálicos","Areias Industriais","73","t",",000000000000000","-","","73","t","2030","0","t","0","0","t","0"
"2019","PR","Não-Metálicos","Argilas","225884,40000000002","t",",000000000000000","-","","76009,540000000008","t","10546117,99","0","t","0","149792,98000000001","t","1561464,79"
"2019","PR","Não-Metálicos","Calcário","12342610,990000002","t",",000000000000000","-","","2922711,5699999998","t","98125921,040000021","84371","t","510480","9326751,3499999996","t","150154920,91"
"2019","PR","Não-Metálicos","Caulim","1150","t",",000000000000000","-","","1150","t","632500","0","t","0","0","t","0"
"2019","PR","Não-Metálicos","Dolomito e Magnesita","318145,57000000001","t",",000000000000000","-","","320004,09000000003","t","4295134,9799999995","0","t","0","0","t","0"
"2019","PR","Não-Metálicos","Feldspato, Leucita e Nefelina-Sienito","96427","t",",000000000000000","-","","0","t","0","0","t","0","97428,600000000006","t","2942668,23"
"2019","PR","Não-Metálicos","Fluorita e Criolita","22398,599999999999","t","18727,570000000000000","t","","21248,599999999999","t","20669636,920000002","0","t","0","0","t","0"
"2019","PR","Não-Metálicos","Rochas (Britadas) e Cascalho","17971498,41","t",",000000000000000","-","","15926209,73","t","397525819,12000012","649121,62999999989","t","10428886,799999999","746949,69999999995","t","13018537,309999999"
"2019","PR","Não-Metálicos","Rochas Ornamentais","17030,970000000001","t",",000000000000000","-","","16986,970000000001","t","829328,04999999993","0","t","0","0","t","0"
"2019","PR","Não-Metálicos","Saibro","14501,4","t",",000000000000000","-","","14501,4","t","178522,35999999999","0","t","0","0","t","0"
"2019","PR","Não-Metálicos","Talco e outras Cargas Minerais","750248,70000000007","t",",000000000000000","-","","41076,089999999997","t","11833587,76","0","t","0","709151,42000000004","t","7343851,0300000003"
"2019","RJ","Metálicos","Monazita e Terras-Raras","600","t","600,000000000000000","t","ETR","600","t","1986888","0","t","0","0","t","0"
"2019","RJ","Metálicos","Titânio","5230","t","5230,000000000000000","t","TiO2","5230","t","5691797,04","0","t","0","0","t","0"
"2019","RJ","Metálicos","Zircônio","1701","t","1701,000000000000000","t","ZrSiO4","1701","t","5415528,8399999999","0","t","0","0","t","0"
"2019","RJ","Não-Metálicos","Areia","173315,41999999998","t",",000000000000000","-","","173315,41999999998","t","3649075,23","0","t","0","0","t","0"
"2019","RJ","Não-Metálicos","Argilas","53079,669999999998","t",",000000000000000","-","","0","t","0","0","t","0","53079,669999999998","t","433274,54999999999"
"2019","RJ","Não-Metálicos","Calcário","1793657,3999999999","t",",000000000000000","-","","91545,789999999994","t","18360981,350000001","0","t","0","1702111,6099999999","t","28423131,5"
"2019","RJ","Não-Metálicos","Feldspato, Leucita e Nefelina-Sienito","1860","t",",000000000000000","-","","513,07635000000005","t","18680,775150000001","0","t","0","0","t","0"
"2019","RJ","Não-Metálicos","Fluorita e Criolita","2000","t","400,000000000000000","t","","1209,6500000000001","t","593715,68000000005","0","t","0","0","t","0"
"2019","RJ","Não-Metálicos","Rochas (Britadas) e Cascalho","12074982,439999998","t",",000000000000000","-","","11722589,45365","t","328427724,69485003","0","t","0","5550,5600000000004","t","376420,57999999996"
"2019","RJ","Não-Metálicos","Rochas Ornamentais - Outras","11191,620000000001","t",",000000000000000","-","","11191,620000000001","t","391707,15999999997","0","t","0","11191,620000000001","t","391707,15999999997"
"2019","RN","Gemas e Diamantes","Gemas","446,54399999999998","kg","344,439000000000000","kg","","59,047229999999999","kg","15885908,190000001","8,0950000000000006","kg","2,9999999999999999E-2","0","kg","0"
"2019","RN","Metálicos","Ferro","0","t",",000000000000000","t","Fe","49691,410000000003","t","2712557,79","0","t","0","0","t","0"
"2019","RN","Metálicos","Tungstênio","431,07999999999998","t","305,650000000000000","t","WO3","450,42000000000002","t","22377283,830000002","0","t","0","0","t","0"
"2019","RN","Não-Metálicos","Calcário","1798947,1200000001","t",",000000000000000","-","","635966,21000000008","t","13260143,689999999","1162980,9099999999","t","20956671,18","0","t","0"
"2019","RN","Não-Metálicos","Dolomito e Magnesita","33517,110000000001","t",",000000000000000","-","","33517,110000000001","t","3773131,6699999999","0","t","0","0","t","0"
"2019","RN","Não-Metálicos","Feldspato, Leucita e Nefelina-Sienito","3203,79","t",",000000000000000","-","","3171,79","t","1420570,28","0","t","0","0","t","0"
"2019","RN","Não-Metálicos","Rochas (Britadas) e Cascalho","490037,39000000001","t",",000000000000000","-","","416762,91000000003","t","12066907,57","5930","t","6","0","t","0"
"2019","RN","Não-Metálicos","Rochas Ornamentais","7879,4899999999998","t",",000000000000000","-","","6550,6000000000004","t","21250640,379999999","0","t","0","0","t","0"
"2019","RN","Não-Metálicos","Talco e outras Cargas Minerais","16836,459999999999","t",",000000000000000","-","","16836,459999999999","t","3749668,8799999999","0","t","0","0","t","0"
"2019","RO","Gemas e Diamantes","Gemas","498,92000000000002","kg",",498920000000000","kg","","0","kg","0","0","kg","0","0","kg","0"
"2019","RO","Metálicos","Columbita-Tantalita","269,85899999999998","t","158,367770500000000","t","Nb2O5","234,50999999999999","t","11200381,290000001","0","t","0","0","t","0"
"2019","RO","Metálicos","Columbita-Tantalita","1,6210000000000002","t",",669619500000000","t","Ta2O5","0","t","0","0","t","0","0","t","0"
"2019","RO","Metálicos","Estanho","8850411,1500000004","kg","6526712,070000000000000","kg","Sn","7046664,9500000002","kg","258931191,85000002","0","kg","0","1242380,48","kg","37562116,189999998"
"2019","RO","Metálicos","Manganês","29885,66","t","13762,500000000000000","t","Mn","28639,77","t","26162096,259999998","0","t","0","0","t","0"
"2019","RO","Metálicos","Ouro","876,12811999999997","kg","876,128120000000000","kg","Au","876,07411999999988","kg","140978306,57000002","0,027","kg","49551,740000000005","0,027","kg","0"
"2019","RO","Metálicos","Titânio","67,599999999999994","t","32,420000000000000","t","TiO2","0","t","0","0","t","0","0","t","0"
"2019","RO","Não-Metálicos","Areia","17134,739999999998","t",",000000000000000","-","","24251,639999999999","t","1266862,01","0","t","0","0","t","0"
"2019","RO","Não-Metálicos","Argilas","7339,5","t",",000000000000000","-","","7339,5","t","39885,519999999997","0","t","0","0","t","0"
"2019","RO","Não-Metálicos","Calcário","375536,20000000001","t",",000000000000000","-","","395405,12","t","22405822,16","0","t","0","42","t","261"
"2019","RO","Não-Metálicos","Rochas (Britadas) e Cascalho","1155181,3900000013","t",",000000000000000","-","","864865,95000000112","t","50095799,529999994","0","t","0","80399","t","1787536,9399999999"
"2019","RR","Não-Metálicos","Areia","0","t",",000000000000000","-","","0","t","0","0","t","0","0","t","0"
"2019","RR","Não-Metálicos","Rochas (Britadas) e Cascalho","176367,47999999998","t",",000000000000000","-","","140457,47999999998","t","7500970,5200000005","0","t","0","35900","t","617839"
"2019","RS","Energéticos","Carvão Mineral","3482134,5299999998","t",",000000000000000","-","","3484169,8599999994","t","408445903,84999996","0","t","0","0","t","0"
"2019","RS","Não-Metálicos","Areia","664,79999999999995","t",",000000000000000","-","","6844,5799999999999","t","131601","0","t","0","0","t","0"
"2019","RS","Não-Metálicos","Areias Industriais","5360,2700000000004","t",",000000000000000","-","","5360,2700000000004","t","305959,34000000003","0","t","0","0","t","0"
"2019","RS","Não-Metálicos","Argilas","896,00999999999999","t",",000000000000000","-","","896,00999999999999","t","7689","0","t","0","0","t","0"
"2019","RS","Não-Metálicos","Calcário","3361035,9299999997","t",",000000000000000","-","","3174655,5699999998","t","193670991,61000001","0","t","0","123575,00999999999","t","2786315,0499999998"
"2019","RS","Não-Metálicos","Caulim","100266","t",",000000000000000","-","","95263,279999999999","t","8674892,2400000002","0","t","0","0","t","0"
"2019","RS","Não-Metálicos","Rochas (Britadas) e Cascalho","17862516,470000003","t",",000000000000000","-","","14726341,260000002","t","370315064,86999995","768565,57999999996","t","8018324,5600000005","2203719,2299999995","t","39930423,280000001"
"2019","RS","Não-Metálicos","Rochas Ornamentais - Outras","2100","t",",000000000000000","-","","2100","t","74742,360000000001","0","t","0","0","t","0"
"2019","RS","Não-Metálicos","Saibro","73732","t",",000000000000000","-","","0","t","0","0","t","0","0","t","0"
"2019","SC","Energéticos","Carvão Mineral","1986101,3999999999","t",",000000000000000","-","","1975503,27","t","484593641,32000011","0","t","0","0","t","0"
"2019","SC","Não-Metálicos","Areia","526165,30000000005","t",",000000000000000","-","","497794,50000000006","t","13382604,34","0","t","0","0","t","0"
"2019","SC","Não-Metálicos","Areias Industriais","1195651,4199999999","t",",000000000000000","-","","1178230,8799999999","t","81888169,920000002","0","t","0","0","t","0"
"2019","SC","Não-Metálicos","Argilas","368969,67000000004","t",",000000000000000","-","","0","t","0","0","t","0","150209,97999999998","t","6395124,3599999994"
"2019","SC","Não-Metálicos","Calcário","2354524,1899999999","t",",000000000000000","-","","935077,64999999991","t","49036971,710000001","0","t","0","1419168,0900000001","t","25390093,149999999"
"2019","SC","Não-Metálicos","Caulim","29437,009999999998","t",",000000000000000","-","","28258,419999999998","t","7460585,1100000003","0","t","0","0","t","0"
"2019","SC","Não-Metálicos","Feldspato, Leucita e Nefelina-Sienito","176371,45000000001","t",",000000000000000","-","","178568,34999999998","t","30371018,559999999","0","t","0","0","t","0"
"2019","SC","Não-Metálicos","Rochas (Britadas) e Cascalho","20403660,449999996","t",",000000000000000","-","","18468778,229999989","t","467598677,69000018","1246404,3500000003","t","21565775,420000006","874934,22999999998","t","10974511,74"
"2019","SC","Não-Metálicos","Rochas Ornamentais - Outras","6987,4299999999994","t",",000000000000000","-","","6852,3099999999995","t","123571,05","0","t","0","0","t","0"
"2019","SC","Não-Metálicos","Saibro","278391,19","t",",000000000000000","-","","132445,38999999998","t","1687422,45","138487,29000000001","t","1338133,2","0","t","0"
"2019","SE","Não-Metálicos","Areias Industriais","38797,470000000001","t",",000000000000000","-","","34265,269999999997","t","5054989,0599999996","0","t","0","0","t","0"
"2019","SE","Não-Metálicos","Argilas","88646,600000000006","t",",000000000000000","-","","0","t","0","0","t","0","88646,600000000006","t","1498603,3400000001"
"2019","SE","Não-Metálicos","Calcário","3459216,1400000001","t",",000000000000000","-","","505731,09999999998","t","6138179,4500000002","230539,98000000001","t","3366381,6800000002","2769300,0600000001","t","24901564,100000001"
"2019","SE","Não-Metálicos","Potássio","426290,13","t","248910,810000000000000","t","K2O","362057,90000000002","t","494230817,73000002","0","t","0","0","t","0"
"2019","SE","Não-Metálicos","Rochas (Britadas) e Cascalho","540186,26000000001","t",",000000000000000","-","","548362,27000000002","t","17267578,740000002","0","t","0","0","t","0"
"2019","SP","Energéticos","Turfa","5157","t",",000000000000000","-","","138","t","5796","0","t","0","8673,8199999999997","t","216845,5"
"2019","SP","Metálicos","Ferro","234820,17000000001","t","177007,440000000000000","t","Fe","95312,770000000004","t","1827548,8999999999","0","t","0","0","t","0"
"2019","SP","Não-Metálicos","Areia","11077725,77","t",",000000000000000","-","","10812502,039999999","t","295555600,49000007","0","t","0","0","t","0"
"2019","SP","Não-Metálicos","Areias Industriais","3938468,1899999999","t",",000000000000000","-","","3433937,9299999997","t","216537919,26999998","0","t","0","445712,65000000002","t","33186178,079999998"
"2019","SP","Não-Metálicos","Argilas","1219866,5","t",",000000000000000","-","","676916,04000000004","t","19695392,990000002","0","t","0","524714,10999999999","t","7376588,9700000007"
"2019","SP","Não-Metálicos","Calcário","7623811,0099999998","t",",000000000000000","-","","2831876,2399999998","t","155870093,16000003","0","t","0","4752536,8399999999","t","155291059,44999999"
"2019","SP","Não-Metálicos","Caulim","96337,889999999999","t",",000000000000000","-","","94240,960000000006","t","34519744,689999998","0","t","0","2096,9299999999998","t","274979"
"2019","SP","Não-Metálicos","Dolomito e Magnesita","2412083,52","t",",000000000000000","-","","2121218,3399999999","t","125936169,47999999","0","t","0","280294,97999999998","t","4985989,9299999997"
"2019","SP","Não-Metálicos","Feldspato, Leucita e Nefelina-Sienito","1732,75","t",",000000000000000","-","","1732,75","t","1077651,8999999999","0","t","0","0","t","0"
"2019","SP","Não-Metálicos","Fosfato","2469910,4799999995","t","1125477,420000000000000","t","P2O5","1050646,3799999999","t","25588030,339999996","451192,19","t","153086891,85999998","0","t","0"
"2019","SP","Não-Metálicos","Rochas (Britadas) e Cascalho","60290141,460000001","t",",000000000000000","-","","57338508,400000013","t","1568772067,4700007","118084,2","t","1765468,9500000002","1373266,3900000001","t","26833889,300000001"
"2019","SP","Não-Metálicos","Talco e outras Cargas Minerais","563988,17000000004","t",",000000000000000","-","","563988,17000000004","t","44296795,799999997","0","t","0","0","t","0"
"2019","TO","Metálicos","Manganês","0","t",",000000000000000","t","Mn","0","t","0","0","t","0","0","t","0"
"2019","TO","Metálicos","Ouro","6,8000000000000005E-2","kg",",068000000000000","kg","Au","0","kg","0","0","kg","0","0","kg","0"
"2019","TO","Não-Metálicos","Areia","42797","t",",000000000000000","-","","34017","t","875417,21999999997","0","t","0","0","t","0"
"2019","TO","Não-Metálicos","Areias Industriais","73160,539999999994","t",",000000000000000","-","","73160,539999999994","t","3129230,3399999999","0","t","0","0","t","0"
"2019","TO","Não-Metálicos","Argilas","74256,509999999995","t",",000000000000000","-","","918086,40000000014","t","972980,93000000005","0","t","0","0","t","0"
"2019","TO","Não-Metálicos","Calcário","4474093,9380000001","t",",000000000000000","-","","3880002,0180000002","t","177583996,78999999","0","t","0","553739,51000000001","t","11019877,710000001"
"2019","TO","Não-Metálicos","Dolomito e Magnesita","365114,62","t",",000000000000000","-","","365114,62","t","19724639,030000001","0","t","0","0","t","0"
"2019","TO","Não-Metálicos","Fosfato","319852,84999999998","t","53486,210000000000000","t","P2O5","304364,52000000002","t","164325325,76000002","0","t","0","0","t","0"
"2019","TO","Não-Metálicos","Gipsita","72333,820000000007","t",",000000000000000","-","","72333,820000000007","t","1157341,1200000001","0","t","0","0","t","0"
"2019","TO","Não-Metálicos","Minerais Industriais (Outros)","84","t",",000000000000000","-","","84","t","7543320","0","t","0","0","t","0"
"2019","TO","Não-Metálicos","Rochas (Britadas) e Cascalho","692302,94200000004","t",",000000000000000","-","","674308,16200000001","t","26307167,050000001","3374,3499999999999","t","113565,61","0","t","0"
"2020","AL","Não-Metálicos","Calcário","762422,69000000006","t",",000000000000000","-","","199109,73999999999","t","20189149,780000001","0","t","0","563621,23999999999","t","8937702,6799999997"
"2020","AL","Não-Metálicos","Rochas (Britadas) e Cascalho","2702680,3799999999","t",",000000000000000","-","","2530545,4900000002","t","77124624,810000002","0","t","0","0","t","0"
"2020","AL","Não-Metálicos","Talco e outras Cargas Minerais","4750","t",",000000000000000","-","","4667,8699999999999","t","875548,18000000005","0","t","0","0","t","0"
"2020","AM","Metálicos","Columbita-Tantalita","9637","t","3372,950000000000000","t","Nb2O5","0","t","0","0","t","0","9310,4300000000003","t","63929024,909999996"
"2020","AM","Metálicos","Estanho","13130700","kg","6296397,300000000000000","kg","Sn","0","kg","0","0","kg","0","13212490","kg","350579078,89999998"
"2020","AM","Não-Metálicos","Rochas (Britadas) e Cascalho","942778,19999999984","t",",000000000000000","-","","911929,55999999994","t","48858677,350000001","0","t","0","0","t","0"
"2020","AP","Metálicos","Cromo","13147","t","5204,000000000000000","t","Cr2O3","0","t","0","0","t","0","0","t","0"
"2020","AP","Metálicos","Ferro","0","t",",000000000000000","t","Fe","143885,40000000002","t","28062937,440000001","0","t","0","0","t","0"
"2020","AP","Metálicos","Ouro","4088,4475700000003","kg","4088,447470000000000","kg","Au","4094,5813200000002","kg","1148575582,5900002","0","kg","0","0","kg","0"
"2020","AP","Não-Metálicos","Caulim","161601","t",",000000000000000","-","","152806,01000000001","t","197838300,08000001","0","t","0","0","t","0"
"2020","AP","Não-Metálicos","Rochas (Britadas) e Cascalho","291822,39000000001","t",",000000000000000","-","","294754,22999999998","t","19127058,16","0","t","0","0","t","0"
"2020","BA","Gemas e Diamantes","Diamante","115392,35000000001","ct","115392,350000000000000","ct","","117376,2","ct","96825671,719999999","0","ct","0","0","ct","0"
"2020","BA","Metálicos","Cobre","127007,08","t","42813,550000000000000","t","Cu","114305,3","t","1268565306,3800001","0","t","0","0","t","0"
"2020","BA","Metálicos","Cromo","570850,09999999998","t","221557,600000000000000","t","Cr2O3","139217,60999999999","t","102551090,22999999","20018","t","8856588,9800000004","318150,71999999997","t","172951076,81000003"
"2020","BA","Metálicos","Ferro","276825,23999999999","t","165448,680000000000000","t","Fe","223614,32999999999","t","53756320,660000004","0","t","0","0","t","0"
"2020","BA","Metálicos","Manganês","0","t",",000000000000000","t","Mn","0","t","0","0","t","0","0","t","0"
"2020","BA","Metálicos","Níquel","65558,380000000005","t","9178,170000000000000","t"," Ni","67756,100000000006","t","571184192,33000004","0","t","0","0","t","0"
"2020","BA","Metálicos","Ouro","7559,3245900000002","kg","7559,324590000000000","kg","Au","7499,9382599999999","kg","2147902505,7600002","0","kg","0","0","kg","0"
"2020","BA","Metálicos","Vanádio","412661,17999999999","t","13571,970000000000000","t","V","0","t","0","0","t","0","413914,59999999998","t","150882126,75999999"
"2020","BA","Não-Metálicos","Areias Industriais","215636,75","t",",000000000000000","-","","50798,519999999997","t","6143655,8300000001","0","t","0","189868,85000000001","t","22646102,969999999"
"2020","BA","Não-Metálicos","Argilas","90914,789999999994","t",",000000000000000","-","","49265,699999999997","t","7594753,5500000007","36074,520000000004","t","1221567,5600000001","12720","t","73820,119999999995"
"2020","BA","Não-Metálicos","Bário","215","t","21,500000000000000","t","BaSO4","215","t","25910,400000000001","0","t","0","0","t","0"
"2020","BA","Não-Metálicos","Calcário","1701985,1899999999","t",",000000000000000","-","","448643,12000000005","t","35249927,5","0","t","0","1268913,0600000001","t","22069397,719999999"
"2020","BA","Não-Metálicos","Diatomita","2698,7800000000002","t",",000000000000000","-","","2721,3099999999999","t","9612752,9000000004","0","t","0","0","t","0"
"2020","BA","Não-Metálicos","Dolomito e Magnesita","2418052,1400000001","t",",000000000000000","-","","1055271,27","t","770543352,04000008","0","t","0","114242,32999999999","t","64425745,269999996"
"2020","BA","Não-Metálicos","Fosfato","64098,199999999997","t","19549,950000000000000","t","P2O5","64098,199999999997","t","15646119,98","0","t","0","0","t","0"
"2020","BA","Não-Metálicos","Gipsita","0","t",",000000000000000","-","","0","t","0","0","t","0","0","t","0"
"2020","BA","Não-Metálicos","Rochas (Britadas) e Cascalho","8221933,4099999992","t",",000000000000000","-","","9039650,8300000001","t","285246930,08999997","3045","t","104367,8","97676,990000000005","t","4566399,2999999998"
"2020","BA","Não-Metálicos","Rochas Ornamentais","12534,439999999999","t",",000000000000000","-","","12040,109999999999","t","9124344,8499999996","0","t","0","188,93000000000001","t","153914,51000000001"
"2020","BA","Não-Metálicos","Talco e outras Cargas Minerais","110254,53","t",",000000000000000","-","","69450,139999999999","t","136669824,09","0","t","0","0","t","0"
"2020","CE","Metálicos","Manganês","388666,91000000003","t","103340,070000000000000","t","Mn","303410,72999999998","t","54321533,420000002","0","t","0","0","t","0"
"2020","CE","Não-Metálicos","Areias Industriais","12978,209999999999","t",",000000000000000","-","","12978,209999999999","t","1297821","0","t","0","0","t","0"
"2020","CE","Não-Metálicos","Calcário","3091308,1800000002","t",",000000000000000","-","","1215682,97","t","93839549,389999986","64485,279999999999","t","5324881,4000000004","1780395,6600000001","t","33373947,310000002"
"2020","CE","Não-Metálicos","Dolomito e Magnesita","0","t",",000000000000000","-","","0","t","0","0","t","0","0","t","0"
"2020","CE","Não-Metálicos","Rochas (Britadas) e Cascalho","3800470,8199999998","t",",000000000000000","-","","4066687,2199999993","t","158165740,18000007","7203","t","176749,23000000001","11715,98","t","405276,09000000003"
"2020","CE","Não-Metálicos","Rochas Ornamentais","9301,9300000000003","t",",000000000000000","-","","4664,6599999999999","t","16184373,560000001","0","t","0","0","t","0"
"2020","DF","Não-Metálicos","Areia","243509,88","t",",000000000000000","-","","260773,04999999999","t","7391406,0999999996","0","t","0","0","t","0"
"2020","DF","Não-Metálicos","Argilas","112568,41","t",",000000000000000","-","","0","t","0","0","t","0","112568,41","t","1804977,46"
"2020","DF","Não-Metálicos","Calcário","4756182,0800000001","t",",000000000000000","-","","377019,66000000003","t","18872006,940000001","0","t","0","4379162,4199999999","t","51716073,200000003"
"2020","DF","Não-Metálicos","Rochas (Britadas) e Cascalho","2261900,2999999998","t",",000000000000000","-","","1271583,4100000001","t","32090237,129999999","529140,79000000004","t","4460321,8099999996","461176,13","t","11892576,75"
"2020","ES","Metálicos","Ferro","0","t",",000000000000000","t","Fe","0","t","0","0","t","0","0","t","0"
"2020","ES","Não-Metálicos","Argilas","12826,02","t",",000000000000000","-","","12708,920000000002","t","1427166,1499999999","0","t","0","0","t","0"
"2020","ES","Não-Metálicos","Calcário","131743,06","t",",000000000000000","-","","131743,06","t","8898721,1799999997","0","t","0","0","t","0"
"2020","ES","Não-Metálicos","Rochas (Britadas) e Cascalho","5677069,0699999994","t",",000000000000000","-","","5074984,46","t","147375507,53","0","t","0","0","t","0"
"2020","ES","Não-Metálicos","Rochas Ornamentais","81293,760000000009","t",",000000000000000","-","","69414,479999999996","t","212326835,20000002","6571,3400000000001","t","7682495,5600000005","0","t","0"
"2020","GO","Gemas e Diamantes","Diamante","0","ct",",000000000000000","ct","","0","ct","0","0","ct","0","0","ct","0"
"2020","GO","Gemas e Diamantes","Gemas","3,0000000000000001E-3","kg",",003000000000000","kg","","3,0000000000000001E-3","kg","1000","0","kg","0","0","kg","0"
"2020","GO","Metálicos","Alumínio (Bauxita)","1361851,75","t","721810,690000000000000","t","Al2O3","665646,43999999994","t","51058979,559999995","0","t","0","506770,25","t","18594909,800000001"
"2020","GO","Metálicos","Cobre","209889","t","50572,820000000000000","t","Cu","213197,35000000001","t","2142993231,0799999","0","t","0","0","t","0"
"2020","GO","Metálicos","Manganês","58048,43","t","15526,050000000000000","t","Mn","59423,550000000003","t","26850251,420000002","0","t","0","0","t","0"
"2020","GO","Metálicos","Nióbio","27313,880000000001","t","13948,811000000000000","t","Nb2O5","0","t","0","0","t","0","27313,880000000001","t","445484151,36000001"
"2020","GO","Metálicos","Níquel","168663,46999999997","t","43483,760000000000000","t"," Ni","173552,84999999998","t","2943990417,8600001","0","t","0","0","t","0"
"2020","GO","Metálicos","Ouro","4731,2751699999999","kg","4731,275170000000000","kg","Au","4701,4302800000005","kg","1022638178,5799999","0","kg","0","0","kg","0"
"2020","GO","Metálicos","Prata","152,0592","kg","152,059200000000000","kg","Ag","146,87688","kg","639093,56999999995","0","kg","0","0","kg","0"
"2020","GO","Metálicos","Titânio","0","t",",000000000000000","t","TiO2","507,27999999999997","t","78105,490000000005","0","t","0","0","t","0"
"2020","GO","Não-Metálicos","Amianto","77057,160000000003","t","7540,000000000000000","t","","75490,389999999999","t","54308016,199999988","0","t","0","0","t","0"
"2020","GO","Não-Metálicos","Areia","659498,82999999984","t",",000000000000000","-","","661880,54999999993","t","21023387,349999998","0","t","0","0","t","0"
"2020","GO","Não-Metálicos","Areias Industriais","141000","t",",000000000000000","-","","139215,48999999999","t","5671729,3899999997","0","t","0","0","t","0"
"2020","GO","Não-Metálicos","Argilas","49142,229999999996","t",",000000000000000","-","","2613,8899999999999","t","47050","11400","t","91200","34190,339999999997","t","803770,05000000005"
"2020","GO","Não-Metálicos","Bário","1633,6500000000001","t","13,880000000000000","t","BaSO4","1195,21","t","189800,23000000001","0","t","0","0","t","0"
"2020","GO","Não-Metálicos","Calcário","11700322,548300004","t",",000000000000000","-","","8991026,6520999968","t","524191446,17400002","0","t","0","2824636,8599999999","t","42755559,340000004"
"2020","GO","Não-Metálicos","Dolomito e Magnesita","58561,489999999998","t",",000000000000000","-","","0","t","0","0","t","0","58561,489999999998","t","1662179,78"
"2020","GO","Não-Metálicos","Fosfato","2511073,8300000001","t","879560,830000000000000","t","P2O5","10561,1","t","3943117,7400000002","163667,84","t","39754455,969999999","2175466,6500000004","t","528102280,21000004"
"2020","GO","Não-Metálicos","Rochas (Britadas) e Cascalho","8085252,3617000002","t",",000000000000000","-","","7871028,3378999988","t","267073682,12599993","0","t","0","187650,73999999999","t","6306436,2200000007"
"2020","GO","Não-Metálicos","Talco e outras Cargas Minerais","5000","t",",000000000000000","-","","5000","t","55000","0","t","0","0","t","0"
"2020","GO","Não-Metálicos","Vermiculita e Perlita","53727","t","53727,000000000000000","t","","50365","t","58763410,18","0","t","0","0","t","0"
"2020","MA","Metálicos","Ouro","4631,1174000000001","kg","4306,941600000000000","kg","Au","4605,4036999999998","kg","1167189102,72","0","kg","0","0","kg","0"
"2020","MA","Não-Metálicos","Areia","27144,450000000001","t",",000000000000000","-","","27144,450000000001","t","524191,94","0","t","0","0","t","0"
"2020","MA","Não-Metálicos","Areias Industriais","478","t",",000000000000000","-","","478","t","10353,48","0","t","0","0","t","0"
"2020","MA","Não-Metálicos","Argilas","61063,089999999997","t","43,700000000000000","-","","46","t","8531,1000000000004","33267,089999999997","t","602485,63","27750","t","74925"
"2020","MA","Não-Metálicos","Calcário","88228,199999999997","t",",000000000000000","-","","76375,399999999994","t","57600269,280000001","0","t","0","0","t","0"
"2020","MA","Não-Metálicos","Gipsita","867936,78000000003","t",",000000000000000","-","","867936,78000000003","t","38527558,25","0","t","0","0","t","0"
"2020","MA","Não-Metálicos","Rochas (Britadas) e Cascalho","2480302,1600000001","t",",000000000000000","-","","2603639,25","t","96319975,450000003","0","t","0","0","t","0"
"2020","MG","Gemas e Diamantes","Diamante","3400,4900000000016","ct","1665,270000000000000","ct","","1988,6099999999999","ct","25861387,52","0","ct","0","0","ct","0"
"2020","MG","Gemas e Diamantes","Gemas","220,74871000000002","kg","220,314720000000000","kg","","68,31523","kg","15763475,709999999","0","kg","0","0","kg","0"
"2020","MG","Metálicos","Alumínio (Bauxita)","863395,08000000007","t","416291,520000000000000","t","Al2O3","6112,4899999999998","t","1099680,8","0","t","0","840957,97999999998","t","74416485,879999995"
"2020","MG","Metálicos","Chumbo","13112,68","t","5193,860000000000000","t","Pb","12900,09","t","89326365,370000005","0","t","0","0","t","0"
"2020","MG","Metálicos","Columbita-Tantalita","377,56","t","102,975000000000000","t","Ta2O5","246,03999999999999","t","55751521,939999998","0","t","0","0","t","0"
"2020","MG","Metálicos","Estanho","151988,67999999999","kg","22832,000000000000000","kg","Sn","22556,91","kg","1874273,9199999999","0","kg","0","0","kg","0"
"2020","MG","Metálicos","Ferro","191759137,29000002","t","118042359,680000000000000","t","Fe","169082061,18999997","t","63167193016,910004","0","t","0","21572963,679999996","t","3352819863,2999997"
"2020","MG","Metálicos","Lítio","74100,630000000005","t","4064,750000000000000","t","Li2O","57279,409999999996","t","97143177,719999999","0","t","0","10351,41","t","14018303,24"
"2020","MG","Metálicos","Manganês","220753,27000000002","t","53128,440000000000000","t","Mn","108081,53","t","13039973,810000001","0","t","0","83411,860000000001","t","23485446,440000001"
"2020","MG","Metálicos","Nióbio","126735","t","68053,753390000000000","t","Nb2O5","0","t","0","0","t","0","131239,45000000001","t","276894960,43000001"
"2020","MG","Metálicos","Níquel","566","t","8,490000000000000","t"," Ni","0","t","0","566","t","20545,799999999999","0","t","0"
"2020","MG","Metálicos","Ouro","34125,848050000008","kg","34125,800530000000000","kg","Au","34135,141220000005","kg","9682688481,8099995","0","kg","0","0","kg","0"
"2020","MG","Metálicos","Prata","5750,448449999999","kg","5750,448450000000000","kg","Ag","5534,1184499999999","kg","18420380,800000001","0","kg","0","0","kg","0"
"2020","MG","Metálicos","Zinco","433948,04000000004","t","173008,510000000000000","t","Zn","0","t","0","0","t","0","439393,81","t","563985520,23000002"
"2020","MG","Não-Metálicos","Areia","982032,77999999991","t",",000000000000000","-","","984525,56999999995","t","25453888,280000001","2561,5999999999999","t","19820","5675,7399999999998","t","262977,29999999999"
"2020","MG","Não-Metálicos","Areias Industriais","754625,10999999999","t",",010000000000000","-","","247812,91999999998","t","21693033,080000002","0","t","0","385323,40999999997","t","18720728,279999997"
"2020","MG","Não-Metálicos","Argilas","1273561,4199999999","t",",000000000000000","-","","432164,48000000004","t","38060535,950000003","275344,04000000004","t","9937238,120000001","616695,15000000002","t","19314422,5"
"2020","MG","Não-Metálicos","Calcário","38092085,732000001","t",",000000000000000","-","","15372334,922","t","650340978,25699997","7480196,2300000004","t","51113598,29999999","16045278,799999999","t","254329750,44000003"
"2020","MG","Não-Metálicos","Cianita e outros minerais refratários","68,159999999999997","t",",000000000000000","-","","130,43000000000001","t","217932,35000000001","0","t","0","0","t","0"
"2020","MG","Não-Metálicos","Dolomito e Magnesita","3485745,5300000003","t",",000000000000000","-","","2258479,0699999998","t","93706349,060000002","152874,17999999999","t","2355059,1499999999","516985,03000000003","t","17943088,890000001"
"2020","MG","Não-Metálicos","Enxofre","188085,60000000001","t","188085,600000000000000","t","S","192906,26000000001","t","84871771,599999994","1391,6800000000001","t","318385,84000000003","4251,3500000000004","t","972614,91000000003"
"2020","MG","Não-Metálicos","Feldspato, Leucita e Nefelina-Sienito","119380,82000000001","t",",000000000000000","-","","152953,48000000001","t","25007029,07","0","t","0","0","t","0"
"2020","MG","Não-Metálicos","Fosfato","3120749,5999999996","t","1078581,620000000000000","t","P2O5","48431,57","t","10000148,15","372669,25","t","188638944,81","2592727,8699999996","t","951566553,72000003"
"2020","MG","Não-Metálicos","Grafita","56053,240000000005","t","56053,240000000000000","t","","62653,68","t","310546631,28999996","0","t","0","0","t","0"
"2020","MG","Não-Metálicos","Rochas (Britadas) e Cascalho","20153961,383000001","t",",000000000000000","-","","19235399,077999994","t","742371421,40799999","5226,3000000000002","t","191026,22","376010,20999999996","t","8565323,8100000005"
"2020","MG","Não-Metálicos","Rochas Ornamentais","175","t",",000000000000000","-","","0","t","0","0","t","0","0","t","0"
"2020","MG","Não-Metálicos","Rochas Ornamentais - Outras","1732,8099999999999","t",",000000000000000","-","","1732,8099999999999","t","5861171,9100000001","0","t","0","0","t","0"
"2020","MG","Não-Metálicos","Talco e outras Cargas Minerais","312476,21499999997","t",",000000000000000","-","","248745,84","t","72617615,224999994","0","t","0","0","t","0"
"2020","MS","Metálicos","Ferro","4076322,5099999998","t","2619152,220000000000000","t","Fe","3922458,5","t","944006937,76999998","0","t","0","0","t","0"
"2020","MS","Metálicos","Manganês","423067,83000000002","t","174423,430000000000000","t","Mn","367676,26000000001","t","203421760,47","0","t","0","0","t","0"
"2020","MS","Não-Metálicos","Areia","263938,81","t",",000000000000000","-","","260533,20999999999","t","4733712,6299999999","0","t","0","0","t","0"
"2020","MS","Não-Metálicos","Argilas","216672,75","t",",000000000000000","-","","107326,78999999999","t","3128544,4500000002","113577,36","t","1957613,0799999998","890,55999999999995","t","427,47000000000003"
"2020","MS","Não-Metálicos","Calcário","6260886,0600000005","t",",000000000000000","-","","5116182,9899999993","t","272526281,77999997","0","t","0","1173810,55","t","16595591,5"
"2020","MS","Não-Metálicos","Fosfato","83511","t","12526,650000000000000","t","P2O5","83511","t","19853026,629999999","0","t","0","0","t","0"
"2020","MS","Não-Metálicos","Rochas (Britadas) e Cascalho","4960511,1799999997","t",",000000000000000","-","","3783406,9100000006","t","134540017,65000001","194486,72999999998","t","4236355,7999999998","24002,18","t","439854,25"
"2020","MS","Não-Metálicos","Talco e outras Cargas Minerais","188546,82999999999","t",",000000000000000","-","","0","t","0","0","t","0","188546,82999999999","t","1593751,5"
"2020","MT","Gemas e Diamantes","Diamante","6418,1099999999997","ct","6418,110000000000000","ct","","11646,469999999999","ct","4150058,8799999999","0","ct","0","0","ct","0"
"2020","MT","Metálicos","Estanho","332146","kg","332146,000000000000000","kg","Sn","332146","kg","28953188,100000001","0","kg","0","0","kg","0"
"2020","MT","Metálicos","Manganês","0","t",",000000000000000","t","Mn","0","t","0","0","t","0","0","t","0"
"2020","MT","Metálicos","Ouro","14008,780940000001","kg","13956,713760000000000","kg","Au","12977,204760000001","kg","3682854564,9499998","55,754519999999999","kg","13631792,33","55,754519999999999","kg","13631792,33"
"2020","MT","Metálicos","Prata","4,3509099999999998","kg","4,350910000000000","kg","Ag","4,3509099999999998","kg","526705,53000000003","0","kg","0","0","kg","0"
"2020","MT","Não-Metálicos","Areia","104397,61","t",",000000000000000","-","","92004,270000000004","t","2220882,4899999998","6928","t","12148","780","t","6000"
"2020","MT","Não-Metálicos","Areias Industriais","2750","t",",000000000000000","-","","2750","t","2200","2750","t","2200","2750","t","2200"
"2020","MT","Não-Metálicos","Argilas","231467,34","t",",000000000000000","-","","177868,41999999998","t","43410966,389999993","10003,509999999998","t","1380625,3799999999","71229,479999999996","t","3623496,98"
"2020","MT","Não-Metálicos","Calcário","13918070,876695998","t",",000000000000000","-","","12207210,486696001","t","706476135,6390121","0","t","0","1862246,9500000002","t","29404916,219999999"
"2020","MT","Não-Metálicos","Dolomito e Magnesita","1887136,3099999998","t",",000000000000000","-","","1887203,7399999998","t","95894663,729999989","0","t","0","0","t","0"
"2020","MT","Não-Metálicos","Quartzo (Cristal) e outros Piezelétricos","2,6099999999999999","t",",000000000000000","-","","2,6099999999999999","t","26100","0","t","0","0","t","0"
"2020","MT","Não-Metálicos","Rochas (Britadas) e Cascalho","4522352,0733040003","t",",000000000000000","-","","4337359,8533040006","t","160497543,31098807","0","t","0","0","t","0"
"2020","PA","Metálicos","Alumínio (Bauxita)","28735428,120000001","t","13869463,810000000000000","t","Al2O3","28654447,399999999","t","4557493943,0199995","0","t","0","0","t","0"
"2020","PA","Metálicos","Cobre","937952,64000000001","t","259871,680000000000000","t","Cu","886507,5","t","10439225204,68","0","t","0","0","t","0"
"2020","PA","Metálicos","Estanho","2903718,6800000002","kg","1976203,470000000000000","kg","Sn","2903718,6800000002","kg","96574382,159999996","0","kg","0","0","kg","0"
"2020","PA","Metálicos","Ferro","192263146,20000002","t","124863939,940000000000000","t","Fe","185954868,88","t","74889066988,399994","0","t","0","5774185,6999999993","t","484579153,54999995"
"2020","PA","Metálicos","Manganês","1305118,6300000001","t","556202,760000000000000","t","Mn","2159014,8599999999","t","1359768952,4200001","0","t","0","0","t","0"
"2020","PA","Metálicos","Níquel","58791,900000000001","t","15426,990000000000000","t"," Ni","60231,25","t","1114953595,76","0","t","0","0","t","0"
"2020","PA","Metálicos","Ouro","11715,662489999999","kg","11493,706010000000000","kg","Au","11724,511759999998","kg","3138311089,1700006","589,00094000000013","kg","149095006,16","589,00094000000013","kg","149095006,16"
"2020","PA","Metálicos","Prata","647,37256000000002","kg","18,558680000000000","kg","Ag","647,37256000000002","kg","2336934,29","0","kg","0","0","kg","0"
"2020","PA","Não-Metálicos","Areia","185,74000000000001","t",",000000000000000","-","","185,74000000000001","t","14308,51","0","t","0","0","t","0"
"2020","PA","Não-Metálicos","Areias Industriais","161889,45000000001","t",",000000000000000","-","","161889,45000000001","t","6784570,2000000002","0","t","0","153,34999999999999","t","62660,339999999997"
"2020","PA","Não-Metálicos","Argilas","28236,75","t",",000000000000000","-","","11676,809999999999","t","529584,45999999996","16559,939999999999","t","235749","0","t","0"
"2020","PA","Não-Metálicos","Calcário","2189865,4100000001","t",",000000000000000","-","","723573,13","t","46689532,060000002","0","t","0","1466292,28","t","37505500,609999999"
"2020","PA","Não-Metálicos","Caulim","873384","t",",000000000000000","-","","872288","t","484195355","0","t","0","0","t","0"
"2020","PA","Não-Metálicos","Fosfato","82168,970000000001","t","21640,000000000000000","t","P2O5","71148,399999999994","t","56005215,200000003","0","t","0","0","t","0"
"2020","PA","Não-Metálicos","Gipsita","0","t",",000000000000000","-","","0","t","0","0","t","0","0","t","0"
"2020","PA","Não-Metálicos","Rochas (Britadas) e Cascalho","2297039,1200000001","t",",000000000000000","-","","2304100,9400000004","t","132782990,12000002","0","t","0","0","t","0"
"2020","PB","Metálicos","Ouro","2,2000000000000002","kg","2,100000000000000","kg","Au","0","kg","0","0","kg","0","0","kg","0"
"2020","PB","Metálicos","Titânio","106124,12000000001","t","58811,080000000000000","t","TiO2","45549,629999999997","t","72652973,599999994","0","t","0","56296,080000000002","t","40174571,57"
"2020","PB","Metálicos","Zircônio","10768","t","6999,200000000000000","t","ZrSiO4","12205,5","t","106674511,98","0","t","0","0","t","0"
"2020","PB","Não-Metálicos","Areias Industriais","168789,97","t",",000000000000000","-","","1511","t","45220","0","t","0","253504,03","t","6060601,7000000002"
"2020","PB","Não-Metálicos","Argilas","344684,04000000004","t",",000000000000000","-","","279801,21999999997","t","167386920,66999999","0","t","0","39998,059999999998","t","418459,65000000002"
"2020","PB","Não-Metálicos","Calcário","3313207,6400000006","t",",000000000000000","-","","1770692,1599999999","t","24682256,120000001","0","t","0","1534190,3500000001","t","26452778,75"
"2020","PB","Não-Metálicos","Caulim","1611,5","t",",000000000000000","-","","1511,5","t","196688,39999999999","0","t","0","0","t","0"
"2020","PB","Não-Metálicos","Cianita e outros minerais refratários","941,19000000000005","t",",000000000000000","-","","896,5","t","1640441,6000000001","0","t","0","0","t","0"
"2020","PB","Não-Metálicos","Feldspato, Leucita e Nefelina-Sienito","2640","t",",000000000000000","-","","2534,3200000000002","t","195628,39999999999","0","t","0","0","t","0"
"2020","PB","Não-Metálicos","Rochas (Britadas) e Cascalho","1062674,46","t",",000000000000000","-","","4604600,8899999997","t","32238180,939999998","0","t","0","0","t","0"
"2020","PB","Não-Metálicos","Rochas Ornamentais","5683,4799999999996","t",",000000000000000","-","","5564,7200000000003","t","8145738,8399999999","0","t","0","0","t","0"
"2020","PE","Metálicos","Ouro","3,30199","kg","3,253210000000000","kg","Au","1,1590199999999999","kg","204015,41","0","kg","0","0","kg","0"
"2020","PE","Não-Metálicos","Areia","66849,709999999992","t",",000000000000000","-","","0","t","0","0","t","0","31848,310000000001","t","2816467,52"
"2020","PE","Não-Metálicos","Argilas","42875,019999999997","t",",000000000000000","-","","0","t","0","0","t","0","42875,019999999997","t","191507,73999999999"
"2020","PE","Não-Metálicos","Calcário","34721,699999999997","t",",000000000000000","-","","11434","t","171510","0","t","0","23287,700000000001","t","228217,5"
"2020","PE","Não-Metálicos","Dolomito e Magnesita","122,43000000000001","t",",000000000000000","-","","122,43000000000001","t","18621,84","0","t","0","0","t","0"
"2020","PE","Não-Metálicos","Gipsita","1177928,4299999999","t",",000000000000000","-","","1085786,6199999999","t","54215462,560000002","0","t","0","139347,25","t","14572376,189999999"
"2020","PE","Não-Metálicos","Rochas (Britadas) e Cascalho","4148194,6499999994","t",",000000000000000","-","","3969394,8999999994","t","123925720,04999998","0","t","0","97,370000000000005","t","3419,2600000000002"
"2020","PE","Não-Metálicos","Vermiculita e Perlita","5094,04","t","4109,730000000000000","t","","1949,1500000000001","t","4168143,6400000001","0","t","0","0","t","0"
"2020","PI","Não-Metálicos","Argilas","23793,950000000001","t",",000000000000000","-","","13140,950000000001","t","1619000,4199999999","0","t","0","10285,700000000001","t","161183,14000000001"
"2020","PI","Não-Metálicos","Calcário","391307,04859999998","t",",000000000000000","-","","391307,04859999998","t","23234345,4428","0","t","0","0","t","0"
"2020","PI","Não-Metálicos","Dolomito e Magnesita","601724,45140000002","t",",000000000000000","-","","601724,45140000002","t","42458836,9472","0","t","0","0","t","0"
"2020","PI","Não-Metálicos","Rochas (Britadas) e Cascalho","1085404,4300000002","t",",000000000000000","-","","945943,28000000003","t","41017046,370000005","166,72999999999999","t","9170,5","0","t","0"
"2020","PI","Não-Metálicos","Rochas Ornamentais","1159,72","t",",000000000000000","-","","3306,2399999999998","t","1635681,1899999999","0","t","0","0","t","0"
"2020","PI","Não-Metálicos","Saibro","1297,5","t",",000000000000000","-","","1297,5","t","72180","0","t","0","0","t","0"
"2020","PR","Energéticos","Carvão Mineral","97297,820000000007","t",",000000000000000","-","","97297,820000000007","t","35200223,019999996","0","t","0","0","t","0"
"2020","PR","Metálicos","Ouro","280,17235999999997","kg","280,144340000000000","kg","Au","266,45699999999999","kg","77265184,650000006","0","kg","0","0","kg","0"
"2020","PR","Metálicos","Prata","21,459630000000001","kg","21,438170000000000","kg","Ag","0","kg","0","0","kg","0","0","kg","0"
"2020","PR","Não-Metálicos","Areia","2305461,0300000003","t",",000000000000000","-","","2255630,29","t","39482934,929999992","0","t","0","22180,040000000001","t","79182,740000000005"
"2020","PR","Não-Metálicos","Areias Industriais","663,39999999999998","t",",000000000000000","-","","663,39999999999998","t","8094,3999999999996","0","t","0","0","t","0"
"2020","PR","Não-Metálicos","Argilas","212297,54999999999","t",",000000000000000","-","","91280,369999999995","t","12570501,109999999","120984,07000000001","t","1547156,03","0","t","0"
"2020","PR","Não-Metálicos","Calcário","12664425,759599999","t",",000000000000000","-","","3441584,3232000005","t","108204331,9984","4531281,1800000006","t","51886372,859999999","4679363,3064000001","t","78327899,464399993"
"2020","PR","Não-Metálicos","Caulim","445,52999999999997","t",",000000000000000","-","","445,52999999999997","t","81938","0","t","0","0","t","0"
"2020","PR","Não-Metálicos","Dolomito e Magnesita","589623,40000000002","t",",000000000000000","-","","628154,81000000006","t","8961492,8499999996","0","t","0","0","t","0"
"2020","PR","Não-Metálicos","Feldspato, Leucita e Nefelina-Sienito","142828","t",",000000000000000","-","","34405","t","2511565","0","t","0","109652,17999999999","t","4397052,2199999997"
"2020","PR","Não-Metálicos","Fluorita e Criolita","24730,079999999998","t","20710,150000000000000","t","","25429,360000000004","t","25311742,300000001","0","t","0","0","t","0"
"2020","PR","Não-Metálicos","Rochas (Britadas) e Cascalho","20216037,900399998","t",",000000000000000","-","","18184080,796799995","t","505177626,61160028","680433,22999999998","t","11265629,759999998","605741,55359999998","t","11128412,035599999"
"2020","PR","Não-Metálicos","Rochas Ornamentais","11154,379999999999","t",",000000000000000","-","","9777,8999999999996","t","1523142,4000000001","0","t","0","1480,48","t","1262461,48"
"2020","PR","Não-Metálicos","Rochas Ornamentais - Outras","9679,5","t",",000000000000000","-","","0","t","0","5604,75","t","95000","0","t","0"
"2020","PR","Não-Metálicos","Saibro","40986,339999999997","t",",000000000000000","-","","33717,639999999999","t","590245,39000000001","0","t","0","0","t","0"
"2020","PR","Não-Metálicos","Talco e outras Cargas Minerais","120062,67999999999","t",",000000000000000","-","","29070,84","t","6101829,3599999994","90738,029999999999","t","1160367,03","0","t","0"
"2020","RJ","Metálicos","Monazita e Terras-Raras","708","t","708,000000000000000","t","ETR","708","t","3522659,3599999999","0","t","0","0","t","0"
"2020","RJ","Metálicos","Titânio","3035","t","3035,000000000000000","t","TiO2","3035","t","2912318,5800000001","0","t","0","0","t","0"
"2020","RJ","Metálicos","Zircônio","226","t","226,000000000000000","t","ZrSiO4","226","t","1025144,47","0","t","0","0","t","0"
"2020","RJ","Não-Metálicos","Areia","200931,14000000001","t",",000000000000000","-","","200931,14000000001","t","4392279,8300000001","0","t","0","0","t","0"
"2020","RJ","Não-Metálicos","Argilas","45852,440000000002","t",",000000000000000","-","","11226,9","t","263520","0","t","0","34625,540000000001","t","235748,23999999999"
"2020","RJ","Não-Metálicos","Calcário","1724271,96","t",",000000000000000","-","","104993,68000000001","t","11048839,09","0","t","0","1619278,28","t","21420785,699999999"
"2020","RJ","Não-Metálicos","Feldspato, Leucita e Nefelina-Sienito","5000","t",",000000000000000","-","","834,67999999999995","t","74538,410000000003","0","t","0","0","t","0"
"2020","RJ","Não-Metálicos","Fluorita e Criolita","0","t",",000000000000000","t","","1081,97","t","151922,23999999999","0","t","0","0","t","0"
"2020","RJ","Não-Metálicos","Rochas (Britadas) e Cascalho","12619136,070000002","t",",000000000000000","-","","12286681,189999999","t","378217984,60000008","0","t","0","87362,580000000002","t","2162292,0099999998"
"2020","RJ","Não-Metálicos","Rochas Ornamentais - Outras","10999,940000000001","t",",000000000000000","-","","10999,940000000001","t","384998,27000000002","0","t","0","10999,940000000001","t","384998,27000000002"
"2020","RN","Gemas e Diamantes","Gemas","92,965000000000003","kg","66,564000000000000","kg","","65,590119999999999","kg","17065719,199999999","3,0000000000000001E-5","kg","29636,369999999999","0","kg","0"
"2020","RN","Metálicos","Ferro","0","t",",000000000000000","t","Fe","33369,599999999999","t","1812097,8300000001","0","t","0","0","t","0"
"2020","RN","Metálicos","Tungstênio","370,63","t","256,620000000000000","t","WO3","392,28999999999996","t","22668123,740000002","0","t","0","0","t","0"
"2020","RN","Não-Metálicos","Areias Industriais","639","t",",000000000000000","-","","639","t","202216,22","0","t","0","0","t","0"
"2020","RN","Não-Metálicos","Argilas","29836,799999999999","t",",000000000000000","-","","0","t","0","4221,1700000000001","t","2954,8200000000002","0","t","0"
"2020","RN","Não-Metálicos","Calcário","2661020,8100000001","t",",000000000000000","-","","9739,9099999999999","t","1076876,5700000001","2337523","t","35592453,990000002","0","t","0"
"2020","RN","Não-Metálicos","Dolomito e Magnesita","38017,220000000001","t",",000000000000000","-","","38017,220000000001","t","4065989,6099999999","0","t","0","0","t","0"
"2020","RN","Não-Metálicos","Feldspato, Leucita e Nefelina-Sienito","7667","t",",000000000000000","-","","7531,8299999999999","t","1935323,3699999999","0","t","0","0","t","0"
"2020","RN","Não-Metálicos","Rochas (Britadas) e Cascalho","1037135,1000000001","t",",000000000000000","-","","1008238,5600000001","t","44499955,369999997","2412,48","t","39082,18","0","t","0"
"2020","RN","Não-Metálicos","Rochas Ornamentais","9430,2399999999998","t",",000000000000000","-","","9430,2399999999998","t","34067575,489999995","0","t","0","0","t","0"
"2020","RN","Não-Metálicos","Talco e outras Cargas Minerais","15038","t",",000000000000000","-","","15038","t","3620254,5","0","t","0","0","t","0"
"2020","RO","Gemas e Diamantes","Gemas","10364,77","kg","10364,770000000000000","kg","","8,7400000000000002","kg","72690","0","kg","0","0","kg","0"
"2020","RO","Metálicos","Chumbo","2539","t","50,780000000000000","t","Pb","1970,95","t","10496229,890000001","0","t","0","0","t","0"
"2020","RO","Metálicos","Columbita-Tantalita","322,97050000000002","t","196,034584000000000","t","Nb2O5","322,14999999999998","t","19439149,287500001","0","t","0","0","t","0"
"2020","RO","Metálicos","Columbita-Tantalita","2,8495000000000004","t","1,345576000000000","t","Ta2O5","2,4500000000000002","t","116171,8625","0","t","0","0","t","0"
"2020","RO","Metálicos","Estanho","12543693,880000001","kg","8368519,900000000000000","kg","Sn","11680748,880000001","kg","531125958,0399999","0","kg","0","1103718","kg","37132759,920000002"
"2020","RO","Metálicos","Manganês","0","t",",000000000000000","t","Mn","1918","t","1228089,2","0","t","0","0","t","0"
"2020","RO","Metálicos","Ouro","1277,4698500000004","kg","1277,469850000000000","kg","Au","1277,4698500000004","kg","319990091,63","0","kg","0","0","kg","0"
"2020","RO","Metálicos","Titânio","8,8900000000000006","t","1,660000000000000","t","TiO2","106","t","105175,89999999999","0","t","0","0","t","0"
"2020","RO","Metálicos","Zinco","12031","t","1323,000000000000000","t","Zn","11256,98","t","39001512,189999998","0","t","0","0","t","0"
"2020","RO","Não-Metálicos","Areia","38517,490000000005","t",",000000000000000","-","","32899,790000000001","t","1784977,05","0","t","0","0","t","0"
"2020","RO","Não-Metálicos","Calcário","150876","t",",000000000000000","-","","150976","t","8808186,4399999995","0","t","0","0","t","0"
"2020","RO","Não-Metálicos","Rochas (Britadas) e Cascalho","806302,54999999993","t",",000000000000000","-","","696054,37000000011","t","44410217,590000004","81272,089999999997","t","1848726,1499999999","0","t","0"
"2020","RR","Não-Metálicos","Rochas (Britadas) e Cascalho","273151,03000000003","t",",000000000000000","-","","273151,03000000003","t","11735150,93","0","t","0","0","t","0"
"2020","RS","Energéticos","Carvão Mineral","3617619,7599999998","t",",000000000000000","-","","3641723,1299999999","t","441674189,69","0","t","0","0","t","0"
"2020","RS","Não-Metálicos","Areia","5627,8199999999997","t",",000000000000000","-","","6430,3899999999994","t","243014","0","t","0","0","t","0"
"2020","RS","Não-Metálicos","Argilas","3289,6900000000001","t",",000000000000000","-","","3289,6900000000001","t","809548","0","t","0","0","t","0"
"2020","RS","Não-Metálicos","Calcário","3020200,5900000003","t",",000000000000000","-","","2888634,0600000001","t","185374156,16999999","8474","t","83569,529999999999","112880,13","t","2547777,98"
"2020","RS","Não-Metálicos","Caulim","97892,949999999997","t",",000000000000000","-","","100382,67","t","9450529,8599999994","0","t","0","0","t","0"
"2020","RS","Não-Metálicos","Rochas (Britadas) e Cascalho","19930961,689999994","t",",000000000000000","-","","16926573,719999995","t","451317319,96999997","658721,42000000016","t","7696897,6399999997","2427931,7000000002","t","44062423,470000014"
"2020","RS","Não-Metálicos","Rochas Ornamentais - Outras","17120,779999999999","t",",000000000000000","-","","17120,779999999999","t","452858","10999,26","t","244000","10999,26","t","244000"
"2020","RS","Não-Metálicos","Saibro","128160","t",",000000000000000","-","","0","t","0","0","t","0","128160","t","118800"
"2020","SC","Energéticos","Carvão Mineral","2191289,1900000004","t",",000000000000000","-","","2190250,8700000001","t","578919305,7299999","0","t","0","0","t","0"
"2020","SC","Não-Metálicos","Areia","833908,98999999999","t",",000000000000000","-","","808524,85999999987","t","25420125,23","0","t","0","0","t","0"
"2020","SC","Não-Metálicos","Areias Industriais","1042448,46","t",",000000000000000","-","","1036592,51","t","73282149,090000004","0","t","0","0","t","0"
"2020","SC","Não-Metálicos","Argilas","499061,94","t",",000000000000000","-","","0","t","0","0","t","0","499061,94","t","628607,93999999994"
"2020","SC","Não-Metálicos","Calcário","2101900,5700000003","t",",000000000000000","-","","499475,50000000006","t","22526409,050000001","0","t","0","1602425,0700000001","t","22004008,289999999"
"2020","SC","Não-Metálicos","Caulim","28700","t",",000000000000000","-","","25748,220000000001","t","6624555,8899999997","0","t","0","0","t","0"
"2020","SC","Não-Metálicos","Enxofre","2572","t",",000000000000000","t","S","2597","t","732335,18000000005","0","t","0","0","t","0"
"2020","SC","Não-Metálicos","Feldspato, Leucita e Nefelina-Sienito","170477,23000000001","t",",000000000000000","-","","167171,38","t","29334323,539999999","0","t","0","0","t","0"
"2020","SC","Não-Metálicos","Rochas (Britadas) e Cascalho","24036107,749999996","t",",000000000000000","-","","21386009,460000001","t","588031191,49000001","1673392,9399999999","t","31385628,590000004","1096916,5599999998","t","17421030,98"
"2020","SC","Não-Metálicos","Rochas Ornamentais - Outras","29308,48","t",",000000000000000","-","","28371,969999999998","t","432486,17999999999","0","t","0","0","t","0"
"2020","SC","Não-Metálicos","Saibro","382616,28000000003","t",",000000000000000","-","","278452,01000000001","t","3697403,4999999995","105296,39999999999","t","1463053,2","0","t","0"
"2020","SE","Não-Metálicos","Areias Industriais","45134,18","t",",000000000000000","-","","43821,43","t","6742154,8799999999","0","t","0","0","t","0"
"2020","SE","Não-Metálicos","Argilas","159128,73999999999","t",",000000000000000","-","","0","t","0","0","t","0","159128,73999999999","t","2203854,1099999999"
"2020","SE","Não-Metálicos","Calcário","3409973,2799999998","t",",000000000000000","-","","91746,270000000004","t","1874626,98","44852","t","1361111,5800000001","3273375,0099999998","t","31243789,149999999"
"2020","SE","Não-Metálicos","Potássio","437864,53000000003","t","254837,160000000000000","t","K2O","412481,59000000003","t","523859504,24000001","0","t","0","0","t","0"
"2020","SE","Não-Metálicos","Rochas (Britadas) e Cascalho","1003158,47","t",",000000000000000","-","","736622,57999999996","t","27314757,619999997","0","t","0","0","t","0"
"2020","SP","Energéticos","Turfa","9242,2600000000002","t",",000000000000000","-","","870","t","35540","0","t","0","14515,940000000001","t","362898,5"
"2020","SP","Metálicos","Ferro","263645,03000000003","t","198735,620000000000000","t","Fe","268466,89000000001","t","5877663,5599999996","0","t","0","0","t","0"
"2020","SP","Não-Metálicos","Areia","12661818,102738995","t",",000000000000000","-","","12414733,616214998","t","336743406,0117209","2508,1999999999998","t","186516,14999999999","0","t","0"
"2020","SP","Não-Metálicos","Areias Industriais","5030711,0672610002","t",",000000000000000","-","","3889544,5837849993","t","228450328,438279","0","t","0","493028,92999999999","t","33999221,920000002"
"2020","SP","Não-Metálicos","Argilas","1463185,96","t",",000000000000000","-","","886387,15999999992","t","32800326,459999997","0","t","0","598222,06000000006","t","8228001,2200000007"
"2020","SP","Não-Metálicos","Calcário","11034062,449999999","t",",000000000000000","-","","4883001,6699999999","t","240459395,06999999","0","t","0","6071503,4900000002","t","128630679,19"
"2020","SP","Não-Metálicos","Caulim","75956,380000000005","t",",000000000000000","-","","75917,279999999999","t","34963235,140000001","0","t","0","39,100000000000001","t","78192,320000000007"
"2020","SP","Não-Metálicos","Dolomito e Magnesita","709676,97999999998","t",",000000000000000","-","","683684,30000000005","t","84215252,539999992","0","t","0","0","t","0"
"2020","SP","Não-Metálicos","Feldspato, Leucita e Nefelina-Sienito","2580,0799999999999","t",",000000000000000","-","","2580,0799999999999","t","1272833,6000000001","0","t","0","0","t","0"
"2020","SP","Não-Metálicos","Fosfato","2739476,6399999997","t","1258773,210000000000000","t","P2O5","1296600,3600000001","t","37646869,359999999","623818,53000000003","t","230324996,52000001","0","t","0"
"2020","SP","Não-Metálicos","Rochas (Britadas) e Cascalho","66795943,499999993","t","80000,000000000000000","-","","59695306,999999985","t","1847488269,3800004","1065997,3","t","33183296,920000002","3795459,2199999997","t","127072338,03999999"
"2020","SP","Não-Metálicos","Talco e outras Cargas Minerais","525696,70000000007","t",",000000000000000","-","","509392,47000000003","t","41480268,719999999","0","t","0","0","t","0"
"2020","TO","Metálicos","Manganês","73657,5","t","30100,000000000000000","t","Mn","33147,5","t","3015930","0","t","0","0","t","0"
"2020","TO","Metálicos","Ouro","2,9980000000000002","kg","2,998000000000000","kg","Au","1,75","kg","356372","0","kg","0","0","kg","0"
"2020","TO","Não-Metálicos","Areia","87733,470000000001","t",",000000000000000","-","","40003,270000000004","t","1105242,98","0","t","0","0","t","0"
"2020","TO","Não-Metálicos","Areias Industriais","3446","t",",000000000000000","-","","2901,4499999999998","t","77361","0","t","0","0","t","0"
"2020","TO","Não-Metálicos","Calcário","5912979,0000000009","t",",000000000000000","-","","5177509,8599999994","t","256952883,98999998","0","t","0","749066,01000000001","t","14588836,300000001"
"2020","TO","Não-Metálicos","Dolomito e Magnesita","345572,41999999998","t",",000000000000000","-","","345572,41999999998","t","18768288,300000001","0","t","0","0","t","0"
"2020","TO","Não-Metálicos","Fosfato","119046,16","t","11055,910000000000000","t","P2O5","123800,28","t","16223246,280000001","0","t","0","0","t","0"
"2020","TO","Não-Metálicos","Minerais Industriais (Outros)","15","t",",000000000000000","-","","15","t","1946250","0","t","0","0","t","0"
"2020","TO","Não-Metálicos","Rochas (Britadas) e Cascalho","732391,20000000007","t",",000000000000000","-","","751724,55999999994","t","29732954,829999998","2880,6500000000001","t","154374,57000000001","0","t","0"
"2021","AL","Metálicos","Cobre","15860,51","t","3357,100000000000000","t","Cu","9424,0799999999999","t","111669301,84","0","t","0","0","t","0"
"2021","AL","Metálicos","Ouro","26,609120000000001","kg","26,609120000000000","kg","Au","26,609120000000001","kg","7687213,96","0","kg","0","0","kg","0"
"2021","AL","Não-Metálicos","Calcário","750644,28999999992","t",",000000000000000","-","","220181,73000000001","t","28219687,710000001","0","t","0","540138,93999999994","t","10680968,9"
"2021","AL","Não-Metálicos","Rochas (Britadas) e Cascalho","1950872,5899999999","t",",000000000000000","-","","1643522","t","66647955,620000005","437","t","3910","0","t","0"
"2021","AL","Não-Metálicos","Talco e outras Cargas Minerais","7719","t",",000000000000000","-","","6757,4399999999996","t","1571096,05","0","t","0","0","t","0"
"2021","AM","Metálicos","Columbita-Tantalita","9619,5","t","3303,810200000000000","t","Nb2O5","0","t","0","0","t","0","9939,8600000000006","t","84026841,909999996"
"2021","AM","Metálicos","Estanho","14734960","kg","6933900,000000000000000","kg","Sn","0","kg","0","0","kg","0","14832300","kg","375158502,83999997"
"2021","AM","Metálicos","Ouro","184,15350999999791","kg","184,153510000000000","kg","Au","184,15350999999791","kg","51905008,399999999","0","kg","0","0","kg","0"
"2021","AM","Não-Metálicos","Argilas","0","t",",000000000000000","-","","0","t","0","51074,900000000001","t","51074,900000000001","0","t","0"
"2021","AM","Não-Metálicos","Rochas (Britadas) e Cascalho","1155771,5800000001","t",",000000000000000","-","","796536,29000000004","t","51889885,07","0","t","0","0","t","0"
"2021","AP","Metálicos","Ferro","456594","t","286340,930000000000000","t","Fe","417048,33999999997","t","109144770,64000002","0","t","0","0","t","0"
"2021","AP","Metálicos","Ouro","2720,3338200000003","kg","2720,148580000000000","kg","Au","2744,1312400000002","kg","817641029,95999992","0","kg","0","0","kg","0"
"2021","AP","Não-Metálicos","Caulim","180035","t",",000000000000000","-","","169683,53","t","221718700,00999999","0","t","0","0","t","0"
"2021","AP","Não-Metálicos","Rochas (Britadas) e Cascalho","305327,08999999997","t",",000000000000000","-","","305401,96999999997","t","24519229,829999998","0","t","0","0","t","0"
"2021","BA","Gemas e Diamantes","Diamante","134979,20000000001","ct","100,000000000000000","ct","","133134,60999999999","ct","129685676,45","0","ct","0","0","ct","0"
"2021","BA","Metálicos","Cobre","133865,42999999999","t","45828,260000000000000","t","Cu","133929,45999999999","t","2368994629,4299998","0","t","0","0","t","0"
"2021","BA","Metálicos","Cromo","627735,42000000004","t","248107,760000000000000","t","Cr2O3","85453,309999999998","t","84090881,189999998","21318","t","9690539,9100000001","503443,66000000003","t","288822033,01999998"
"2021","BA","Metálicos","Ferro","1876391,5800000001","t","1229083,930000000000000","t","Fe","1176277,27","t","727435929,43000007","0","t","0","0","t","0"
"2021","BA","Metálicos","Manganês","9004,2600000000002","t","8150,780000000000000","t","Mn","9004,2600000000002","t","3786493,3500000001","0","t","0","0","t","0"
"2021","BA","Metálicos","Níquel","108420,74000000001","t","15178,900000000000000","t"," Ni","109913,02","t","1399282766,5","0","t","0","0","t","0"
"2021","BA","Metálicos","Ouro","7902,0227699999996","kg","7670,339180000000000","kg","Au","7914,869850000001","kg","2327386511,6900001","0","kg","0","0","kg","0"
"2021","BA","Metálicos","Vanádio","398846,78000000003","t","12879,000000000000000","t","V","0","t","0","0","t","0","402410,75","t","170955315,83000001"
"2021","BA","Não-Metálicos","Areia","26704,299999999999","t",",000000000000000","-","","16968,16","t","1715889,4900000002","0","t","0","0","t","0"
"2021","BA","Não-Metálicos","Areias Industriais","271033,42999999999","t",",000000000000000","-","","101127,43000000001","t","8724911,9299999997","0","t","0","180513,47999999998","t","20893890,34"
"2021","BA","Não-Metálicos","Argilas","90346,050000000003","t",",000000000000000","-","","45434,850000000006","t","8165635,8700000001","34795,650000000001","t","1352074,5","13402","t","73820,119999999995"
"2021","BA","Não-Metálicos","Bário","360,83999999999997","t","36,080000000000000","t","BaSO4","360,83999999999997","t","45313,199999999997","0","t","0","0","t","0"
"2021","BA","Não-Metálicos","Calcário","1861655,75","t",",000000000000000","-","","537680,31000000006","t","88538584,439999998","0","t","0","1330366,4099999999","t","26868071,969999999"
"2021","BA","Não-Metálicos","Diatomita","0","t",",000000000000000","-","","0","t","0","0","t","0","0","t","0"
"2021","BA","Não-Metálicos","Dolomito e Magnesita","3008069,6400000001","t",",000000000000000","-","","1234344,1400000001","t","777081752,21000004","0","t","0","180088,60999999999","t","94549020,909999996"
"2021","BA","Não-Metálicos","Fosfato","202609,60000000001","t","60782,880000000000000","t","P2O5","202609,60000000001","t","64806654,039999999","0","t","0","0","t","0"
"2021","BA","Não-Metálicos","Rochas (Britadas) e Cascalho","9014610,4700000025","t",",000000000000000","-","","8071772,2700000005","t","325848263,08999997","2445","t","85701,800000000003","255189,39000000001","t","9736845,5600000005"
"2021","BA","Não-Metálicos","Rochas Ornamentais","10053,959999999999","t",",000000000000000","-","","9556,5300000000007","t","7663971,6799999997","0","t","0","25,099999999999998","t","26845,699999999997"
"2021","BA","Não-Metálicos","Talco e outras Cargas Minerais","145108,22","t",",000000000000000","-","","75069,739999999991","t","151132314,57999998","0","t","0","0","t","0"
"2021","CE","Metálicos","Ferro","3828,7600000000002","t","2373,830000000000000","t","Fe","3828,7600000000002","t","927654,85999999999","0","t","0","0","t","0"
"2021","CE","Metálicos","Manganês","233756,54000000001","t","73270,000000000000000","t","Mn","293737,54000000004","t","55688372,429999992","0","t","0","0","t","0"
"2021","CE","Não-Metálicos","Areias Industriais","22110,799999999999","t",",000000000000000","-","","22110,799999999999","t","1105540","0","t","0","0","t","0"
"2021","CE","Não-Metálicos","Argilas","189150,96000000002","t",",000000000000000","-","","163486,90000000002","t","17835768,289999999","14944","t","102029,5","11210,15","t","28136,540000000001"
"2021","CE","Não-Metálicos","Calcário","3667824,5600000001","t",",000000000000000","-","","1412749,8","t","128999767,30000001","53138,5","t","1581789,24","2087171,4399999999","t","41182850,880000003"
"2021","CE","Não-Metálicos","Dolomito e Magnesita","0","t",",000000000000000","-","","0","t","0","0","t","0","0","t","0"
"2021","CE","Não-Metálicos","Rochas (Britadas) e Cascalho","3897869,8699999969","t",",000000000000000","-","","3956416,6499999971","t","190406865,39000002","1920","t","67020,600000000006","0","t","0"
"2021","CE","Não-Metálicos","Rochas Ornamentais","7401,6400000000003","t",",000000000000000","-","","7401,6400000000003","t","17802810,93","0","t","0","0","t","0"
"2021","DF","Não-Metálicos","Areia","296456,21000000002","t",",000000000000000","-","","302809,25","t","9742500,2100000009","0","t","0","0","t","0"
"2021","DF","Não-Metálicos","Areias Industriais","80631,25","t",",000000000000000","-","","80631,25","t","1205093,72","0","t","0","0","t","0"
"2021","DF","Não-Metálicos","Argilas","308980,95999999996","t",",000000000000000","-","","0","t","0","0","t","0","308980,95999999996","t","5223982,1200000001"
"2021","DF","Não-Metálicos","Calcário","4908526,5700000003","t",",000000000000000","-","","580159,84999999998","t","35149730,68","0","t","0","4328366,7199999997","t","60408607,359999999"
"2021","DF","Não-Metálicos","Rochas (Britadas) e Cascalho","2356711,77","t",",000000000000000","-","","1834322,1799999999","t","52544721,960000001","0","t","0","522389,57000000001","t","5305644,1900000004"
"2021","ES","Metálicos","Ferro","7865954,3399999999","t","5263742,770000000000000","t","Fe","7439253,3599999994","t","9030436028,079998","0","t","0","0","t","0"
"2021","ES","Não-Metálicos","Argilas","12216,869999999999","t",",000000000000000","-","","12024,6","t","1747315,24","0","t","0","0","t","0"
"2021","ES","Não-Metálicos","Calcário","38783,730000000003","t",",000000000000000","-","","38783,730000000003","t","4155340","0","t","0","0","t","0"
"2021","ES","Não-Metálicos","Rochas (Britadas) e Cascalho","5564603,79","t",",000000000000000","-","","4935209,4899999993","t","172205269,21000001","0","t","0","0","t","0"
"2021","ES","Não-Metálicos","Rochas Ornamentais","144607,02000000002","t",",000000000000000","-","","123444,72","t","381040412,05000001","17570,920000000002","t","8524338,5199999996","0","t","0"
"2021","GO","Metálicos","Alumínio (Bauxita)","1677413,1599999999","t","897382,160000000000000","t","Al2O3","843634,40000000002","t","72383862,159999996","0","t","0","560615,94999999995","t","26142358,73"
"2021","GO","Metálicos","Cobre","220680","t","52019,170000000000000","t","Cu","210965,92999999999","t","2945294151","0","t","0","0","t","0"
"2021","GO","Metálicos","Manganês","62792,660000000003","t","27172,000000000000000","t","Mn","64712,040000000001","t","37489252,910000004","0","t","0","0","t","0"
"2021","GO","Metálicos","Nióbio","26431,470000000001","t","13322,706920000000000","t","Nb2O5","0","t","0","0","t","0","26431,470000000001","t","528077420"
"2021","GO","Metálicos","Níquel","159991,78","t","41734,000000000000000","t"," Ni","161209,95999999999","t","3857513629,27","0","t","0","0","t","0"
"2021","GO","Metálicos","Ouro","3772,7697699999999","kg","3705,300300000000000","kg","Au","3679,4683000000005","kg","1115479367,1199999","0","kg","0","0","kg","0"
"2021","GO","Metálicos","Prata","95,486050000000006","kg","95,486050000000000","kg","Ag","28,498200000000001","kg","124201,46000000001","0","kg","0","0","kg","0"
"2021","GO","Metálicos","Titânio","1076,95","t","1076,950000000000000","t","TiO2","1076,95","t","113096,52","0","t","0","0","t","0"
"2021","GO","Não-Metálicos","Amianto","172256","t","12336,660000000000000","t","","166556,76000000001","t","434424581,42000002","0","t","0","0","t","0"
"2021","GO","Não-Metálicos","Areia","594473,87999999989","t",",000000000000000","-","","594601,12999999989","t","21230048,57","0","t","0","0","t","0"
"2021","GO","Não-Metálicos","Areias Industriais","389950","t",",000000000000000","-","","388145","t","17321177,399999999","0","t","0","0","t","0"
"2021","GO","Não-Metálicos","Argilas","56533,199999999997","t",",000000000000000","-","","5785,4300000000003","t","74890,440000000002","15000","t","120000","33847,769999999997","t","918908,81999999995"
"2021","GO","Não-Metálicos","Calcário","11667355,8364","t",",000000000000000","-","","8881383,7426000014","t","689561862,38379991","0","t","0","2812311,4100000001","t","67015504,480000004"
"2021","GO","Não-Metálicos","Dolomito e Magnesita","1743201,2","t",",000000000000000","-","","1696208,3599999999","t","154592987,02000001","0","t","0","64642,139999999999","t","1708879,1000000001"
"2021","GO","Não-Metálicos","Fosfato","2247976,8300000001","t","782981,820000000000000","t","P2O5","17136","t","9463522,1999999993","157485,42000000001","t","41389978,189999998","2343312,54","t","677622041,07999992"
"2021","GO","Não-Metálicos","Rochas (Britadas) e Cascalho","9141410,4436000008","t",",000000000000000","-","","9087649,6473999992","t","373089421,88620007","0","t","0","23940,73","t","825532,78999999992"
"2021","GO","Não-Metálicos","Vermiculita e Perlita","64531","t","16500,000000000000000","t","","59689,650000000001","t","93763966,150000006","0","t","0","0","t","0"
"2021","MA","Metálicos","Ouro","4445,4702499999994","kg","4154,537000000000000","kg","Au","4458,5404199999994","kg","1278134589,02","0","kg","0","0","kg","0"
"2021","MA","Não-Metálicos","Areia","46301,959999999999","t",",000000000000000","-","","45549,959999999999","t","683351,28000000003","0","t","0","0","t","0"
"2021","MA","Não-Metálicos","Argilas","95412,210000000021","t","305,000000000000000","-","","11708,130000000001","t","875939,92000001436","33489,160000000003","t","398909,40000000002","26362,5","t","71178,75"
"2021","MA","Não-Metálicos","Calcário","60475,010000000002","t",",000000000000000","-","","56301,089999999997","t","73911167,260000005","0","t","0","0","t","0"
"2021","MA","Não-Metálicos","Gipsita","698615,10999999999","t",",000000000000000","-","","698615,10999999999","t","49152740,549999997","0","t","0","0","t","0"
"2021","MA","Não-Metálicos","Rochas (Britadas) e Cascalho","2818027,3599999994","t",",000000000000000","-","","2591581,8399999999","t","121763143,78999999","1128","t","79410","0","t","0"
"2021","MG","Gemas e Diamantes","Diamante","2143,8000000000002","ct","2098,450000000000000","ct","","2071,5500000000002","ct","29066632,849999998","0,01","ct","0,01","303,5","ct","584833,73999999999"
"2021","MG","Gemas e Diamantes","Gemas","366,83875999999998","kg","355,695770000000000","kg","","268,22099000000003","kg","45490509,82","0","kg","0","0","kg","0"
"2021","MG","Metálicos","Alumínio (Bauxita)","1016704,2300000001","t","443483,620000000000000","t","Al2O3","50160,830000000002","t","13713220,9","16190,15","t","925428,94999999995","996468,53000000003","t","95106035,159999996"
"2021","MG","Metálicos","Chumbo","16614,07","t","6130,170000000000000","t","Pb","15069,75","t","121518102,69","0","t","0","0","t","0"
"2021","MG","Metálicos","Columbita-Tantalita","415,31","t","114,198000000000000","t","Ta2O5","381,18000000000001","t","79812867,159999996","0","t","0","0","t","0"
"2021","MG","Metálicos","Estanho","5624983,5","kg","23356,400000000000000","kg","Sn","5080783,5","kg","484398,51000000001","0","kg","0","0","kg","0"
"2021","MG","Metálicos","Ferro","225430644,01999998","t","139666702,430000000000000","t","Fe","188810370,23999998","t","113127143560,98001","0","t","0","22034813,199999999","t","4716151971,5900002"
"2021","MG","Metálicos","Lítio","102937,74000000001","t","5669,950000000000000","t","Li2O","102705,76999999999","t","331153652,19","0","t","0","10074,110000000001","t","13104290,34"
"2021","MG","Metálicos","Manganês","278284,91999999998","t","68305,780000000000000","t","Mn","134670,53","t","18358521,459999997","0","t","0","100639,73000000001","t","26039171,370000001"
"2021","MG","Metálicos","Nióbio","172345,79000000001","t","95503,402510000000000","t","Nb2O5","0","t","0","0","t","0","170930,22","t","441770713,18000001"
"2021","MG","Metálicos","Ouro","32847,551140000003","kg","31890,128480000000000","kg","Au","32908,853150000003","kg","9773777174,7399979","0","kg","0","0","kg","0"
"2021","MG","Metálicos","Prata","1062,93903","kg","1062,939030000000000","kg","Ag","856,03099999999995","kg","3777324","0","kg","0","0","kg","0"
"2021","MG","Metálicos","Zinco","404556,46000000002","t","157775,690000000000000","t","Zn","0","t","0","0","t","0","402610,22999999998","t","580268100,79999995"
"2021","MG","Não-Metálicos","Areia","1245986,53","t",",000000000000000","-","","1026492,74","t","32162487,920000006","0","t","0","73183,220000000001","t","3232214,4700000002"
"2021","MG","Não-Metálicos","Areias Industriais","758399,92000000004","t",",000000000000000","-","","253685,91000000003","t","28442848,219999999","17292,32","t","236908,57000000001","364905,92999999999","t","18337027,109999999"
"2021","MG","Não-Metálicos","Argilas","1825676,52","t",",000000000000000","-","","870521,15000000002","t","81369631,590000004","265008,88","t","9403281,9199999999","730125,33999999997","t","45003396,379999995"
"2021","MG","Não-Metálicos","Calcário","40647817,717","t","253214,010000000000000","-","","18159147,867000002","t","993658329,60499978","7780154,9600000009","t","61464864,020000003","16319015,139999997","t","285269306,22999996"
"2021","MG","Não-Metálicos","Caulim","2990","t",",000000000000000","-","","2990","t","2990","0","t","0","0","t","0"
"2021","MG","Não-Metálicos","Cianita e outros minerais refratários","140,72999999999999","t",",000000000000000","-","","82,159999999999997","t","169107,35000000001","0","t","0","0","t","0"
"2021","MG","Não-Metálicos","Dolomito e Magnesita","2650928,96","t",",000000000000000","-","","2406533,4100000001","t","109677218,35000001","18261,310000000001","t","17760,099999999999","79240,809999999998","t","1720980,76"
"2021","MG","Não-Metálicos","Enxofre","172903,35999999999","t","172903,360000000000000","t","S","164731,16","t","140348988,74000001","1144,6900000000001","t","394929,02000000002","3833,9200000000001","t","1322739,1499999999"
"2021","MG","Não-Metálicos","Feldspato, Leucita e Nefelina-Sienito","155397,69","t",",000000000000000","-","","183594,98999999999","t","30091620,420000002","0","t","0","0","t","0"
"2021","MG","Não-Metálicos","Fosfato","3418138,2800000003","t","1191788,170000000000000","t","P2O5","385885,41999999998","t","107548558,73999999","419292,25","t","265025355,02000001","2722968,6500000004","t","1128036076,5999999"
"2021","MG","Não-Metálicos","Grafita","67271,489999999991","t","67271,490000000000000","t","","71840,169999999998","t","391685752,51000005","0","t","0","0","t","0"
"2021","MG","Não-Metálicos","Rochas (Britadas) e Cascalho","23356037,520500008","t",",000000000000000","-","","22554833,158000004","t","1114211166,9350004","9944","t","369447,91999999998","93807,729999999996","t","1800883,6200000001"
"2021","MG","Não-Metálicos","Rochas Ornamentais","357,67000000000002","t",",000000000000000","-","","313,07999999999998","t","452875,98999999999","0","t","0","0","t","0"
"2021","MG","Não-Metálicos","Rochas Ornamentais - Outras","4667,8900000000003","t",",000000000000000","-","","4667,8900000000003","t","8418888,8499999996","0","t","0","0","t","0"
"2021","MG","Não-Metálicos","Talco e outras Cargas Minerais","257683,27250000002","t",",000000000000000","-","","245570,565","t","77410513,939999998","0","t","0","0","t","0"
"2021","MS","Metálicos","Ferro","6094866,6799999997","t","3866276,510000000000000","t","Fe","7318159,75","t","2171720817,5299997","0","t","0","0","t","0"
"2021","MS","Metálicos","Manganês","231724,90000000002","t","94730,220000000000000","t","Mn","375007,25","t","226939485,50999999","0","t","0","0","t","0"
"2021","MS","Não-Metálicos","Areia","300357,53000000003","t",",000000000000000","-","","302090,92999999999","t","7077636,290000001","0","t","0","0","t","0"
"2021","MS","Não-Metálicos","Argilas","253055,71999999997","t",",000000000000000","-","","136173,92000000001","t","4602776,9500000002","116822,97999999998","t","2182790,9899999998","0","t","0"
"2021","MS","Não-Metálicos","Calcário","7337787,3199999994","t",",000000000000000","-","","5923832,1700000009","t","412276885,87","0","t","0","1204852,23","t","15975228,57"
"2021","MS","Não-Metálicos","Fosfato","127628","t","19050,000000000000000","t","P2O5","133450","t","33738105,119999997","0","t","0","0","t","0"
"2021","MS","Não-Metálicos","Rochas (Britadas) e Cascalho","5528255,5999999987","t",",000000000000000","-","","4576817,6599999992","t","175713873,12000003","287288,81","t","6360098,4100000001","16938,799999999999","t","1171459,6199999999"
"2021","MS","Não-Metálicos","Talco e outras Cargas Minerais","146464,04000000001","t",",000000000000000","-","","0","t","0","0","t","0","146464,04000000001","t","1413268,47"
"2021","MT","Gemas e Diamantes","Diamante","4304,9300000000003","ct","4287,030000000000000","ct","","4257,6799999999994","ct","3997787,8500000001","0","ct","0","0","ct","0"
"2021","MT","Metálicos","Estanho","848875,68000000005","kg","848875,680000000000000","kg","Sn","848875,68000000005","kg","103179068,70999999","0","kg","0","0","kg","0"
"2021","MT","Metálicos","Ouro","15823,240569999998","kg","15807,713380000000000","kg","Au","15776,922419999997","kg","4397483688,7400007","0","kg","0","4913,366320000001","kg","1293501818,1500001"
"2021","MT","Não-Metálicos","Areia","67777,539999999994","t",",000000000000000","-","","67439,449999999997","t","1484744,0599999998","0","t","0","0","t","0"
"2021","MT","Não-Metálicos","Argilas","4065138,9900000007","t",",000000000000000","-","","4911543,4500000002","t","49913170,730000004","0","t","0","74582,209999999992","t","2510468,1600000001"
"2021","MT","Não-Metálicos","Calcário","17416078,508636001","t",",000000000000000","-","","14935626,238636002","t","1043168547,0463269","0","t","0","1966411,1500000001","t","13092102,859999999"
"2021","MT","Não-Metálicos","Dolomito e Magnesita","1339323,29","t",",000000000000000","-","","1339323,29","t","72901031,979999989","0","t","0","0","t","0"
"2021","MT","Não-Metálicos","Quartzo (Cristal) e outros Piezelétricos","4,3099999999999996","t",",000000000000000","-","","4,3099999999999996","t","64725","0","t","0","0","t","0"
"2021","MT","Não-Metálicos","Rochas (Britadas) e Cascalho","4664867,5313639995","t",",000000000000000","-","","4528077,5613639997","t","196920201,57367301","0","t","0","0","t","0"
"2021","PA","Metálicos","Alumínio (Bauxita)","30670757,740000002","t","14884239,330000000000000","t","Al2O3","29501684,75","t","5181041642,9500008","0","t","0","0","t","0"
"2021","PA","Metálicos","Cobre","782291,17000000004","t","234718,370000000000000","t","Cu","783120,65000000002","t","12829346597,550001","0","t","0","0","t","0"
"2021","PA","Metálicos","Columbita-Tantalita","72,760000000000005","t","46,760000000000000","t","Nb2O5","72,760000000000005","t","3227888","0","t","0","0","t","0"
"2021","PA","Metálicos","Estanho","2370947,6500000004","kg","1860478,270000000000000","kg","Sn","2370947,6500000004","kg","183990436,85000005","0","kg","0","0","kg","0"
"2021","PA","Metálicos","Ferro","188834542,69","t","122601103,680000000000000","t","Fe","179362200,09999999","t","119021276404,27","0","t","0","5202341,54","t","583517235,31999993"
"2021","PA","Metálicos","Manganês","543494,55999999994","t","246794,910000000000000","t","Mn","481766,97999999998","t","243591053,86000001","0","t","0","0","t","0"
"2021","PA","Metálicos","Níquel","73854,869999999995","t","19074,840000000000000","t"," Ni","71482,169999999998","t","1638928713,73","0","t","0","0","t","0"
"2021","PA","Metálicos","Ouro","12834,748979999991","kg","12222,097430000000000","kg","Au","12620,782119999993","kg","3550696382,5299988","294,40998999999994","kg","77725067,980000004","293,42600999999996","kg","77418066,210000008"
"2021","PA","Metálicos","Prata","895,06795000000011","kg","244,741930000000000","kg","Ag","673,67617000000007","kg","3225363,6100000003","0","kg","0","0","kg","0"
"2021","PA","Não-Metálicos","Areia","940","t","900,000000000000000","-","","200","t","200","0","t","0","0","t","0"
"2021","PA","Não-Metálicos","Areias Industriais","0","t",",000000000000000","-","","0","t","0","0","t","0","2617,04","t","1001469,71"
"2021","PA","Não-Metálicos","Argilas","21373,990000000002","t",",000000000000000","-","","2723,4000000000001","t","867012","18650,59","t","314267,64000000001","0","t","0"
"2021","PA","Não-Metálicos","Calcário","2488352,8199999998","t",",000000000000000","-","","1122840,25","t","83527270,739999995","0","t","0","1362744,27","t","38249113,030000001"
"2021","PA","Não-Metálicos","Caulim","799933,77000000002","t",",000000000000000","-","","588524,31000000006","t","536351913,75999999","0","t","0","0","t","0"
"2021","PA","Não-Metálicos","Fosfato","31790,720000000001","t","6675,900000000000000","t","P2O5","42571,980000000003","t","43067106,369999997","0","t","0","0","t","0"
"2021","PA","Não-Metálicos","Rochas (Britadas) e Cascalho","2365416,1400000001","t",",000000000000000","-","","1869212,3999999999","t","111632180,86000001","0","t","0","0","t","0"
"2021","PB","Gemas e Diamantes","Gemas","0,012","kg",",012000000000000","kg","","0","kg","0","0","kg","0","0","kg","0"
"2021","PB","Metálicos","Titânio","131169","t","131169,000000000000000","t","TiO2","24086,040000000001","t","45653128,200000003","0","t","0","50751","t","17596161,120000001"
"2021","PB","Metálicos","Zircônio","0","t",",000000000000000","t","ZrSiO4","6438,9899999999998","t","58374661,979999997","0","t","0","0","t","0"
"2021","PB","Não-Metálicos","Areias Industriais","5","t",",000000000000000","-","","5","t","350","0","t","0","0","t","0"
"2021","PB","Não-Metálicos","Argilas","385701,28000000003","t",",000000000000000","-","","98592,220000000001","t","5473515,5499999989","233797,70999999999","t","14637167,210000001","51249,580000000002","t","801020,32999999996"
"2021","PB","Não-Metálicos","Calcário","3479147,3200000003","t",",000000000000000","-","","1798089,29","t","26735141,009999998","0","t","0","1677636,79","t","39006470,520000003"
"2021","PB","Não-Metálicos","Cianita e outros minerais refratários","0","t",",000000000000000","-","","541,29999999999995","t","1043029,53","0","t","0","0","t","0"
"2021","PB","Não-Metálicos","Feldspato, Leucita e Nefelina-Sienito","43661,739999999998","t",",000000000000000","-","","43661,739999999998","t","6005958,3300000001","0","t","0","0","t","0"
"2021","PB","Não-Metálicos","Rochas (Britadas) e Cascalho","1152416,4300000002","t",",000000000000000","-","","902713,47000000009","t","34507731,590000004","0","t","0","0","t","0"
"2021","PB","Não-Metálicos","Rochas Ornamentais","6294,6300000000001","t",",000000000000000","-","","6339,3599999999997","t","13862002,82","0","t","0","0","t","0"
"2021","PE","Metálicos","Ouro","4,7678000000000003","kg","4,767320000000000","kg","Au","0,9971000000000001","kg","299929,09999999998","0","kg","0","0","kg","0"
"2021","PE","Não-Metálicos","Areias Industriais","83949,239999999991","t",",000000000000000","-","","0","t","0","0","t","0","35000,059999999998","t","4782541,2599999998"
"2021","PE","Não-Metálicos","Argilas","38021,349999999999","t",",000000000000000","-","","0","t","0","0","t","0","38021,349999999999","t","284046,28999999998"
"2021","PE","Não-Metálicos","Calcário","90874,720000000001","t",",000000000000000","-","","68835,720000000001","t","550685,52000000002","0","t","0","22039","t","534004,96999999997"
"2021","PE","Não-Metálicos","Gipsita","1207824,5999999999","t",",000000000000000","-","","1018114,22","t","56611264,879999995","0","t","0","154822,73000000001","t","16991524,109999999"
"2021","PE","Não-Metálicos","Rochas (Britadas) e Cascalho","5498471,7000000011","t",",000000000000000","-","","5556030,3500000006","t","223621251,54000005","0","t","0","3541,4899999999998","t","149,38999999999999"
"2021","PE","Não-Metálicos","Vermiculita e Perlita","5968,5799999999999","t","4515,760000000000000","t","","1979,73","t","5582527,7699999996","0","t","0","0","t","0"
"2021","PI","Não-Metálicos","Argilas","87628,400000000009","t",",000000000000000","-","","27190,399999999998","t","1525209,3200000001","31221,720000000001","t","463547,81","438","t","5460"
"2021","PI","Não-Metálicos","Calcário","906284,1100000001","t",",000000000000000","-","","590744,98999999999","t","44092810,5","315539,12","t","24878908,329999998","0","t","0"
"2021","PI","Não-Metálicos","Dolomito e Magnesita","116587,89999999999","t",",000000000000000","-","","116587,89999999999","t","8676831,5500000007","0","t","0","0","t","0"
"2021","PI","Não-Metálicos","Rochas (Britadas) e Cascalho","1703575,3200000001","t",",000000000000000","-","","1338292,6499999999","t","65121483,469999999","0","t","0","3642,9200000000001","t","191835"
"2021","PI","Não-Metálicos","Rochas Ornamentais","4614,0200000000004","t",",000000000000000","-","","4614,0200000000004","t","3011100,8799999999","0","t","0","0","t","0"
"2021","PI","Não-Metálicos","Saibro","2136,1799999999998","t",",000000000000000","-","","2136,1799999999998","t","33359,510000000002","0","t","0","0","t","0"
"2021","PR","Energéticos","Carvão Mineral","111353,89999999999","t",",000000000000000","-","","111353,89999999999","t","43299991,590000004","0","t","0","0","t","0"
"2021","PR","Metálicos","Ouro","306,32398999999998","kg","306,293360000000000","kg","Au","319","kg","98435565,900000006","0","kg","0","0","kg","0"
"2021","PR","Metálicos","Prata","22,010770000000001","kg","21,988760000000000","kg","Ag","0","kg","0","0","kg","0","0","kg","0"
"2021","PR","Não-Metálicos","Areia","4792386,0499999989","t",",000000000000000","-","","2646816,7999999989","t","53226339,630000003","1386619,45","t","2425470,6200000001","0","t","0"
"2021","PR","Não-Metálicos","Argilas","198861,56","t",",000000000000000","-","","12508,690000000001","t","5425646,6399999997","0","t","0","185821,42999999999","t","2499998,4900000002"
"2021","PR","Não-Metálicos","Calcário","10695033,966800001","t",",000000000000000","-","","5401388,4968000008","t","201907182,40380004","81848,199999999997","t","515850","5217203","t","113448711,54000001"
"2021","PR","Não-Metálicos","Caulim","2762,8299999999999","t",",000000000000000","-","","438993,72999999998","t","820148","1114,0999999999999","t","437345","1114,0999999999999","t","437345"
"2021","PR","Não-Metálicos","Dolomito e Magnesita","649845,51000000001","t",",000000000000000","-","","343306,79999999993","t","7839225,7397999987","305888,82000000001","t","1376499,74","0","t","0"
"2021","PR","Não-Metálicos","Feldspato, Leucita e Nefelina-Sienito","130625","t",",000000000000000","-","","0","t","0","0","t","0","126860,99000000001","t","5087125,71"
"2021","PR","Não-Metálicos","Fluorita e Criolita","28158,440000000002","t","23293,090000000000000","t","","27589,579999999998","t","31249529,960000001","0","t","0","0","t","0"
"2021","PR","Não-Metálicos","Rochas (Britadas) e Cascalho","21002374,116999999","t",",000000000000000","-","","18809953,226999994","t","581784977,48839998","1175333,9399999995","t","24883159,990000002","412501,05000000005","t","6856512,5299999993"
"2021","PR","Não-Metálicos","Rochas Ornamentais","26535,426200000002","t",",000000000000000","-","","21328,1162","t","1085934,7779999999","5419,6999999999998","t","5953371,6500000004","41,729999999999997","t","72851,210000000006"
"2021","PR","Não-Metálicos","Rochas Ornamentais - Outras","38922","t",",000000000000000","-","","35049","t","407060","0","t","0","0","t","0"
"2021","PR","Não-Metálicos","Saibro","47807,599999999999","t",",000000000000000","-","","0","t","0","47807,599999999999","t","989172","0","t","0"
"2021","PR","Não-Metálicos","Talco e outras Cargas Minerais","147726,14000000001","t",",000000000000000","-","","42196,759999999995","t","6845009,5700000003","0","t","0","105444,14","t","1458609,78"
"2021","RJ","Metálicos","Monazita e Terras-Raras","903","t","903,000000000000000","t","ETR","0","t","0","0","t","0","0","t","0"
"2021","RJ","Metálicos","Titânio","740","t","740,000000000000000","t","TiO2","740","t","1438898","0","t","0","0","t","0"
"2021","RJ","Metálicos","Zircônio","43","t","43,000000000000000","t","ZrSiO4","43","t","195833,89000000001","0","t","0","0","t","0"
"2021","RJ","Não-Metálicos","Areia","171917,26000000001","t",",000000000000000","-","","171917,26000000001","t","4592396,5599999996","0","t","0","0","t","0"
"2021","RJ","Não-Metálicos","Argilas","47792,639999999999","t",",000000000000000","-","","0","t","0","36732","t","315056","47792,639999999999","t","432165,03999999998"
"2021","RJ","Não-Metálicos","Calcário","1980196,04","t",",000000000000000","-","","29724,68","t","3577942,2000000002","583408","t","7422580","1950471,3599999999","t","34571735,600000001"
"2021","RJ","Não-Metálicos","Dolomito e Magnesita","105377,88","t",",000000000000000","-","","105377,88","t","12457927,16","0","t","0","0","t","0"
"2021","RJ","Não-Metálicos","Feldspato, Leucita e Nefelina-Sienito","1643,9100000000001","t",",000000000000000","-","","1643,9100000000001","t","65756,100000000006","0","t","0","0","t","0"
"2021","RJ","Não-Metálicos","Fluorita e Criolita","0","t",",000000000000000","t","","1533,8699999999999","t","202289,79999999999","0","t","0","0","t","0"
"2021","RJ","Não-Metálicos","Rochas (Britadas) e Cascalho","15674937,999999998","t",",000000000000000","-","","14411984,619999999","t","507347133,29999989","0","t","0","157137,31","t","4392174,1300000008"
"2021","RJ","Não-Metálicos","Rochas Ornamentais - Outras","22694","t",",000000000000000","-","","22694","t","794289,76000000001","0","t","0","22694","t","794289,76000000001"
"2021","RN","Gemas e Diamantes","Gemas","59,405999999999999","kg","52,351000000000000","kg","","50,495480000000008","kg","23552201,440000001","0","kg","0","0","kg","0"
"2021","RN","Metálicos","Ferro","0","t",",000000000000000","t","Fe","13203,690000000001","t","684239,63","0","t","0","0","t","0"
"2021","RN","Metálicos","Tungstênio","425,70999999999998","t","300,590000000000000","t","WO3","423,5","t","30791940,540000003","0","t","0","0","t","0"
"2021","RN","Não-Metálicos","Areia","24000","t",",000000000000000","-","","24000","t","360000","0","t","0","0","t","0"
"2021","RN","Não-Metálicos","Areias Industriais","1134,05","t",",000000000000000","-","","1134,05","t","839358","0","t","0","0","t","0"
"2021","RN","Não-Metálicos","Argilas","26222,529999999999","t",",000000000000000","-","","0","t","0","26222,529999999999","t","18355,779999999999","0","t","0"
"2021","RN","Não-Metálicos","Calcário","3068650,6800000002","t",",000000000000000","-","","12627,34","t","1592219,48","3056023,3399999999","t","63039410,130000003","0","t","0"
"2021","RN","Não-Metálicos","Dolomito e Magnesita","48708,919999999998","t",",000000000000000","-","","48708,919999999998","t","5815484,8799999999","0","t","0","0","t","0"
"2021","RN","Não-Metálicos","Rochas (Britadas) e Cascalho","1009987,9699999999","t",",000000000000000","-","","933676,73999999987","t","54736855,880000003","4119,2700000000004","t","66732,169999999998","0","t","0"
"2021","RN","Não-Metálicos","Rochas Ornamentais","11647,09","t",",000000000000000","-","","10103,82","t","40178320,210000001","0","t","0","0","t","0"
"2021","RO","Gemas e Diamantes","Gemas","0","kg",",000000000000000","kg","","41,259999999999998","kg","4126","0","kg","0","0","kg","0"
"2021","RO","Metálicos","Chumbo","4549,4200000000001","t","91,000000000000000","t","Pb","4200,0699999999997","t","26828688,91","0","t","0","0","t","0"
"2021","RO","Metálicos","Columbita-Tantalita","1090,6185","t","578,723816500000000","t","Nb2O5","1134,1999999999998","t","50352262,7685","0","t","0","0","t","0"
"2021","RO","Metálicos","Columbita-Tantalita","3,4615000000000005","t","1,189043500000000","t","Ta2O5","5,8200000000000003","t","354905,90150000004","0","t","0","0","t","0"
"2021","RO","Metálicos","Estanho","9223746,3300000001","kg","5743839,000000000000000","kg","Sn","8537369,4899999984","kg","822773586,70999992","0","kg","0","665381","kg","58749011,799999997"
"2021","RO","Metálicos","Ouro","1230,0354599999987","kg","1230,035460000000000","kg","Au","1230,0354599999987","kg","333277335,62000006","0","kg","0","0","kg","0"
"2021","RO","Metálicos","Titânio","60,219999999999999","t","12,530000000000000","t","TiO2","196,16999999999999","t","186611,06","0","t","0","0","t","0"
"2021","RO","Metálicos","Zinco","21377,150000000001","t","2137,700000000000000","t","Zn","20529,799999999999","t","151840259,72999999","0","t","0","0","t","0"
"2021","RO","Não-Metálicos","Areia","26491,720000000001","t",",000000000000000","-","","14334,720000000001","t","703559","0","t","0","0","t","0"
"2021","RO","Não-Metálicos","Calcário","249753","t",",000000000000000","-","","250025","t","17259129,940000001","0","t","0","0","t","0"
"2021","RO","Não-Metálicos","Rochas (Britadas) e Cascalho","1063037,74","t",",000000000000000","-","","858709,64999999991","t","45226974,000000007","0","t","0","130503,46000000001","t","2580085,5"
"2021","RR","Não-Metálicos","Argilas","659,60000000000002","t",",000000000000000","-","","659,60000000000002","t","236360","0","t","0","0","t","0"
"2021","RR","Não-Metálicos","Rochas (Britadas) e Cascalho","358596,5","t",",000000000000000","-","","358596,5","t","18387288,699999999","0","t","0","0","t","0"
"2021","RS","Energéticos","Carvão Mineral","5004556,5099999998","t",",000000000000000","-","","4395997,7999999998","t","595417183,07000005","0","t","0","0","t","0"
"2021","RS","Não-Metálicos","Areia","11009,119999999999","t",",000000000000000","-","","11746,869999999999","t","329904,62","0","t","0","0","t","0"
"2021","RS","Não-Metálicos","Argilas","8274,9500000000007","t","917,680000000000000","-","","8274,9500000000007","t","2437549,1600000001","917,67999999999995","t","917,67999999999995","4026,0099999999998","t","627167,68000000005"
"2021","RS","Não-Metálicos","Calcário","3944437,2000000002","t",",000000000000000","-","","3599766,1299999999","t","215051330,31999999","4623","t","50853","229139,67000000001","t","4123496,25"
"2021","RS","Não-Metálicos","Caulim","24022,639999999999","t",",000000000000000","-","","27994,639999999999","t","6704532,0800000001","0","t","0","0","t","0"
"2021","RS","Não-Metálicos","Rochas (Britadas) e Cascalho","19732846,425000001","t",",000000000000000","-","","16532460,425000004","t","489159000,10499996","534865,42999999993","t","6775931,8399999999","1793726,6799999999","t","30501807,480000004"
"2021","RS","Não-Metálicos","Rochas Ornamentais - Outras","57954,565000000002","t",",000000000000000","-","","57954,565000000002","t","1834907,325","0","t","0","0","t","0"
"2021","RS","Não-Metálicos","Saibro","152388,38","t",",000000000000000","-","","1426,1400000000001","t","30389","0","t","0","128160","t","118800"
"2021","SC","Energéticos","Carvão Mineral","2392209,98","t",",000000000000000","-","","2368141,4300000002","t","726542242,26999998","0","t","0","0","t","0"
"2021","SC","Não-Metálicos","Areia","1029905,21","t",",000000000000000","-","","1033338,4199999999","t","36228221,850000001","0","t","0","0","t","0"
"2021","SC","Não-Metálicos","Areias Industriais","1322294,8100000001","t",",000000000000000","-","","1316594,3599999999","t","106769306,89","0","t","0","0","t","0"
"2021","SC","Não-Metálicos","Argilas","53676,150000000001","t",",000000000000000","-","","1658,74","t","347209,44","0","t","0","52017,410000000003","t","546790,22999999998"
"2021","SC","Não-Metálicos","Calcário","2576908,2000000002","t",",000000000000000","-","","952354,41000000003","t","62117386,729999997","0","t","0","1624342,3","t","31057457,57"
"2021","SC","Não-Metálicos","Caulim","53000","t",",000000000000000","-","","53636,309999999998","t","11701375,43","0","t","0","0","t","0"
"2021","SC","Não-Metálicos","Dolomito e Magnesita","362100","t",",000000000000000","-","","361045,16999999998","t","18937912,129999999","0","t","0","0","t","0"
"2021","SC","Não-Metálicos","Enxofre","3170","t",",000000000000000","-","S","3170","t","1000865,5600000001","0","t","0","0","t","0"
"2021","SC","Não-Metálicos","Feldspato, Leucita e Nefelina-Sienito","157132,10999999999","t",",000000000000000","-","","151866,69","t","37818559,859999999","0","t","0","0","t","0"
"2021","SC","Não-Metálicos","Rochas (Britadas) e Cascalho","25205498,609999999","t",",000000000000000","-","","23113192,949999999","t","691924338,26999998","1301660,5900000001","t","25740016,710000001","603284,27999999991","t","9138178,6999999993"
"2021","SC","Não-Metálicos","Rochas Ornamentais","0","t",",000000000000000","-","","0","t","0","0","t","0","0","t","0"
"2021","SC","Não-Metálicos","Rochas Ornamentais - Outras","4362,6499999999996","t",",000000000000000","-","","5447,5400000000009","t","181543,43000000002","0","t","0","0","t","0"
"2021","SC","Não-Metálicos","Saibro","446843,37","t",",000000000000000","-","","262157,42000000004","t","4988370,7599999998","200049,75","t","3161821,3700000001","0","t","0"
"2021","SE","Não-Metálicos","Areias Industriais","64243,970000000001","t",",000000000000000","-","","64243,970000000001","t","10637352,039999999","0","t","0","0","t","0"
"2021","SE","Não-Metálicos","Argilas","136537,51999999999","t",",000000000000000","-","","0","t","0","0","t","0","136537,51999999999","t","1782624,97"
"2021","SE","Não-Metálicos","Calcário","3578688,2200000002","t",",000000000000000","-","","330880,38199999998","t","7291947,1880000001","123435","t","3121729,9199999999","3124372,8380000005","t","37830548,509999998"
"2021","SE","Não-Metálicos","Potássio","367289,29999999999","t","213027,790000000000000","t","K2O","406030,06","t","709565736,50999999","0","t","0","0","t","0"
"2021","SE","Não-Metálicos","Rochas (Britadas) e Cascalho","1585584,79","t",",000000000000000","-","","1213196,838","t","42808828,452","0","t","0","412666,07199999993","t","14155260,699999999"
"2021","SP","Energéticos","Turfa","1350","t",",000000000000000","-","","1350","t","56700","0","t","0","0","t","0"
"2021","SP","Metálicos","Ferro","245738,48000000001","t","185237,670000000000000","t","Fe","743070,76000000001","t","27747809,210000001","0","t","0","0","t","0"
"2021","SP","Não-Metálicos","Areia","13953869,161999995","t",",000000000000000","-","","13698657,759999996","t","420763756,04999989","503","t","29100","88851,321999999986","t","1002495,645"
"2021","SP","Não-Metálicos","Areias Industriais","5707221,3080000002","t",",000000000000000","-","","4960031,4000000004","t","320590208,77999997","0","t","0","388972,93800000002","t","31847509,745000001"
"2021","SP","Não-Metálicos","Argilas","1760938,1799999997","t",",000000000000000","-","","1279375,6899999999","t","40638378,329999998","0","t","0","526766,62","t","11465902,48"
"2021","SP","Não-Metálicos","Calcário","11216258,66","t","569984,700000000000000","-","","4451692,1200000001","t","275452640,70999998","0","t","0","6758731,4799999995","t","158216535,88999999"
"2021","SP","Não-Metálicos","Caulim","91140,040000000008","t",",000000000000000","-","","87466,900000000009","t","43307645,93","0","t","0","3673,1399999999999","t","519538,79999999999"
"2021","SP","Não-Metálicos","Dolomito e Magnesita","4943615,0199999996","t","80000,000000000000000","-","","4555954,9900000002","t","322549608,96000004","0","t","0","240111,31","t","3870879,6000000001"
"2021","SP","Não-Metálicos","Feldspato, Leucita e Nefelina-Sienito","2581,3200000000002","t",",000000000000000","-","","2581,3200000000002","t","1382408,8200000001","0","t","0","0","t","0"
"2021","SP","Não-Metálicos","Fosfato","2687023,1200000001","t","1169149,160000000000000","t","P2O5","1356792,46","t","36311775,870000005","457131,69","t","268213419,63999999","0","t","0"
"2021","SP","Não-Metálicos","Rochas (Britadas) e Cascalho","66353188,930000007","t",",000000000000000","-","","60538671,530000031","t","2142236077,3699999","63217,050000000003","t","1890769,02","2941162,2800000003","t","85359100,109999999"
"2021","SP","Não-Metálicos","Talco e outras Cargas Minerais","600789,05000000005","t",",000000000000000","-","","553233,43999999994","t","50164865,829999991","0","t","0","0","t","0"
"2021","TO","Metálicos","Ferro","229263,19","t","229263,190000000000000","t","Fe","169155,44","t","24249182,66","0","t","0","0","t","0"
"2021","TO","Metálicos","Manganês","80000","t","80000,000000000000000","t","Mn","79435","t","13153008","0","t","0","0","t","0"
"2021","TO","Metálicos","Ouro","100,75147","kg","100,686070000000000","kg","Au","90,472470000000001","kg","24540523,890000001","0","kg","0","0","kg","0"
"2021","TO","Não-Metálicos","Areia","41602,669999999998","t",",000000000000000","-","","46864,669999999998","t","1229393,9099999999","0","t","0","0","t","0"
"2021","TO","Não-Metálicos","Areias Industriais","5937,4099999999999","t",",000000000000000","-","","5937,4099999999999","t","234027,5","0","t","0","0","t","0"
"2021","TO","Não-Metálicos","Argilas","8914","t",",000000000000000","-","","0","t","0","0","t","0","0","t","0"
"2021","TO","Não-Metálicos","Calcário","7197451,5700000003","t",",000000000000000","-","","7116149,5724999998","t","400831540,31400001","0","t","0","958809,97999999998","t","19232880,670000002"
"2021","TO","Não-Metálicos","Dolomito e Magnesita","715916,95999999996","t",",000000000000000","-","","699503,44999999995","t","47334098,880000003","0","t","0","0","t","0"
"2021","TO","Não-Metálicos","Fosfato","110000","t","4000,000000000000000","t","P2O5","14592","t","921471","110000","t","100000","0","t","0"
"2021","TO","Não-Metálicos","Minerais Industriais (Outros)","15,1","t",",000000000000000","-","","15,1","t","2605600","0","t","0","0","t","0"
"2021","TO","Não-Metálicos","Rochas (Britadas) e Cascalho","1221195,4800000002","t",",000000000000000","-","","1194527,0274999999","t","54595506,615999997","4822,8900000000003","t","200326,60000000001","0","t","0"
"2021","TO","Não-Metálicos","Rochas Ornamentais","1200","t",",000000000000000","-","","295,05000000000001","t","295,05000000000001","0","t","0","1200","t","106424"
"2022","AL","Metálicos","Cobre","84529,339999999997","t","19765,940000000000000","t","Cu","82019,5","t","832414766,75999999","0","t","0","0","t","0"
"2022","AL","Metálicos","Ouro","253,55538000000001","kg","253,555370000000000","kg","Au","253,55538000000001","kg","64563826,560000002","0","kg","0","0","kg","0"
"2022","AL","Não-Metálicos","Calcário","492404,79999999999","t",",000000000000000","-","","185734,98999999999","t","28542460,600000001","0","t","0","318388,03000000003","t","9821394,9499999993"
"2022","AL","Não-Metálicos","Rochas (Britadas) e Cascalho","2616613,9099999997","t",",000000000000000","-","","1698618,3900000001","t","100940894,17","0","t","0","6015,0299999999997","t","286304,46000000002"
"2022","AM","Metálicos","Columbita-Tantalita","10836,110000000001","t","3274,900000000000000","t","Nb2O5","0","t","0","0","t","0","10408,68","t","125965273,97"
"2022","AM","Metálicos","Estanho","13459870","kg","6294500,000000000000000","kg","Sn","0","kg","0","0","kg","0","13313720","kg","545582122,45000005"
"2022","AM","Não-Metálicos","Argilas","150000","t",",000000000000000","-","","150000","t","150000","150000","t","150000","150000","t","150000"
"2022","AM","Não-Metálicos","Rochas (Britadas) e Cascalho","1181272,77","t",",000000000000000","-","","1149937,9199999999","t","92195019,189999998","0","t","0","0","t","0"
"2022","AP","Metálicos","Columbita-Tantalita","18636,970000000001","t","18,636970000000000","t","Ta2O5","18636,970000000001","t","1348924,8","0","t","0","0","t","0"
"2022","AP","Metálicos","Ferro","65575","t","40657,000000000000000","t","Fe","94463","t","26314075,02","0","t","0","0","t","0"
"2022","AP","Metálicos","Ouro","1870,0089099999998","kg","241,851900000000000","kg","Au","1995,76991","kg","530148260,56999999","0","kg","0","0","kg","0"
"2022","AP","Não-Metálicos","Caulim","161382","t",",000000000000000","-","","163268,97","t","297012282,69999999","0","t","0","0","t","0"
"2022","AP","Não-Metálicos","Rochas (Britadas) e Cascalho","687538,69999999995","t",",000000000000000","-","","687538,69999999995","t","40622937,560000002","0","t","0","0","t","0"
"2022","BA","Gemas e Diamantes","Diamante","127606,3","ct","127606,300000000000000","ct","","108671,09","ct","92974722,549999997","0","ct","0","0","ct","0"
"2022","BA","Gemas e Diamantes","Gemas","0,62","kg",",620000000000000","kg","","0,62","kg","6200","0","kg","0","0","kg","0"
"2022","BA","Metálicos","Cobre","138673,89999999999","t","46370,680000000000000","t","Cu","140134,72","t","2353586428,4299998","0","t","0","0","t","0"
"2022","BA","Metálicos","Cromo","565574,81000000006","t","218625,810000000000000","t","Cr2O3","44455,409999999996","t","69171088,319999993","22239","t","23295346,809999999","503755,94999999995","t","386798010,56"
"2022","BA","Metálicos","Ferro","1525247,46","t","1006820,720000000000000","t","Fe","1306744,6000000001","t","537504289,54999995","0","t","0","0","t","0"
"2022","BA","Metálicos","Manganês","34550,889999999999","t","24524,510000000000000","t","Mn","31039,240000000002","t","14680575,399999999","0","t","0","0","t","0"
"2022","BA","Metálicos","Níquel","116841,94","t","1522,730000000000000","t"," Ni","116206,27","t","1702517555,1300001","0","t","0","0","t","0"
"2022","BA","Metálicos","Ouro","9400,0026800000014","kg","2173,479090000000000","kg","Au","9301,2928199999988","kg","2709629376,79","0","kg","0","0","kg","0"
"2022","BA","Metálicos","Vanádio","406950,71000000002","t","10436,350000000000000","t","V","0","t","0","0","t","0","402534,12","t","236758253,61000001"
"2022","BA","Não-Metálicos","Areia","0","t",",000000000000000","-","","0","t","0","0","t","0","0","t","0"
"2022","BA","Não-Metálicos","Areias Industriais","376911,94","t",",000000000000000","-","","128590,05","t","11667978,889999999","0","t","0","166093,84","t","24299088,600000001"
"2022","BA","Não-Metálicos","Argilas","115073,59","t",",000000000000000","-","","71561,75","t","12878920,280000001","34981,940000000002","t","2017540,8400000001","9817","t","0,12"
"2022","BA","Não-Metálicos","Bário","258,85000000000002","t","25,800000000000000","t","BaSO4","258,85000000000002","t","31062","0","t","0","0","t","0"
"2022","BA","Não-Metálicos","Calcário","2481462,54","t",",000000000000000","-","","1113533,75","t","135758445,98999998","0","t","0","1371258","t","32859232,949999999"
"2022","BA","Não-Metálicos","Diatomita","1106,4300000000001","t",",000000000000000","-","","1106,7","t","5041842,2800000003","0","t","0","0","t","0"
"2022","BA","Não-Metálicos","Dolomito e Magnesita","2663389,1499999999","t",",000000000000000","-","","866979,01000000013","t","1045486601,29","147697,78","t","8959472,2899999991","0,35999999999999999","t","122228402,08"
"2022","BA","Não-Metálicos","Fosfato","269771,52000000002","t","67903,500000000000000","t","P2O5","269771,52000000002","t","96716638,060000002","0","t","0","0","t","0"
"2022","BA","Não-Metálicos","Gipsita","0","t",",000000000000000","-","","0","t","0","0","t","0","0","t","0"
"2022","BA","Não-Metálicos","Rochas (Britadas) e Cascalho","10632057,010000002","t",",000000000000000","-","","9650479,5900000036","t","519203252,87","6164,5","t","277305,91999999998","582778,97999999998","t","7232442,5299999993"
"2022","BA","Não-Metálicos","Rochas Ornamentais","11561,58","t",",000000000000000","-","","10672,470000000001","t","8902874,2400000002","0","t","0","76,799999999999997","t","13261,379999999999"
"2022","BA","Não-Metálicos","Talco e outras Cargas Minerais","162407","t",",000000000000000","-","","80993,910000000003","t","192506188,83000001","0","t","0","0","t","0"
"2022","CE","Metálicos","Manganês","86605,179999999993","t","20785,240000000000000","t","Mn","201573,70999999999","t","24522817,91","0","t","0","0","t","0"
"2022","CE","Não-Metálicos","Areias Industriais","450","t",",000000000000000","-","","432","t","5400","0","t","0","0","t","0"
"2022","CE","Não-Metálicos","Argilas","206258,30000000002","t",",000000000000000","-","","157602,22999999998","t","19893429,359999999","45043,199999999997","t","263918,90000000002","25948,610000000001","t","138798"
"2022","CE","Não-Metálicos","Calcário","3744150,4299999997","t",",000000000000000","-","","1783761,3500000001","t","163671085,03999999","32386,5","t","597960,59999999998","1753987,7899999998","t","51961647,199999996"
"2022","CE","Não-Metálicos","Rochas (Britadas) e Cascalho","4695880,04","t",",000000000000000","-","","4601696,9100000001","t","266252130,58999997","21681,490000000002","t","614433,84999999998","110834,39999999999","t","2915811,2199999997"
"2022","CE","Não-Metálicos","Rochas Ornamentais","19331","t",",000000000000000","-","","19331","t","27042732,75","0","t","0","0","t","0"
"2022","DF","Não-Metálicos","Areia","392268,52000000002","t",",000000000000000","-","","385104,60999999999","t","15704176,040000001","0","t","0","0","t","0"
"2022","DF","Não-Metálicos","Areias Industriais","90787,330000000002","t",",000000000000000","-","","90787,330000000002","t","1583282,73","0","t","0","0","t","0"
"2022","DF","Não-Metálicos","Argilas","254699,51000000001","t",",000000000000000","-","","0","t","0","0","t","0","254699,51000000001","t","5372843,5300000003"
"2022","DF","Não-Metálicos","Calcário","4925098,1900000004","t",",000000000000000","-","","726067,35000000009","t","44242623,640000001","0","t","0","4392530,2599999998","t","69634480,370000005"
"2022","DF","Não-Metálicos","Dolomito e Magnesita","2535238,6600000001","t",",000000000000000","-","","2078929,98","t","78262015,609999999","0","t","0","456308,69","t","5725604"
"2022","ES","Metálicos","Ferro","0","t",",000000000000000","t","Fe","0","t","0","0","t","0","0","t","0"
"2022","ES","Não-Metálicos","Argilas","15254,400000000001","t",",000000000000000","-","","15067,380000000001","t","2436869,4500000002","0","t","0","0","t","0"
"2022","ES","Não-Metálicos","Calcário","65071,290000000001","t",",000000000000000","-","","65071,290000000001","t","6903871,0199999996","0","t","0","0","t","0"
"2022","ES","Não-Metálicos","Rochas (Britadas) e Cascalho","6598070,0899999999","t",",000000000000000","-","","5671445,6299999999","t","272029192,67999995","0","t","0","0","t","0"
"2022","ES","Não-Metálicos","Rochas Ornamentais","124230,58","t",",000000000000000","-","","105769,27999999998","t","388565689,13000005","12415,360000000001","t","6226853,1899999995","977,49000000000001","t","1945642,71"
"2022","GO","Metálicos","Alumínio (Bauxita)","1563773,3199999998","t","817008,580000000000000","t","Al2O3","686407,22999999998","t","68153915,890000001","0","t","0","701106,16000000003","t","42322228,229999997"
"2022","GO","Metálicos","Cobre","203157","t","47888,610000000000000","t","Cu","208879,28","t","2400533614","0","t","0","0","t","0"
"2022","GO","Metálicos","Ferro","71964,149999999994","t","46776,700000000000000","t","Fe","71964,149999999994","t","39021805,82","0","t","0","0","t","0"
"2022","GO","Metálicos","Manganês","18889,91","t","7555,960000000000000","t","Mn","18889,91","t","12778990,41","0","t","0","0","t","0"
"2022","GO","Metálicos","Nióbio","27900,880000000001","t","14025,736410000000000","t","Nb2O5","0","t","0","0","t","0","27900,880000000001","t","1800855872,2499998"
"2022","GO","Metálicos","Níquel","152705,91","t","39824,050000000000000","t"," Ni","151818,72999999998","t","4475364097,5799999","0","t","0","0","t","0"
"2022","GO","Metálicos","Ouro","3983,5686499999997","kg","3898,463540000000000","kg","Au","4082,26208","kg","1155471464,71","0","kg","0","0","kg","0"
"2022","GO","Metálicos","Prata","88,611000000000004","kg","88,611000000000000","kg","Ag","108,998","kg","405158","0","kg","0","0","kg","0"
"2022","GO","Metálicos","Titânio","87","t","1,000000000000000","t","TiO2","87","t","125162,71000000001","0","t","0","0","t","0"
"2022","GO","Não-Metálicos","Amianto","182965,32000000001","t",",000000000000000","t","","188367,34","t","649016373,10000002","0","t","0","0","t","0"
"2022","GO","Não-Metálicos","Areia","734461,45999999996","t",",000000000000000","-","","731668,48999999999","t","37730272,209999993","0","t","0","0","t","0"
"2022","GO","Não-Metálicos","Areias Industriais","208250","t",",000000000000000","-","","208415","t","9504834,4499999993","0","t","0","0","t","0"
"2022","GO","Não-Metálicos","Argilas","26466,029999999999","t",",000000000000000","-","","5466,0299999999997","t","71311","23000","t","184000","0","t","0"
"2022","GO","Não-Metálicos","Bário","4671,8100000000004","t","3971,040000000000000","t","BaSO4","5050,1599999999999","t","712355,5","0","t","0","0","t","0"
"2022","GO","Não-Metálicos","Calcário","11549927,021500001","t",",000000000000000","-","","9698199,5802999996","t","1049220341,6079999","0","t","0","1603574,1400000001","t","24952823,920000002"
"2022","GO","Não-Metálicos","Dolomito e Magnesita","1666309,0600000001","t",",000000000000000","-","","1624656,8600000001","t","198995292,10000002","0","t","0","56641,910000000003","t","1889989,53"
"2022","GO","Não-Metálicos","Feldspato, Leucita e Nefelina-Sienito","133676,26000000001","t",",000000000000000","-","","133676,26000000001","t","30348374,289999999","0","t","0","0","t","0"
"2022","GO","Não-Metálicos","Fosfato","2432016,3100000001","t","842325,180000000000000","t","P2O5","174220","t","88861696,519999996","149920,75","t","60678231,32","2199616,5","t","750788115,49000001"
"2022","GO","Não-Metálicos","Rochas (Britadas) e Cascalho","9021231,4585000016","t",",000000000000000","-","","8521301,0496999994","t","465222394,70200002","0","t","0","44445,480000000003","t","1316489,2"
"2022","GO","Não-Metálicos","Vermiculita e Perlita","65792","t","16500,000000000000000","t","","58414,07","t","95696722,569999993","0","t","0","0","t","0"
"2022","MA","Metálicos","Ouro","3465,3467999999998","kg","44,224050000000000","kg","Au","3444,3229300000003","kg","942196411,20000005","0","kg","0","0","kg","0"
"2022","MA","Não-Metálicos","Areia","15459,620000000001","t",",000000000000000","-","","15459,620000000001","t","304969,63","0","t","0","0","t","0"
"2022","MA","Não-Metálicos","Argilas","133069,63","t",",000000000000000","-","","19051,93","t","2953422,6900000004","32465,43","t","288942,46999999997","23726,25","t","29840"
"2022","MA","Não-Metálicos","Calcário","54330,730000000003","t",",000000000000000","-","","55929,540000000001","t","73335122,689999998","0","t","0","0","t","0"
"2022","MA","Não-Metálicos","Gipsita","1587792,1599999999","t",",000000000000000","-","","1587792,1599999999","t","136157279,68000001","0","t","0","0","t","0"
"2022","MA","Não-Metálicos","Rochas (Britadas) e Cascalho","2583457,5","t",",000000000000000","-","","2441892,6399999997","t","148197025,14000002","0","t","0","0","t","0"
"2022","MG","Gemas e Diamantes","Diamante","2140,5099999999993","ct","2089,910000000000000","ct","","2149,7199999999998","ct","31343857,029999997","0","ct","0","0","ct","0"
"2022","MG","Gemas e Diamantes","Gemas","553,17696000000001","kg","542,673470000000000","kg","","553,0920900000001","kg","64712229,540000007","0","kg","0","0","kg","0"
"2022","MG","Metálicos","Alumínio (Bauxita)","1183980,51","t","511634,850000000000000","t","Al2O3","56893","t","17638074,149999999","0","t","0","1017741,71","t","100559572,72999999"
"2022","MG","Metálicos","Chumbo","18939,200000000001","t","7454,960000000000000","t","Pb","20064,959999999999","t","129028031,19","0","t","0","0","t","0"
"2022","MG","Metálicos","Columbita-Tantalita","513,57000000000005","t","167,578000000000000","t","Ta2O5","0","t","0","0","t","0","320,13999999999999","t","81621339,069999993"
"2022","MG","Metálicos","Estanho","207539","kg","40508,500000000000000","kg","Sn","0","kg","0","0","kg","0","206489","kg","93304743,310000002"
"2022","MG","Metálicos","Ferro","222248648,38999996","t","137462318,600000000000000","t","Fe","187760615,67999992","t","75849948493,829987","139755,92000000001","t","3292,7399999999998","32254490,719999999","t","6661342471,54"
"2022","MG","Metálicos","Lítio","143719,72999999998","t","7862,850000000000000","t","Li2O","135447,16","t","1723937795,3","0","t","0","8187,0600000000004","t","12431668,140000001"
"2022","MG","Metálicos","Manganês","278500,84999999998","t","75604,600000000000000","t","Mn","139987,39999999999","t","26762920,719999999","0","t","0","104606,58","t","32076852,59"
"2022","MG","Metálicos","Nióbio","173039","t","91503,020000000000000","t","Nb2O5","173039","t","468389547","0","t","0","0","t","0"
"2022","MG","Metálicos","Ouro","31571,338459999999","kg","31568,569770000000000","kg","Au","31388,735000000008","kg","8961110783,2800007","0","kg","0","0","kg","0"
"2022","MG","Metálicos","Prata","6588,7809199999992","kg","6588,780920000000000","kg","Ag","6108,103070000001","kg","21480503,5","0","kg","0","0","kg","0"
"2022","MG","Metálicos","Zinco","385941,08000000002","t","150236,500000000000000","t","Zn","0","t","0","0","t","0","387042,75","t","685145473,48000002"
"2022","MG","Não-Metálicos","Areia","1643671,3899999999","t",",000000000000000","-","","1451347,2700000003","t","52652376,449999996","0","t","0","2453,23","t","72345,649999999994"
"2022","MG","Não-Metálicos","Areias Industriais","517936,08999999997","t",",000000000000000","-","","259549,38","t","38819644,130000003","18641,450000000001","t","266543,67999999999","241691,88000000003","t","12450248,75"
"2022","MG","Não-Metálicos","Argilas","1737014,1699999999","t",",000000000000000","-","","964625,6399999999","t","124759579,03999999","343439,17999999999","t","852694,60999999999","562231,59000000008","t","45386896,520000003"
"2022","MG","Não-Metálicos","Calcário","39833732,949999996","t",",000000000000000","-","","17104595,899999999","t","1286223388,7420001","8961350,629999999","t","81580197,129999995","15963918,209999999","t","370556702,68000007"
"2022","MG","Não-Metálicos","Cianita e outros minerais refratários","71,890000000000001","t",",000000000000000","-","","76,400000000000006","t","216853,97","0","t","0","0","t","0"
"2022","MG","Não-Metálicos","Dolomito e Magnesita","2147764,3599999999","t",",000000000000000","-","","2258335,9300000002","t","133991864,74000001","0","t","0","0","t","0"
"2022","MG","Não-Metálicos","Enxofre","158977","t","158977,000000000000000","t","S","155533","t","155441204,12","1153","t","710449,56999999995","5114","t","3148129,1299999999"
"2022","MG","Não-Metálicos","Feldspato, Leucita e Nefelina-Sienito","257766,82000000001","t",",000000000000000","-","","267979,04999999999","t","39947825,32","0","t","0","0","t","0"
"2022","MG","Não-Metálicos","Fosfato","3617438,3200000003","t","1666887,770000000000000","t","P2O5","698655,64000000001","t","336925929,33000004","398391,60999999999","t","20275498,93","2410393,2999999998","t","894775797,48000002"
"2022","MG","Não-Metálicos","Grafita","69419,630000000005","t","69419,630000000000000","t","","66351,690000000002","t","433404412,77999997","0","t","0","0","t","0"
"2022","MG","Não-Metálicos","Potássio","2498,1999999999998","t","257,210000000000000","t","K2O","208,22","t","81000,809999999998","0","t","0","0","t","0"
"2022","MG","Não-Metálicos","Rochas (Britadas) e Cascalho","26208316,194999993","t",",000000000000000","-","","25094625,859999988","t","1637699193,5429993","63375,740000000005","t","1954183,9299999999","163146,27000000002","t","7111486,5099999998"
"2022","MG","Não-Metálicos","Rochas Ornamentais","1079,8799999999999","t",",000000000000000","-","","750,25","t","1969451,8100000001","0","t","0","0","t","0"
"2022","MG","Não-Metálicos","Rochas Ornamentais - Outras","6651,1700000000001","t",",000000000000000","-","","6630,0900000000001","t","11976695,870000001","0","t","0","0","t","0"
"2022","MG","Não-Metálicos","Talco e outras Cargas Minerais","266335,29499999998","t",",000000000000000","-","","248759,54000000001","t","75021621,514999986","5614,29","t","407999,95000000001","790,22000000000003","t","49588"
"2022","MS","Metálicos","Ferro","7113090,3800000008","t","4608618,570000000000000","t","Fe","8173306,6899999995","t","2128703734,5900002","0","t","0","0","t","0"
"2022","MS","Metálicos","Manganês","30772,139999999999","t","12171,900000000000000","t","Mn","67037,410000000003","t","41512109,850000001","0","t","0","0","t","0"
"2022","MS","Não-Metálicos","Areia","287623,91000000003","t",",000000000000000","-","","280097,08999999997","t","8829825,7599999998","0","t","0","0","t","0"
"2022","MS","Não-Metálicos","Argilas","189026,70000000001","t",",000000000000000","-","","20977,32","t","3376874,71","168034,36000000002","t","4804323,9199999999","0","t","0"
"2022","MS","Não-Metálicos","Calcário","5657094,6913999999","t",",000000000000000","-","","4824228,8711000001","t","422832018,6638","173613,65429999999","t","8548576,8614000008","69064,619999999995","t","811397,16000000003"
"2022","MS","Não-Metálicos","Fosfato","182270","t","21872,000000000000000","t","P2O5","157124,07999999999","t","51716352,649999999","0","t","0","0","t","0"
"2022","MS","Não-Metálicos","Rochas (Britadas) e Cascalho","6923808,2286","t",",000000000000000","-","","6456109,3488999996","t","317099368,9562","583489,54570000002","t","20901778,108599998","65594,290000000008","t","2714698,8299999996"
"2022","MS","Não-Metálicos","Talco e outras Cargas Minerais","174316,51000000001","t",",000000000000000","-","","153744","t","3503621,21","0","t","0","20572,509999999998","t","319071,95000000001"
"2022","MT","Gemas e Diamantes","Diamante","8092,3000000000002","ct","8092,300000000000000","ct","","6771,2399999999998","ct","3811132,48","0","ct","0","0","ct","0"
"2022","MT","Metálicos","Chumbo","4498,5699999999997","t","729,660000000000000","t","Pb","1081,3900000000001","t","2668405,52","0","t","0","0","t","0"
"2022","MT","Metálicos","Cobre","4689,9200000000001","t","804,060000000000000","t","Cu","489,83999999999997","t","3166587,23","0","t","0","0","t","0"
"2022","MT","Metálicos","Estanho","673000","kg","673,000000000000000","kg","Sn","673000","kg","66212183,350000001","0","kg","0","0","kg","0"
"2022","MT","Metálicos","Manganês","122447,57000000001","t","80812,070000000000000","t","Mn","9192,5699999999997","t","1526656,5","0","t","0","1071,6300000000001","t","427796,23999999999"
"2022","MT","Metálicos","Ouro","14188,73645","kg","11877,840410000000000","kg","Au","13946,415549999998","kg","3642324680,6699996","0","kg","0","9,7907399999999996","kg","2626583,1099999999"
"2022","MT","Metálicos","Zinco","5504,7399999999998","t","2288,800000000000000","t","Zn","723,80999999999995","t","2631352,9100000001","0","t","0","0","t","0"
"2022","MT","Não-Metálicos","Areia","83112,309999999998","t",",000000000000000","-","","55012,18","t","2139863,3999999999","0","t","0","0","t","0"
"2022","MT","Não-Metálicos","Areias Industriais","17487","t",",000000000000000","-","","17487","t","87435","0","t","0","0","t","0"
"2022","MT","Não-Metálicos","Argilas","941623,31999999995","t",",000000000000000","-","","818643,91999999993","t","53993517,579999998","3164","t","3106","100420,3","t","3619956,1699999999"
"2022","MT","Não-Metálicos","Calcário","18809699,169160001","t",",000000000000000","-","","15285123,659159996","t","1558885535,5443158","0","t","0","3459969,1400000001","t","101987781,28"
"2022","MT","Não-Metálicos","Dolomito e Magnesita","431217,21000000002","t",",000000000000000","-","","431217,21000000002","t","40779408,149999999","0","t","0","0","t","0"
"2022","MT","Não-Metálicos","Quartzo (Cristal) e outros Piezelétricos","4,54","t",",000000000000000","-","","4,54","t","67860","0","t","0","0","t","0"
"2022","MT","Não-Metálicos","Rochas (Britadas) e Cascalho","6898675,7208400005","t",",000000000000000","-","","6873092,8108400023","t","344615862,37568408","0","t","0","4303","t","314574"
"2022","PA","Metálicos","Alumínio (Bauxita)","28860940,080000002","t","14148992,320000000000000","t","Al2O3","29291700,130000003","t","5508092668,7000008","0","t","0","0","t","0"
"2022","PA","Metálicos","Cobre","593375,35000000009","t","182823,720000000000000","t","Cu","606786,65000000014","t","9494226388,0100002","0","t","0","0","t","0"
"2022","PA","Metálicos","Estanho","3795991,1999999997","kg","3088558,330000000000000","kg","Sn","3787541,4200000004","kg","347622852,61000001","3500","kg","40833,330000000002","3500","kg","40833,339999999997"
"2022","PA","Metálicos","Ferro","171653600,38","t","107607007,250000000000000","t","Fe","165130939,27999997","t","68710681205,410004","0","t","0","4710058,4100000001","t","726142843,29999995"
"2022","PA","Metálicos","Manganês","835574,94000000006","t","332049,600000000000000","t","Mn","563225,07999999996","t","314433069,31999999","0","t","0","0","t","0"
"2022","PA","Metálicos","Níquel","90686,039999999994","t","22671,510000000000000","t"," Ni","94056,940000000002","t","2864545278,0599999","0","t","0","0","t","0"
"2022","PA","Metálicos","Ouro","11127,030289999997","kg","10602,120100000000000","kg","Au","11115,174429999997","kg","2844741199,2200003","1497,9160300000001","kg","390768795,04000002","1497,9160300000001","kg","390768795,04000002"
"2022","PA","Metálicos","Prata","499,60342000000003","kg",",886000000000000","kg","Ag","501,43000000000006","kg","1637559,8400000001","0","kg","0","0","kg","0"
"2022","PA","Não-Metálicos","Areia","4966,2199999999993","t",",000000000000000","-","","4966,2199999999993","t","362153,79999999999","0","t","0","0","t","0"
"2022","PA","Não-Metálicos","Argilas","18214,560000000001","t",",000000000000000","-","","2607,1900000000001","t","699560,30000000005","15607,370000000001","t","283015,14000000001","0","t","0"
"2022","PA","Não-Metálicos","Calcário","2887113,9899999998","t",",000000000000000","-","","1361580,5999999999","t","129196151,13","0","t","0","1525533,3899999999","t","54508903,469999999"
"2022","PA","Não-Metálicos","Caulim","919680,64000000001","t",",000000000000000","-","","933463,19999999995","t","813057079,90999997","0","t","0","237542,23000000001","t","199317822,25999999"
"2022","PA","Não-Metálicos","Fosfato","79603,330000000002","t","15920,670000000000000","t","P2O5","75625,289999999994","t","136492653,15000001","0","t","0","0","t","0"
"2022","PA","Não-Metálicos","Gipsita","116630,27","t",",000000000000000","-","","116630,27","t","37610665,229999997","0","t","0","0","t","0"
"2022","PA","Não-Metálicos","Rochas (Britadas) e Cascalho","3005940,6099999999","t",",000000000000000","-","","2808835,46","t","201012742,40000001","0","t","0","0","t","0"
"2022","PB","Gemas e Diamantes","Gemas","3,0000000000000001E-3","kg",",003000000000000","kg","","0","kg","0","0","kg","0","0","kg","0"
"2022","PB","Não-Metálicos","Areias Industriais","75","t",",000000000000000","-","","75","t","1500","0","t","0","0","t","0"
"2022","PB","Não-Metálicos","Argilas","396918,04999999993","t",",000000000000000","-","","88831,829999999987","t","12306179,050000001","258877,76999999999","t","16366427,9","49208,449999999997","t","636720,28000000003"
"2022","PB","Não-Metálicos","Calcário","3286895,1500000004","t",",000000000000000","-","","1453567,3900000001","t","23005267,719999999","0","t","0","1833327,76","t","40818605,170000002"
"2022","PB","Não-Metálicos","Feldspato, Leucita e Nefelina-Sienito","85255,039999999994","t",",000000000000000","-","","85255,039999999994","t","6662669,1200000001","0","t","0","0","t","0"
"2022","PB","Não-Metálicos","Rochas (Britadas) e Cascalho","1206367,04","t",",000000000000000","-","","1000426,95","t","49901343,810000002","0","t","0","0","t","0"
"2022","PB","Não-Metálicos","Rochas Ornamentais","7232,8600000000006","t",",000000000000000","-","","7175,6200000000008","t","23553502,919999998","0","t","0","102,38","t","74225,389999999999"
"2022","PE","Metálicos","Ouro","1,7140200000000001","kg","1,623960000000000","kg","Au","3,1608000000000001","kg","914757,25","0","kg","0","0","kg","0"
"2022","PE","Não-Metálicos","Argilas","28122,389999999999","t",",000000000000000","-","","0","t","0","0","t","0","28122,389999999999","t","279215,65999999997"
"2022","PE","Não-Metálicos","Calcário","77621,679999999993","t",",000000000000000","-","","67076,679999999993","t","536613,43999999994","0","t","0","10546","t","263650"
"2022","PE","Não-Metálicos","Gipsita","1499051,3800000001","t",",000000000000000","-","","1248522,5599999998","t","76292558,719999984","0","t","0","146828,47","t","23290365,370000001"
"2022","PE","Não-Metálicos","Rochas (Britadas) e Cascalho","5447005,3600000003","t",",000000000000000","-","","5474805,3300000001","t","243848499,91","0","t","0","475,04000000000002","t","13177,629999999999"
"2022","PE","Não-Metálicos","Vermiculita e Perlita","5121,1100000000006","t","3692,550000000000000","t","","1683,97","t","6846355","0","t","0","0","t","0"
"2022","PI","Metálicos","Níquel","382","t","65,280000000000000","t"," Ni","0","t","0","0","t","0","0","t","0"
"2022","PI","Não-Metálicos","Areia","90326,25","t",",000000000000000","-","","90326,25","t","3132305,3399999999","0","t","0","0","t","0"
"2022","PI","Não-Metálicos","Argilas","11319,9","t",",000000000000000","-","","6121,8999999999996","t","72850,559999999998","4760","t","114240","438","t","5460"
"2022","PI","Não-Metálicos","Calcário","1249146,2500000002","t",",000000000000000","-","","727186,73999999999","t","83576014,810000002","539887,80000000005","t","32596152,329999998","0","t","0"
"2022","PI","Não-Metálicos","Dolomito e Magnesita","162911,94","t",",000000000000000","-","","162911,94","t","17107547,609999999","0","t","0","0","t","0"
"2022","PI","Não-Metálicos","Rochas (Britadas) e Cascalho","1296234,48","t",",000000000000000","-","","1337260,3899999999","t","89635186,24000001","0","t","0","8630,4699999999993","t","503865"
"2022","PI","Não-Metálicos","Rochas Ornamentais","2226,77","t",",000000000000000","-","","2226,77","t","3588316,46","0","t","0","0","t","0"
"2022","PI","Não-Metálicos","Saibro","1885,8499999999999","t",",000000000000000","-","","1885,8499999999999","t","12661,5","0","t","0","0","t","0"
"2022","PR","Energéticos","Carvão Mineral","130242,85000000001","t",",000000000000000","-","","130242,85000000001","t","63520092,119999997","0","t","0","0","t","0"
"2022","PR","Metálicos","Ouro","265,40762000000001","kg","265,381080000000000","kg","Au","258,98073999999997","kg","76140204,069999993","0","kg","0","0","kg","0"
"2022","PR","Metálicos","Prata","33,510950000000001","kg","33,477440000000000","kg","Ag","90,534419999999997","kg","374000","0","kg","0","0","kg","0"
"2022","PR","Não-Metálicos","Areia","3006609,8499999996","t",",000000000000000","-","","2943507,4500000002","t","76981656,650000021","20511,610000000001","t","61534,830000000002","0","t","0"
"2022","PR","Não-Metálicos","Argilas","160541,91999999998","t",",000000000000000","-","","160400,15999999997","t","6761868,3599999994","0","t","0","0","t","0"
"2022","PR","Não-Metálicos","Calcário","15892208,77","t",",000000000000000","-","","10416098,909999998","t","290057270,19999999","111697,88","t","796762,19999999995","5364666,3899999997","t","143191672,84999999"
"2022","PR","Não-Metálicos","Dolomito e Magnesita","602127,10000000009","t",",000000000000000","-","","459683,85000000003","t","11715496,09","140153,39999999999","t","1315217","0","t","0"
"2022","PR","Não-Metálicos","Feldspato, Leucita e Nefelina-Sienito","120924,75","t",",000000000000000","-","","9619","t","2607163,5299999998","0","t","0","103160,81","t","4136748,5099999998"
"2022","PR","Não-Metálicos","Fluorita e Criolita","28968,699999999997","t","23931,830000000000000","t","","29280,709999999999","t","37518300,939999998","0","t","0","0","t","0"
"2022","PR","Não-Metálicos","Rochas (Britadas) e Cascalho","21554962,809999995","t",",000000000000000","-","","19830721,829999991","t","742733804,46000004","425618,61000000004","t","11922235,360000001","993047,58999999997","t","23420292,32"
"2022","PR","Não-Metálicos","Rochas Ornamentais","16344,849999999999","t",",000000000000000","-","","11075,449999999999","t","1029889,08","5113,1999999999998","t","9352157,3200000003","0","t","0"
"2022","PR","Não-Metálicos","Rochas Ornamentais - Outras","20743,200000000001","t",",000000000000000","-","","18763,200000000001","t","115240","0","t","0","0","t","0"
"2022","PR","Não-Metálicos","Saibro","4784,8000000000002","t",",000000000000000","-","","0","t","0","4784,8000000000002","t","187075,32999999999","0","t","0"
"2022","PR","Não-Metálicos","Talco e outras Cargas Minerais","550532,43999999994","t",",000000000000000","-","","550637,13","t","25837600,68","0","t","0","0","t","0"
"2022","RJ","Metálicos","Monazita e Terras-Raras","2474","t","2474,000000000000000","t","ETR","2474","t","15836167,41","0","t","0","0","t","0"
"2022","RJ","Metálicos","Titânio","16264","t","16264,000000000000000","t","TiO2","16264","t","7443917,8900000006","0","t","0","0","t","0"
"2022","RJ","Metálicos","Zircônio","6330","t","6330,000000000000000","t","ZrSiO4","6330","t","12250359,01","0","t","0","0","t","0"
"2022","RJ","Não-Metálicos","Areia","121825,88","t",",000000000000000","-","","121825,88","t","3559658,71","0","t","0","0","t","0"
"2022","RJ","Não-Metálicos","Argilas","52642,93","t",",000000000000000","-","","0","t","0","35920","t","270384","52642,93","t","516851,78000000003"
"2022","RJ","Não-Metálicos","Calcário","2031752,04","t",",000000000000000","-","","128616,19","t","18393469,050000001","595763","t","7022329","1903135,8500000001","t","41221169,980000004"
"2022","RJ","Não-Metálicos","Feldspato, Leucita e Nefelina-Sienito","271","t",",000000000000000","-","","271","t","26133,400000000001","0","t","0","0","t","0"
"2022","RJ","Não-Metálicos","Fluorita e Criolita","0","t",",000000000000000","t","","1536,6300000000001","t","364767,03999999998","0","t","0","0","t","0"
"2022","RJ","Não-Metálicos","Rochas (Britadas) e Cascalho","16700085,599999998","t",",000000000000000","-","","16078424,92","t","755561237,12000012","2830,0700000000002","t","67753,559999999998","958381,57999999996","t","37672561,849999994"
"2022","RN","Gemas e Diamantes","Gemas","43,079000000000001","kg","43,079000000000000","kg","","70,735500000000002","kg","31249444,98","0","kg","0","0","kg","0"
"2022","RN","Metálicos","Ferro","58742,889999999999","t","4645,050000000000000","t","Fe","52286,889999999999","t","4677592,6200000001","0","t","0","0","t","0"
"2022","RN","Metálicos","Tungstênio","433,34000000000003","t","302,090000000000000","t","WO3","444","t","44686155,939999998","0","t","0","0","t","0"
"2022","RN","Não-Metálicos","Areias Industriais","2863,8499999999999","t",",000000000000000","-","","2863,8499999999999","t","2473800","0","t","0","0","t","0"
"2022","RN","Não-Metálicos","Calcário","2879150,0300000003","t",",000000000000000","-","","67920,309999999998","t","9436308,9499999993","2716697,6200000001","t","48470567,549999997","94532,100000000006","t","2659187,9900000002"
"2022","RN","Não-Metálicos","Rochas (Britadas) e Cascalho","1024599,79","t",",000000000000000","-","","1006578,3500000001","t","61600126,439999998","0","t","0","18021,439999999999","t","1223741,3100000001"
"2022","RN","Não-Metálicos","Rochas Ornamentais","7461,7700000000004","t",",000000000000000","-","","7032,3900000000003","t","32047325","0","t","0","0","t","0"
"2022","RO","Metálicos","Chumbo","5979","t","119,580000000000000","t","Pb","5572,2799999999997","t","35506559,469999999","0","t","0","0","t","0"
"2022","RO","Metálicos","Columbita-Tantalita","28668,668500000003","t","416,278959000000000","t","Nb2O5","29048,770000000004","t","64033945,660000004","0","t","0","0","t","0"
"2022","RO","Metálicos","Columbita-Tantalita","11,7315","t","4,767431000000000","t","Ta2O5","0","t","0","0","t","0","0","t","0"
"2022","RO","Metálicos","Estanho","9381552,5399999991","kg","6662890,390000000000000","kg","Sn","8236107,7699999996","kg","798583847,80999994","0","kg","0","1143274","kg","84690488,180000007"
"2022","RO","Metálicos","Ouro","1133,9863999999998","kg","1133,986400000000000","kg","Au","1133,9863999999998","kg","309097851,30999994","0","kg","0","0","kg","0"
"2022","RO","Metálicos","Titânio","1153,9400000000001","t","1103,650000000000000","t","TiO2","1099,8399999999999","t","1711296,9199999999","0","t","0","0","t","0"
"2022","RO","Metálicos","Zinco","26518","t","2651,800000000000000","t","Zn","15007","t","176818564,65000001","0","t","0","0","t","0"
"2022","RO","Não-Metálicos","Areia","7125,0500000000002","t",",000000000000000","-","","7125,0500000000002","t","460348,53999999998","0","t","0","0","t","0"
"2022","RO","Não-Metálicos","Calcário","216900","t",",000000000000000","-","","216956","t","18885118,149999999","0","t","0","0","t","0"
"2022","RO","Não-Metálicos","Rochas (Britadas) e Cascalho","979840,84999999998","t",",000000000000000","-","","704152,14000000001","t","48842406,280000001","0","t","0","123837","t","2781649"
"2022","RR","Não-Metálicos","Argilas","825,51999999999998","t",",000000000000000","-","","825,51999999999998","t","314695","0","t","0","0","t","0"
"2022","RR","Não-Metálicos","Rochas (Britadas) e Cascalho","353752,88","t",",000000000000000","-","","353752,88","t","17615150,939999998","0","t","0","0","t","0"
"2022","RS","Energéticos","Carvão Mineral","4585714,7299999995","t",",000000000000000","-","","4440286,5700000003","t","729687146,44999993","0","t","0","0","t","0"
"2022","RS","Não-Metálicos","Areia","69112,660000000003","t",",000000000000000","-","","69112,660000000003","t","2286886,7600000002","0","t","0","0","t","0"
"2022","RS","Não-Metálicos","Argilas","20613,059999999998","t","1,000000000000000","-","","20614,059999999998","t","2887922,6699999999","0","t","0","0","t","0"
"2022","RS","Não-Metálicos","Calcário","3228222,4300000002","t",",000000000000000","-","","2935179,1800000002","t","264295517,82000002","13007","t","520000","198136,38","t","4109256,71"
"2022","RS","Não-Metálicos","Caulim","17318,060000000001","t",",000000000000000","-","","18280,610000000001","t","8323160,25","0","t","0","0","t","0"
"2022","RS","Não-Metálicos","Dolomito e Magnesita","323000","t",",000000000000000","-","","310967,91999999998","t","26402675,699999999","0","t","0","0","t","0"
"2022","RS","Não-Metálicos","Rochas (Britadas) e Cascalho","19673105,110000007","t",",000000000000000","-","","16498446,15","t","571615878,04500031","1427405,01","t","31363365,940000005","1942069,55","t","44414743,130000003"
"2022","RS","Não-Metálicos","Rochas Ornamentais - Outras","54241,690000000002","t",",000000000000000","-","","48449,5","t","1663865,9350000001","0","t","0","0","t","0"
"2022","RS","Não-Metálicos","Saibro","100996,60000000001","t",",000000000000000","-","","18296,599999999999","t","239488,01999999999","0","t","0","0","t","0"
"2022","SC","Energéticos","Carvão Mineral","2269430,8399999999","t",",000000000000000","-","","2280419,3199999998","t","761951189,76999998","0","t","0","0","t","0"
"2022","SC","Não-Metálicos","Areia","1624279,8","t",",000000000000000","-","","2957474,9100000001","t","67034734,690000013","0","t","0","0","t","0"
"2022","SC","Não-Metálicos","Areias Industriais","1177260,02","t",",000000000000000","-","","1164259,51","t","112151710,63","0","t","0","0","t","0"
"2022","SC","Não-Metálicos","Argilas","115034,81","t",",000000000000000","-","","48617,519999999997","t","13676463,23","0","t","0","66034,809999999998","t","796494,72999999998"
"2022","SC","Não-Metálicos","Calcário","2409524,7600000002","t",",000000000000000","-","","874908,90999999992","t","71083686,969999999","0","t","0","1527949,3300000001","t","34027544,299999997"
"2022","SC","Não-Metálicos","Dolomito e Magnesita","310000","t",",000000000000000","-","","310488,52000000002","t","21487031,91","0","t","0","0","t","0"
"2022","SC","Não-Metálicos","Enxofre","2674","t",",000000000000000","-","S","2674","t","1173722,3700000001","0","t","0","0","t","0"
"2022","SC","Não-Metálicos","Feldspato, Leucita e Nefelina-Sienito","155158,38","t",",000000000000000","-","","145988,47","t","43683113,340000004","0","t","0","0","t","0"
"2022","SC","Não-Metálicos","Rochas (Britadas) e Cascalho","27380314,29000001","t",",000000000000000","-","","24305921,000000007","t","944170165,36999989","1604631,27","t","37398810,43","843678,88000000024","t","19084637,899999999"
"2022","SC","Não-Metálicos","Rochas Ornamentais - Outras","45370,389999999992","t",",000000000000000","-","","45212,989999999998","t","775022,19999999995","0","t","0","0","t","0"
"2022","SC","Não-Metálicos","Saibro","916348,65000000002","t",",000000000000000","-","","650362,75","t","19115119,439999998","71413,149999999994","t","1700257,1299999999","185017,79999999999","t","2500902,7999999998"
"2022","SE","Não-Metálicos","Areias Industriais","60331,379999999997","t",",000000000000000","-","","59959,230000000003","t","11162411,75","0","t","0","0","t","0"
"2022","SE","Não-Metálicos","Argilas","159987,73999999999","t",",000000000000000","-","","0","t","0","0","t","0","159987,73999999999","t","2222272,8900000001"
"2022","SE","Não-Metálicos","Calcário","3635681,48","t",",000000000000000","-","","212650,59000000003","t","8025246,3899999997","158944","t","3785231,8300000001","3264086,8899999997","t","46141101,879999995"
"2022","SE","Não-Metálicos","Potássio","299378,62","t","299378,620000000000000","t","K2O","277001,34999999998","t","1122387585,8299999","0","t","0","0","t","0"
"2022","SE","Não-Metálicos","Rochas (Britadas) e Cascalho","1158011,6599999999","t",",000000000000000","-","","1157925,04","t","59722506,68999999","0","t","0","0","t","0"
"2022","SP","Energéticos","Turfa","23815,970000000001","t",",000000000000000","-","","23815,970000000001","t","343459,73999999999","0","t","0","0","t","0"
"2022","SP","Metálicos","Ferro","287878,92999999999","t","217003,140000000000000","t","Fe","653259,19999999995","t","18876938,640000001","0","t","0","0","t","0"
"2022","SP","Não-Metálicos","Areia","14605873,779999999","t",",000000000000000","-","","17802633,669999991","t","531221755,41999996","0","t","0","9799,1000000000004","t","157080,01999999999"
"2022","SP","Não-Metálicos","Areias Industriais","4381188,3300000001","t",",000000000000000","-","","4221741,8200000003","t","322843847,87","0","t","0","0","t","0"
"2022","SP","Não-Metálicos","Argilas","1469993,5800000001","t",",000000000000000","-","","972200,09999999986","t","35170810,079999998","0","t","0","369651,01000000001","t","12714691,75"
"2022","SP","Não-Metálicos","Calcário","10374680,92","t",",000000000000000","-","","3612220,7699999996","t","339685441,72999996","0","t","0","6712740,5200000005","t","190557471,58999997"
"2022","SP","Não-Metálicos","Caulim","91150,720000000001","t",",000000000000000","-","","88342,119999999995","t","46945134,859999999","0","t","0","2808,6000000000004","t","392217,59999999998"
"2022","SP","Não-Metálicos","Dolomito e Magnesita","2967131,7399999998","t",",000000000000000","-","","2677465,3999999999","t","278086645,93000001","0","t","0","246658,57000000001","t","5323492,5099999998"
"2022","SP","Não-Metálicos","Feldspato, Leucita e Nefelina-Sienito","3312","t",",000000000000000","-","","3312","t","3320680,7999999998","0","t","0","0","t","0"
"2022","SP","Não-Metálicos","Fosfato","2909894,9500000002","t","1363543,560000000000000","t","P2O5","673780,59999999998","t","8953736,8100000005","495623,45999999996","t","292227427,58999997","0","t","0"
"2022","SP","Não-Metálicos","Rochas (Britadas) e Cascalho","76823166,010000005","t","98800,000000000000000","-","","70711599,25000003","t","3371960494,7799993","55043,620000000003","t","3960096,0499999998","4132671,3200000008","t","115642675,68000002"
"2022","SP","Não-Metálicos","Talco e outras Cargas Minerais","791442,02000000014","t",",000000000000000","-","","791442,02000000014","t","72322042","0","t","0","0","t","0"
"2022","TO","Metálicos","Ferro","13500","t","13500,000000000000000","t","Fe","42839,150000000001","t","3685778,9199999999","0","t","0","0","t","0"
"2022","TO","Metálicos","Manganês","12000","t","8280,000000000000000","t","Mn","6000","t","960000","0","t","0","0","t","0"
"2022","TO","Metálicos","Ouro","106,79543","kg","106,795430000000000","kg","Au","106,79543","kg","27889017,91","0","kg","0","0","kg","0"
"2022","TO","Metálicos","Zircônio","182,78999999999999","t","182,790000000000000","t","ZrSiO4","182,78999999999999","t","1181593,1399999999","0","t","0","0","t","0"
"2022","TO","Não-Metálicos","Areia","28971,560000000001","t",",000000000000000","-","","28919,560000000001","t","1132094,9199999999","0","t","0","0","t","0"
"2022","TO","Não-Metálicos","Areias Industriais","23203,459999999999","t",",000000000000000","-","","23203,459999999999","t","974550,98999999999","0","t","0","0","t","0"
"2022","TO","Não-Metálicos","Argilas","1713","t",",000000000000000","-","","0","t","0","0","t","0","0","t","0"
"2022","TO","Não-Metálicos","Calcário","6257930,4804999996","t",",000000000000000","-","","6117918,2605000008","t","480330024,29202604","0","t","0","0","t","0"
"2022","TO","Não-Metálicos","Dolomito e Magnesita","2845270,2399999998","t",",000000000000000","-","","2719089,1400000001","t","270455345,94999999","0","t","0","0","t","0"
"2022","TO","Não-Metálicos","Enxofre","98991","t","31689,420000000000000","t","S","89643","t","129705312,53","0","t","0","0","t","0"
"2022","TO","Não-Metálicos","Fosfato","228986,25","t","18745,980000000000000","t","P2O5","183729,28999999998","t","40711482,420000002","0","t","0","0","t","0"
"2022","TO","Não-Metálicos","Minerais Industriais (Outros)","64,969999999999999","t",",000000000000000","-","","36,100000000000001","t","8099135","0","t","0","0","t","0"
"2022","TO","Não-Metálicos","Rochas (Britadas) e Cascalho","1195699,9194999998","t",",000000000000000","-","","1202486,6695000001","t","72091928,907974005","7099,8599999999997","t","395849,32000000001","0","t","0"
"2023","AL","Metálicos","Cobre","108692,36","t","25724,000000000000000","t","Cu","105818,97","t","1226726246,9400001","0","t","0","0","t","0"
"2023","AL","Metálicos","Ouro","368,22845000000001","kg","368,228440000000000","kg","Au","368,22845000000001","kg","103452322,42","0","kg","0","0","kg","0"
"2023","AL","Não-Metálicos","Calcário","753712,76000000001","t",",000000000000000","-","","259278,22","t","39006231,899999999","0","t","0","482822,21000000002","t","13211982,539999999"
"2023","AL","Não-Metálicos","Rochas (Britadas) e Cascalho","2779298,1000000001","t",",000000000000000","-","","2571121,2400000002","t","139832631,19999999","0","t","0","46245,68","t","2352101,1299999999"
"2023","AM","Metálicos","Columbita-Tantalita","9634,5799999999999","t","3296,953270000000000","t","Nb2O5","0","t","0","0","t","0","9981,8600000000006","t","164628245,88"
"2023","AM","Metálicos","Estanho","11880000,5","kg","5583600,000000000000000","kg","Sn","0","kg","0","0","kg","0","11880073,43","kg","667277372,94000006"
"2023","AM","Não-Metálicos","Calcário","80957,080000000002","t",",000000000000000","-","","80957,080000000002","t","21147873,09","0","t","0","0","t","0"
"2023","AM","Não-Metálicos","Rochas (Britadas) e Cascalho","960116,66999999993","t",",000000000000000","-","","879613,68999999994","t","112520618,87","56099,410000000003","t","1542329,25","0","t","0"
"2023","AP","Metálicos","Columbita-Tantalita","16869,07","t","16,869070000000000","t","Ta2O5","16869,07","t","832760,20999999996","0","t","0","0","t","0"
"2023","AP","Metálicos","Ouro","324,04677000000004","kg","324,046770000000000","kg","Au","381,90818000000002","kg","108104542,36999999","0","kg","0","0","kg","0"
"2023","AP","Não-Metálicos","Areia","134,78","t",",000000000000000","-","","134,78","t","7591,1199999999999","0","t","0","0","t","0"
"2023","AP","Não-Metálicos","Argilas","2782","t",",000000000000000","-","","2782","t","445118","0","t","0","0","t","0"
"2023","AP","Não-Metálicos","Caulim","110611","t",",000000000000000","-","","110611","t","241587360,36000001","0","t","0","0","t","0"
"2023","AP","Não-Metálicos","Rochas (Britadas) e Cascalho","597476,62","t",",000000000000000","-","","597476,62","t","44443609,810000002","0","t","0","0","t","0"
"2023","BA","Gemas e Diamantes","Diamante","73563,220000000001","ct","73563,220000000000000","ct","","95380,380000000005","ct","87656092,870000005","0","ct","0","0","ct","0"
"2023","BA","Gemas e Diamantes","Gemas","0,92000000000000004","kg",",920000000000000","kg","","0,92000000000000004","kg","8000","0","kg","0","0","kg","0"
"2023","BA","Metálicos","Cobre","130092,49000000001","t","43856,830000000000000","t","Cu","117592,92","t","1556379921,75","0","t","0","0","t","0"
"2023","BA","Metálicos","Cromo","522868,60999999999","t","193531,670000000000000","t","Cr2O3","47829,589999999997","t","73546764,710000008","20240","t","17756850,699999999","481314,42999999999","t","440038748,98999995"
"2023","BA","Metálicos","Ferro","912415,35000000009","t","227557,160000000000000","t","Fe","1192687,49","t","489151522,90999997","0","t","0","0","t","0"
"2023","BA","Metálicos","Manganês","10015,08","t","878,300000000000000","t","Mn","10908,450000000001","t","4896159,5199999996","0","t","0","0","t","0"
"2023","BA","Metálicos","Níquel","106147,94","t","14331,000000000000000","t"," Ni","102853,75999999999","t","1310727484,0899999","0","t","0","0","t","0"
"2023","BA","Metálicos","Ouro","9960,1256600000015","kg","3881,918180000000000","kg","Au","9888,6266500000002","kg","3000475292,6799998","0","kg","0","0","kg","0"
"2023","BA","Metálicos","Titânio","10020","t","4427,170000000000000","t","TiO2","485,08999999999997","t","254071,09","0","t","0","0","t","0"
"2023","BA","Metálicos","Vanádio","387756,41999999998","t","11620,640000000000000","t","V","0","t","0","0","t","0","382358,90999999997","t","265439712,11000001"
"2023","BA","Não-Metálicos","Areia","23369,41","t",",000000000000000","-","","22970,310000000001","t","528833","0","t","0","0","t","0"
"2023","BA","Não-Metálicos","Areias Industriais","413484,41000000003","t",",000000000000000","-","","155553,12","t","15749929,66","0","t","0","197930,09","t","34891443,479999997"
"2023","BA","Não-Metálicos","Argilas","114158,10000000001","t",",000000000000000","-","","79591,100000000006","t","13504116,92","37801,989999999998","t","1847131,0600000001","0","t","0"
"2023","BA","Não-Metálicos","Calcário","1919033,0799999998","t",",000000000000000","-","","581351,87","t","120920202,13","0","t","0","1355140,6499999999","t","32580094,25"
"2023","BA","Não-Metálicos","Diatomita","3323","t",",000000000000000","-","","3322,5","t","5045615,1299999999","0","t","0","0","t","0"
"2023","BA","Não-Metálicos","Dolomito e Magnesita","2962984,1400000001","t",",000000000000000","-","","1378015,48","t","1073767812,3200002","145111,78","t","618723,98999999999","0,35999999999999999","t","131354657,47000001"
"2023","BA","Não-Metálicos","Fosfato","236638,16","t","69639,600000000000000","t","P2O5","630051,80000000005","t","106034089,48999999","0","t","0","0","t","0"
"2023","BA","Não-Metálicos","Rochas (Britadas) e Cascalho","10877024,140000001","t",",000000000000000","-","","10135227,620000001","t","590212636,63000011","80","t","1200","590994,11999999988","t","15464533,369999999"
"2023","BA","Não-Metálicos","Rochas Ornamentais","11951,730000000001","t",",000000000000000","-","","10484,16","t","6295346,4600000009","0","t","0","0","t","0"
"2023","BA","Não-Metálicos","Talco e outras Cargas Minerais","82474,160000000003","t",",000000000000000","-","","79145,940000000002","t","215239229,17000002","0","t","0","0","t","0"
"2023","CE","Metálicos","Ferro","4233","t","2624,460000000000000","t","Fe","4233","t","1331146,3999999999","0","t","0","0","t","0"
"2023","CE","Metálicos","Manganês","137253,54000000001","t","37273,200000000000000","t","Mn","143253,54000000001","t","15936366,83","0","t","0","0","t","0"
"2023","CE","Não-Metálicos","Areia","9518,3299999999999","t",",000000000000000","-","","8018,3299999999999","t","684296,26000000001","0","t","0","0","t","0"
"2023","CE","Não-Metálicos","Argilas","177037,45000000001","t",",000000000000000","-","","143833,23999999999","t","22679888,869999997","15975,59","t","117574,74000000001","24156","t","128604"
"2023","CE","Não-Metálicos","Calcário","3237132,3899999997","t",",000000000000000","-","","1550345,0600000001","t","217173926,79999998","40587","t","358334,06","1641058,5900000001","t","53382362,130000003"
"2023","CE","Não-Metálicos","Rochas (Britadas) e Cascalho","5311377,1199999992","t",",000000000000000","-","","5097658,5300000003","t","301771937,02999997","3510","t","36622,800000000003","133298,64999999999","t","6842790,1399999997"
"2023","CE","Não-Metálicos","Rochas Ornamentais","9904,4699999999993","t",",000000000000000","-","","7454,1999999999998","t","32956317,07","0","t","0","0","t","0"
"2023","DF","Não-Metálicos","Areia","602005,10999999999","t",",000000000000000","-","","515330,52000000002","t","21217219,850000001","0","t","0","0","t","0"
"2023","DF","Não-Metálicos","Areias Industriais","63080,110000000001","t",",000000000000000","-","","63080,110000000001","t","2967747,6800000002","0","t","0","0","t","0"
"2023","DF","Não-Metálicos","Argilas","198579,98999999999","t",",000000000000000","-","","0","t","0","0","t","0","198579,98999999999","t","4850341,2000000002"
"2023","DF","Não-Metálicos","Calcário","4898470,6600000001","t",",000000000000000","-","","712450,42000000004","t","38034291,329999998","0","t","0","4186020,2399999998","t","73102828,200000003"
"2023","DF","Não-Metálicos","Dolomito e Magnesita","2752924,54","t",",000000000000000","-","","2111757,8399999999","t","100864816,05","0","t","0","520588,70000000001","t","7734086,3499999996"
"2023","ES","Metálicos","Ferro","465124","t","305214,370000000000000","t","Fe","186404,47","t","113381083,67","0","t","0","0","t","0"
"2023","ES","Não-Metálicos","Argilas","12802,66","t",",000000000000000","-","","12739,710000000001","t","2062927,9000000001","0","t","0","0","t","0"
"2023","ES","Não-Metálicos","Calcário","119890,85000000001","t",",000000000000000","-","","119890,85000000001","t","9843131,2499999981","0","t","0","0","t","0"
"2023","ES","Não-Metálicos","Rochas (Britadas) e Cascalho","5977000,2600000007","t",",000000000000000","-","","5460522,1100000022","t","326319335,81","0","t","0","0","t","0"
"2023","ES","Não-Metálicos","Rochas Ornamentais","92266,789999999994","t",",000000000000000","-","","66334,389999999999","t","253418465,05000001","13696,280000000001","t","6850435,7300000004","1353,3599999999999","t","2703753,5"
"2023","ES","Não-Metálicos","Rochas Ornamentais - Outras","19596,110000000001","t",",000000000000000","-","","21309,799999999999","t","34100826,329999998","0","t","0","0","t","0"
"2023","GO","Metálicos","Alumínio (Bauxita)","1603688,3","t","843580,770000000000000","t","Al2O3","732861,07000000007","t","86417266,920000002","0","t","0","705845,82999999996","t","46691304,420000002"
"2023","GO","Metálicos","Cobre","205635","t","45749,170000000000000","t","Cu","203092,78","t","2196025134,75","0","t","0","0","t","0"
"2023","GO","Metálicos","Ferro","67563,76999999999","t","67563,000000000000000","t","Fe","33563,769999999997","t","15385593,119999999","33563,769999999997","t","33563,769999999997","0","t","0"
"2023","GO","Metálicos","Manganês","502,66000000000003","t","176,610000000000000","t","Mn","502,66000000000003","t","150198","0","t","0","0","t","0"
"2023","GO","Metálicos","Monazita e Terras-Raras","1,3400000000000001","t","1,340000000000000","t","ETR","0","t","0","0","t","0","0","t","0"
"2023","GO","Metálicos","Nióbio","31009,57","t","15449,100290000000000","t","Nb2O5","0","t","0","0","t","0","31009,57","t","658315670,38"
"2023","GO","Metálicos","Níquel","159139,72999999998","t","40031,070000000000000","t"," Ni","151352,87","t","2844851599,3600001","0","t","0","0","t","0"
"2023","GO","Metálicos","Ouro","3270,6224399999996","kg","3261,439160000000000","kg","Au","3272,5348400000003","kg","1011131822,98","0","kg","0","0","kg","0"
"2023","GO","Metálicos","Prata","77,877949999999998","kg","77,877950000000000","kg","Ag","128,99789999999999","kg","440042,73999999999","0","kg","0","0","kg","0"
"2023","GO","Metálicos","Titânio","101","t","19,700000000000000","t","TiO2","101","t","169896,29000000001","0","t","0","0","t","0"
"2023","GO","Não-Metálicos","Amianto","189340,01000000001","t",",000000000000000","t","","188812,06","t","602880153,35000002","0","t","0","0","t","0"
"2023","GO","Não-Metálicos","Areia","687142,96000000008","t","38481,650000000000000","-","","687062,96000000008","t","30665182,569999997","0","t","0","0","t","0"
"2023","GO","Não-Metálicos","Areias Industriais","7430,6700000000001","t",",000000000000000","-","","7430,6700000000001","t","369777,98999999999","0","t","0","0","t","0"
"2023","GO","Não-Metálicos","Argilas","37604,449999999997","t",",000000000000000","-","","0","t","0","12000","t","96000","27604,450000000001","t","9601,0200000000004"
"2023","GO","Não-Metálicos","Bário","1795,0799999999999","t","1525,810000000000000","t","BaSO4","1227,6700000000001","t","313689,63","0","t","0","0","t","0"
"2023","GO","Não-Metálicos","Calcário","12771999,116699997","t",",000000000000000","-","","9732237,4226999972","t","1065284168,8773999","0","t","0","2728454,71","t","59231688,380000003"
"2023","GO","Não-Metálicos","Dolomito e Magnesita","677911,05000000005","t",",000000000000000","-","","626119,22999999998","t","75642126,769999996","0","t","0","51791,559999999998","t","2659500,48"
"2023","GO","Não-Metálicos","Feldspato, Leucita e Nefelina-Sienito","19813,970000000001","t",",000000000000000","-","","19419,189999999999","t","4616073,6900000004","0","t","0","0","t","0"
"2023","GO","Não-Metálicos","Fosfato","2442308,3999999999","t","848794,310000000000000","t","P2O5","171561,64000000001","t","38718383,719999999","150366,72","t","61095856,729999997","2289050,1699999999","t","884234091,97000003"
"2023","GO","Não-Metálicos","Rochas (Britadas) e Cascalho","11144332,853300003","t",",000000000000000","-","","9946140,0273000002","t","617229544,91260004","212288,88","t","12905751,550000001","9819,0200000000004","t","301619,51000000001"
"2023","GO","Não-Metálicos","Talco e outras Cargas Minerais","5000","t",",000000000000000","-","","5000","t","55000","0","t","0","0","t","0"
"2023","GO","Não-Metálicos","Vermiculita e Perlita","48380","t","13000,000000000000000","t","","43966,370000000003","t","83662315,739999995","0","t","0","0","t","0"
"2023","MA","Metálicos","Ouro","3994,0615499999999","kg","58,325280000000000","kg","Au","3977,3005000000003","kg","1134103957,4200001","0","kg","0","0","kg","0"
"2023","MA","Não-Metálicos","Areia","22950","t",",000000000000000","-","","11643,200000000001","t","395863,94","0","t","0","0","t","0"
"2023","MA","Não-Metálicos","Argilas","85144,300000000003","t",",000000000000000","-","","63889,020000000004","t","12469161,040000001","22760,240000000002","t","210569,57999999999","0","t","0"
"2023","MA","Não-Metálicos","Calcário","77285,850000000006","t",",000000000000000","-","","79833,760000000009","t","34774844,810000002","0","t","0","0","t","0"
"2023","MA","Não-Metálicos","Gipsita","1694674,3300000001","t",",000000000000000","-","","1678228,6000000001","t","136167439,28","0","t","0","0","t","0"
"2023","MA","Não-Metálicos","Rochas (Britadas) e Cascalho","3284222,1100000003","t",",000000000000000","-","","2739197,7500000005","t","165954353,88999996","1397087,54","t","55294590,640000001","118833,83","t","4524966,7599999998"
"2023","MG","Gemas e Diamantes","Diamante","1415,29","ct","1413,290000000000000","ct","","1546,5899999999997","ct","25355904,270000003","0","ct","0","0","ct","0"
"2023","MG","Gemas e Diamantes","Gemas","683,60884999999996","kg","3495,168610000000000","kg","","236,09639000000001","kg","74911340,25","0","kg","0","0","kg","0"
"2023","MG","Metálicos","Alumínio (Bauxita)","950762,34999999998","t","438915,470000000000000","t","Al2O3","37553","t","17407022,989999998","0","t","0","902870,35999999999","t","120057362,31999999"
"2023","MG","Metálicos","Chumbo","23821,549999999999","t","9768,690000000000000","t","Pb","24940,900000000001","t","76052270,060000002","0","t","0","0","t","0"
"2023","MG","Metálicos","Columbita-Tantalita","198,00999999999999","t","56,426000000000000","t","Ta2O5","0","t","0","0","t","0","198,00999999999999","t","50867787,520000003"
"2023","MG","Metálicos","Estanho","304872","kg","46947,000000000000000","kg","Sn","0","kg","0","0","kg","0","304872","kg","116857945,06"
"2023","MG","Metálicos","Ferro","251899138,43000001","t","154328063,840000000000000","t","Fe","210472827,70000005","t","71203241846,680038","3224872,3499999996","t","1001270,3400000001","41014410,650000006","t","8602537832,0499992"
"2023","MG","Metálicos","Lítio","263876,03000000003","t","15193,040000000000000","t","Li2O","258347,28","t","2365014177,4200001","0","t","0","9939,3299999999999","t","21774962,190000001"
"2023","MG","Metálicos","Manganês","389329,43000000005","t","105230,210000000000000","t","Mn","178131,49000000002","t","35820546,240000002","0","t","0","81825,070000000007","t","21720516,57"
"2023","MG","Metálicos","Nióbio","176199","t","90372,470000000000000","t","Nb2O5","176199","t","447338688","0","t","0","0","t","0"
"2023","MG","Metálicos","Ouro","31753,850999999999","kg","31753,801000000000000","kg","Au","31847,575140000001","kg","9221857089,8700008","0","kg","0","0","kg","0"
"2023","MG","Metálicos","Prata","5673,5642099999995","kg","5673,564210000000000","kg","Ag","6034,6565000000001","kg","21684857,27","0","kg","0","0","kg","0"
"2023","MG","Metálicos","Zinco","428628,08000000002","t","168828,740000000000000","t","Zn","0","t","0","0","t","0","408629,22999999998","t","760791832,0999999"
"2023","MG","Não-Metálicos","Areia","1878591,6500000001","t",",000000000000000","-","","1707498,4299999999","t","58903315,140000001","0","t","0","0","t","0"
"2023","MG","Não-Metálicos","Areias Industriais","564957,50000000012","t",",000000000000000","-","","359187,34999999998","t","41262210,389999993","12918,67","t","308694,78999999998","94740,100000000006","t","9458026,1999999993"
"2023","MG","Não-Metálicos","Argilas","2985136,3099999996","t",",000000000000000","-","","2303646,0600000001","t","87954504,909999996","73260,709999999992","t","4251904,3600000003","643175,57000000007","t","46392878,140000008"
"2023","MG","Não-Metálicos","Calcário","39781178,759999998","t",",000000000000000","-","","17908691,509999998","t","1457526435,7280002","9724133,7100000009","t","145202745,46000001","14154280,849999998","t","318808578,46999997"
"2023","MG","Não-Metálicos","Caulim","3390","t",",000000000000000","-","","65214,279999999999","t","15800905,640000001","0","t","0","0","t","0"
"2023","MG","Não-Metálicos","Cianita e outros minerais refratários","40,869999999999997","t",",000000000000000","-","","54,060000000000002","t","153444,07000000001","0","t","0","0","t","0"
"2023","MG","Não-Metálicos","Dolomito e Magnesita","1854795,4100000001","t",",000000000000000","-","","1795909,4100000001","t","176754121,72000003","1618,9100000000001","t","47801,339999999997","0","t","0"
"2023","MG","Não-Metálicos","Enxofre","0","t",",000000000000000","t","S","9107,0799999999999","t","5769401,1200000001","771,39999999999998","t","515677,56","580,12","t","387807,69"
"2023","MG","Não-Metálicos","Feldspato, Leucita e Nefelina-Sienito","243729,5","t",",000000000000000","-","","244160,54000000001","t","37902718,130000003","0","t","0","0","t","0"
"2023","MG","Não-Metálicos","Fosfato","3225893,52","t","1626011,740000000000000","t","P2O5","473582,33999999997","t","238972418,69999999","291804,63","t","279473965,12","2278258,0399999996","t","1371883067,9799998"
"2023","MG","Não-Metálicos","Grafita","56053,189999999988","t","56053,190000000000000","t","","56444,349999999999","t","407747124,70000005","0","t","0","0","t","0"
"2023","MG","Não-Metálicos","Rochas (Britadas) e Cascalho","27692146,439000003","t",",000000000000000","-","","27671984,638","t","1992899947,5450001","63661,210000000006","t","2065564,8700000001","78978,649999999994","t","1221393,5700000001"
"2023","MG","Não-Metálicos","Rochas Ornamentais","1190,48","t",",000000000000000","-","","680,97000000000003","t","1601591,1599999999","0","t","0","0","t","0"
"2023","MG","Não-Metálicos","Rochas Ornamentais - Outras","4760,2299999999996","t",",000000000000000","-","","4760,2299999999996","t","1280634,8600000001","0","t","0","0","t","0"
"2023","MG","Não-Metálicos","Talco e outras Cargas Minerais","232248,08100000003","t",",000000000000000","-","","201669,86199999999","t","73657610,796999991","0","t","0","2289,2199999999998","t","341153,62"
"2023","MS","Metálicos","Ferro","10525961,550000001","t","6765202,450000000000000","t","Fe","9202475,4000000004","t","2543555153,3199997","0","t","0","0","t","0"
"2023","MS","Metálicos","Manganês","354421,71000000002","t","137901,220000000000000","t","Mn","249041,72999999998","t","156537166,59","0","t","0","0","t","0"
"2023","MS","Não-Metálicos","Areia","344768,25","t",",000000000000000","-","","342286,29000000004","t","12180786,229999999","0","t","0","0","t","0"
"2023","MS","Não-Metálicos","Argilas","97144,669999999998","t",",000000000000000","-","","4660,8400000000001","t","1741048,74","103564,07000000001","t","2236091,9499999997","0","t","0"
"2023","MS","Não-Metálicos","Calcário","5426035,8700000001","t",",000000000000000","-","","5128662,3799999999","t","420126688,23999995","0","t","0","214607,75","t","9636349,7199999988"
"2023","MS","Não-Metálicos","Fosfato","35230,279999999999","t","4227,640000000000000","t","P2O5","64775,910000000003","t","22081242,330000002","0","t","0","0","t","0"
"2023","MS","Não-Metálicos","Rochas (Britadas) e Cascalho","8088239,2399999993","t",",000000000000000","-","","7776662,3399999999","t","472972689,6400001","558719,16000000003","t","16253288,74","126131,82999999999","t","7636932,8800000008"
"2023","MS","Não-Metálicos","Saibro","12713","t",",000000000000000","-","","12715","t","781816,21999999997","0","t","0","0","t","0"
"2023","MS","Não-Metálicos","Talco e outras Cargas Minerais","172434,67000000001","t",",000000000000000","-","","158737,67000000001","t","3834320,29","0","t","0","13697","t","308456,44"
"2023","MT","Gemas e Diamantes","Diamante","1719,98","ct","1719,980000000000000","ct","","397,25","ct","282997","0","ct","0","0","ct","0"
"2023","MT","Metálicos","Chumbo","19938,630000000001","t","6330,510000000000000","t","Pb","20408,869999999999","t","96354106,299999997","0","t","0","0","t","0"
"2023","MT","Metálicos","Cobre","20900,349999999999","t","4443,020000000000000","t","Cu","22811,07","t","187205240,22999999","0","t","0","0","t","0"
"2023","MT","Metálicos","Estanho","695750","kg","417450,000000000000000","kg","Sn","695750","kg","90275469,879999995","0","kg","0","0","kg","0"
"2023","MT","Metálicos","Manganês","59050,160000000003","t","37652,790000000000000","t","Mn","56347,160000000003","t","35269427,799999997","0","t","0","4819,3000000000002","t","1504059,47"
"2023","MT","Metálicos","Ouro","12268,391750000001","kg","11043,538240000000000","kg","Au","12060,735000000002","kg","3408401350,5800009","0","kg","0","0","kg","0"
"2023","MT","Metálicos","Zinco","45022,690000000002","t","22099,100000000000000","t","Zn","16266,42","t","80349891,109999999","0","t","0","26133,560000000001","t","202481685,25"
"2023","MT","Não-Metálicos","Areia","9013801,120000001","t",",000000000000000","-","","6717721,0399999991","t","4076719,9999999995","0","t","0","0","t","0"
"2023","MT","Não-Metálicos","Areias Industriais","202681,18000000002","t",",000000000000000","-","","7737,6400000000003","t","491378,31","7737,6400000000003","t","491378,31","0","t","0"
"2023","MT","Não-Metálicos","Argilas","1522545,3699999999","t",",000000000000000","-","","130353,47999999998","t","47366983,109999999","0","t","0","106938,96000000001","t","6008911,2999999998"
"2023","MT","Não-Metálicos","Calcário","16037674,368823998","t",",000000000000000","-","","13835116,988823999","t","1569305280,4873085","0","t","0","2143234","t","61614574,089999996"
"2023","MT","Não-Metálicos","Dolomito e Magnesita","569763,78000000003","t",",000000000000000","-","","569763,78000000003","t","61170316","0","t","0","0","t","0"
"2023","MT","Não-Metálicos","Quartzo (Cristal) e outros Piezelétricos","2,3700000000000001","t",",000000000000000","-","","2,3700000000000001","t","36345","0","t","0","0","t","0"
"2023","MT","Não-Metálicos","Rochas (Britadas) e Cascalho","6813931,3811760014","t",",000000000000000","-","","6386980,1811760003","t","467372388,81269211","0","t","0","0","t","0"
"2023","MT","Não-Metálicos","Rochas Ornamentais","32322,25","t",",000000000000000","-","","32322,25","t","2747395,46","0","t","0","0","t","0"
"2023","PA","Metálicos","Alumínio (Bauxita)","29478040,490000002","t","14294340,780000000000000","t","Al2O3","29272058","t","4941902508,6000004","0","t","0","0","t","0"
"2023","PA","Metálicos","Cobre","838692,27000000002","t","256565,450000000000000","t","Cu","823731,07999999996","t","12017233244,640001","0","t","0","0","t","0"
"2023","PA","Metálicos","Columbita-Tantalita","2,77","t","1,481400000000000","t","Ta2O5","2,5899999999999999","t","170001,45000000001","0","t","0","0","t","0"
"2023","PA","Metálicos","Estanho","8004697,3300000001","kg","7513826,880000000000000","kg","Sn","1902025,4299999999","kg","151087904,13","0","kg","0","0","kg","0"
"2023","PA","Metálicos","Ferro","173163639,65000001","t","112275566,470000000000000","t","Fe","163571115,03","t","66512366845,969994","0","t","0","4413378,3800000008","t","740837830,57000005"
"2023","PA","Metálicos","Manganês","753118,09999999998","t","569872,470000000000000","t","Mn","526835,85999999999","t","252335698,38","7996,7600000000002","t","1828525","7996,7600000000002","t","1828525"
"2023","PA","Metálicos","Níquel","64851,760000000002","t","17046,000000000000000","t"," Ni","70270,380000000005","t","1962821678,3699999","0","t","0","0","t","0"
"2023","PA","Metálicos","Ouro","3918,0011399999994","kg","3680,064410000000000","kg","Au","3894,8029899999997","kg","1061153924,8","34,24324","kg","8726303,3900000006","34,24324","kg","8726303,3900000006"
"2023","PA","Metálicos","Prata","593,45425999999998","kg","593,454230000000000","kg","Ag","591,67713000000003","kg","1986967,3300000001","0","kg","0","0","kg","0"
"2023","PA","Não-Metálicos","Areia","51201,940000000002","t",",000000000000000","-","","51201,940000000002","t","2884212,5","0","t","0","0","t","0"
"2023","PA","Não-Metálicos","Argilas","14222,1","t",",000000000000000","-","","4596,1000000000004","t","1687148,6000000001","9626","t","176626,23999999999","0","t","0"
"2023","PA","Não-Metálicos","Calcário","3090846,5","t",",000000000000000","-","","1502232,1299999997","t","191761455,24999997","0","t","0","1575367,01","t","60324671,469999999"
"2023","PA","Não-Metálicos","Caulim","600423,67000000004","t",",000000000000000","-","","602980,43000000005","t","480331459,18000001","0","t","0","0","t","0"
"2023","PA","Não-Metálicos","Fosfato","19903,419999999998","t","4080,200000000000000","t","P2O5","11829,92","t","10925873,24","0","t","0","0","t","0"
"2023","PA","Não-Metálicos","Gipsita","153084,57999999999","t",",000000000000000","-","","153084,57999999999","t","33192404,949999999","0","t","0","0","t","0"
"2023","PA","Não-Metálicos","Rochas (Britadas) e Cascalho","2811782,0700000003","t",",000000000000000","-","","2647285,2200000002","t","231073937,33000001","0","t","0","0","t","0"
"2023","PB","Não-Metálicos","Argilas","429862,95000000001","t","12716,650000000000000","-","","47266,290000000001","t","20263681,689999998","325939,07000000001","t","24467903,780000001","50756,919999999998","t","6614334,9500000002"
"2023","PB","Não-Metálicos","Calcário","3229415,2799999998","t",",000000000000000","-","","1414944,7000000002","t","18812550,23","0","t","0","1814470,5800000001","t","23050002,379999999"
"2023","PB","Não-Metálicos","Feldspato, Leucita e Nefelina-Sienito","80347,430000000008","t",",000000000000000","-","","70339,139999999999","t","6880768,7000000002","0","t","0","0","t","0"
"2023","PB","Não-Metálicos","Mica","1716,1099999999999","t",",000000000000000","-","","1716,1099999999999","t","7663645,4299999997","0","t","0","0","t","0"
"2023","PB","Não-Metálicos","Rochas (Britadas) e Cascalho","1346396,1599999999","t",",000000000000000","-","","1182454,8300000001","t","72102323,030000001","0","t","0","0","t","0"
"2023","PB","Não-Metálicos","Rochas Ornamentais","9044,9600000000009","t",",000000000000000","-","","8741,6499999999996","t","28096083,34","0","t","0","52,850000000000001","t","25617,040000000001"
"2023","PE","Metálicos","Ouro","17,668310000000002","kg","17,443190000000000","kg","Au","12,728529999999999","kg","3880561,2400000002","0","kg","0","0","kg","0"
"2023","PE","Não-Metálicos","Areia","59508,330000000002","t",",000000000000000","-","","44288,330000000002","t","3246365,6299999999","0","t","0","0","t","0"
"2023","PE","Não-Metálicos","Areias Industriais","170270,41","t",",000000000000000","-","","0","t","0","0","t","0","81333,940000000002","t","10836512,91"
"2023","PE","Não-Metálicos","Argilas","46173,759999999995","t",",000000000000000","-","","0","t","0","4407,9899999999998","t","762902,57999999996","41765,769999999997","t","703154,56999999995"
"2023","PE","Não-Metálicos","Calcário","88992,669999999998","t",",000000000000000","-","","88992,669999999998","t","711938,92000000004","0","t","0","0","t","0"
"2023","PE","Não-Metálicos","Gipsita","2036488,8700000001","t",",000000000000000","-","","1444607,25","t","74563868,190000013","0","t","0","158699,34","t","26255266,98"
"2023","PE","Não-Metálicos","Rochas (Britadas) e Cascalho","5938394,8799999999","t",",000000000000000","-","","5692963,8600000003","t","285093529,58999997","0","t","0","179896,60999999999","t","8717434,6999999993"
"2023","PE","Não-Metálicos","Vermiculita e Perlita","4257,9899999999998","t","3098,070000000000000","t","","1400,6900000000001","t","6065180,3600000003","0","t","0","0","t","0"
"2023","PI","Metálicos","Níquel","66657,259999999995","t","989,880000000000000","t"," Ni","2253,6999999999998","t","30187913,510000002","0","t","0","0","t","0"
"2023","PI","Não-Metálicos","Areia","346269,87","t",",000000000000000","-","","346269,87","t","11947443,859999999","0","t","0","0","t","0"
"2023","PI","Não-Metálicos","Argilas","204401,17000000001","t",",000000000000000","-","","0","t","0","24641,170000000002","t","402601,40000000002","3425,6799999999998","t","43121,599999999999"
"2023","PI","Não-Metálicos","Calcário","1093518,49","t",",000000000000000","-","","1093786,48","t","172301210,77000004","0","t","0","0","t","0"
"2023","PI","Não-Metálicos","Dolomito e Magnesita","144265,79999999999","t",",000000000000000","-","","137871,76000000001","t","18412565,780000001","0","t","0","0","t","0"
"2023","PI","Não-Metálicos","Rochas (Britadas) e Cascalho","1546365,9000000001","t",",000000000000000","-","","1647769,5600000001","t","117137556,38","0","t","0","34537,190000000002","t","2645813,9100000001"
"2023","PI","Não-Metálicos","Rochas Ornamentais","2490,1300000000001","t",",000000000000000","-","","2445,75","t","2254537,1500000004","0","t","0","0","t","0"
"2023","PI","Não-Metálicos","Saibro","1461","t",",000000000000000","-","","1461","t","8125","0","t","0","0","t","0"
"2023","PR","Energéticos","Carvão Mineral","129056,58","t",",000000000000000","-","","129056,58","t","67110200,329999998","0","t","0","0","t","0"
"2023","PR","Metálicos","Ouro","255,42677","kg","255,401230000000000","kg","Au","245,02438000000001","kg","75377167,269999996","0","kg","0","0","kg","0"
"2023","PR","Metálicos","Prata","14,684469999999999","kg","14,669790000000000","kg","Ag","26,0808","kg","104800","0","kg","0","0","kg","0"
"2023","PR","Não-Metálicos","Areia","2850377,0499999998","t",",000000000000000","-","","2811547,2199999993","t","77964782,810000002","28120,790000000001","t","84615,880000000005","0","t","0"
"2023","PR","Não-Metálicos","Areias Industriais","85528,209999999992","t",",000000000000000","-","","20000","t","100000","0","t","0","0","t","0"
"2023","PR","Não-Metálicos","Argilas","16522,02","t",",000000000000000","-","","16251,76","t","7133134,4199999999","2176,1300000000001","t","19327,200000000001","2176,1300000000001","t","196217,79999999999"
"2023","PR","Não-Metálicos","Calcário","18611595,689999994","t",",000000000000000","-","","3604302,5800000001","t","203762212,00000003","630800,19000000006","t","3750263","14369738,359999999","t","286932139,91999996"
"2023","PR","Não-Metálicos","Dolomito e Magnesita","564434,88","t",",000000000000000","-","","565024,47999999998","t","23586794,969999999","0","t","0","0","t","0"
"2023","PR","Não-Metálicos","Feldspato, Leucita e Nefelina-Sienito","103361,78","t",",000000000000000","-","","0","t","0","0","t","0","103361,78","t","4204957,3600000003"
"2023","PR","Não-Metálicos","Fluorita e Criolita","28365,059999999998","t","23463,500000000000000","t","","29146,259999999998","t","38956858,599999994","0","t","0","0","t","0"
"2023","PR","Não-Metálicos","Rochas (Britadas) e Cascalho","24941538,180000011","t",",000000000000000","-","","23153705,890000008","t","955851841,44999981","515561,75","t","10619349,23","1072141,5","t","35588056,419999994"
"2023","PR","Não-Metálicos","Rochas Ornamentais","58032,349999999999","t",",000000000000000","-","","47593,089999999997","t","1253546,75","10413,709999999999","t","10323947,76","0","t","0"
"2023","PR","Não-Metálicos","Rochas Ornamentais - Outras","15960","t",",000000000000000","-","","15960","t","552000","0","t","0","0","t","0"
"2023","PR","Não-Metálicos","Saibro","71188,399999999994","t",",000000000000000","-","","0","t","0","71188,399999999994","t","2627219,48","0","t","0"
"2023","PR","Não-Metálicos","Talco e outras Cargas Minerais","104132,47","t",",000000000000000","-","","103648,86","t","15862566,289999999","0","t","0","0","t","0"
"2023","RJ","Metálicos","Monazita e Terras-Raras","1995","t","1995,000000000000000","t","ETR","1995","t","9538806,3800000008","0","t","0","0","t","0"
"2023","RJ","Metálicos","Titânio","20448","t","20448,000000000000000","t","TiO2","20448","t","9157254,129999999","0","t","0","0","t","0"
"2023","RJ","Metálicos","Zircônio","7980","t","7980,000000000000000","t","ZrSiO4","7980","t","19459165,010000002","0","t","0","0","t","0"
"2023","RJ","Não-Metálicos","Areia","133611,35999999999","t",",000000000000000","-","","133611,35999999999","t","3929987,0099999998","0","t","0","0","t","0"
"2023","RJ","Não-Metálicos","Argilas","72844,110000000001","t",",000000000000000","-","","0","t","0","35238","t","335903","72844,110000000001","t","3001131,4500000002"
"2023","RJ","Não-Metálicos","Calcário","2029002,8500000001","t",",000000000000000","-","","137410,41","t","20919989,140000001","551488","t","10409467","1891562,46","t","32990752,699999999"
"2023","RJ","Não-Metálicos","Feldspato, Leucita e Nefelina-Sienito","172,5","t",",000000000000000","-","","172,5","t","13800","0","t","0","0","t","0"
"2023","RJ","Não-Metálicos","Fluorita e Criolita","0","t",",000000000000000","t","","1852,0599999999999","t","532934,26000000001","0","t","0","0","t","0"
"2023","RJ","Não-Metálicos","Rochas (Britadas) e Cascalho","20211955,989999998","t",",000000000000000","-","","19585142,239999998","t","1071729616,8200002","2263,73","t","69366,740000000005","334569,48999999999","t","15191535,57"
"2023","RN","Gemas e Diamantes","Gemas","54,7361","kg","54,736100000000000","kg","","57,382760000000005","kg","60348699,799999997","0","kg","0","0","kg","0"
"2023","RN","Metálicos","Ferro","51250,860000000001","t","13837,730000000000000","t","Fe","51250,860000000001","t","4536796,1299999999","0","t","0","0","t","0"
"2023","RN","Metálicos","Tungstênio","414,24000000000001","t","284,100000000000000","t","WO3","424","t","39914917,340000004","0","t","0","0","t","0"
"2023","RN","Não-Metálicos","Argilas","1502,5","t",",000000000000000","-","","1502,5","t","211525","0","t","0","0","t","0"
"2023","RN","Não-Metálicos","Calcário","2909893,0300000003","t",",000000000000000","-","","73485,220000000001","t","11408737,580000002","2645978,8599999999","t","51231106,990000002","0","t","0"
"2023","RN","Não-Metálicos","Rochas (Britadas) e Cascalho","1207167,8400000001","t",",000000000000000","-","","1130713,8","t","82405986,11999999","0","t","0","76454,039999999994","t","3666688,48"
"2023","RN","Não-Metálicos","Rochas Ornamentais","5484,0799999999999","t",",000000000000000","-","","4522,0900000000001","t","23150402,93","0","t","0","0","t","0"
"2023","RO","Metálicos","Chumbo","6900","t","138,000000000000000","t","Pb","6022,6700000000001","t","41950654,030000001","0","t","0","0","t","0"
"2023","RO","Metálicos","Columbita-Tantalita","21564,018","t","380,980662000000000","t","Nb2O5","21457,919999999998","t","67100874,287500016","0","t","0","0","t","0"
"2023","RO","Metálicos","Columbita-Tantalita","7,4819999999999993","t","3,143948000000000","t","Ta2O5","8,75","t","585189,55250000011","0","t","0","0","t","0"
"2023","RO","Metálicos","Estanho","8173681,5","kg","5017315,110000000000000","kg","Sn","6811471,2800000003","kg","481391072,82999998","0","kg","0","1231372","kg","79614406,120000005"
"2023","RO","Metálicos","Ouro","790,2328","kg","790,232800000000000","kg","Au","790,2328","kg","222679186,07999998","0","kg","0","0","kg","0"
"2023","RO","Metálicos","Titânio","38,57","t","17,070000000000000","t","TiO2","0","t","0","0","t","0","0","t","0"
"2023","RO","Metálicos","Zinco","31102","t","3102,000000000000000","t","Zn","27669,779999999999","t","135162243,06","0","t","0","0","t","0"
"2023","RO","Não-Metálicos","Areia","3488,6500000000001","t",",000000000000000","-","","3488,6500000000001","t","267159,5","0","t","0","0","t","0"
"2023","RO","Não-Metálicos","Calcário","189540","t",",000000000000000","-","","189756","t","17062495,59","0","t","0","0","t","0"
"2023","RO","Não-Metálicos","Rochas (Britadas) e Cascalho","1182321,8999999999","t",",000000000000000","-","","889888,17000000016","t","65353855,289999999","0","t","0","201760","t","4539007,5"
"2023","RR","Não-Metálicos","Argilas","697,52999999999997","t",",000000000000000","-","","697,52999999999997","t","271905,34999999998","0","t","0","0","t","0"
"2023","RR","Não-Metálicos","Rochas (Britadas) e Cascalho","258800,52000000002","t",",000000000000000","-","","258800,52000000002","t","21858816,640000001","0","t","0","0","t","0"
"2023","RS","Energéticos","Carvão Mineral","4183745,3300000001","t",",000000000000000","-","","4211084,1400000006","t","629304874,79999995","0","t","0","0","t","0"
"2023","RS","Não-Metálicos","Areia","70381,569999999992","t",",000000000000000","-","","70381,569999999992","t","2936987,6299999999","0","t","0","0","t","0"
"2023","RS","Não-Metálicos","Argilas","12849,540000000001","t",",000000000000000","-","","12849,540000000001","t","2668174,9500000002","0","t","0","0","t","0"
"2023","RS","Não-Metálicos","Calcário","3091000,0100000007","t",",000000000000000","-","","2817104,0499999998","t","287670517,35000002","0","t","0","191894,51999999999","t","4215517,5999999996"
"2023","RS","Não-Metálicos","Caulim","18189,509999999998","t",",000000000000000","-","","18189,509999999998","t","12165149,560000001","0","t","0","0","t","0"
"2023","RS","Não-Metálicos","Dolomito e Magnesita","1542,5799999999999","t",",000000000000000","-","","1542,5799999999999","t","862948,98999999999","0","t","0","0","t","0"
"2023","RS","Não-Metálicos","Rochas (Britadas) e Cascalho","21544901,589999996","t",",000000000000000","-","","18184474,119999997","t","722175990,85999978","894786,97999999998","t","23657094,5","1838796,4800000002","t","59915203,119999997"
"2023","RS","Não-Metálicos","Rochas Ornamentais - Outras","795,20000000000005","t",",000000000000000","-","","795,20000000000005","t","42456,509999999995","0","t","0","0","t","0"
"2023","RS","Não-Metálicos","Saibro","136171","t",",000000000000000","-","","44349,199999999997","t","764401,68000000005","0","t","0","10407","t","395466"
"2023","SC","Energéticos","Carvão Mineral","2158165,0900000003","t",",000000000000000","-","","2140775,0700000003","t","791062389,44000006","0","t","0","0","t","0"
"2023","SC","Não-Metálicos","Areia","1841395,1299999999","t",",000000000000000","-","","1646204,99","t","105695805,00999999","0","t","0","0","t","0"
"2023","SC","Não-Metálicos","Areias Industriais","516580,58000000002","t",",000000000000000","-","","531453,43999999994","t","53786100,909999996","0","t","0","0","t","0"
"2023","SC","Não-Metálicos","Argilas","104979,77","t",",000000000000000","-","","42971,059999999998","t","13460022,390000001","0","t","0","58041,110000000001","t","744490,79000000004"
"2023","SC","Não-Metálicos","Calcário","2032727,4500000002","t",",000000000000000","-","","529287,59999999998","t","44466325,129999995","0","t","0","1503439,8500000001","t","35459275,68"
"2023","SC","Não-Metálicos","Enxofre","2228","t","2228,000000000000000","t","S","2228","t","1077035,04","0","t","0","0","t","0"
"2023","SC","Não-Metálicos","Feldspato, Leucita e Nefelina-Sienito","170170,04999999999","t",",000000000000000","-","","167848,46999999997","t","49973497,479999997","0","t","0","0","t","0"
"2023","SC","Não-Metálicos","Rochas (Britadas) e Cascalho","31592155,339999992","t",",000000000000000","-","","27935252,089999992","t","1313148290,8800004","1192804,98","t","24515542,82","1398967,2600000002","t","35046776,350000009"
"2023","SC","Não-Metálicos","Rochas Ornamentais - Outras","21628,210000000003","t",",000000000000000","-","","21674,710000000003","t","1022307,38","0","t","0","0","t","0"
"2023","SC","Não-Metálicos","Saibro","736440,66000000003","t",",000000000000000","-","","637805,43999999994","t","26234092,409999996","102709,97","t","1941393,4099999999","0","t","0"
"2023","SE","Não-Metálicos","Areias Industriais","55201,260000000002","t",",000000000000000","-","","56042,989999999998","t","11284005,23","0","t","0","0","t","0"
"2023","SE","Não-Metálicos","Argilas","173327,23000000001","t",",000000000000000","-","","0","t","0","0","t","0","173327,23000000001","t","2871724,8199999998"
"2023","SE","Não-Metálicos","Calcário","3238630,4900000002","t",",000000000000000","-","","215827,84","t","3167535,0600000001","171805","t","6933220,4699999997","2850997,6499999999","t","44383667,869999997"
"2023","SE","Não-Metálicos","Potássio","363275,39000000001","t","363275,390000000000000","t","K2O","343320,15999999997","t","854087423,54999995","0","t","0","0","t","0"
"2023","SE","Não-Metálicos","Rochas (Britadas) e Cascalho","1409399,9099999999","t",",000000000000000","-","","1134967,49","t","61130473,670000002","0","t","0","213282,01000000001","t","9353496,3499999996"
"2023","SP","Energéticos","Turfa","1728","t",",000000000000000","-","","1728","t","73484","0","t","0","0","t","0"
"2023","SP","Metálicos","Ferro","256935,48999999999","t","193677,970000000000000","t","Fe","767570,09999999998","t","23529540,98","0","t","0","0","t","0"
"2023","SP","Não-Metálicos","Areia","15863419,400000004","t",",000000000000000","-","","15798040,060000002","t","576638945,08000004","0","t","0","7207,4300000000003","t","108288,27"
"2023","SP","Não-Metálicos","Areias Industriais","5205909,0800000001","t",",000000000000000","-","","4155904,2400000002","t","344014696,12999994","76900,429999999993","t","353741,98999999999","469638,35999999999","t","43941394,82"
"2023","SP","Não-Metálicos","Argilas","1200687,5599999998","t",",000000000000000","-","","833967,49000000011","t","32033380,950000003","0","t","0","322115,79999999999","t","20746414,980000004"
"2023","SP","Não-Metálicos","Calcário","12471519,300000001","t","594629,200000000000000","-","","5567340,0899999999","t","575266288,92000008","0","t","0","6859878,2800000003","t","214642194,14000002"
"2023","SP","Não-Metálicos","Caulim","95779,589999999997","t",",000000000000000","-","","93030,589999999997","t","61451466,229999997","0","t","0","2749","t","66942"
"2023","SP","Não-Metálicos","Dolomito e Magnesita","794539,30000000005","t",",000000000000000","-","","828866,21999999997","t","133591467,25","0","t","0","178,81999999999999","t","24523,16"
"2023","SP","Não-Metálicos","Feldspato, Leucita e Nefelina-Sienito","3480","t",",000000000000000","-","","3480","t","3360962,3999999999","0","t","0","0","t","0"
"2023","SP","Não-Metálicos","Fosfato","2618194,6799999997","t","1219624,430000000000000","t","P2O5","1218859,4399999999","t","17594652,039999999","575125,17000000004","t","370405993,87","0","t","0"
"2023","SP","Não-Metálicos","Rochas (Britadas) e Cascalho","82025453,410000026","t","103132,000000000000000","-","","74629238,420000032","t","3944224857,3500004","240349,10999999999","t","13149116,68","3722681,9299999997","t","198459397,04999995"
"2023","SP","Não-Metálicos","Rochas Ornamentais - Outras","5367,2799999999997","t",",000000000000000","-","","5099,6199999999999","t","1964638,5800000001","0","t","0","0","t","0"
"2023","SP","Não-Metálicos","Talco e outras Cargas Minerais","733844,04999999993","t",",000000000000000","-","","733844,04999999993","t","64639193,13000001","0","t","0","0","t","0"
"2023","TO","Metálicos","Ferro","0","t",",000000000000000","t","Fe","17263,900000000001","t","1141893,8400000001","0","t","0","0","t","0"
"2023","TO","Metálicos","Manganês","186070","t","74470,000000000000000","t","Mn","113500","t","29270000","0","t","0","135000","t","1890000"
"2023","TO","Metálicos","Ouro","738,39089999999999","kg","56,435550000000000","kg","Au","738,34304999999995","kg","187415537,49000001","0","kg","0","0","kg","0"
"2023","TO","Metálicos","Zircônio","417,20999999999998","t","417,210000000000000","t","ZrSiO4","0","t","0","0","t","0","0","t","0"
"2023","TO","Não-Metálicos","Areia","74001,26999999999","t",",000000000000000","-","","64498,989999999998","t","1848326,6000000001","0","t","0","0","t","0"
"2023","TO","Não-Metálicos","Areias Industriais","738","t",",000000000000000","-","","738","t","35472,599999999999","0","t","0","0","t","0"
"2023","TO","Não-Metálicos","Argilas","50000","t",",000000000000000","-","","0","t","0","0","t","0","0","t","0"
"2023","TO","Não-Metálicos","Calcário","9026093,0175000019","t",",000000000000000","-","","8180121,9874999998","t","769279686,38750005","0","t","0","787842,44999999995","t","23430556,32"
"2023","TO","Não-Metálicos","Dolomito e Magnesita","884896,65000000002","t",",000000000000000","-","","878644,26000000001","t","90317462,049999997","0","t","0","0","t","0"
"2023","TO","Não-Metálicos","Fosfato","158350,75","t","14149,050000000000000","t","P2O5","117383,93000000001","t","22165255,329999998","0","t","0","0","t","0"
"2023","TO","Não-Metálicos","Gipsita","46516,379999999997","t",",000000000000000","-","","46516,379999999997","t","5349383,7000000002","0","t","0","0","t","0"
"2023","TO","Não-Metálicos","Minerais Industriais (Outros)","27,350000000000001","t",",000000000000000","-","","12","t","2619000","0","t","0","0","t","0"
"2023","TO","Não-Metálicos","Rochas (Britadas) e Cascalho","1545318,3224999998","t",",000000000000000","-","","1514434,9124999999","t","100381285,47250001","4020,77","t","283517,5","0","t","0"
"2024","AL","Metálicos","Cobre","85945,440000000002","t","18247,930000000000000","t","Cu","93195,149999999994","t","1028081871,8200001","0","t","0","0","t","0"
"2024","AL","Metálicos","Ouro","290","kg","290,000000000000000","kg","Au","290","kg","111545541","0","kg","0","0","kg","0"
"2024","AL","Não-Metálicos","Calcário","836576,85999999999","t","100,000000000000000","-","","274185,16999999998","t","44420988,009999998","0","t","0","557171,93999999994","t","12721219,550000001"
"2024","AL","Não-Metálicos","Rochas (Britadas) e Cascalho","2047058,6199999999","t","1030103,570000000000000","-","","1711502,3800000001","t","104185770,74999999","0","t","0","56082,540000000001","t","3159256,6800000002"
"2024","AM","Metálicos","Columbita-Tantalita","11722,049999999999","t","3819,043890000000000","t","Nb2O5","0","t","0","0","t","0","11793,110000000001","t","167401666,55000001"
"2024","AM","Metálicos","Estanho","13868000,24","kg","6517960,000000000000000","kg","Sn","0","kg","0","0","kg","0","6531582,8499999996","kg","736143035,75"
"2024","AM","Não-Metálicos","Argilas","0","t",",000000000000000","-","","0","t","0","0","t","0","0","t","0"
"2024","AM","Não-Metálicos","Calcário","70975,759999999995","t","70975,760000000000000","-","","70975,759999999995","t","20309617,399999999","0","t","0","0","t","0"
"2024","AM","Não-Metálicos","Rochas (Britadas) e Cascalho","1243302,3399999999","t","25801,210000000000000","-","","1122101,9199999999","t","154298995,75","30491,619999999999","t","871064,30000000005","0","t","0"
"2024","AP","Metálicos","Ferro","1","t",",600000000000000","t","Fe","1","t","0,01","0","t","0","0","t","0"
"2024","AP","Metálicos","Ouro","26,363599999999998","kg","12,282100000000000","kg","Au","12,552599999999998","kg","4733851,3799999999","0","kg","0","0","kg","0"
"2024","AP","Não-Metálicos","Argilas","2773,0999999999999","t","2773,100000000000000","-","","2773,0999999999999","t","781984,51000000001","0","t","0","0","t","0"
"2024","AP","Não-Metálicos","Caulim","145601,89000000001","t",",000000000000000","-","","145601,89000000001","t","336598888,38999999","0","t","0","0","t","0"
"2024","AP","Não-Metálicos","Rochas (Britadas) e Cascalho","602350,90999999992","t","473929,330000000000000","-","","602350,90999999992","t","44115284,719999999","0","t","0","0","t","0"
"2024","BA","Energéticos","Urânio e outros Radioativos","99,563000000000002","t","99563,000000000000000","t","","183,36600000000001","t","170836601,24000001","0","t","0","0","t","0"
"2024","BA","Gemas e Diamantes","Diamante","46026,339999999997","ct","100,000000000000000","ct","","29135,02","ct","25758965,329999998","0","ct","0","0","ct","0"
"2024","BA","Gemas e Diamantes","Gemas","156,06666000000001","kg",",000000000000000","kg","","156,06666000000001","kg","15657,190000000001","0","kg","0","0","kg","0"
"2024","BA","Metálicos","Cobre","107403,37","t","35443,700000000000000","t","Cu","108422,11","t","1693792199,95","0","t","0","0","t","0"
"2024","BA","Metálicos","Cromo","529946,69999999995","t","209083,270000000000000","t","Cr2O3","69413,01999999999","t","87065946,290000007","0","t","0","469529,08000000002","t","459211634,06999999"
"2024","BA","Metálicos","Ferro","467479,74000000005","t","439,400000000000000","t","Fe","434895,02000000002","t","134859467,22","0","t","0","0","t","0"
"2024","BA","Metálicos","Manganês","83606","t","28000,000000000000000","t","Mn","83606","t","2348628,8200000003","0","t","0","0","t","0"
"2024","BA","Metálicos","Níquel","108020,42999999999","t","14442,670000000000000","t"," Ni","114675,13","t","1320803100,48","0","t","0","0","t","0"
"2024","BA","Metálicos","Ouro","11347,82948","kg","3761,399080000000000","kg","Au","9947,4408100000001","kg","4067996752,4999995","0","kg","0","0","kg","0"
"2024","BA","Metálicos","Titânio","44862,599999999999","t","20183,040000000000000","t","TiO2","42769","t","33073642,739999998","0","t","0","0","t","0"
"2024","BA","Metálicos","Vanádio","389519,65000000002","t","11279,000000000000000","t","V","0","t","0","0","t","0","386714,19","t","313138089,30000001"
"2024","BA","Não-Metálicos","Areia","58046,400000000001","t","1000,000000000000000","-","","50017,800000000003","t","1676477,01","0","t","0","0","t","0"
"2024","BA","Não-Metálicos","Areias Industriais","379495,33999999997","t","173095,800000000000000","-","","177929,26999999999","t","13410764,899999999","0","t","0","195963,24000000002","t","38527317,490000002"
"2024","BA","Não-Metálicos","Argilas","94994,020000000004","t","35926,260000000000000","-","","75514,020000000004","t","10551091,940000001","28526,900000000001","t","1375075,6599999999","0","t","0"
"2024","BA","Não-Metálicos","Calcário","2605102,3700000001","t","1427000,870000000000000","-","","1352623,1000000001","t","185728703,85999998","0","t","0","1250079,8700000001","t","33056728,550000001"
"2024","BA","Não-Metálicos","Dolomito e Magnesita","2046234,6600000001","t","286211,790000000000000","-","","521000,53000000003","t","888621734,00999999","0","t","0","0,23999999999999999","t","111337410,26000001"
"2024","BA","Não-Metálicos","Fosfato","228470,89999999999","t","63755,200000000000000","t","P2O5","223385,38999999998","t","222906635,44","0","t","0","0","t","0"
"2024","BA","Não-Metálicos","Gipsita","0","t",",000000000000000","-","","0","t","0","0","t","0","0","t","0"
"2024","BA","Não-Metálicos","Rochas (Britadas) e Cascalho","10680508,93","t","3443117,280000000000000","-","","9868793,4099999983","t","614936120,20000005","0","t","0","453767,95999999996","t","14705884,630000001"
"2024","BA","Não-Metálicos","Rochas Ornamentais","13586,67","t","13365,020000000000000","-","","12809,77","t","9444672,0899999999","0","t","0","0","t","0"
"2024","BA","Não-Metálicos","Talco e outras Cargas Minerais","219947,70000000001","t",",000000000000000","-","","94647,940000000002","t","243088731,06","0","t","0","0","t","0"
"2024","CE","Metálicos","Ferro","22524,510000000002","t","12499,720000000000000","t","Fe","4206,5100000000002","t","1303342,3300000001","0","t","0","0","t","0"
"2024","CE","Metálicos","Manganês","13229","t","3174,960000000000000","t","Mn","13229","t","1963244,26","0","t","0","0","t","0"
"2024","CE","Não-Metálicos","Areias Industriais","23002,139999999999","t",",000000000000000","-","","23002,139999999999","t","2333764,8199999998","0","t","0","0","t","0"
"2024","CE","Não-Metálicos","Argilas","258562,52999999997","t","110381,190000000000000","-","","160020,53","t","30118602,800000001","19406,549999999999","t","800245,53000000003","47016,650000000001","t","1067936,5"
"2024","CE","Não-Metálicos","Calcário","4361748,6899999995","t","1294333,060000000000000","-","","2596314,4199999999","t","181039292,84999999","46406","t","385595,17999999999","1646456,8599999999","t","54770270,410000004"
"2024","CE","Não-Metálicos","Diatomita","23467,209999999999","t","23467,000000000000000","-","","23467,209999999999","t","15593249,640000001","0","t","0","0","t","0"
"2024","CE","Não-Metálicos","Rochas (Britadas) e Cascalho","6173126,790000001","t","1514408,050000000000000","-","","5984405,6200000001","t","365946465,74000007","12440","t","249850,76999999999","158660,87","t","8400748,5800000001"
"2024","CE","Não-Metálicos","Rochas Ornamentais","8407,8299999999999","t","8407,830000000000000","-","","5824,6199999999999","t","14859564,52","0","t","0","0","t","0"
"2024","DF","Não-Metálicos","Areia","383697,40000000002","t","212221,780000000000000","-","","433527,39000000001","t","18736810,460000001","0","t","0","0","t","0"
"2024","DF","Não-Metálicos","Areias Industriais","55038,209999999999","t",",000000000000000","-","","55038,209999999999","t","2241013,0099999998","0","t","0","0","t","0"
"2024","DF","Não-Metálicos","Argilas","263551,78999999998","t",",000000000000000","-","","0","t","0","0","t","0","263551,78999999998","t","4762465,5300000003"
"2024","DF","Não-Metálicos","Calcário","4465994,5199999996","t",",000000000000000","-","","866992,48999999999","t","43917217,369999997","0","t","0","3599002,0300000003","t","72201965,549999997"
"2024","DF","Não-Metálicos","Dolomito e Magnesita","2756497,0499999998","t",",000000000000000","-","","2112717,79","t","110425110,45999999","0","t","0","529384,56000000006","t","8137439,4800000004"
"2024","ES","Metálicos","Ferro","0","t",",000000000000000","t","Fe","0","t","0","0","t","0","0","t","0"
"2024","ES","Não-Metálicos","Argilas","13291","t",",000000000000000","-","","13305,820000000002","t","2338546,75","0","t","0","0","t","0"
"2024","ES","Não-Metálicos","Calcário","117060,5","t",",000000000000000","-","","117060,5","t","9788904,3200000003","0","t","0","0","t","0"
"2024","ES","Não-Metálicos","Rochas (Britadas) e Cascalho","6503665,79","t","258318,590000000000000","-","","6972687,2000000002","t","424844469,12","0","t","0","0","t","0"
"2024","ES","Não-Metálicos","Rochas Ornamentais","93650,559999999998","t","26743,750000000000000","-","","80245,609999999986","t","332515260,11999995","11667,290000000001","t","5769001,2400000002","2550,8200000000002","t","4715712,1200000001"
"2024","GO","Gemas e Diamantes","Diamante","5,2000000000000002","ct","5,200000000000000","ct","","0","ct","0","0","ct","0","0","ct","0"
"2024","GO","Metálicos","Alumínio (Bauxita)","1252432,4000000001","t","656866,680000000000000","t","Al2O3","754625,83000000007","t","109188595,55","0","t","0","536631,02000000002","t","38803264,240000002"
"2024","GO","Metálicos","Cobre","192385,51999999999","t","42805,780000000000000","t","Cu","193452,39000000001","t","2722546560,3600001","0","t","0","0","t","0"
"2024","GO","Metálicos","Ferro","1221764,3300000001","t","911577,570000000000000","t","Fe","6530,5200000000004","t","273922,73999999999","0","t","0","0","t","0"
"2024","GO","Metálicos","Manganês","34510","t","11763,000000000000000","t","Mn","19184,689999999999","t","2150286,4399999999","0","t","0","0","t","0"
"2024","GO","Metálicos","Monazita e Terras-Raras","612,53999999999996","t","612,540000000000000","t","ETR","59,990000000000002","t","11725696,41","0","t","0","0","t","0"
"2024","GO","Metálicos","Nióbio","3562063,1799999997","t","49889,623750000000000","t","Nb2O5","0","t","0","0","t","0","31469,399999999998","t","678704813,42000008"
"2024","GO","Metálicos","Níquel","156221,03999999998","t","39447,850000000000000","t"," Ni","156074,77000000002","t","2924460250,0699997","0","t","0","0","t","0"
"2024","GO","Metálicos","Ouro","4613,6485699999994","kg","4603,254810000000000","kg","Au","4661,3181699999996","kg","2000483317,1999998","0","kg","0","0","kg","0"
"2024","GO","Metálicos","Prata","64,479050000000001","kg","64,479050000000000","kg","Ag","11,999919999999999","kg","42950,629999999997","0","kg","0","0","kg","0"
"2024","GO","Metálicos","Titânio","52","t","11,400000000000000","t","TiO2","52","t","79856,899999999994","0","t","0","0","t","0"
"2024","GO","Não-Metálicos","Areia","235532,56","t","152724,130000000000000","-","","235532,56","t","14807621,899999999","0","t","0","0","t","0"
"2024","GO","Não-Metálicos","Areias Industriais","11400,809999999999","t","11400,810000000000000","-","","11400,809999999999","t","570040,5","0","t","0","0","t","0"
"2024","GO","Não-Metálicos","Argilas","2600","t","2600,000000000000000","-","","0","t","0","12000","t","96000","0","t","0"
"2024","GO","Não-Metálicos","Bário","256,11000000000001","t","217,690000000000000","t","BaSO4","845,99000000000001","t","236083,45999999999","0","t","0","0","t","0"
"2024","GO","Não-Metálicos","Calcário","10136399,2104","t","2861578,986400000000000","-","","7323054,8500999995","t","712084432,52359998","0","t","0","2747011,7700000005","t","58181514,820000008"
"2024","GO","Não-Metálicos","Dolomito e Magnesita","2272179,1800000002","t","787645,790000000000000","-","","2250232,4399999999","t","251929734,28999999","0","t","0","59575,230000000003","t","4350149,2199999997"
"2024","GO","Não-Metálicos","Feldspato, Leucita e Nefelina-Sienito","14500,41","t",",000000000000000","-","","14174,190000000001","t","2086072,78","0","t","0","0","t","0"
"2024","GO","Não-Metálicos","Fluorita e Criolita","169124,01000000001","t","2815,410000000000000","t","","166308,60000000001","t","574458749,21000004","0","t","0","166308,60000000001","t","574458749,21000004"
"2024","GO","Não-Metálicos","Fosfato","2444758,9299999997","t","845542,390000000000000","t","P2O5","73138,550000000003","t","11727791,870000001","0","t","0","2318265,02","t","1020663117,22"
"2024","GO","Não-Metálicos","Rochas (Britadas) e Cascalho","12630803,279599998","t","2413058,063600000000000","-","","10762679,789900001","t","711718685,27639997","0","t","0","3386,3800000000001","t","70207,600000000006"
"2024","GO","Não-Metálicos","Saibro","2154,1399999999999","t","2154,140000000000000","-","","2154,1399999999999","t","37470,720000000001","0","t","0","0","t","0"
"2024","GO","Não-Metálicos","Talco e outras Cargas Minerais","5081,6400000000003","t",",000000000000000","-","","5081,6400000000003","t","898957,19999999995","0","t","0","0","t","0"
"2024","GO","Não-Metálicos","Vermiculita e Perlita","50871","t","50871,000000000000000","t","","45872,019999999997","t","82057149,569999993","0","t","0","0","t","0"
"2024","MA","Metálicos","Ouro","2228,4566400000003","kg","40,249910000000000","kg","Au","2268,7045499999999","kg","912621611,64999998","0","kg","0","0","kg","0"
"2024","MA","Não-Metálicos","Areia","16380","t","4200,000000000000000","-","","6147,6499999999996","t","149730,35999999999","0","t","0","0","t","0"
"2024","MA","Não-Metálicos","Argilas","101791,67","t","57741,070000000000000","-","","49012,140000000007","t","4892280,04","24000","t","26000000","15117,780000000001","t","134548,56"
"2024","MA","Não-Metálicos","Calcário","50835,190000000002","t","9794,300000000000000","-","","47550,290000000001","t","67645306,939999998","0","t","0","0","t","0"
"2024","MA","Não-Metálicos","Gipsita","1550322,1799999999","t","636544,860000000000000","-","","1519322,1799999999","t","108270440,61","0","t","0","0","t","0"
"2024","MA","Não-Metálicos","Rochas (Britadas) e Cascalho","4230522,1900000004","t","631053,550000000000000","-","","3668966,8100000001","t","230401571,29999998","0","t","0","170662,5","t","5012277,4900000002"
"2024","MG","Gemas e Diamantes","Diamante","1630,4299999999998","ct","1630,420000000000000","ct","","1222,3099999999999","ct","19826835,669999998","0","ct","0","257,18000000000001","ct","617705,45999999996"
"2024","MG","Gemas e Diamantes","Gemas","584,95741999999996","kg","462,351430000000000","kg","","637,59579000000008","kg","99056189,829999998","0","kg","0","0","kg","0"
"2024","MG","Metálicos","Alumínio (Bauxita)","1095017,0700000001","t","474210,990000000000000","t","Al2O3","45428","t","18612739,66","0","t","0","1002583,22","t","125114655,97"
"2024","MG","Metálicos","Chumbo","13057,539999999999","t","3330,250000000000000","t","Pb","14693,450000000001","t","68416425,049999997","0","t","0","0","t","0"
"2024","MG","Metálicos","Columbita-Tantalita","115,12","t",",328630000000000","t","Ta2O5","0","t","0","0","t","0","115,12","t","29348077,949999999"
"2024","MG","Metálicos","Estanho","301337","kg","53663,380000000000000","kg","Sn","4218","kg","354159,40000000002","0","kg","0","297119","kg","107768652,47"
"2024","MG","Metálicos","Ferro","255836906,58000004","t","153835518,820000000000000","t","Fe","212319560,43000004","t","75156305139,649994","2579416,1199999996","t","733143,62","42204497,18999999","t","8976206148,6000004"
"2024","MG","Metálicos","Lítio","944114,38","t","25978,520000000000000","t","Li2O","340343,13","t","1086526046,9299998","0","t","0","12587,860000000001","t","27364546,710000001"
"2024","MG","Metálicos","Manganês","224234,89999999999","t","61045,910000000000000","t","Mn","92746,23000000001","t","18552919,529999997","6597,7399999999998","t","20163,759999999998","94854,070000000007","t","22671167,68"
"2024","MG","Metálicos","Nióbio","182199","t","94130,000000000000000","t","Nb2O5","182199","t","498282178","0","t","0","0","t","0"
"2024","MG","Metálicos","Ouro","29688,52","kg","26903,093970000000000","kg","Au","29822,009430000002","kg","11693163109,639999","0","kg","0","0","kg","0"
"2024","MG","Metálicos","Prata","6443,1729100000002","kg","6443,172910000000000","kg","Ag","6545,893250000001","kg","30911961,409999996","0","kg","0","0","kg","0"
"2024","MG","Metálicos","Zinco","385236,19","t","150491,940000000000000","t","Zn","12789,639999999999","t","34556850,969999999","0","t","0","372597,63","t","607013398,96000004"
"2024","MG","Não-Metálicos","Areia","2860620,4100000001","t","1849042,000000000000000","-","","2587129,7000000007","t","62403520,159999996","9422,6399999999994","t","484731,70000000001","9801,6800000000003","t","496084,90000000002"
"2024","MG","Não-Metálicos","Areias Industriais","636336,84000000008","t","187858,920000000000000","-","","494709,38","t","59724306,45000001","17950,959999999999","t","416859,64000000001","151725,78","t","13564647,119999999"
"2024","MG","Não-Metálicos","Argilas","1504838,3699999999","t","277321,560000000000000","-","","781162,25","t","87871616,049999997","201090,92999999999","t","3246666,6299999999","690743,31000000006","t","33114743,199999999"
"2024","MG","Não-Metálicos","Calcário","41294240,109999999","t","10697259,780000000000000","-","","19060495,340000004","t","1606452741,8339999","7744418,0600000005","t","115589587,41999999","16625178,57","t","419224343,93000001"
"2024","MG","Não-Metálicos","Caulim","70540,020000000004","t","70540,020000000000000","-","","70540,020000000004","t","16381444,220000001","0","t","0","0","t","0"
"2024","MG","Não-Metálicos","Cianita e outros minerais refratários","121,87","t","68,050000000000000","-","","94,689999999999998","t","125024,5","0","t","0","0","t","0"
"2024","MG","Não-Metálicos","Dolomito e Magnesita","1178223,1799999999","t","725,000000000000000","-","","990765,71999999997","t","80623535,230000004","0","t","0","0","t","0"
"2024","MG","Não-Metálicos","Enxofre","19363,110000000001","t",",000000000000000","t","S","10746,469999999999","t","10500025,369999999","0","t","0","0","t","0"
"2024","MG","Não-Metálicos","Feldspato, Leucita e Nefelina-Sienito","251119,5","t","251119,500000000000000","-","","245897,62","t","38933387,479999997","0","t","0","0","t","0"
"2024","MG","Não-Metálicos","Fosfato","3363623,4100000001","t","1108334,150000000000000","t","P2O5","433907,26000000007","t","215330740,59999999","340360,48999999999","t","371066386,94","2661157,27","t","1748620400,3099999"
"2024","MG","Não-Metálicos","Grafita","52214,900000000001","t","51469,910000000000000","t","","57290,049999999996","t","427653372,69","0","t","0","0","t","0"
"2024","MG","Não-Metálicos","Rochas (Britadas) e Cascalho","29255886,504999995","t","9616398,000000000000000","-","","28347691,147","t","2218220883,8339987","206580,28999999998","t","3859016,8999999999","58626,660000000003","t","1194130,3500000001"
"2024","MG","Não-Metálicos","Rochas Ornamentais","12120,35","t","11851,000000000000000","-","","9476,6200000000008","t","2348098,3799999999","0","t","0","0","t","0"
"2024","MG","Não-Metálicos","Rochas Ornamentais - Outras","3775,8100000000004","t","2000,000000000000000","-","","3775,8100000000004","t","995381,35999999999","0","t","0","0","t","0"
"2024","MG","Não-Metálicos","Talco e outras Cargas Minerais","282200,32500000001","t","115353,320000000000000","-","","236924,47299999997","t","82991833,511999995","0","t","0","0","t","0"
"2024","MS","Metálicos","Ferro","14125838,859999999","t","9164535,890000000000000","t","Fe","7022665,1100000013","t","1848903244,29","0","t","0","2812,6599999999999","t","465779,89000000001"
"2024","MS","Metálicos","Manganês","364690,94","t","145090,740000000000000","t","Mn","249665,89000000001","t","171681836,80000001","0","t","0","0","t","0"
"2024","MS","Não-Metálicos","Areia","369673,16999999998","t","343773,170000000000000","-","","363860,10999999999","t","12594683,209999999","0","t","0","0","t","0"
"2024","MS","Não-Metálicos","Argilas","148716,06999999998","t","101562,890000000000000","-","","102728,19","t","3891497,1799999997","56360,620000000003","t","1785172,6200000001","0","t","0"
"2024","MS","Não-Metálicos","Calcário","5520414,4000000004","t","3352997,440000000000000","-","","5666525,2200000007","t","414130618,88999999","0","t","0","162075,28","t","11636606,869999999"
"2024","MS","Não-Metálicos","Fosfato","49462,709999999999","t",",000000000000000","t","P2O5","49954,740000000005","t","14957468,66","0","t","0","0","t","0"
"2024","MS","Não-Metálicos","Rochas (Britadas) e Cascalho","8863868,8599999994","t","4531110,260000000000000","-","","7308737,5600000015","t","454970283,09999996","733893,00000000012","t","22315308,720000003","83974,160000000003","t","5732174,2000000002"
"2024","MS","Não-Metálicos","Talco e outras Cargas Minerais","195341,89000000001","t","195341,890000000000000","-","","195341,89000000001","t","4432199,8200000003","0","t","0","0","t","0"
"2024","MT","Gemas e Diamantes","Diamante","844,79000000000008","ct","844,790000000000000","ct","","550,06000000000006","ct","73584,149999999994","0","ct","0","0","ct","0"
"2024","MT","Metálicos","Chumbo","35195,489999999998","t","13061,600000000000000","t","Pb","35944,760000000002","t","266549842,28","0","t","0","0","t","0"
"2024","MT","Metálicos","Cobre","26058,650000000001","t","5518,250000000000000","t","Cu","27258,970000000001","t","291505174,86000001","0","t","0","0","t","0"
"2024","MT","Metálicos","Estanho","650001","kg","422506,500000000000000","kg","Sn","650001","kg","70989770,890000001","0","kg","0","0","kg","0"
"2024","MT","Metálicos","Manganês","44941,540000000001","t","28605,270000000000000","t","Mn","42840,599999999999","t","19960292,350000001","0","t","0","2100,9400000000001","t","427747,85999999999"
"2024","MT","Metálicos","Ouro","10292,298500000003","kg","8510,801140000000000","kg","Au","9826,133810000003","kg","3992318853,2000012","9,7486200000000007","kg","0,12","2,2200000000000001E-2","kg","6524,4099999999999"
"2024","MT","Metálicos","Zinco","63671,410000000003","t","31614,900000000000000","t","Zn","3688,6999999999998","t","24392724,82","0","t","0","64883,860000000001","t","369953830,70999998"
"2024","MT","Não-Metálicos","Areia","4016552,27","t","344674,930000000000000","-","","3964269,27","t","7770358,75","0","t","0","0","t","0"
"2024","MT","Não-Metálicos","Areias Industriais","16922,84","t",",000000000000000","-","","16922,84","t","473164,79000000004","0","t","0","0","t","0"
"2024","MT","Não-Metálicos","Argilas","767038,92999999993","t","665011,440000000000000","-","","677055,23999999987","t","49312112,329999998","0","t","0","92990,490000000005","t","5311582,8700000001"
"2024","MT","Não-Metálicos","Calcário","17981329,115110002","t","4614510,425110000000000","-","","15501883,285110002","t","1499611795,1776898","0","t","0","2182165,9899999998","t","85805563,319999993"
"2024","MT","Não-Metálicos","Dolomito e Magnesita","1754190,72","t","13905,480000000000000","-","","548973,23999999999","t","45023865,43","0","t","0","0","t","0"
"2024","MT","Não-Metálicos","Quartzo (Cristal) e outros Piezelétricos","4,1299999999999999","t","4,130000000000000","-","","4,1299999999999999","t","82472","0","t","0","0","t","0"
"2024","MT","Não-Metálicos","Rochas (Britadas) e Cascalho","7531186,3648899989","t","3110301,534890000000000","-","","7227068,02489","t","479212271,96231002","0","t","0","14259,299999999999","t","730052,44999999995"
"2024","MT","Não-Metálicos","Rochas Ornamentais","17000","t",",000000000000000","-","","17000","t","2899660,9399999999","0","t","0","0","t","0"
"2024","PA","Metálicos","Alumínio (Bauxita)","29501212,920000002","t","14224959,270000000000000","t","Al2O3","29811335,920000002","t","5339990303,5500002","0","t","0","0","t","0"
"2024","PA","Metálicos","Cobre","939561,22000000009","t","276992,660000000000000","t","Cu","908535,69999999995","t","16923351418,559999","0","t","0","0","t","0"
"2024","PA","Metálicos","Columbita-Tantalita","5,9999999999999998E-2","t",",032000000000000","t","Ta2O5","0,23999999999999999","t","19212,619999999999","0","t","0","0","t","0"
"2024","PA","Metálicos","Estanho","5613781,9499999993","kg","5249049,820000000000000","kg","Sn","1915210,95","kg","193043827,19000003","3500","kg","40833,330000000002","3500","kg","40833,330000000002"
"2024","PA","Metálicos","Ferro","178042262,73000002","t","115220275,090000000000000","t","Fe","174438526,59","t","71419050215,059998","130500,48","t","8310746,6500000004","3096726,6099999999","t","1085987760,3800001"
"2024","PA","Metálicos","Manganês","829058,09000000008","t","276644,700000000000000","t","Mn","693875,75","t","277552339,77999997","0","t","0","0","t","0"
"2024","PA","Metálicos","Níquel","47556","t","13591,930000000000000","t"," Ni","42859,970000000001","t","1054682612,14","0","t","0","0","t","0"
"2024","PA","Metálicos","Ouro","4089,8877400000006","kg","4075,043350000000000","kg","Au","3955,7388200000009","kg","1714621664,6799996","0","kg","0","0","kg","0"
"2024","PA","Metálicos","Prata","950,13146000000006","kg","950,131440000000000","kg","Ag","944,5838","kg","4507713,1299999999","0","kg","0","0","kg","0"
"2024","PA","Não-Metálicos","Areia","39878,150000000001","t","22100,000000000000000","-","","39878,150000000001","t","2126024,8599999999","0","t","0","0","t","0"
"2024","PA","Não-Metálicos","Argilas","12419,99","t","11778,150000000000000","-","","3100,8400000000001","t","764375,80000000005","9307","t","187849,22","0","t","0"
"2024","PA","Não-Metálicos","Calcário","2887537,2699999996","t","2448489,570000000000000","-","","1372563,8","t","129605971,57000001","0","t","0","1517003,46","t","63522502,149999999"
"2024","PA","Não-Metálicos","Caulim","729639,25","t","86025,650000000000000","-","","724033,97999999998","t","577625056,58000004","0","t","0","0","t","0"
"2024","PA","Não-Metálicos","Fosfato","108442,2","t","22372,340000000000000","t","P2O5","0","t","0","84542,830000000002","t","1890644,76","0","t","0"
"2024","PA","Não-Metálicos","Gipsita","135489","t","135489,000000000000000","-","","135489","t","26557827,120000001","0","t","0","0","t","0"
"2024","PA","Não-Metálicos","Rochas (Britadas) e Cascalho","3590458,3600000003","t","1700237,640000000000000","-","","3461405,6100000003","t","271892636,99000007","0","t","0","47612,099999999999","t","2322506,8599999999"
"2024","PB","Não-Metálicos","Areias Industriais","133,55000000000001","t",",000000000000000","-","","133,55000000000001","t","6677,5","133,55000000000001","t","6677,5500000000002","133,55000000000001","t","6677,5500000000002"
"2024","PB","Não-Metálicos","Argilas","499127,89000000001","t","424673,890000000000000","-","","14647,15","t","10249086,76","0","t","0","444799,82000000001","t","31702278,240000002"
"2024","PB","Não-Metálicos","Calcário","3491163,1799999997","t","1736503,790000000000000","-","","1836512,1799999999","t","30620168,93","0","t","0","1654651","t","28011796,300000001"
"2024","PB","Não-Metálicos","Feldspato, Leucita e Nefelina-Sienito","192435,64999999999","t",",000000000000000","-","","188675,01999999999","t","12259962,310000001","0","t","0","0","t","0"
"2024","PB","Não-Metálicos","Mica","50,740000000000002","t",",000000000000000","-","","50,740000000000002","t","310035,15000000002","0","t","0","0","t","0"
"2024","PB","Não-Metálicos","Rochas (Britadas) e Cascalho","2297578,3100000001","t","935831,290000000000000","-","","2240623,8599999999","t","119429935,11000001","0","t","0","0","t","0"
"2024","PB","Não-Metálicos","Rochas Ornamentais","10100,650000000001","t",",000000000000000","-","","10084,910000000002","t","21996610,34","0,12","t","56919,050000000003","0","t","0"
"2024","PE","Metálicos","Ouro","10,821940000000001","kg","8,729570000000000","kg","Au","10,968240000000002","kg","3156115,8700000001","0","kg","0","0","kg","0"
"2024","PE","Não-Metálicos","Areia","1590,0799999999999","t",",000000000000000","-","","13295","t","982319,71999999997","0","t","0","0","t","0"
"2024","PE","Não-Metálicos","Areias Industriais","158656,27000000002","t",",000000000000000","-","","0","t","0","0","t","0","67589,160000000003","t","8297939,1500000004"
"2024","PE","Não-Metálicos","Argilas","7032,1599999999999","t","7032,160000000000000","-","","0","t","0","0","t","0","7032,1599999999999","t","1203465"
"2024","PE","Não-Metálicos","Calcário","160198,73999999999","t",",000000000000000","-","","160198,73999999999","t","3193470,6899999999","0","t","0","0","t","0"
"2024","PE","Não-Metálicos","Gipsita","1505611,03","t","748726,570000000000000","-","","1276644,8200000003","t","66419034,020000011","0","t","0","172860,19","t","29030097,73"
"2024","PE","Não-Metálicos","Rochas (Britadas) e Cascalho","7264881,2800000003","t","611870,450000000000000","-","","7066833,2600000016","t","380699839,8300001","0","t","0","251535,87000000002","t","13763395,02"
"2024","PE","Não-Metálicos","Vermiculita e Perlita","4147,8099999999995","t","3300,480000000000000","t","","1506,54","t","6747303,4299999997","0","t","0","0","t","0"
"2024","PI","Gemas e Diamantes","Diamante","1399,1500000000001","ct","1399,150000000000000","ct","","702,63999999999999","ct","669763,46999999997","0","ct","0","0","ct","0"
"2024","PI","Não-Metálicos","Areia","146529,14999999999","t",",000000000000000","-","","146529,14999999999","t","5691766,7999999998","0","t","0","0","t","0"
"2024","PI","Não-Metálicos","Argilas","34418,639999999999","t","34418,640000000000000","-","","1831,48","t","294416","0","t","0","29429,82","t","533127,88"
"2024","PI","Não-Metálicos","Calcário","993490,33000000007","t","377299,840000000000000","-","","614938,14000000001","t","69740330,069999993","0","t","0","377299,84000000003","t","41954418,200000003"
"2024","PI","Não-Metálicos","Dolomito e Magnesita","52113,300000000003","t",",000000000000000","-","","52113,300000000003","t","6008456,9199999999","0","t","0","0","t","0"
"2024","PI","Não-Metálicos","Rochas (Britadas) e Cascalho","1970064,3500000001","t","34421,320000000000000","-","","1872080,9200000004","t","139582407,34999999","0","t","0","34421,32","t","2448534,5299999998"
"2024","PI","Não-Metálicos","Rochas Ornamentais","3336,9299999999998","t",",000000000000000","-","","3336,9299999999998","t","485840,14000000001","0","t","0","0","t","0"
"2024","PR","Energéticos","Carvão Mineral","27344,580000000002","t",",000000000000000","-","","27344,580000000002","t","13246675,76","0","t","0","0","t","0"
"2024","PR","Metálicos","Ouro","239,34220999999999","kg","239,318280000000000","kg","Au","267,54712000000001","kg","111507363,68000001","0","kg","0","0","kg","0"
"2024","PR","Metálicos","Prata","21,522210000000001","kg","21,500690000000000","kg","Ag","7","kg","38850","0","kg","0","0","kg","0"
"2024","PR","Não-Metálicos","Areia","3481660,1400000001","t","799425,100000000000000","-","","3424040,98","t","92217209,00999999","23711,720000000001","t","71135,160000000003","0","t","0"
"2024","PR","Não-Metálicos","Areias Industriais","60386,230000000003","t",",000000000000000","-","","0","t","0","0","t","0","0","t","0"
"2024","PR","Não-Metálicos","Argilas","102163,97","t","101603,320000000000000","-","","42349,559999999998","t","15934573,439999999","0","t","0","59800","t","309668,96000000002"
"2024","PR","Não-Metálicos","Calcário","19356138,640000001","t","1065048,160000000000000","-","","5520840,7800000003","t","284129250,66000003","158097","t","3500988,1800000002","13648336,860000001","t","275439685,88999993"
"2024","PR","Não-Metálicos","Dolomito e Magnesita","1111933,0800000001","t","139796,000000000000000","-","","1039391,7100000001","t","33775586,740000002","0","t","0","60787,370000000003","t","19133456,800000001"
"2024","PR","Não-Metálicos","Feldspato, Leucita e Nefelina-Sienito","84297","t","100,000000000000000","-","","0","t","0","0","t","0","95891,759999999995","t","5623327,3899999997"
"2024","PR","Não-Metálicos","Fluorita e Criolita","33080,229999999996","t","27381,290000000000000","t","","31706,130000000001","t","46689583,549999997","0","t","0","0","t","0"
"2024","PR","Não-Metálicos","Rochas (Britadas) e Cascalho","24555403,290000003","t","5930044,610000000000000","-","","22045661,070000008","t","978974152,6099999","745096,87999999989","t","15756875,600000003","2284516,8600000003","t","45334953,830000013"
"2024","PR","Não-Metálicos","Rochas Ornamentais","80220,910000000003","t","226,000000000000000","-","","68412,589999999997","t","2452672,96","11437,92","t","10884299,060000001","0","t","0"
"2024","PR","Não-Metálicos","Rochas Ornamentais - Outras","13200","t",",000000000000000","-","","13200","t","434000","0","t","0","0","t","0"
"2024","PR","Não-Metálicos","Saibro","19671,459999999999","t",",000000000000000","-","","17123,860000000001","t","462084,46000000002","2547,5999999999999","t","84605,800000000003","0","t","0"
"2024","PR","Não-Metálicos","Talco e outras Cargas Minerais","187555,39999999999","t","25679,620000000000000","-","","45640,57","t","13556307,59","0","t","0","130955,96000000001","t","4428115,7199999997"
"2024","RJ","Não-Metálicos","Areia","130508,8","t",",000000000000000","-","","130508,8","t","4049866,71","0","t","0","0","t","0"
"2024","RJ","Não-Metálicos","Argilas","56407,93","t",",000000000000000","-","","0","t","0","36803","t","369528","56407,93","t","382847,87"
"2024","RJ","Não-Metálicos","Calcário","2150843,0999999996","t",",000000000000000","-","","149854,85000000001","t","23612229,57","550208","t","10097161","2000988,25","t","49503545,920000002"
"2024","RJ","Não-Metálicos","Feldspato, Leucita e Nefelina-Sienito","36739,989999999998","t","36739,990000000000000","-","","22044","t","1851696","0","t","0","0","t","0"
"2024","RJ","Não-Metálicos","Fluorita e Criolita","1","t","1,000000000000000","t","","3247,25","t","750271,93000000005","0","t","0","0","t","0"
"2024","RJ","Não-Metálicos","Rochas (Britadas) e Cascalho","19764529,949999999","t","11205837,830000000000000","-","","18405229,409999996","t","1217874176,7799997","0","t","0","442606,74000000005","t","22254810,690000001"
"2024","RN","Gemas e Diamantes","Gemas","31,661999999999999","kg","31,662000000000000","kg","","30,35989","kg","31325617,559999999","0","kg","0","0","kg","0"
"2024","RN","Metálicos","Ferro","43536,720000000001","t",",000000000000000","t","Fe","43536,720000000001","t","4571355,5999999996","0","t","0","0","t","0"
"2024","RN","Metálicos","Tungstênio","367,88","t","283,000000000000000","t","WO3","366,01999999999998","t","35114543,890000001","0","t","0","0","t","0"
"2024","RN","Não-Metálicos","Areias Industriais","0","t",",000000000000000","-","","0","t","0","0","t","0","0","t","0"
"2024","RN","Não-Metálicos","Argilas","10521,059999999999","t","10054,860000000000000","-","","1931,76","t","385011,29999999999","0","t","0","0","t","0"
"2024","RN","Não-Metálicos","Calcário","2984185,2400000002","t","1,000000000000000","-","","18035,27","t","2721827,8700000001","2810285,1800000002","t","56505560,340000004","0","t","0"
"2024","RN","Não-Metálicos","Dolomito e Magnesita","72126,889999999999","t","10,000000000000000","-","","72126,889999999999","t","10887311,48","0","t","0","0","t","0"
"2024","RN","Não-Metálicos","Rochas (Britadas) e Cascalho","1534819,2","t","272333,990000000000000","-","","1333358,1000000001","t","98356157,079999998","0","t","0","170921,75","t","3676145,21"
"2024","RN","Não-Metálicos","Rochas Ornamentais","3919,8299999999999","t","3919,830000000000000","-","","5148,6700000000001","t","30571822,260000002","0","t","0","0","t","0"
"2024","RO","Metálicos","Chumbo","7083","t","138,000000000000000","t","Pb","6330,0799999999999","t","52009602,909999996","0","t","0","0","t","0"
"2024","RO","Metálicos","Cobre","664,27999999999997","t","296,000000000000000","t","Cu","368,27999999999997","t","503193,02000000002","0","t","0","0","t","0"
"2024","RO","Metálicos","Columbita-Tantalita","108866,255","t","170,679207500000000","t","Nb2O5","109086,93000000001","t","68514310,261000007","0","t","0","0","t","0"
"2024","RO","Metálicos","Columbita-Tantalita","7,0150000000000006","t","2,772352500000000","t","Ta2O5","16,25","t","1657819,7590000001","0","t","0","0","t","0"
"2024","RO","Metálicos","Estanho","7188922,46","kg","4321482,760000000000000","kg","Sn","6459400,9500000002","kg","533125509,92000008","0","kg","0","711190,76000000001","kg","62450534,07"
"2024","RO","Metálicos","Ouro","678,66789999999992","kg","678,667900000000000","kg","Au","678,66789999999992","kg","252428912,95999998","0","kg","0","0","kg","0"
"2024","RO","Metálicos","Titânio","20,420000000000002","t","8,700000000000000","t","TiO2","0","t","0","0","t","0","0","t","0"
"2024","RO","Metálicos","Zinco","34548","t","3355,440000000000000","t","Zn","33123,059999999998","t","221031373,13999999","0","t","0","0","t","0"
"2024","RO","Não-Metálicos","Areia","3338,4899999999998","t","3335,950000000000000","-","","3338,4899999999998","t","153520","0","t","0","0","t","0"
"2024","RO","Não-Metálicos","Argilas","2000","t","1,000000000000000","-","","2000","t","3000","0","t","0","0","t","0"
"2024","RO","Não-Metálicos","Calcário","117724","t",",000000000000000","-","","116958,8","t","10482533,18","0","t","0","0","t","0"
"2024","RO","Não-Metálicos","Rochas (Britadas) e Cascalho","1917806,21","t","1062644,290000000000000","-","","1486748,8599999999","t","124235042,2","0","t","0","34414,309999999998","t","3393431,96"
"2024","RO","Não-Metálicos","Saibro","2163,5999999999999","t","2163,600000000000000","-","","2163,5999999999999","t","224033,82000000001","0","t","0","0","t","0"
"2024","RR","Não-Metálicos","Rochas (Britadas) e Cascalho","288322,92999999999","t","200261,150000000000000","-","","288322,92999999999","t","25792866,620000001","0","t","0","0","t","0"
"2024","RS","Energéticos","Carvão Mineral","3873971,25","t","44908,640000000000000","-","","4151548,0899999999","t","587120395,86999989","0","t","0","0","t","0"
"2024","RS","Não-Metálicos","Areia","73317,12999999999","t","73317,130000000000000","-","","73317,12999999999","t","3224521,4300000002","0","t","0","0","t","0"
"2024","RS","Não-Metálicos","Argilas","10749,720000000001","t","10737,720000000000000","-","","8312,2200000000012","t","2762249,1499999999","2437,5","t","60937,5","0","t","0"
"2024","RS","Não-Metálicos","Calcário","3631461,71","t","1702215,120000000000000","-","","3385480,5600000001","t","342086898,35000002","0","t","0","175277,04000000001","t","2388273,46"
"2024","RS","Não-Metálicos","Caulim","12525","t",",000000000000000","-","","12525","t","6684217,1500000004","0","t","0","0","t","0"
"2024","RS","Não-Metálicos","Rochas (Britadas) e Cascalho","29010988,48","t","9947655,130000000000000","-","","21806377,419999991","t","965890040,61000001","1209404,3900000001","t","20635282,350000001","3106354,1100000008","t","77718875,010000005"
"2024","RS","Não-Metálicos","Rochas Ornamentais - Outras","3400","t","3400,000000000000000","-","","259,07999999999998","t","28932,759999999998","0","t","0","0","t","0"
"2024","RS","Não-Metálicos","Saibro","190602,06","t","25238,930000000000000","-","","61346,330000000002","t","1041983,0600000001","0","t","0","53363,129999999997","t","1518502,98"
"2024","SC","Energéticos","Carvão Mineral","2239732,8300000001","t","11242,340000000000000","-","","2284455,4399999999","t","889286775,52999997","4832,4799999999996","t","2069847,8300000001","27,98","t","8394"
"2024","SC","Não-Metálicos","Areia","1854584,3","t","490774,680000000000000","-","","1618408,2999999998","t","88330568,699999988","0","t","0","0","t","0"
"2024","SC","Não-Metálicos","Areias Industriais","1181668,1099999999","t",",000000000000000","-","","1173581,6200000001","t","119768369,47","0","t","0","0","t","0"
"2024","SC","Não-Metálicos","Argilas","99266,809999999998","t","38403,340000000000000","-","","39024,290000000001","t","13324796,91","0","t","0","60863,470000000001","t","958480,92000000004"
"2024","SC","Não-Metálicos","Calcário","2479655,3499999996","t","781482,330000000000000","-","","964238,72999999998","t","80891003,969999999","0","t","0","1503081,6499999999","t","45814041,869999997"
"2024","SC","Não-Metálicos","Enxofre","2452,21","t",",000000000000000","-","S","2452,21","t","1265489,3899999999","0","t","0","0","t","0"
"2024","SC","Não-Metálicos","Feldspato, Leucita e Nefelina-Sienito","192175,20999999999","t","100,000000000000000","-","","184321,51000000001","t","61429845,909999996","0","t","0","0","t","0"
"2024","SC","Não-Metálicos","Rochas (Britadas) e Cascalho","36831885,069999993","t","9505975,440000000000000","-","","33111112,929999996","t","1636442564,1999998","880931,95999999996","t","27284048,02","2182270,8299999996","t","26992411,82"
"2024","SC","Não-Metálicos","Rochas Ornamentais - Outras","28369,029999999999","t",",000000000000000","-","","27881,529999999999","t","1025727,74","0","t","0","0","t","0"
"2024","SC","Não-Metálicos","Saibro","579064,51000000001","t","245806,370000000000000","-","","510435,82999999996","t","27309123,27","75759,199999999997","t","1052131,7","0","t","0"
"2024","SE","Não-Metálicos","Areias Industriais","54080,559999999998","t",",000000000000000","-","","54155,849999999999","t","9770523,5099999998","0","t","0","0","t","0"
"2024","SE","Não-Metálicos","Calcário","3390327,04","t",",000000000000000","-","","233782,56","t","3898966,1299999999","198640","t","9104555,1899999995","2957904,48","t","52432345,460000001"
"2024","SE","Não-Metálicos","Potássio","398536,60999999999","t","231151,230000000000000","t","K2O","356308,82000000001","t","644471162,61000001","0","t","0","0","t","0"
"2024","SE","Não-Metálicos","Rochas (Britadas) e Cascalho","1582867,79","t","200,000000000000000","-","","1408257,5300000003","t","96826223,379999995","0","t","0","200053,35000000001","t","7448026,6900000004"
"2024","SP","Energéticos","Turfa","22359","t",",000000000000000","-","","22359","t","380920,90999999997","0","t","0","0","t","0"
"2024","SP","Metálicos","Ferro","301825,79999999999","t","227516,300000000000000","t","Fe","401177,09999999998","t","15503041,07","0","t","0","0","t","0"
"2024","SP","Não-Metálicos","Areia","15636877,215754004","t","4061833,792877000000000","-","","15455701,777806005","t","633406959,4285959","119973,69","t","6247485,8300000001","0","t","0"
"2024","SP","Não-Metálicos","Areias Industriais","5549793,3142460007","t","468088,957123000000000","-","","4597972,7521940013","t","423031239,671404","54407,25","t","816108,75","411623,79999999999","t","46389177,460000001"
"2024","SP","Não-Metálicos","Argilas","1272732,9300000002","t","258164,570000000000000","-","","933700,56000000006","t","36892737,389999993","0","t","0","290804,08999999997","t","18816895,629999999"
"2024","SP","Não-Metálicos","Calcário","11904708,050000001","t","1670247,620000000000000","-","","5064662,6399999997","t","512965225,11000001","53357,879999999997","t","5869366,7999999998","6900289,1299999999","t","249902626,12000003"
"2024","SP","Não-Metálicos","Caulim","81245,73000000001","t","69111,950000000000000","-","","81198,600000000006","t","56108454,259999998","0","t","0","47,130000000000003","t","94248,199999999997"
"2024","SP","Não-Metálicos","Dolomito e Magnesita","1637978,71","t",",000000000000000","-","","1633647,6800000002","t","192363875,59999999","0","t","0","319,60000000000002","t","38869,82"
"2024","SP","Não-Metálicos","Feldspato, Leucita e Nefelina-Sienito","2190","t","2190,000000000000000","-","","2190","t","1878522","0","t","0","0","t","0"
"2024","SP","Não-Metálicos","Fosfato","2851931,6899999999","t","1361369,440000000000000","t","P2O5","1337997,95","t","97743360,5","556207,05000000005","t","335602258,92000002","0","t","0"
"2024","SP","Não-Metálicos","Rochas (Britadas) e Cascalho","79474618,819999993","t","15650177,620000000000000","-","","71124660,670000017","t","4171750485,4300022","124907,42000000001","t","11111655,629999999","3821610,6700000004","t","235516595,11000001"
"2024","SP","Não-Metálicos","Rochas Ornamentais - Outras","6000","t",",000000000000000","-","","6237,8299999999999","t","2172817,4500000002","0","t","0","0","t","0"
"2024","SP","Não-Metálicos","Talco e outras Cargas Minerais","738966,07000000007","t","12457,160000000000000","-","","738963,07000000007","t","70052249,549999997","0","t","0","0","t","0"
"2024","TO","Metálicos","Ferro","0","t",",000000000000000","t","Fe","0","t","0","0","t","0","0","t","0"
"2024","TO","Metálicos","Manganês","29552,720000000001","t","11413,450000000000000","t","Mn","18620,959999999999","t","7220177,7000000002","0","t","0","0","t","0"
"2024","TO","Metálicos","Ouro","1700,6725100000003","kg","1699,882950000000000","kg","Au","1700,6725100000003","kg","727446804,23000002","0","kg","0","0","kg","0"
"2024","TO","Metálicos","Zircônio","1704","t","1704,000000000000000","t","ZrSiO4","1704","t","7014235,9199999999","0","t","0","0","t","0"
"2024","TO","Não-Metálicos","Areia","135410,10000000001","t","6027,500000000000000","-","","124004,5","t","5361568,3300000001","0","t","0","0","t","0"
"2024","TO","Não-Metálicos","Argilas","104580","t","104580,000000000000000","-","","95284","t","105247","0","t","0","0","t","0"
"2024","TO","Não-Metálicos","Calcário","8398298,2341679987","t","3179842,893168000000000","-","","7514982,2817519996","t","662574549,00449228","0","t","0","743117,122416","t","22697482,782768"
"2024","TO","Não-Metálicos","Dolomito e Magnesita","884369,33000000007","t","294525,700000000000000","-","","859427,57000000007","t","85148959,730000004","0","t","0","0","t","0"
"2024","TO","Não-Metálicos","Fosfato","297723,54000000004","t","30492,200000000000000","t","P2O5","185136,60999999999","t","43002083,149999999","0","t","0","0","t","0"
"2024","TO","Não-Metálicos","Gipsita","67413,589999999997","t","67413,590000000000000","-","","67364","t","6821920,0999999996","0","t","0","0","t","0"
"2024","TO","Não-Metálicos","Minerais Industriais (Outros)","13,640000000000001","t","11,400000000000000","-","","10","t","2204800","0","t","0","0","t","0"
"2024","TO","Não-Metálicos","Rochas (Britadas) e Cascalho","1814742,4658320001","t","454793,246832000000000","-","","1627727,3882480001","t","108864686,89550802","3895,1799999999998","t","306176,15999999997","121777,107584","t","3719513,0072320001"
"2025","AL","Metálicos","Cobre","98071,509999999995","t","20026,200000000000000","t","Cu","94915","t","1189746636,3","0","t","0","0","t","0"
"2025","AL","Metálicos","Ouro","300,32511","kg","300,325110000000000","kg","Au","300,32511","kg","172138896,31","0","kg","0","0","kg","0"
"2025","AL","Não-Metálicos","Calcário","818622,15000000002","t","818622,150000000000000","-","","217275,35999999999","t","47900707,119999997","0","t","0","606207,15000000002","t","15311862,32"
"2025","AL","Não-Metálicos","Rochas (Britadas) e Cascalho","1788055,1399999999","t","496328,680000000000000","-","","1425333,1000000001","t","103033987,44","0","t","0","284897,40999999997","t","21154935,629999999"
"2025","AM","Metálicos","Columbita-Tantalita","11635","t","3723,200000000000000","t","Nb2O5","0","t","0","0","t","0","11488,780000000001","t","178716839,90000001"
"2025","AM","Metálicos","Estanho","13665,98","kg","6423,010000000000000","kg","Sn","0","kg","0","0","kg","0","13553,559999999999","kg","624645457,08000004"
"2025","AM","Não-Metálicos","Calcário","61133,900000000001","t","61133,900000000000000","-","","61133,900000000001","t","20287655,34","0","t","0","0","t","0"
"2025","AM","Não-Metálicos","Rochas (Britadas) e Cascalho","1394906,6400000001","t","589144,240000000000000","-","","1163308,3300000001","t","153466677,34999999","0","t","0","0","t","0"
"2025","AP","Metálicos","Ferro","0","t",",000000000000000","t","Fe","0","t","0","0","t","0","0","t","0"
"2025","AP","Metálicos","Ouro","90,294879999999992","kg","90,281680000000000","kg","Au","94,833680000000001","kg","53545634,650000006","0","kg","0","0","kg","0"
"2025","AP","Não-Metálicos","Areia","16924,5","t","16924,500000000000000","-","","16924,5","t","346600","0","t","0","0","t","0"
"2025","AP","Não-Metálicos","Caulim","94810","t","94810,000000000000000","-","","102692,86","t","263973898,66","0","t","0","0","t","0"
"2025","AP","Não-Metálicos","Rochas (Britadas) e Cascalho","439208,75","t","319814,380000000000000","-","","439208,75","t","26979596,310000002","0","t","0","0","t","0"
"2025","BA","Energéticos","Urânio e outros Radioativos","75,585999999999999","t","64000,860000000000000","t","","0","t","0","0","t","0","0","t","0"
"2025","BA","Gemas e Diamantes","Diamante","83965,110000000001","ct","83965,110000000000000","ct","","104507,59","ct","91895029,489999995","0","ct","0","0","ct","0"
"2025","BA","Metálicos","Cobre","110297,32000000001","t","36034,950000000000000","t","Cu","112401,82000000001","t","2023617602,6099999","0","t","0","0","t","0"
"2025","BA","Metálicos","Cromo","585252,26000000001","t","223127,530000000000000","t","Cr2O3","29863,600000000002","t","80672990,11999999","20364","t","20075311","508669,51000000001","t","533660598,00999993"
"2025","BA","Metálicos","Ferro","561634,93999999994","t","130,380000000000000","t","Fe","887155,06000000006","t","307577447,31","0","t","0","0","t","0"
"2025","BA","Metálicos","Manganês","49465,18","t","26148,000000000000000","t","Mn","44829,699999999997","t","17498403,550000001","0","t","0","0","t","0"
"2025","BA","Metálicos","Níquel","121591,36","t","16235,770000000000000","t"," Ni","121249,12","t","1361206309","0","t","0","0","t","0"
"2025","BA","Metálicos","Ouro","10089,97889","kg","1985,587120000000000","kg","Au","10095,983550000001","kg","5973358672,1399994","0,00012","kg","1188045037,27","0","kg","0"
"2025","BA","Metálicos","Titânio","30282,209999999999","t","13969,570000000000000","t","TiO2","33958,980000000003","t","33307577,329999998","0","t","0","0","t","0"
"2025","BA","Metálicos","Vanádio","9149,7099999999991","t","8966,720000000000000","t","V","8409,3099999999995","t","481488766,74000001","0","t","0","0","t","0"
"2025","BA","Não-Metálicos","Areia","6000","t",",000000000000000","-","","5078","t","104947","0","t","0","0","t","0"
"2025","BA","Não-Metálicos","Areias Industriais","411201,29000000004","t","224000,000000000000000","-","","224129,29000000001","t","17246718,960000001","0","t","0","151774,57000000001","t","29018379,370000001"
"2025","BA","Não-Metálicos","Argilas","4358398,3699999992","t","71436,720000000000000","-","","4063752,73","t","5561505,5700000003","10870","t","1108325,4100000001","0,01","t","0,01"
"2025","BA","Não-Metálicos","Calcário","2297480,8671000004","t","2290911,597100000000000","-","","864810,09860000003","t","139578816,7739","1396349,47","t","37599833,57","0","t","0"
"2025","BA","Não-Metálicos","Dolomito e Magnesita","2520999,2199999997","t","2290595,230000000000000","-","","1101257,8200000001","t","990083146,87999988","0","t","0","0,23999999999999999","t","119257434,38999999"
"2025","BA","Não-Metálicos","Fosfato","247881,39999999999","t","69406,790000000000000","t","P2O5","245305,53","t","124083639,84999999","0","t","0","0","t","0"
"2025","BA","Não-Metálicos","Grafita","409,85000000000002","t","379,520000000000000","t","","5,4900000000000002","t","33736,519999999997","0","t","0","0","t","0"
"2025","BA","Não-Metálicos","Rochas (Britadas) e Cascalho","10574922,222899999","t","6585625,662900000000000","-","","9432286,3214000054","t","613073216,55610001","284117","t","5527070,1200000001","210843,77999999997","t","10953310,43"
"2025","BA","Não-Metálicos","Rochas Ornamentais","10052,910000000002","t","9985,940000000000000","-","","9717,7799999999988","t","8731626,6600000001","0","t","0","0","t","0"
"2025","BA","Não-Metálicos","Talco e outras Cargas Minerais","244319,75","t","40948,220000000000000","-","","95060,170000000013","t","295133324,59000003","0","t","0","0","t","0"
"2025","CE","Metálicos","Ferro","4147,0799999999999","t","2582,100000000000000","t","Fe","4147,0799999999999","t","1227082,8200000001","0","t","0","0","t","0"
"2025","CE","Metálicos","Ouro","6,0018000000000002","kg","5,432400000000000","kg","Au","6,0018000000000002","kg","3856055,7400000002","0","kg","0","0","kg","0"
"2025","CE","Não-Metálicos","Areias Industriais","22914,950000000001","t","22900,000000000000000","-","","22914,950000000001","t","1145747,25","0","t","0","0","t","0"
"2025","CE","Não-Metálicos","Argilas","312253,54999999999","t","270604,170000000000000","-","","199021,82000000001","t","32464597,210000001","18914,849999999999","t","89319,080000000002","13526,42","t","401610,10999999999"
"2025","CE","Não-Metálicos","Calcário","3869754,4399999999","t","1720712,260000000000000","-","","2083349,23","t","178483146,61999997","36610,139999999999","t","240817,95999999999","1708505,0599999998","t","60566497,75"
"2025","CE","Não-Metálicos","Diatomita","87","t",",000000000000000","-","","87","t","118200","0","t","0","0","t","0"
"2025","CE","Não-Metálicos","Dolomito e Magnesita","165791,22","t",",000000000000000","-","","165791,22","t","25303698,359999999","0","t","0","0","t","0"
"2025","CE","Não-Metálicos","Rochas (Britadas) e Cascalho","6092107,4299999988","t","4169993,190000000000000","-","","5416871,0299999984","t","346625556,94000012","0","t","0","202726,19","t","11384960,600000001"
"2025","CE","Não-Metálicos","Rochas Ornamentais","24472,82","t","24472,810000000000000","-","","17512,02","t","100514087,50999999","0","t","0","0","t","0"
"2025","DF","Não-Metálicos","Areia","421425,44999999995","t","233257,090000000000000","-","","462704,13","t","19495677,810000002","0","t","0","0","t","0"
"2025","DF","Não-Metálicos","Areias Industriais","756321,15000000002","t",",000000000000000","-","","756321,15000000002","t","932480,63","0","t","0","0","t","0"
"2025","DF","Não-Metálicos","Argilas","269598,66999999998","t","103842,540000000000000","-","","0","t","0","0","t","0","269598,66999999998","t","5521892,1200000001"
"2025","DF","Não-Metálicos","Calcário","5091488,1500000004","t","2944015,460000000000000","-","","801800,07999999996","t","42712932,049999997","0","t","0","4289688,0700000003","t","102669401,38"
"2025","DF","Não-Metálicos","Dolomito e Magnesita","2477402","t","2477402,000000000000000","-","","1446192,5800000001","t","83253547,170000002","552122,70999999996","t","14116463,74","625355,5","t","19955332,309999999"
"2025","DF","Não-Metálicos","Rochas (Britadas) e Cascalho","213764","t","213764,000000000000000","-","","139181","t","9051552,3000000007","0","t","0","74583","t","3219298,8999999999"
"2025","ES","Metálicos","Ferro","16147486,550000001","t","9993674,380000000000000","t","Fe","16690936,34","t","10844916054,700001","0","t","0","0","t","0"
"2025","ES","Não-Metálicos","Argilas","12147,070000000002","t","1728,440000000000000","-","","12056,890000000001","t","2518447,7000000002","0","t","0","0","t","0"
"2025","ES","Não-Metálicos","Calcário","235651,25","t","188948,060000000000000","-","","235651,25","t","20946881,390000001","0","t","0","0","t","0"
"2025","ES","Não-Metálicos","Rochas (Britadas) e Cascalho","6888010,5800000001","t","911898,820000000000000","-","","6598055,8800000008","t","418349364,54000008","0","t","0","0","t","0"
"2025","ES","Não-Metálicos","Rochas Ornamentais","113535,08000000002","t","54620,170000000000000","-","","76424,510000000009","t","321353492,88999993","11955,309999999999","t","6108894,1299999999","933,5","t","1798217,4199999999"
"2025","GO","Gemas e Diamantes","Diamante","41,409999999999997","ct","41,410000000000000","ct","","22,41","ct","6828,1599999999999","0","ct","0","0","ct","0"
"2025","GO","Metálicos","Alumínio (Bauxita)","1478868,1800000002","t","811384,960000000000000","t","Al2O3","576047,08000000007","t","97617806,890000001","0","t","0","760668,01000000001","t","69727159,959999993"
"2025","GO","Metálicos","Cobre","202502,51999999999","t","43983,550000000000000","t","Cu","200338,98999999999","t","3256364139","0","t","0","0","t","0"
"2025","GO","Metálicos","Ferro","16045,5","t","11896,130000000000000","t","Fe","16045,5","t","717702,52000000002","0","t","0","0","t","0"
"2025","GO","Metálicos","Manganês","28500","t","9405,000000000000000","t","Mn","23800","t","1904000","0","t","0","0","t","0"
"2025","GO","Metálicos","Monazita e Terras-Raras","325,76999999999998","t","325,770000000000000","t","ETR","677,97000000000003","t","69223324,239999995","0","t","0","0","t","0"
"2025","GO","Metálicos","Nióbio","3280804,6000000001","t","44523,013110000000000","t","Nb2O5","0","t","0","0","t","0","32737,459999999999","t","726767845,95000005"
"2025","GO","Metálicos","Níquel","156885,63","t","39683,510000000000000","t"," Ni","159074,12","t","2937898951,3600001","0","t","0","0","t","0"
"2025","GO","Metálicos","Ouro","3400,00819","kg","3061,494810000000000","kg","Au","3397,0040800000002","kg","1890516771,27","0","kg","0","0","kg","0"
"2025","GO","Metálicos","Prata","43","kg","43,000000000000000","kg","Ag","63,999600000000001","kg","400629,82000000001","0","kg","0","0","kg","0"
"2025","GO","Metálicos","Titânio","43","t","9,440000000000000","t","TiO2","43","t","65630,899999999994","0","t","0","0","t","0"
"2025","GO","Não-Metálicos","Amianto","179184,29999999999","t","15063,880000000000000","t","","164120,42000000001","t","563663252,66999996","0","t","0","0","t","0"
"2025","GO","Não-Metálicos","Areia","595052,48999999999","t","356271,410000000000000","-","","595019,33999999997","t","27599211,729999997","0","t","0","0","t","0"
"2025","GO","Não-Metálicos","Areias Industriais","497,39999999999998","t","497,400000000000000","-","","497,39999999999998","t","22114,700000000001","0","t","0","0","t","0"
"2025","GO","Não-Metálicos","Argilas","13971,219999999999","t","12934,000000000000000","-","","1011,22","t","20531,669999999998","12000","t","96000","0","t","0"
"2025","GO","Não-Metálicos","Bário","0","t",",000000000000000","t","BaSO4","0","t","0","0","t","0","0","t","0"
"2025","GO","Não-Metálicos","Calcário","11717504,421399999","t","4940686,105409000000000","-","","8893354,4863099996","t","904764794,69519997","0","t","0","2773092,71","t","67473732,789999992"
"2025","GO","Não-Metálicos","Dolomito e Magnesita","663055,87","t","632732,130000000000000","-","","612611,14000000001","t","66888828,740000002","0","t","0","50062,239999999998","t","3163516,9500000002"
"2025","GO","Não-Metálicos","Feldspato, Leucita e Nefelina-Sienito","37101,589999999997","t",",000000000000000","-","","37139,360000000001","t","5940185,0999999996","0","t","0","0","t","0"
"2025","GO","Não-Metálicos","Fosfato","2511254,3799999999","t","813686,540000000000000","t","P2O5","198068,41","t","68551526,230000004","0","t","0","2272929,7800000003","t","1057527613,05"
"2025","GO","Não-Metálicos","Rochas (Britadas) e Cascalho","14556324,468600001","t","4270092,034591000000000","-","","11873594,143689999","t","874276752,42480004","210093,47","t","11207545,029999999","270069,40000000002","t","12016471,52"
"2025","GO","Não-Metálicos","Vermiculita e Perlita","38934,580000000002","t","38934,580000000000000","t","","38934,580000000002","t","70474017,870000005","0","t","0","0","t","0"
"2025","MA","Metálicos","Ouro","2293,05827","kg","231,316500000000000","kg","Au","2294,3832899999998","kg","1392637329,5899999","0","kg","0","0","kg","0"
"2025","MA","Não-Metálicos","Areia","43642","t","29450,000000000000000","-","","21240,120000000003","t","940367,95999999996","0","t","0","0","t","0"
"2025","MA","Não-Metálicos","Argilas","116518,66999999998","t","82433,870000000000000","-","","52696,299999999996","t","11166943,48","20576,139999999999","t","177420,97","0","t","0"
"2025","MA","Não-Metálicos","Calcário","55665,330000000002","t","17425,920000000000000","-","","55357,43","t","104577077,48999999","0","t","0","0","t","0"
"2025","MA","Não-Metálicos","Gipsita","1219608,9299999999","t","1148225,100000000000000","-","","1234300,3600000001","t","86047677,290000007","0","t","0","0","t","0"
"2025","MA","Não-Metálicos","Rochas (Britadas) e Cascalho","5752887,3799999999","t","2510114,410000000000000","-","","5385365,5600000005","t","346548478,68000001","0","t","0","201201,17000000001","t","7851411,0099999998"
"2025","MG","Gemas e Diamantes","Diamante","1517,4100000000001","ct","1517,410000000000000","ct","","1609,5400000000004","ct","165062297,37","0","ct","0","0","ct","0"
"2025","MG","Gemas e Diamantes","Gemas","676,59730999999999","kg","676,165010000000000","kg","","525,26139999999998","kg","96233956,480000004","0","kg","0","0","kg","0"
"2025","MG","Metálicos","Alumínio (Bauxita)","943724,37","t","427346,560000000000000","t","Al2O3","58932,839999999997","t","24365153,829999998","0","t","0","863249,47999999998","t","81913540,400000006"
"2025","MG","Metálicos","Chumbo","8830,7900000000009","t","1913,860000000000000","t","Pb","8593,0499999999993","t","94816279,049999997","0","t","0","0","t","0"
"2025","MG","Metálicos","Columbita-Tantalita","140,40000000000001","t",",393060000000000","t","Ta2O5","0","t","0","0","t","0","140,40000000000001","t","44968493,18"
"2025","MG","Metálicos","Estanho","294571","kg","53227,000000000000000","kg","Sn","0","kg","0","0","kg","0","294571","kg","138504073,72"
"2025","MG","Metálicos","Ferro","280116781,92000002","t","168975277,580000000000000","t","Fe","230878321,60999995","t","81507368601,189972","3430045,3700000001","t","405095,06","28685200,220000003","t","6637670358,0600004"
"2025","MG","Metálicos","Lítio","640834,94999999995","t","52242,280000000000000","t","Li2O","109061,52","t","380464680,85000002","0","t","0","7031,71","t","17870650,539999999"
"2025","MG","Metálicos","Manganês","203434,26999999999","t","52899,790000000000000","t","Mn","215689,5","t","50708085,599999994","5102,1700000000001","t","7470,1899999999996","4157,8999999999996","t","5118,1999999999998"
"2025","MG","Metálicos","Ouro","32227,344259999994","kg","29986,605810000000000","kg","Au","33546,442629999998","kg","18733494637,409992","0","kg","0","0","kg","0"
"2025","MG","Metálicos","Prata","8571,9503000000004","kg","8571,950300000000000","kg","Ag","8869,7417100000002","kg","61552049,669999994","0","kg","0","0","kg","0"
"2025","MG","Metálicos","Zinco","333766,50999999995","t","131201,730000000000000","t","Zn","9110,3700000000008","t","22939444,210000001","0","t","0","324634,72999999998","t","623070527,33000004"
"2025","MG","Não-Metálicos","Areia","2590608,8199999994","t","404105,820000000000000","-","","2460091,6299999994","t","45125932,410000004","2,9999999999999999E-2","t","2,9999999999999999E-2","2,9999999999999999E-2","t","2,9999999999999999E-2"
"2025","MG","Não-Metálicos","Areias Industriais","272426,79000000004","t","112521,070000000000000","-","","214402,32000000001","t","27331682,339999996","16422,700000000001","t","311444,85999999999","74279,339999999997","t","12835972,25"
"2025","MG","Não-Metálicos","Argilas","838304,28000000014","t","363636,970000000000000","-","","82706,099999999991","t","113167640,12999998","376810,37","t","5698560,0800000001","356320,26000000001","t","37421049,400000006"
"2025","MG","Não-Metálicos","Calcário","42585920,519999996","t","22918655,830000000000000","-","","20311284,350000009","t","1720130945,6409998","13847706,43","t","225004819,68000001","10328569,209999999","t","289956574,84999996"
"2025","MG","Não-Metálicos","Cianita e outros minerais refratários","20,18","t",",000000000000000","-","","40,219999999999999","t","121135,16","0","t","0","0","t","0"
"2025","MG","Não-Metálicos","Dolomito e Magnesita","69807,76999999999","t","16429,480000000000000","-","","1002365,49","t","111861430,89","0","t","0","0","t","0"
"2025","MG","Não-Metálicos","Enxofre","115569,24000000001","t",",000000000000000","t","S","110299,62","t","112220100,09","0","t","0","5347,6800000000003","t","2972513,0499999998"
"2025","MG","Não-Metálicos","Feldspato, Leucita e Nefelina-Sienito","242117,22","t","242117,220000000000000","-","","247981,20999999999","t","42147174,979999997","0","t","0","0","t","0"
"2025","MG","Não-Metálicos","Fosfato","3701983,2999999998","t","1128751,920000000000000","t","P2O5","399959,40000000002","t","132711303,89","0","t","0","3428930,3399999999","t","2426692210,4099998"
"2025","MG","Não-Metálicos","Grafita","67287,589999999997","t","67287,570000000000000","t","","55912,910000000003","t","446760777,39999998","0","t","0","0","t","0"
"2025","MG","Não-Metálicos","Rochas (Britadas) e Cascalho","28381098,199999996","t","16076012,597500000000000","-","","25796893,570500012","t","2002529745,3359997","32960,019999999997","t","1416428,45","71188,649999999994","t","1494283,5"
"2025","MG","Não-Metálicos","Rochas Ornamentais","1218,76","t","1217,860000000000000","-","","1317,7300000000002","t","946023,57999999996","0","t","0","0","t","0"
"2025","MG","Não-Metálicos","Rochas Ornamentais - Outras","1646,6199999999999","t",",000000000000000","-","","1646,6199999999999","t","1742110,1299999999","0","t","0","0","t","0"
"2025","MG","Não-Metálicos","Talco e outras Cargas Minerais","544549,89199999999","t","428478,422500000000000","-","","355284,63650000002","t","110834929,448","0","t","0","0","t","0"
"2025","MS","Metálicos","Ferro","14730686,640000001","t","9524663,260000000000000","t","Fe","12510284,450000001","t","991160565,00999987","0","t","0","0","t","0"
"2025","MS","Metálicos","Manganês","299496,41000000003","t","122022,390000000000000","t","Mn","309095,73999999999","t","87767154,479999989","0","t","0","0","t","0"
"2025","MS","Não-Metálicos","Areia","286412,32000000001","t","286412,320000000000000","-","","280734,70999999996","t","12427722,810000001","0","t","0","0","t","0"
"2025","MS","Não-Metálicos","Argilas","149686,04999999999","t","45875,140000000000000","-","","97385,330000000002","t","4948619,5499999998","52301,220000000001","t","1654889,3899999999","0","t","0"
"2025","MS","Não-Metálicos","Calcário","5619642,9899999993","t","3539368,780000000000000","-","","5146789,0299999984","t","363522910,06000006","0","t","0","196979,42999999999","t","13829558,67"
"2025","MS","Não-Metálicos","Dolomito e Magnesita","499990","t","100,000000000000000","-","","430171,96000000002","t","35202823,829999998","0","t","0","0","t","0"
"2025","MS","Não-Metálicos","Fosfato","79160,900000000009","t",",000000000000000","t","P2O5","79557,810000000012","t","24954361,129999999","0","t","0","0","t","0"
"2025","MS","Não-Metálicos","Rochas (Britadas) e Cascalho","8115698,1000000015","t","2147284,280000000000000","-","","6964699,4999999981","t","453934088,00999999","408358,97999999998","t","13965457,91","77888,580000000002","t","3644022,9300000002"
"2025","MS","Não-Metálicos","Talco e outras Cargas Minerais","261340,22","t","261340,220000000000000","-","","261340,22","t","6056580,9199999999","0","t","0","0","t","0"
"2025","MT","Gemas e Diamantes","Diamante","176,86999999999998","ct","176,870000000000000","ct","","68,310000000000002","ct","212400","0","ct","0","0","ct","0"
"2025","MT","Metálicos","Chumbo","34949","t","12991,450000000000000","t","Pb","34259,279999999999","t","541902362,28999996","0","t","0","0","t","0"
"2025","MT","Metálicos","Cobre","28001","t","5941,340000000000000","t","Cu","28007,330000000002","t","397715582,08999997","0","t","0","0","t","0"
"2025","MT","Metálicos","Manganês","23150,91","t","18213,950000000000000","t","Mn","19585,25","t","12429451,51","0","t","0","0","t","0"
"2025","MT","Metálicos","Ouro","8953,4898399999965","kg","8841,578620000000000","kg","Au","8910,2544899999975","kg","5377439723,8999968","44,061","kg","0,12","0","kg","0"
"2025","MT","Metálicos","Zinco","69868","t","35163,700000000000000","t","Zn","0","t","0","0","t","0","68312,850000000006","t","354027532,08999997"
"2025","MT","Não-Metálicos","Areia","487174,41999999998","t","477811,940000000000000","-","","472956,25999999995","t","20473913,520000003","0","t","0","0","t","0"
"2025","MT","Não-Metálicos","Argilas","182530,51999999999","t","126949,040000000000000","-","","143091,19","t","60114143,200000003","0","t","0","43931,380000000005","t","2518702,5"
"2025","MT","Não-Metálicos","Calcário","17900238,756600007","t","6073284,276600000000000","-","","15327567,296600001","t","1431954810,6375401","0","t","0","2298133,0800000001","t","66074341,210000008"
"2025","MT","Não-Metálicos","Dolomito e Magnesita","3211308,3399999999","t","120514,530000000000000","-","","2927371,3199999998","t","191101059,97000003","0","t","0","0","t","0"
"2025","MT","Não-Metálicos","Quartzo (Cristal) e outros Piezelétricos","2,3900000000000001","t","2,390000000000000","-","","2,3900000000000001","t","47700","0","t","0","0","t","0"
"2025","MT","Não-Metálicos","Rochas (Britadas) e Cascalho","9885340,8433999997","t","3986609,153400000000000","-","","8713629,5733999982","t","568406059,97245979","0","t","0","82123,679999999993","t","4768255,1500000004"
"2025","PA","Metálicos","Alumínio (Bauxita)","30954815,080000002","t","11302698,840000000000000","t","Al2O3","30695628,850000001","t","5830316908,1000004","0","t","0","0","t","0"
"2025","PA","Metálicos","Cobre","1214766,8500000001","t","343114,400000000000000","t","Cu","1062852,51","t","23971261381,190002","0","t","0","0","t","0"
"2025","PA","Metálicos","Estanho","1261951,5600000001","kg","1004455,240000000000000","kg","Sn","1191807,5600000001","kg","125781694,50000001","0","kg","0","0","kg","0"
"2025","PA","Metálicos","Ferro","172795666,62","t","110569165,480000000000000","t","Fe","172284695,67000002","t","65974517148,389999","155444,48999999999","t","10119092,07","1226422,03","t","324383132,40000004"
"2025","PA","Metálicos","Manganês","888348,03000000003","t","494502,420000000000000","t","Mn","762934,35999999999","t","319545120,92000002","0","t","0","0","t","0"
"2025","PA","Metálicos","Níquel","82413,949999999997","t","26118,180000000000000","t"," Ni","77779,880000000005","t","1867927367,04","0","t","0","0","t","0"
"2025","PA","Metálicos","Ouro","7676,9265200000009","kg","7675,315650000000000","kg","Au","7778,386770000001","kg","4741973332,2400007","0","kg","0","0","kg","0"
"2025","PA","Metálicos","Prata","969,29549999999995","kg","969,295490000000000","kg","Ag","968,89792999999986","kg","6610057,7999999998","0","kg","0","0","kg","0"
"2025","PA","Não-Metálicos","Areia","9859,3899999999994","t","650,000000000000000","-","","9431,0399999999991","t","975821,56999999995","0","t","0","0","t","0"
"2025","PA","Não-Metálicos","Argilas","21164,400000000001","t","20148,070000000000000","-","","1164,4000000000001","t","747471,81000000006","0","t","0","0","t","0"
"2025","PA","Não-Metálicos","Calcário","3188673,0499999998","t","1170708,590000000000000","-","","1432770,6300000001","t","117515966,68000001","0","t","0","1798390,3","t","69837784,280000001"
"2025","PA","Não-Metálicos","Caulim","632768,88","t","75099,610000000000000","-","","645218,96999999997","t","569193402,75999999","0","t","0","0","t","0"
"2025","PA","Não-Metálicos","Dolomito e Magnesita","284693,09999999998","t","284693,100000000000000","-","","284693,09999999998","t","19053723,32","0","t","0","0","t","0"
"2025","PA","Não-Metálicos","Fosfato","41012,529999999999","t","8407,560000000000000","t","P2O5","75162,779999999999","t","1350947,49","0","t","0","0","t","0"
"2025","PA","Não-Metálicos","Gipsita","74362,289999999994","t","74362,290000000000000","-","","74362,289999999994","t","14716142,470000001","0","t","0","0","t","0"
"2025","PA","Não-Metálicos","Rochas (Britadas) e Cascalho","2997042,4399999999","t","2969891,530000000000000","-","","2966480,0299999998","t","278273389,43000001","0","t","0","17595","t","0,12"
"2025","PB","Gemas e Diamantes","Gemas","1,1999999999999999E-3","kg",",001200000000000","kg","","0","kg","0","0","kg","0","0","kg","0"
"2025","PB","Não-Metálicos","Areias Industriais","155,90000000000001","t",",000000000000000","-","","155,90000000000001","t","7795","155,90000000000001","t","7795","155,90000000000001","t","7795"
"2025","PB","Não-Metálicos","Argilas","448923,48999999999","t","402807,490000000000000","-","","379747,35999999999","t","45968549,340000004","43437,959999999999","t","970419,18999999994","23060,130000000001","t","959964,68000000005"
"2025","PB","Não-Metálicos","Calcário","3203787,25","t","1619563,830000000000000","-","","1646382,5700000001","t","34992156,560000002","1545821,6499999999","t","24644560,829999998","0","t","0"
"2025","PB","Não-Metálicos","Dolomito e Magnesita","1700","t","1500,000000000000000","-","","451,93000000000001","t","55865,900000000001","0","t","0","0","t","0"
"2025","PB","Não-Metálicos","Feldspato, Leucita e Nefelina-Sienito","283121,82000000001","t","140500,000000000000000","-","","250140,10000000001","t","15113654,07","0","t","0","0","t","0"
"2025","PB","Não-Metálicos","Rochas (Britadas) e Cascalho","3195073,4900000002","t","1366026,090000000000000","-","","2918651,7899999996","t","157365816,88000003","0","t","0","0","t","0"
"2025","PB","Não-Metálicos","Rochas Ornamentais","9760,7999999999993","t",",000000000000000","-","","8997,5699999999997","t","23591420,600000001","597,38","t","58571,589999999997","0","t","0"
"2025","PE","Metálicos","Ouro","17,551600000000001","kg","15,649250000000000","kg","Au","14,1976","kg","7494570,8600000003","0","kg","0","0","kg","0"
"2025","PE","Não-Metálicos","Areia","5800","t",",000000000000000","-","","5932,5","t","363809","0","t","0","0","t","0"
"2025","PE","Não-Metálicos","Areias Industriais","133153,82000000001","t",",000000000000000","-","","0","t","0","0","t","0","43861,050000000003","t","5234291,6799999997"
"2025","PE","Não-Metálicos","Argilas","17704,25","t","11056,000000000000000","-","","10956","t","1255383,45","6748,25","t","1463603,5700000001","0","t","0"
"2025","PE","Não-Metálicos","Calcário","128470,50999999999","t","33908,090000000000000","-","","128470,50999999999","t","2408742,96","0","t","0","0","t","0"
"2025","PE","Não-Metálicos","Gipsita","1578895,3300000003","t","857980,070000000000000","-","","1351214,5900000001","t","71428828,039999977","0","t","0","183576,28","t","33260729,440000001"
"2025","PE","Não-Metálicos","Rochas (Britadas) e Cascalho","7352026,6800000006","t","4259653,260000000000000","-","","40460753,619999997","t","379850315,25000006","0","t","0","267322,78000000003","t","14931485,369999999"
"2025","PE","Não-Metálicos","Vermiculita e Perlita","3859,0900000000001","t","3169,650000000000000","t","","1325,52","t","6786742,9000000004","0","t","0","0","t","0"
"2025","PI","Gemas e Diamantes","Diamante","8511,9300000000003","ct","1357,910000000000000","ct","","0","ct","0","0","ct","0","0","ct","0"
"2025","PI","Não-Metálicos","Areia","64257,419999999998","t","68,350000000000000","-","","64257,419999999998","t","2510211,9900000002","0","t","0","0","t","0"
"2025","PI","Não-Metálicos","Argilas","37868,5","t","37868,500000000000000","-","","19935,240000000002","t","3326274,96","840","t","7560","4028,5","t","150223,39999999999"
"2025","PI","Não-Metálicos","Calcário","1250701,9799999997","t","500391,630000000000000","-","","1246178,54","t","135707147,81999999","0","t","0","0","t","0"
"2025","PI","Não-Metálicos","Rochas (Britadas) e Cascalho","1865225,3800000004","t","735511,240000000000000","-","","1793110,5100000002","t","148262065,55999997","0","t","0","0","t","0"
"2025","PI","Não-Metálicos","Rochas Ornamentais","21968,200000000001","t",",000000000000000","-","","21968,200000000001","t","1839746,3899999999","0","t","0","0","t","0"
"2025","PR","Metálicos","Ouro","194,65277","kg","192,008760000000000","kg","Au","295,01193000000001","kg","185275461,88999999","0","kg","0","0","kg","0"
"2025","PR","Metálicos","Prata","57,265570000000004","kg","56,692910000000000","kg","Ag","20","kg","145250","0","kg","0","0","kg","0"
"2025","PR","Não-Metálicos","Areia","4158215,4099999997","t","2911877,280000000000000","-","","3991364,8399999994","t","99769528,390000015","37981,75","t","114741,60000000001","0","t","0"
"2025","PR","Não-Metálicos","Areias Industriais","1989,46","t","1989,460000000000000","-","","1989,46","t","346423","0","t","0","0","t","0"
"2025","PR","Não-Metálicos","Argilas","30765,73","t","30720,870000000000000","-","","30717,259999999998","t","11057708,6","0","t","0","0","t","0"
"2025","PR","Não-Metálicos","Calcário","18186766,280000009","t","12599829,610000000000000","-","","6253220,5099999998","t","342927955,72999996","0","t","0","11948889,77","t","298118705,06"
"2025","PR","Não-Metálicos","Caulim","19666,060000000001","t","19666,060000000000000","-","","19666,060000000001","t","2985199,3500000001","0","t","0","0","t","0"
"2025","PR","Não-Metálicos","Dolomito e Magnesita","544664,83000000007","t","485379,440000000000000","-","","451324,10000000003","t","32666592,970000003","0","t","0","87561,479999999996","t","31308815,190000001"
"2025","PR","Não-Metálicos","Feldspato, Leucita e Nefelina-Sienito","102905","t",",000000000000000","-","","0","t","0","0","t","0","102381,50999999999","t","7728958,6100000003"
"2025","PR","Não-Metálicos","Fluorita e Criolita","30233,190000000002","t","25069,690000000000000","t","","31447,190000000002","t","48328193,770000003","0","t","0","0","t","0"
"2025","PR","Não-Metálicos","Rochas (Britadas) e Cascalho","25055569,421583995","t","13854877,470000000000000","-","","21117853,721584007","t","998482448,47339571","690891,19999999995","t","14796670,430000002","2927357,9100000001","t","72059818,950000003"
"2025","PR","Não-Metálicos","Rochas Ornamentais","71795,209999999992","t","1356,000000000000000","-","","70786,799999999988","t","4194807,8099999996","0","t","0","0","t","0"
"2025","PR","Não-Metálicos","Rochas Ornamentais - Outras","3480","t",",000000000000000","-","","3480","t","40000","0","t","0","0","t","0"
"2025","PR","Não-Metálicos","Saibro","17010","t",",000000000000000","-","","12205,6","t","424829,90999999997","0","t","0","0","t","0"
"2025","PR","Não-Metálicos","Talco e outras Cargas Minerais","333375,83841600001","t","325356,810000000000000","-","","71929,758415999997","t","16966183,756604001","0","t","0","260821,75","t","10079931,83"
"2025","RJ","Não-Metálicos","Areia","118174,08","t","118174,080000000000000","-","","118174,08","t","3431548,4300000002","0","t","0","0","t","0"
"2025","RJ","Não-Metálicos","Argilas","82060,330000000002","t",",000000000000000","-","","0","t","0","34482","t","335680","82060,330000000002","t","466682,67000000004"
"2025","RJ","Não-Metálicos","Calcário","2259153,6600000001","t","146758,220000000000000","-","","146758,22","t","24643936,349999998","546284","t","6091585","2112395,46","t","46952824,579999998"
"2025","RJ","Não-Metálicos","Feldspato, Leucita e Nefelina-Sienito","13480,549999999999","t","13480,550000000000000","-","","13480,549999999999","t","403840","0","t","0","0","t","0"
"2025","RJ","Não-Metálicos","Fluorita e Criolita","1","t","1,000000000000000","t","","0","t","0","0","t","0","0","t","0"
"2025","RJ","Não-Metálicos","Rochas (Britadas) e Cascalho","14995897,370000001","t","10332318,260000000000000","-","","13247822,960000001","t","818193006,05999994","0","t","0","394526,46999999997","t","20240165,900000002"
"2025","RN","Gemas e Diamantes","Gemas","6,1041099999999995","kg","6,104110000000000","kg","","9,0992499999999996","kg","28565718,550000001","0","kg","0","0","kg","0"
"2025","RN","Metálicos","Ferro","54229,199999999997","t","12849,180000000000000","t","Fe","54229,199999999997","t","6244499,25","0","t","0","0","t","0"
"2025","RN","Metálicos","Ouro","935,45172000000002","kg","935,451720000000000","kg","Au","876,95637999999997","kg","592886064,82000005","0","kg","0","0","kg","0"
"2025","RN","Metálicos","Tungstênio","367,63999999999999","t","277,000000000000000","t","WO3","374","t","48335494,939999998","0","t","0","0","t","0"
"2025","RN","Não-Metálicos","Argilas","405285,71000000002","t","405285,700000000000000","-","","405285,71000000002","t","405285,71000000002","0","t","0","0","t","0"
"2025","RN","Não-Metálicos","Calcário","3146268,8900000001","t","2805326,890000000000000","-","","2806055,3900000001","t","59911235,590000004","0","t","0","0","t","0"
"2025","RN","Não-Metálicos","Dolomito e Magnesita","89160,309999999998","t",",000000000000000","-","","89160,309999999998","t","13882186,5","0","t","0","0","t","0"
"2025","RN","Não-Metálicos","Rochas (Britadas) e Cascalho","1540416,25","t","369339,100000000000000","-","","1280086,4100000001","t","92203695,350000009","0","t","0","242169,84000000003","t","12091243,060000001"
"2025","RN","Não-Metálicos","Rochas Ornamentais","5997,6000000000004","t","5997,580000000000000","-","","4290,0100000000002","t","31114886,199999999","0","t","0","0","t","0"
"2025","RO","Metálicos","Chumbo","8315","t","5187,440000000000000","t","Pb","8589","t","91390965,959999993","0","t","0","0","t","0"
"2025","RO","Metálicos","Cobre","50","t","15,800000000000000","t","Cu","91,170000000000002","t","1496729,96","0","t","0","0","t","0"
"2025","RO","Metálicos","Columbita-Tantalita","118374,93250000001","t","151,711031000000000","t","Nb2O5","118339,67","t","51507024,637000002","0","t","0","0","t","0"
"2025","RO","Metálicos","Columbita-Tantalita","3,5175000000000001","t",",001269000000000","t","Ta2O5","2,5","t","296892,283","0","t","0","0","t","0"
"2025","RO","Metálicos","Estanho","6682312,1500000004","kg","3517157,310000000000000","kg","Sn","6231963,1400000006","kg","601458909,05999982","0","kg","0","527029,06999999995","kg","62494697,840000004"
"2025","RO","Metálicos","Ouro","626,0471399999999","kg","626,047140000000000","kg","Au","626,0471399999999","kg","332412692,88","0","kg","0","0","kg","0"
"2025","RO","Metálicos","Titânio","822966,28000000003","t","822952,600000000000000","t","TiO2","822947,83999999997","t","1225685,6299999999","0","t","0","0","t","0"
"2025","RO","Metálicos","Zinco","40566","t","21454,300000000000000","t","Zn","40429,110000000001","t","315472737,81999999","0","t","0","0","t","0"
"2025","RO","Não-Metálicos","Areia","14,66","t","14,660000000000000","-","","14,66","t","1010","0","t","0","0","t","0"
"2025","RO","Não-Metálicos","Calcário","110771","t","110771,000000000000000","-","","111559","t","9774341,0099999998","0","t","0","0","t","0"
"2025","RO","Não-Metálicos","Rochas (Britadas) e Cascalho","1380095,6499999999","t","1151394,240000000000000","-","","1323601,8100000003","t","114889089,08","2608,71","t","215534,79999999999","19021,43","t","999565,79000000004"
"2025","RR","Não-Metálicos","Rochas (Britadas) e Cascalho","320078,08999999997","t","118475,080000000000000","-","","320078,08999999997","t","31112740,300000001","0","t","0","0","t","0"
"2025","RS","Energéticos","Carvão Mineral","4889750,5500000007","t","2771666,800000000000000","-","","4796109,1600000001","t","610174612,77999997","0","t","0","0","t","0"
"2025","RS","Não-Metálicos","Areia","18517","t","18517,000000000000000","-","","18517","t","655648","0","t","0","0","t","0"
"2025","RS","Não-Metálicos","Argilas","13711","t","13711,000000000000000","-","","13108,380000000001","t","3496668,75","0","t","0","0","t","0"
"2025","RS","Não-Metálicos","Calcário","4289992,3300000001","t","3503927,670000000000000","-","","3835680,0600000005","t","347790279,64000005","0","t","0","201204,59","t","4902919,5300000003"
"2025","RS","Não-Metálicos","Caulim","12089,950000000001","t",",000000000000000","-","","12089,950000000001","t","7127978,0800000001","0","t","0","0","t","0"
"2025","RS","Não-Metálicos","Rochas (Britadas) e Cascalho","38888360,529999994","t","17594164,180000000000000","-","","30003846,569999989","t","924827389,51000035","1065869,5","t","28370749,73","3518936,1599999997","t","74704699,99000001"
"2025","RS","Não-Metálicos","Rochas Ornamentais - Outras","6215,3999999999996","t","4293,000000000000000","-","","6057,3999999999996","t","899023","0","t","0","1922,4000000000001","t","49840"
"2025","RS","Não-Metálicos","Saibro","25000","t","18785,200000000000000","-","","18785,200000000001","t","466388,5","0","t","0","0","t","0"
"2025","SC","Energéticos","Carvão Mineral","2165012,21","t","19434,020000000000000","-","","2148194,1199999996","t","983209983,19999981","6339,2399999999998","t","2846382,1499999999","1010,71","t","161016,17000000001"
"2025","SC","Não-Metálicos","Areia","1947547,2999999998","t","1517233,250000000000000","-","","1723616,6399999999","t","122720818,55999999","5740,8500000000004","t","141284,10000000001","0","t","0"
"2025","SC","Não-Metálicos","Areias Industriais","745178,33999999997","t","165355,210000000000000","-","","779370,33999999997","t","77918568,359999999","0","t","0","0","t","0"
"2025","SC","Não-Metálicos","Argilas","111477,79999999999","t","108077,700000000000000","-","","107631,66999999998","t","11505424,880000001","0","t","0","0","t","0"
"2025","SC","Não-Metálicos","Calcário","2157267,8799999999","t","1707621,280000000000000","-","","2162419,1200000001","t","78192196,640000001","0","t","0","0","t","0"
"2025","SC","Não-Metálicos","Caulim","1446,3299999999999","t","1446,330000000000000","-","","1446,3299999999999","t","546180,57999999996","0","t","0","0","t","0"
"2025","SC","Não-Metálicos","Enxofre","2451,8899999999999","t",",000000000000000","t","S","2451,8899999999999","t","1312393,1799999999","0","t","0","0","t","0"
"2025","SC","Não-Metálicos","Feldspato, Leucita e Nefelina-Sienito","157717,90000000002","t",",000000000000000","-","","144894,97999999998","t","48695313,030000001","0","t","0","0","t","0"
"2025","SC","Não-Metálicos","Rochas (Britadas) e Cascalho","31311975,140000012","t","15276878,270000000000000","-","","28104194,360000022","t","1452843049,5700006","966548,14000000001","t","33676755,099999994","858884,22999999998","t","18794106,939999998"
"2025","SC","Não-Metálicos","Rochas Ornamentais - Outras","33397,050000000003","t","1519,800000000000000","-","","32589,549999999999","t","798633,19999999995","0","t","0","0","t","0"
"2025","SC","Não-Metálicos","Saibro","714035,83000000007","t","708999,480000000000000","-","","664467,82000000007","t","36421933,989999995","51195,150000000001","t","806179,20999999996","0","t","0"
"2025","SE","Não-Metálicos","Areias Industriais","51718,519999999997","t","51718,520000000000000","-","","51485,940000000002","t","9005096,3000000007","0","t","0","0","t","0"
"2025","SE","Não-Metálicos","Calcário","3887804,8700000001","t","228624,000000000000000","-","","443907","t","13444605,459999999","0","t","0","3443897,8700000001","t","57983485,799999997"
"2025","SE","Não-Metálicos","Potássio","422325,72999999998","t","244948,930000000000000","t","K2O","425936,03000000003","t","881797293,08000004","0","t","0","0","t","0"
"2025","SE","Não-Metálicos","Rochas (Britadas) e Cascalho","1834652,6200000001","t","1364024,410000000000000","-","","1568372,05","t","110247876,75","0","t","0","257244,28","t","7712485,4500000002"
"2025","SP","Energéticos","Turfa","1491","t","1491,000000000000000","-","","1491","t","62522","0","t","0","0","t","0"
"2025","SP","Metálicos","Ferro","271812,06","t","204891,930000000000000","t","Fe","271812,06","t","11710182,09","0","t","0","0","t","0"
"2025","SP","Não-Metálicos","Areia","16726797,899999997","t","6902295,190000000000000","-","","16777413,049999993","t","740101723,78000033","0","t","0","0","t","0"
"2025","SP","Não-Metálicos","Areias Industriais","4524403,79","t","3539594,870000000000000","-","","3824590,1900000013","t","413919740,47000009","0","t","0","322764,31999999995","t","38255741,520000003"
"2025","SP","Não-Metálicos","Argilas","1448885,8600000001","t","532139,080000000000000","-","","1007649,7999999999","t","37479114,11999999","0","t","0","377881,65000000002","t","23660293,239999998"
"2025","SP","Não-Metálicos","Calcário","9663522,3300000001","t","3384584,640000000000000","-","","2960107,71","t","348078119,27999997","53357,879999999997","t","5869366,7999999998","6858627,9800000004","t","240882953,32999998"
"2025","SP","Não-Metálicos","Caulim","82929,490000000005","t","82929,490000000000000","-","","82929,490000000005","t","60166059,200000003","0","t","0","0","t","0"
"2025","SP","Não-Metálicos","Dolomito e Magnesita","2078484,8200000001","t","1407262,630000000000000","-","","2066222,1800000002","t","255577622,16","0","t","0","319,60000000000002","t","38869,82"
"2025","SP","Não-Metálicos","Feldspato, Leucita e Nefelina-Sienito","324,38","t","324,380000000000000","-","","324,38","t","89261,899999999994","0","t","0","0","t","0"
"2025","SP","Não-Metálicos","Fosfato","1982755,73","t","891139,540000000000000","t","P2O5","1255319,49","t","34399655,5","727436,23999999999","t","510864658,14999998","0","t","0"
"2025","SP","Não-Metálicos","Rochas (Britadas) e Cascalho","78239243,179999962","t","40866475,770000000000000","-","","69003711,570000023","t","4106045138,4099994","171287,45999999999","t","13662427,470000003","3469403,29","t","243044571,64000002"
"2025","SP","Não-Metálicos","Rochas Ornamentais - Outras","4200","t","4200,000000000000000","-","","4098,5699999999997","t","1468883,8500000001","0","t","0","0","t","0"
"2025","SP","Não-Metálicos","Talco e outras Cargas Minerais","767826,58000000007","t","130456,310000000000000","-","","767826,58000000007","t","67976320,5","0","t","0","0","t","0"
"2025","TO","Metálicos","Ferro","1112","t","612,000000000000000","t","Fe","1000","t","83240","0","t","0","0","t","0"
"2025","TO","Metálicos","Manganês","28366,900000000001","t","17981,750000000000000","t","Mn","28162,549999999999","t","8178965,9100000001","0","t","0","0","t","0"
"2025","TO","Metálicos","Ouro","4299,5218700000005","kg","1799,435410000000000","kg","Au","1773,1565200000002","kg","1106575004,99","2500","kg","61350","0","kg","0"
"2025","TO","Metálicos","Zircônio","2836,5","t","2836,500000000000000","t","ZrSiO4","2836,5","t","20592195,359999999","0","t","0","0","t","0"
"2025","TO","Não-Metálicos","Areia","139928,04999999999","t",",000000000000000","-","","147378","t","6789909,1299999999","0","t","0","0","t","0"
"2025","TO","Não-Metálicos","Calcário","7197334,8399999999","t","4332416,870000000000000","-","","6314818,0399999991","t","554142882,61000001","0","t","0","872683,27000000002","t","25384457,239999998"
"2025","TO","Não-Metálicos","Dolomito e Magnesita","1136891,5600000001","t","291302,160000000000000","-","","1150923,8599999999","t","112406905,22999999","0","t","0","0","t","0"
"2025","TO","Não-Metálicos","Fosfato","350239,46999999997","t","48700,480000000000000","t","P2O5","163486,5","t","22325528,110000003","96815","t","25065662","0","t","0"
"2025","TO","Não-Metálicos","Gipsita","80453,580000000002","t","80453,580000000000000","-","","80191,240000000005","t","7372717,4100000001","0","t","0","0","t","0"
"2025","TO","Não-Metálicos","Minerais Industriais (Outros)","0,92000000000000004","t",",920000000000000","-","","14","t","2948400","0","t","0","0","t","0"
"2025","TO","Não-Metálicos","Quartzo (Cristal) e outros Piezelétricos","200","t","200,000000000000000","-","","50","t","2469,6999999999998","0","t","0","0","t","0"
"2025","TO","Não-Metálicos","Rochas (Britadas) e Cascalho","1433308,8599999999","t","443991,460000000000000","-","","1354889,6499999999","t","100492412,7","6769,5699999999997","t","618527,42999999993","0","t","0"
