"Ano base","UF","Classe Substância","Substância Mineral","Quantidade Produção - Minério ROM (t)","Quantidade Contido","Unidade de Medida - Contido","Indicação Contido","Quantidade Venda (t)","Valor Venda (R$)","Quantidade Transformação / Consumo / Utilização (t)","Valor Transformação / Consumo / Utilização nesta mina (R$)","Quantidade Transferência para Transformação / Utilização / Consumo (t)","Valor Transferência para Transformação / Utilização / Consumo (R$)"
"2010","AC","Não-Metálicos","Areia","155024,500000",",000000000000000","-","","127314,03","2400373,5300000003",",000000",",000000",",000000",",000000"
"2010","AL","Não-Metálicos","Sal","748163,990000",",000000000000000","-","","2013,76","44811,360000000001",",000000",",000000","746150,230000","3946792,220000"
"2010","AL","Não-Metálicos","Argilas","273110,200000",",000000000000000","-","","0","0","86078,940000","281936,580000","183651,000000","1438553,950000"
"2010","AL","Não-Metálicos","Saibro","10859,120000",",000000000000000","-","","10653,120000000001","148295,27000000002",",040000",",040000",",040000",",040000"
"2010","AL","Não-Metálicos","Rochas (Britadas) e Cascalho","808072,600000",",000000000000000","-","","0","0",",000000",",000000",",000000",",000000"
"2010","AL","Não-Metálicos","Calcário","1006305,330000",",000000000000000","-","","0","0",",000000",",000000",",000000",",000000"
"2010","AL","Não-Metálicos","Areia","108938,810000",",000000000000000","-","","87835,170000000013","1258464,05","15569,000000","103555,700000",",000000",",000000"
"2010","AL","Não-Metálicos","Rochas Ornamentais","78,000000",",000000000000000","-","","72","2376",",000000",",000000",",000000",",000000"
"2010","AM","Não-Metálicos","Argilas","320738,750000",",000000000000000","-","","8695","76840",",000000",",000000","312043,750000","1618954,080000"
"2010","AM","Metálicos","Zircônio",",000000",",000000000000000","t","ZrSiO4","0","0",",000000",",000000",",000000",",000000"
"2010","AM","Não-Metálicos","Rochas (Britadas) e Cascalho","358313,500000",",000000000000000","-","","10702,01","693544,31000000006",",000000",",000000",",000000",",000000"
"2010","AM","Não-Metálicos","Areia","210432,540000",",000000000000000","-","","144549,39999999999","947265,40000000002","1105,000000","9655,000000","64000,000000","415560,000000"
"2010","AM","Metálicos","Ferro","35868,950000","25108,260000000000000","t","Fe","0","0",",000000",",000000","35868,950000","176475,230000"
"2010","AM","Não-Metálicos","Calcário","603600,000000",",000000000000000","-","","0","0",",000000",",000000","603600,000000","2601516,000000"
"2010","AM","Metálicos","Columbita-Tantalita","7687486,000000","1922,302990000000000","t","Nb2O5","0","0",",000000",",000000",",000000",",000000"
"2010","AM","Metálicos","Estanho","7687486,000000","2784170,000000000000000","kg","Sn","0","0",",000000",",000000",",000000",",000000"
"2010","AM","Não-Metálicos","Gipsita","35115,980000",",000000000000000","-","","0","0",",000000",",000000","35115,980000","157670,750000"
"2010","AP","Não-Metálicos","Argilas","44645,600000",",000000000000000","-","","820","24600","825,600000","6604,800000","31000,000000","2654000,000000"
"2010","AP","Metálicos","Ouro","7444,410000","20,110000000000000","kg","Au","0","0",",000000",",000000",",000000",",000000"
"2010","AP","Metálicos","Ferro","10054504,930000","4665114,510000000000000","t","Fe","0","0",",000000",",000000",",000000",",000000"
"2010","AP","Não-Metálicos","Rochas (Britadas) e Cascalho","192549,100000",",000000000000000","-","","69396,199999999997","1755049,72",",000000",",000000",",000000",",000000"
"2010","AP","Não-Metálicos","Areia","126080,000000",",000000000000000","-","","122227","853422,09999999998",",000000",",000000",",000000",",000000"
"2010","AP","Metálicos","Cromo","273926,000000","36075,000000000000000","t","Cr2O3","0","0",",000000",",000000",",000000",",000000"
"2010","AP","Não-Metálicos","Saibro","91690,900000",",000000000000000","-","","82260,899999999994","324112,89999999997",",000000",",000000",",000000",",000000"
"2010","AP","Não-Metálicos","Caulim","881427,000000",",000000000000000","-","","0","0",",000000",",000000",",000000",",000000"
"2010","BA","Não-Metálicos","Grafita","424955,000000","35016,290000000000000","t","","0","0",",000000",",000000",",000000",",000000"
"2010","BA","Não-Metálicos","Diatomita","9214,000000",",000000000000000","-","","7902","1589587,5",",000000",",000000","196,000000","149737,570000"
"2010","BA","Não-Metálicos","Argilas","782241,100000",",000000000000000","-","","213782,85000000001","1173656,54","58480,000000","187663,290000","369040,530000","1238072,820000"
"2010","BA","Não-Metálicos","Geodos, Ágatas, Calcedônia, etc","224,080000","224,080000000000000","t","","230,08000000000001","427560,31999999995",",000000",",000000",",000000",",000000"
"2010","BA","Não-Metálicos","Caulim","72388,000000",",000000000000000","-","","35882","346881,52000000002",",000000",",000000",",000000",",000000"
"2010","BA","Metálicos","Níquel","3636421,840000","19899,000000000000000","t"," Ni","0","0",",000000",",000000",",000000",",000000"
"2010","BA","Não-Metálicos","Feldspato, Leucita e Nefelina-Sienito","2860,000000",",000000000000000","-","","2912","195424",",000000",",000000",",000000",",000000"
"2010","BA","Metálicos","Cromo","1148025,390000","193842,280000000000000","t","Cr2O3","0","0",",000000",",000000",",000000",",000000"
"2010","BA","Não-Metálicos","Fosfato","582336,350000","108909,410000000000000","t","P2O5","0","0",",000000",",000000",",000000",",000000"
"2010","BA","Não-Metálicos","Areia","1089726,500000",",000000000000000","-","","1058880,25","10362093,109999998",",000000",",000000","17067,730000","201261,690000"
"2010","BA","Gemas e Diamantes","Diamante","5856,630000","1103,200000000000000","ct","","0","0",",000000",",000000",",000000",",000000"
"2010","BA","Não-Metálicos","Dolomito e Magnesita","1423699,000000",",000000000000000","-","","53","25257,07",",000000",",000000","108553,000000","1085955,920000"
"2010","BA","Não-Metálicos","Bário","35271,970000","31174,270000000000000","t","BaSO4","7953,9700000000003","954476,40000000002",",000000",",000000",",000000",",000000"
"2010","BA","Não-Metálicos","Areias Industriais","24824,790000",",000000000000000","-","","24543,560000000001","2940088,4300000002",",000000",",000000","321,000000","120710,000000"
"2010","BA","Não-Metálicos","Calcário","1586269,030000",",000000000000000","-","","9729","159691,07999999999",",000000",",000000",",000000",",000000"
"2010","BA","Metálicos","Cobre","2196025,600000","28665,700000000000000","t","Cu","0","0",",000000",",000000",",000000",",000000"
"2010","BA","Não-Metálicos","Vermiculita e Perlita","1808,000000","859,350000000000000","t","","0","0",",000000",",000000",",000000",",000000"
"2010","BA","Não-Metálicos","Rochas (Britadas) e Cascalho","5504399,600000",",000000000000000","-","","21219","510182,42999999999",",000000",",000000",",000000",",000000"
"2010","BA","Não-Metálicos","Sal","667209,640000",",000000000000000","-","","0","0",",000000",",000000","667209,640000","21859132,450000"
"2010","BA","Não-Metálicos","Saibro","99983,600000",",000000000000000","-","","74466,5","510494,21999999997",",000000",",000000",",000000",",000000"
"2010","BA","Não-Metálicos","Rochas Ornamentais","171429,770000",",000000000000000","-","","136283,35000000001","34119734,809999995",",000000",",000000","21313,340000","1512073,990000"
"2010","BA","Não-Metálicos","Talco e outras Cargas Minerais","159566,070000",",000000000000000","-","","242","62349",",000000",",000000","45551,990000","15726840,250000"
"2010","BA","Metálicos","Manganês","29358,000000","10980,800000000000000","t","Mn","0","0",",000000",",000000","21549,530000","1942650,700000"
"2010","BA","Metálicos","Ouro","3274683,000000","6399,663310000000000","kg","Au","0","0",",000000",",000000",",000000",",000000"
"2010","BA","Não-Metálicos","Rochas Ornamentais - Outras","5681,950000",",000000000000000","-","","1964,8299999999999","991848,83000000007",",000000",",000000","3148,900000","1910231,650000"
"2010","CE","Não-Metálicos","Rochas Ornamentais","52989,210000",",000000000000000","-","","53515,689999999995","17169668,439999998",",000000",",000000","3953,020000","491881,600000"
"2010","CE","Metálicos","Manganês","4000,000000","1040,000000000000000","t","Mn","0","0",",000000",",000000",",000000",",000000"
"2010","CE","Não-Metálicos","Calcário","3232999,770000",",000000000000000","-","","462651,87","3552919,46","214432,990000","3183498,140000","390992,950000","4455846,500000"
"2010","CE","Gemas e Diamantes","Gemas",",000000",",000000000000000","kg","","0","0",",000000",",000000",",000000",",000000"
"2010","CE","Não-Metálicos","Argilas","1950747,500000",",000000000000000","-","","178484,26999999999","2169519,6299999999","676209,480000","2410210,210000","1072458,950000","4926583,460000"
"2010","CE","Não-Metálicos","Fosfato",",000000",",000000000000000","t","P2O5","0","0",",000000",",000000",",000000",",000000"
"2010","CE","Energéticos","Urânio e outros Radioativos",",000000",",000000000000000","t","","0","0",",000000",",000000",",000000",",000000"
"2010","CE","Metálicos","Ferro","55331,960000","27873,300000000000000","t","Fe","53836,599999999999","3088033,9700000002",",000000",",000000","1495,360000","37384,000000"
"2010","CE","Não-Metálicos","Areia","1376405,550000",",000000000000000","-","","1185247,6099999999","7467448,7599999988",",000000",",000000","200049,060000","384536,840000"
"2010","CE","Não-Metálicos","Areias Industriais","194508,520000",",000000000000000","-","","0","0","150,000000","12000,000000","100,000000","12000,000000"
"2010","CE","Não-Metálicos","Rochas (Britadas) e Cascalho","3559542,500000",",000000000000000","-","","0","0",",000000",",000000",",000000",",000000"
"2010","CE","Não-Metálicos","Rochas Ornamentais - Outras","82458,080000",",000000000000000","-","","82380,98000000001","5353748,4199999999",",000000",",000000",",000000",",000000"
"2010","CE","Não-Metálicos","Mica","965,700000",",000000000000000","-","","0","0",",000000",",000000","965,700000","308924,000000"
"2010","CE","Não-Metálicos","Gipsita","81532,390000",",000000000000000","-","","81532,389999999999","2083199,3400000001",",000000",",000000",",000000",",000000"
"2010","CE","Não-Metálicos","Saibro","44760,700000",",000000000000000","-","","35136,699999999997","88539,369999999995",",000000",",000000","9624,000000","15975,840000"
"2010","CE","Não-Metálicos","Dolomito e Magnesita","90256,030000",",000000000000000","-","","87866,029999999999","1689148,03",",000000",",000000",",000000",",000000"
"2010","DF","Não-Metálicos","Rochas (Britadas) e Cascalho","590274,140000",",000000000000000","-","","17918,129999999997","168850,45000000001",",000000",",000000",",000000",",000000"
"2010","DF","Não-Metálicos","Argilas","232516,260000",",000000000000000","-","","0","0","109156,180000","583474,360000","123360,080000","1538342,030000"
"2010","DF","Não-Metálicos","Calcário","5415701,640000",",000000000000000","-","","0","0",",000000",",000000","357775,370000","15498844,240000"
"2010","DF","Não-Metálicos","Areias Industriais",",000000",",000000000000000","-","","0","0",",000000",",000000",",000000",",000000"
"2010","DF","Não-Metálicos","Areia","399865,000000",",000000000000000","-","","381659,22999999998","7440792,4700000007",",000000",",000000",",000000",",000000"
"2010","ES","Não-Metálicos","Calcário","2217975,529400",",000000000000000","-","","1855350,3384000002","30276441,502399996",",000000",",000000","106438,810000","971072,390000"
"2010","ES","Não-Metálicos","Areia","1198993,130000",",000000000000000","-","","1180236,6499999999","15386363,639999999","828,000000","34706,000000","5540,200000","97717,840000"
"2010","ES","Não-Metálicos","Argilas","248657,420000",",000000000000000","-","","172888,37","1817430,5800000001","14239,970000","297484,550000","52885,630000","326049,100000"
"2010","ES","Não-Metálicos","Areias Industriais",",000000",",000000000000000","-","","0","0",",000000",",000000",",000000",",000000"
"2010","ES","Não-Metálicos","Saibro","76334,800000",",000000000000000","-","","65982,800000000003","251446,87",",000000",",000000",",000000",",000000"
"2010","ES","Não-Metálicos","Rochas Ornamentais","1453267,280600",",000000000000000","-","","1259089,9716000003","172430605,5776",",000000",",000000","59031,330000","10286239,940000"
"2010","ES","Não-Metálicos","Dolomito e Magnesita","767271,790000",",000000000000000","-","","745378","2587335,6000000001",",000000",",000000","21893,790000","198518,000000"
"2010","ES","Não-Metálicos","Rochas (Britadas) e Cascalho","5952638,400000",",000000000000000","-","","156010,81","805282,56000000006",",000000",",000000",",000000",",000000"
"2010","ES","Metálicos","Alumínio (Bauxita)",",000000",",000000000000000","t","Al2O3","0","0",",000000",",000000",",000000",",000000"
"2010","ES","Gemas e Diamantes","Gemas","5,000000",",583000000000000","kg","","5","53525",",000000",",000000",",000000",",000000"
"2010","ES","Não-Metálicos","Feldspato, Leucita e Nefelina-Sienito","554,000000",",000000000000000","-","","312,63999999999999","570522,60999999999",",000000",",000000",",000000",",000000"
"2010","GO","Não-Metálicos","Rochas Ornamentais - Outras","1832,000000",",000000000000000","-","","1700","17000",",000000",",000000",",000000",",000000"
"2010","GO","Metálicos","Ferro",",000000",",000000000000000","t","Fe","0","0",",000000",",000000",",000000",",000000"
"2010","GO","Não-Metálicos","Dolomito e Magnesita","379238,000000",",000000000000000","-","","12","0,12",",000000",",000000","63128,000000",",120000"
"2010","GO","Não-Metálicos","Rochas (Britadas) e Cascalho","7865412,664700",",000000000000000","-","","660378,96999999997","6152533,9199999999","104800,000000","157200,000000","92976,000000","331024,050000"
"2010","GO","Metálicos","Cobre","25275341,110000","91456,120000000000000","t","Cu","0","0",",000000",",000000",",000000",",000000"
"2010","GO","Metálicos","Nióbio","4857571,000000","26642,633130000000000","t","Nb2O5","0","0",",000000",",000000",",000000",",000000"
"2010","GO","Metálicos","Níquel","5010277,130000","57487,200000000000000","t"," Ni","0","0",",000000",",000000",",000000",",000000"
"2010","GO","Não-Metálicos","Calcário","4270580,785300",",000000000000000","-","","4862,1700000000001","51212,800000000003","128834,000000","688143,720000","53699,800000",",120000"
"2010","GO","Não-Metálicos","Fosfato","10601898,000000","1295309,020000000000000","t","P2O5","0","0",",000000",",000000",",000000",",000000"
"2010","GO","Metálicos","Manganês","37378,450000","16093,820000000000000","t","Mn","12435,370000000001","1359282,25",",000000",",000000",",000000",",000000"
"2010","GO","Metálicos","Ouro","22645671,980000","11759,025630000000000","kg","Au","0","0",",000000",",000000",",000000",",000000"
"2010","GO","Metálicos","Prata","983546,000000","155,962790000000000","kg","Ag","0","0",",000000",",000000",",000000",",000000"
"2010","GO","Não-Metálicos","Areia","2457497,120000",",000000000000000","-","","1932736,76","37003254,57","1076,000000","17260,000000","2912,100000","83852,600000"
"2010","GO","Gemas e Diamantes","Diamante","1990,000000","82,800000000000000","ct","","0","0",",000000",",000000",",000000",",000000"
"2010","GO","Metálicos","Alumínio (Bauxita)","4160,000000","2410,720000000000000","t","Al2O3","0","0",",000000",",000000","4091,000000","106326,000000"
"2010","GO","Gemas e Diamantes","Gemas","2180,000000","218,000000000000000","kg","","0","0",",000000",",000000",",000000",",000000"
"2010","GO","Não-Metálicos","Caulim","14746,440000",",000000000000000","-","","6282","136538,26999999999",",000000",",000000","8464,440000","7702,650000"
"2010","GO","Não-Metálicos","Bário","4803283,000000","166987,100000000000000","t","BaSO4","0","0",",000000",",000000",",000000",",000000"
"2010","GO","Não-Metálicos","Rochas Ornamentais","4958,630000",",000000000000000","-","","6327,5799999999999","674669,12999999989",",000000",",000000","988,070000","243931,900000"
"2010","GO","Não-Metálicos","Amianto","4870538,690000","351034,900000000000000","t","","0","0",",000000",",000000",",000000",",000000"
"2010","GO","Não-Metálicos","Argilas","1009348,170000",",000000000000000","-","","630875,63","1709014,6299999999","6150,000000","76249,960000","406637,280000","1396851,220000"
"2010","GO","Metálicos","Titânio","59000,000000","7000,000000000000000","t","TiO2","0","0",",000000",",000000",",000000",",000000"
"2010","GO","Metálicos","Cobalto","3792814,130000","3062,340000000000000","t","Co","0","0",",000000",",000000",",000000",",000000"
"2010","GO","Não-Metálicos","Talco e outras Cargas Minerais","25707,220000",",000000000000000","-","","25707,220000000001","66024,369999999995",",000000",",000000",",000000",",000000"
"2010","GO","Não-Metálicos","Vermiculita e Perlita","172854,650000","39925,640000000000000","t","","0","0","41045,640000","1567118,000000","5998,690000","242415,400000"
"2010","GO","Não-Metálicos","Saibro","876,000000",",000000000000000","-","","876","5444",",000000",",000000",",000000",",000000"
"2010","GO","Não-Metálicos","Areias Industriais","7018,000000",",000000000000000","-","","0","0",",000000",",000000",",000000",",000000"
"2010","MA","Energéticos","Turfa",",000000",",000000000000000","-","","0","0",",000000",",000000",",000000",",000000"
"2010","MA","Não-Metálicos","Calcário","779055,320000",",000000000000000","-","","111390","2735719,4899999998",",000000",",000000",",000000",",000000"
"2010","MA","Metálicos","Ferro","113118,440000","55428,030000000000000","t","Fe","113118,44","5737164,0499999998",",000000",",000000",",000000",",000000"
"2010","MA","Metálicos","Ouro","1453761,790000","1651,135300000000000","kg","Au","0","0",",000000",",000000",",000000",",000000"
"2010","MA","Não-Metálicos","Rochas (Britadas) e Cascalho","1947367,900000",",000000000000000","-","","287638,41000000003","742134,19999999995",",000000",",000000",",000000",",000000"
"2010","MA","Não-Metálicos","Areia","1200402,250000",",000000000000000","-","","1188853,8300000001","14113812,079999998",",000000",",000000",",000000",",000000"
"2010","MA","Não-Metálicos","Argilas","583588,200000",",000000000000000","-","","61892,660000000003","274707,95999999996","121285,490000","795921,880000","373786,630000","1938760,690000"
"2010","MA","Não-Metálicos","Caulim","109109,000000",",000000000000000","-","","109109","937114,56000000006",",000000",",000000",",000000",",000000"
"2010","MA","Não-Metálicos","Saibro","3750,000000",",000000000000000","-","","3750","2250",",000000",",000000",",000000",",000000"
"2010","MA","Não-Metálicos","Gipsita","195556,440000",",000000000000000","-","","187853,44","2428769,1500000004",",000000",",000000",",000000",",000000"
"2010","MG","Metálicos","Nióbio","5619362,000000","140484,050000000000000","t","Nb2O5","0","0",",000000",",000000",",000000",",000000"
"2010","MG","Gemas e Diamantes","Diamante","227199,100000","10760,410000000000000","ct","","0","0",",000000",",000000",",000000",",000000"
"2010","MG","Metálicos","Zinco","2311951,000000","224897,160000000000000","t","Zn","0","0",",000000",",000000",",000000",",000000"
"2010","MG","Metálicos","Titânio","6364875,000000","955113,140000000000000","t","TiO2","0","0",",000000",",000000",",000000",",000000"
"2010","MG","Não-Metálicos","Geodos, Ágatas, Calcedônia, etc",",000000",",000000000000000","t","","0","0",",000000",",000000",",000000",",000000"
"2010","MG","Não-Metálicos","Calcário","40886694,090300",",000000000000000","-","","1405801,03","7189101,1200000001","28588,070000","841710,130000","127832,730000","676473,190000"
"2010","MG","Não-Metálicos","Areias Industriais","932636,070000",",000000000000000","-","","118535,94000000002","11694247,310000001",",000000",",000000",",000000",",000000"
"2010","MG","Metálicos","Níquel","440537,290000","13428,390000000000000","t"," Ni","6000","60000",",000000",",000000",",000000",",000000"
"2010","MG","Não-Metálicos","Argilas","2373131,190000",",000000000000000","-","","398578,76000000001","5906095,5600000005","152865,720000","845273,470000","789779,530000","8361984,900000"
"2010","MG","Não-Metálicos","Dolomito e Magnesita","341,800000",",000000000000000","-","","391,10000000000002","9305,7900000000009",",000000",",000000",",000000",",000000"
"2010","MG","Metálicos","Cobalto","382969,290000","76,590000000000000","t","Co","0","0",",000000",",000000",",000000",",000000"
"2010","MG","Não-Metálicos","Saibro","123504,830000",",000000000000000","-","","122904,83","304291,64999999997",",000000",",000000","600,000000","3158,820000"
"2010","MG","Não-Metálicos","Potássio",",000000",",000000000000000","t","K2O","0","0",",000000",",000000",",000000",",000000"
"2010","MG","Não-Metálicos","Quartzo (Cristal) e outros Piezelétricos","56,690000",",000000000000000","-","","56,689999999999998","76155",",000000",",000000",",000000",",000000"
"2010","MG","Metálicos","Cobre","382969,290000","539,000000000000000","t","Cu","0","0",",000000",",000000",",000000",",000000"
"2010","MG","Metálicos","Chumbo","2299496,000000","24047,320000000000000","t","Pb","0","0",",000000",",000000",",000000",",000000"
"2010","MG","Não-Metálicos","Rochas Ornamentais","817331,030000",",000000000000000","-","","687301,41999999981","121397071,14","4136,000000","90764,800000","96177,480000","14401743,870000"
"2010","MG","Não-Metálicos","Talco e outras Cargas Minerais","771879,370000",",000000000000000","-","","76623,959999999992","2083653,3",",000000",",000000","48977,170000","2305589,610000"
"2010","MG","Metálicos","Columbita-Tantalita","569933,000000","170,195170000000000","t","Ta2O5","0","0",",000000",",000000",",000000",",000000"
"2010","MG","Metálicos","Lítio","35927,960000","502,530000000000000","t","Li2O","1448,96","628456,69999999995",",000000",",000000",",000000",",000000"
"2010","MG","Não-Metálicos","Grafita","1204047,090000","83852,400000000000000","t","","0","0",",000000",",000000",",000000",",000000"
"2010","MG","Não-Metálicos","Bário","5619362,000000","1049314,240000000000000","t","BaSO4","0","0",",000000",",000000",",000000",",000000"
"2010","MG","Gemas e Diamantes","Gemas","808000,580000","490,516960000000000","kg","","0","0",",000000",",000000",",000000",",000000"
"2010","MG","Metálicos","Columbita-Tantalita","31848,000000","2,866300000000000","t","Nb2O5","0","0",",000000",",000000",",000000",",000000"
"2010","MG","Metálicos","Prata","46221073,000000","7199,754760000000000","kg","Ag","0","0",",000000",",000000",",000000",",000000"
"2010","MG","Não-Metálicos","Feldspato, Leucita e Nefelina-Sienito","29918,900000",",380000000000000","-","","19689,689999999999","1188706,2100000002",",000000",",000000",",000000",",000000"
"2010","MG","Metálicos","Ferro","359154146,180000","199603957,650000000000000","t","Fe","17749753,359999999","601190647,27999997",",000000",",000000",",000000",",000000"
"2010","MG","Não-Metálicos","Caulim","20413,560000",",000000000000000","-","","14890,559999999999","711970,09999999998",",000000",",000000",",000000",",000000"
"2010","MG","Metálicos","Manganês","991605,550000","190404,190000000000000","t","Mn","222455,00999999998","5869319,1099999994",",000000",",000000","27333,840000","2400885,700000"
"2010","MG","Metálicos","Estanho","571531,000000","316957,590000000000000","kg","Sn","0","0",",000000",",000000",",000000",",000000"
"2010","MG","Metálicos","Cromo","175,000000","35,000000000000000","t","Cr2O3","0","0",",000000",",000000",",000000",",000000"
"2010","MG","Não-Metálicos","Fosfato","22237453,650000","2036796,440000000000000","t","P2O5","0","0",",000000",",000000",",000000",",000000"
"2010","MG","Metálicos","Alumínio (Bauxita)","6501042,320000","2361847,900000000000000","t","Al2O3","1103053,6899999999","18365153,039999995",",000000",",000000","671518,000000","12586263,010000"
"2010","MG","Metálicos","Zircônio",",000000",",000000000000000","t","ZrSiO4","0","0",",000000",",000000",",000000",",000000"
"2010","MG","Não-Metálicos","Cianita e outros minerais refratários","115,000000",",000000000000000","-","","0","0",",000000",",000000",",000000",",000000"
"2010","MG","Não-Metálicos","Areia","4123619,340000",",000000000000000","-","","3499654,1700000004","42247894,709999993",",000000",",000000","2472,210000","32680,100000"
"2010","MG","Metálicos","Ouro","48182808,980000","31994,594910000000000","kg","Au","0","0",",000000",",000000",",000000",",000000"
"2010","MG","Metálicos","Cádmio",",000000",",000000000000000","t","Cd","0","0",",000000",",000000",",000000",",000000"
"2010","MG","Não-Metálicos","Enxofre","382969,290000","13174,000000000000000","t","S","0","0",",000000",",000000",",000000",",000000"
"2010","MG","Não-Metálicos","Rochas Ornamentais - Outras","16216,300000",",000000000000000","-","","15404,330000000002","2899293,5600000001",",000000",",000000","215,370000","62164,230000"
"2010","MG","Não-Metálicos","Rochas (Britadas) e Cascalho","15713610,559700",",000000000000000","-","","411275,65999999997","2172648,1600000001","21329,480000","104382,700000","182029,560000","1804031,640000"
"2010","MG","Não-Metálicos","Mica",",000000",",000000000000000","-","","0","0",",000000",",000000",",000000",",000000"
"2010","MG","Energéticos","Turfa","330,000000",",000000000000000","-","","330","10900",",000000",",000000",",000000",",000000"
"2010","MS","Não-Metálicos","Rochas (Britadas) e Cascalho","4313113,230000",",000000000000000","-","","190651,51999999999","1192474,22",",000000",",000000","346416,310000","1553655,230000"
"2010","MS","Metálicos","Manganês","256027,000000","97290,000000000000000","t","Mn","0","0",",000000",",000000",",000000",",000000"
"2010","MS","Não-Metálicos","Argilas","476220,130000",",000000000000000","-","","93138,960000000006","669122,80000000005",",000000",",000000","59932,250000","694840,500000"
"2010","MS","Não-Metálicos","Saibro","187066,550000",",000000000000000","-","","186915,79000000001","591343,19000000006",",000000",",000000",",000000",",000000"
"2010","MS","Gemas e Diamantes","Diamante",",000000",",000000000000000","ct","","0","0",",000000",",000000",",000000",",000000"
"2010","MS","Não-Metálicos","Talco e outras Cargas Minerais","222070,680000",",000000000000000","-","","0","0",",000000",",000000",",000000",",000000"
"2010","MS","Não-Metálicos","Dolomito e Magnesita","679322,960000",",000000000000000","-","","0","0",",000000",",000000",",000000",",000000"
"2010","MS","Metálicos","Ferro","9983835,000000","6325305,760000000000000","t","Fe","0","0",",000000",",000000",",000000",",000000"
"2010","MS","Não-Metálicos","Calcário","2530487,460000",",000000000000000","-","","25385,970000000001","512030,48999999999",",000000",",000000",",000000",",000000"
"2010","MS","Não-Metálicos","Rochas Ornamentais",",000000",",000000000000000","-","","0","0",",000000",",000000",",000000",",000000"
"2010","MS","Não-Metálicos","Areia","2386130,880000",",000000000000000","-","","1506586,0700000003","11483893,199999999",",000000",",000000","59,600000","696,050000"
"2010","MT","Não-Metálicos","Argilas","657582,900000",",000000000000000","-","","27455,849999999999","2291343,0800000001","54929,000000","1968391,600000","359882,330000","3386246,840000"
"2010","MT","Metálicos","Estanho","208549,000000","160000,000000000000000","kg","Sn","0","0",",000000",",000000",",000000",",000000"
"2010","MT","Não-Metálicos","Saibro","21070,000000",",000000000000000","-","","0","0","21070,000000","127024,000000",",000000",",000000"
"2010","MT","Metálicos","Ouro","9163769,360000","5035,504110000000000","kg","Au","0","0",",000000",",000000",",000000","1311539,950000"
"2010","MT","Gemas e Diamantes","Diamante","73500,000000","10800,000000000000000","ct","","57,829999999999998","11000",",000000",",000000",",000000",",000000"
"2010","MT","Não-Metálicos","Quartzo (Cristal) e outros Piezelétricos","27,700000",",000000000000000","-","","0","0",",000000",",000000",",000000",",000000"
"2010","MT","Não-Metálicos","Areia","694554,390000",",000000000000000","-","","659284,55000000005","8338182,7999999989",",000000",",000000",",000000",",000000"
"2010","MT","Metálicos","Zinco",",000000","755,250000000000000","t","Zn","0","0",",000000",",000000",",000000",",000000"
"2010","MT","Não-Metálicos","Rochas (Britadas) e Cascalho","3120580,890000",",000000000000000","-","","244840,78","4158417,8800000004","26159,400000","1706,480000","140268,000000","238747,200000"
"2010","MT","Não-Metálicos","Calcário","5326083,860000",",000000000000000","-","","73671","1416964,95",",000000",",000000",",000000",",000000"
"2010","MT","Não-Metálicos","Dolomito e Magnesita","774910,860000",",000000000000000","-","","0","0",",000000",",000000",",000000",",000000"
"2010","PA","Não-Metálicos","Caulim","5393439,990000",",000000000000000","-","","174585,70999999999","10013388",",000000",",000000",",000000",",000000"
"2010","PA","Não-Metálicos","Calcário","1660579,420000",",000000000000000","-","","1577917,03","25175395,34",",000000",",000000",",000000",",000000"
"2010","PA","Metálicos","Ferro","111349147,700000","74069139,990000000000000","t","Fe","0","0",",000000",",000000",",000000",",000000"
"2010","PA","Não-Metálicos","Areias Industriais","36605,240000",",000000000000000","-","","8226,2399999999998","69860,039999999994",",000000",",000000",",000000",",000000"
"2010","PA","Não-Metálicos","Rochas (Britadas) e Cascalho","200624,900000",",000000000000000","-","","20356","240906,65000000002",",000000",",000000","46587,000000","14157,000000"
"2010","PA","Gemas e Diamantes","Gemas","226,190000","180952,000000000000000","kg","","0","0",",000000",",000000",",000000",",000000"
"2010","PA","Metálicos","Alumínio (Bauxita)","39015837,150000","18964226,220000000000000","t","Al2O3","0","0",",000000",",000000",",000000",",000000"
"2010","PA","Metálicos","Tungstênio","423587,370000","173,000000000000000","t","WO3","0","0",",000000",",000000",",000000",",000000"
"2010","PA","Metálicos","Ouro","17865436,000000","8469,785370000000000","kg","Au","0","0",",000000",",000000",",000000",",000000"
"2010","PA","Não-Metálicos","Argilas","685745,470000",",000000000000000","-","","297827,00999999995","1969033,8500000001",",000000",",000000","376738,460000","2519889,670000"
"2010","PA","Metálicos","Níquel","1259172,000000","24704,950000000000000","t"," Ni","0","0",",000000",",000000",",000000",",000000"
"2010","PA","Não-Metálicos","Saibro","387270,000000",",000000000000000","-","","389520","803239,18000000005",",000000",",000000",",000000",",000000"
"2010","PA","Metálicos","Cobre","17680636,000000","149167,000000000000000","t","Cu","0","0",",000000",",000000",",000000",",000000"
"2010","PA","Metálicos","Manganês","3198243,000000","1117561,980000000000000","t","Mn","0","0",",000000",",000000",",000000",",000000"
"2010","PA","Não-Metálicos","Areia","357534,000000",",000000000000000","-","","341327","1740718,6499999999","6124,000000",",120000","10083,000000","48801,720000"
"2010","PB","Não-Metálicos","Dolomito e Magnesita","4154,350000",",000000000000000","-","","0","0",",000000",",000000","4154,350000","125628,000000"
"2010","PB","Não-Metálicos","Saibro","16357,000000",",000000000000000","-","","16357","68639",",000000",",000000",",000000",",000000"
"2010","PB","Metálicos","Zircônio","12413932,000000","14183,130000000000000","t","ZrSiO4","0","0",",000000",",000000",",000000",",000000"
"2010","PB","Não-Metálicos","Mica","3743,620000",",000000000000000","-","","3579,3000000000002","950992,5",",000000",",000000","164,320000","73662,000000"
"2010","PB","Não-Metálicos","Rochas Ornamentais","22650,680000",",000000000000000","-","","18288,25","4260716,0999999996","4971,310000",",120000",",000000",",000000"
"2010","PB","Não-Metálicos","Feldspato, Leucita e Nefelina-Sienito","15114,490000",",000000000000000","-","","13169,49","597371,41999999993",",000000",",000000",",000000",",000000"
"2010","PB","Metálicos","Titânio","300000,000000","45702,830000000000000","t","TiO2","0","0",",000000",",000000",",000000",",000000"
"2010","PB","Não-Metálicos","Rochas (Britadas) e Cascalho","865557,880000",",000000000000000","-","","91454,580000000002","1395790,75",",000000",",000000","68518,100000","1211888,950000"
"2010","PB","Não-Metálicos","Calcário","2952876,460000",",000000000000000","-","","38408","807146",",000000",",000000","87,460000","2644,800000"
"2010","PB","Não-Metálicos","Caulim","1581,000000",",000000000000000","-","","1581","39525",",000000",",000000",",000000",",000000"
"2010","PB","Não-Metálicos","Argilas","1028355,540000",",000000000000000","-","","461362,35999999999","4486269,5300000012",",000000",",000000","39849,180000","64556,700000"
"2010","PB","Não-Metálicos","Areias Industriais","12500353,580000",",000000000000000","-","","28572,580000000002","375571,33999999997",",000000",",000000","55520,000000","402500,000000"
"2010","PB","Não-Metálicos","Areia","666936,890000",",000000000000000","-","","653924,89000000001","3445276,6099999999",",000000",",000000","4460,000000","7403,600000"
"2010","PE","Não-Metálicos","Rochas Ornamentais","45274,700000",",000000000000000","-","","22746,370000000003","7242090,8399999999",",000000",",000000",",000000",",000000"
"2010","PE","Não-Metálicos","Areias Industriais","193823,050000",",000000000000000","-","","22678,669999999998","54575,019999999997",",000000",",000000",",000000",",000000"
"2010","PE","Não-Metálicos","Argilas","1580271,010000",",000000000000000","-","","1094696,9099999999","4890306,4900000002","61034,430000","313796,910000","14208,850000","17761,070000"
"2010","PE","Não-Metálicos","Vermiculita e Perlita","8094,000000","2352,750000000000000","t","","0","0",",000000",",000000",",000000",",000000"
"2010","PE","Não-Metálicos","Rochas (Britadas) e Cascalho","5265894,100000",",000000000000000","-","","0","0",",000000",",000000",",000000",",000000"
"2010","PE","Não-Metálicos","Calcário","778768,220000",",000000000000000","-","","674801,57999999996","13328085,289999999",",000000",",000000","10900,560000","98113,440000"
"2010","PE","Não-Metálicos","Areia","648577,110000",",000000000000000","-","","609453,63","3080103,4900000002",",000000",",000000","38646,080000","194843,280000"
"2010","PE","Metálicos","Titânio",",000000",",000000000000000","t","TiO2","0","0",",000000",",000000",",000000",",000000"
"2010","PE","Não-Metálicos","Saibro","1432937,630000",",000000000000000","-","","1072,5","2080,6500000000001",",000000",",000000","1431865,130000","1928667,940000"
"2010","PE","Não-Metálicos","Dolomito e Magnesita","423,430000",",000000000000000","-","","0","0",",000000",",000000",",000000",",000000"
"2010","PE","Não-Metálicos","Gipsita","2448821,020000",",000000000000000","-","","1529257,73","23930286,370000001",",000000",",000000","40770,720000","492166,400000"
"2010","PI","Não-Metálicos","Calcário","1105419,490000",",000000000000000","-","","428","8426",",000000",",000000","5087,000000","104408,600000"
"2010","PI","Não-Metálicos","Rochas (Britadas) e Cascalho","646975,980000",",000000000000000","-","","112031,53999999999","2783944,25","5466,950000","132078,030000","19357,930000","483948,250000"
"2010","PI","Não-Metálicos","Areia","274874,450000",",000000000000000","-","","258022,54000000001","1646321,9100000001",",000000",",000000","6132,330000","58914,850000"
"2010","PI","Não-Metálicos","Argilas","336653,080000",",000000000000000","-","","156792,56","1023626,55","18323,010000","99310,580000","158241,630000","1401293,090000"
"2010","PI","Gemas e Diamantes","Diamante","991,840000","550,510000000000000","ct","","0","0",",000000",",000000",",000000",",000000"
"2010","PI","Não-Metálicos","Rochas Ornamentais","9873,290000",",000000000000000","-","","2566,0900000000001","610853,55000000005",",000000",",000000",",000000",",000000"
"2010","PI","Não-Metálicos","Saibro","10677,830000",",000000000000000","-","","10677,83","374838,08000000002",",000000",",000000",",000000",",000000"
"2010","PI","Gemas e Diamantes","Gemas","1154,000000","15,600000000000000","kg","","4,0000000000000001E-2","70020",",000000",",000000",",000000",",000000"
"2010","PR","Gemas e Diamantes","Gemas","8170,600000","8170600,000000000000000","kg","","0","0",",000000",",000000","8170,600000","81898,000000"
"2010","PR","Não-Metálicos","Rochas Ornamentais","7503,935000",",000000000000000","-","","1835","189375,37",",000000",",000000","3147,835000","642302,593000"
"2010","PR","Não-Metálicos","Calcário","12438257,240000",",000000000000000","-","","804853,58999999997","4883567,7599999998","26175,600000","432218,100000","195181,000000","691595,290000"
"2010","PR","Gemas e Diamantes","Diamante","17500,000000","312,380000000000000","ct","","0","0",",000000",",000000",",000000",",000000"
"2010","PR","Não-Metálicos","Feldspato, Leucita e Nefelina-Sienito","94752,000000",",000000000000000","-","","0","24716,25",",000000",",000000","901,000000","122149,950000"
"2010","PR","Não-Metálicos","Argilas","1222520,530000",",000000000000000","-","","289674,65999999997","3306310,4199999999","94968,000000","435851,520000","810999,250000","4204875,670000"
"2010","PR","Não-Metálicos","Areia","4721511,520000",",000000000000000","-","","2935690,7799999998","50735036,450000003",",000000",",000000","2322,000000","13938,000000"
"2010","PR","Não-Metálicos","Fluorita e Criolita","20385,690000","9163,370000000000000","t","","0","0",",000000",",000000",",000000",",000000"
"2010","PR","Não-Metálicos","Dolomito e Magnesita","2834055,800000",",000000000000000","-","","592487,18999999994","1973032,4400000002","850758,600000","2037138,950000","657567,000000","1517476,770000"
"2010","PR","Metálicos","Chumbo",",000000",",000000000000000","t","Pb","0","0",",000000",",000000",",000000",",000000"
"2010","PR","Metálicos","Ouro","96402,310000","472,818460000000000","kg","Au","0","0",",000000",",000000",",000000",",000000"
"2010","PR","Energéticos","Carvão Mineral","293328,500000",",000000000000000","-","","0","0",",000000",",000000",",000000",",000000"
"2010","PR","Não-Metálicos","Rochas Ornamentais - Outras","15141,930000",",000000000000000","-","","13158,5","644999,42000000004",",000000",",000000","550,000000","76750,000000"
"2010","PR","Não-Metálicos","Saibro","1122919,520000",",000000000000000","-","","1109729,48","12400658,890000001","2700,000000","8500,000000","490,000000","4410,000000"
"2010","PR","Não-Metálicos","Caulim","106203,350000",",000000000000000","-","","92158,219999999987","4086786,3599999999",",000000",",000000","10532,750000","174624,870000"
"2010","PR","Não-Metálicos","Areias Industriais","36777,900000",",000000000000000","-","","26593,879999999997","622666,42000000004","2540,000000","10160,000000","1401,200000","11024,520000"
"2010","PR","Não-Metálicos","Talco e outras Cargas Minerais","643597,020000",",000000000000000","-","","346414,83999999997","12051625,35",",000000",",000000","263228,810000","683543,370000"
"2010","PR","Não-Metálicos","Rochas (Britadas) e Cascalho","10619077,625000",",000000000000000","-","","307763,19999999995","4021120,3300000001","4175,000000","68804,000000","534983,865000","2474339,347000"
"2010","RJ","Não-Metálicos","Rochas Ornamentais - Outras","64599,270000",",000000000000000","-","","64599,270000000004","1514294,8200000001",",000000",",000000",",000000",",000000"
"2010","RJ","Metálicos","Monazita e Terras-Raras","135017,000000","249,000000000000000","t","ETR","0","0",",000000",",000000",",000000",",000000"
"2010","RJ","Não-Metálicos","Argilas","1943860,160000",",000000000000000","-","","264424,85999999999","563159,51000000001",",000000",",000000","1505877,420000","3791464,410000"
"2010","RJ","Não-Metálicos","Saibro","2755029,190000",",000000000000000","-","","2755184,29","8010933,1799999988",",000000",",000000",",000000",",000000"
"2010","RJ","Não-Metálicos","Fluorita e Criolita","27427,500000","13713,000000000000000","t","","0","0",",000000",",000000",",000000",",000000"
"2010","RJ","Metálicos","Titânio","270034,000000","6127,000000000000000","t","TiO2","0","0",",000000",",000000",",000000",",000000"
"2010","RJ","Não-Metálicos","Rochas Ornamentais","39410,450000",",000000000000000","-","","37869,089999999997","801398,25",",000000",",000000",",000000",",000000"
"2010","RJ","Não-Metálicos","Areias Industriais","648864,350000",",000000000000000","-","","0","0",",000000",",000000",",000000",",000000"
"2010","RJ","Não-Metálicos","Rochas (Britadas) e Cascalho","17637134,640000",",000000000000000","-","","0","0",",000000",",000000","181700,000000","181700,000000"
"2010","RJ","Metálicos","Zircônio","135017,000000","1343,000000000000000","t","ZrSiO4","0","0",",000000",",000000",",000000",",000000"
"2010","RJ","Não-Metálicos","Dolomito e Magnesita","40,000000",",000000000000000","-","","0","0",",000000",",000000",",000000",",000000"
"2010","RJ","Não-Metálicos","Calcário","4199257,020000",",000000000000000","-","","198369,29999999999","1270630,6399999999",",000000",",000000",",000000",",000000"
"2010","RJ","Não-Metálicos","Areia","9912954,110000",",000000000000000","-","","9719206,7299999986","70950063,590000004",",000000",",000000",",000000",",000000"
"2010","RN","Metálicos","Columbita-Tantalita","192,000000","1,370000000000000","t","Ta2O5","0","0",",000000",",000000",",000000",",000000"
"2010","RN","Metálicos","Tungstênio","33486,080000","280,740000000000000","t","WO3","0","0",",000000",",000000",",000000",",000000"
"2010","RN","Não-Metálicos","Feldspato, Leucita e Nefelina-Sienito","7592,800000",",000000000000000","-","","39,700000000000003","1786,5",",000000",",000000",",000000",",000000"
"2010","RN","Não-Metálicos","Calcário","466307,440000",",000000000000000","-","","208313,41999999998","3738068,4900000002",",000000",",000000",",000000",",000000"
"2010","RN","Não-Metálicos","Argilas","301429,580000",",000000000000000","-","","267100","1290100","8000,000000","40000,000000",",000000",",000000"
"2010","RN","Metálicos","Ouro",",000000",",000000000000000","kg","Au","0","0",",000000",",000000",",000000",",000000"
"2010","RN","Não-Metálicos","Diatomita","390,000000",",000000000000000","-","","220","33000",",000000",",000000",",000000",",000000"
"2010","RN","Não-Metálicos","Caulim","178691,640000",",000000000000000","-","","0","0",",000000",",000000",",000000",",000000"
"2010","RN","Não-Metálicos","Rochas (Britadas) e Cascalho","593190,200000",",000000000000000","-","","0","0",",000000",",000000",",000000",",000000"
"2010","RN","Não-Metálicos","Saibro","92700,000000",",000000000000000","-","","0","0",",000000",",000000","92700,000000","153882,000000"
"2010","RN","Não-Metálicos","Rochas Ornamentais","24863,600000",",000000000000000","-","","20217,150000000001","7995161,7400000002",",000000",",000000",",000000",",000000"
"2010","RN","Metálicos","Ferro","29330,760000","9600,000000000000000","t","Fe","24330,759999999998","1225552,3999999999",",000000",",000000",",000000",",000000"
"2010","RN","Não-Metálicos","Talco e outras Cargas Minerais","20003,000000",",000000000000000","-","","20003","301045",",000000",",000000",",000000",",000000"
"2010","RN","Não-Metálicos","Areia","163469,870000",",000000000000000","-","","156969,87","973295,29000000004",",000000",",000000","6500,000000","8970,000000"
"2010","RO","Não-Metálicos","Areia","510591,990000",",000000000000000","-","","481774,41000000003","11625028,76",",000000",",000000",",000000",",000000"
"2010","RO","Não-Metálicos","Rochas Ornamentais","11390,180000",",000000000000000","-","","9141,0699999999997","2699712,1499999999",",000000",",000000",",000000",",000000"
"2010","RO","Não-Metálicos","Argilas","403828,570000",",000000000000000","-","","62310,690000000002","569538,38",",000000",",000000","256214,840000","2282286,890000"
"2010","RO","Metálicos","Columbita-Tantalita","506994,080000","231,616500000000000","t","Nb2O5","0","0",",000000",",000000",",000000",",000000"
"2010","RO","Metálicos","Ouro",",000000",",000000000000000","kg","Au","0","0",",000000",",000000",",000000",",000000"
"2010","RO","Metálicos","Estanho","11001511,420000","6327329,300000000000000","kg","Sn","0","0",",000000",",000000",",000000",",000000"
"2010","RO","Gemas e Diamantes","Gemas",",000000",",000000000000000","kg","","0","0",",000000",",000000",",000000",",000000"
"2010","RO","Metálicos","Columbita-Tantalita","137834,000000","10,000000000000000","t","Ta2O5","0","0",",000000",",000000",",000000",",000000"
"2010","RO","Não-Metálicos","Calcário","17610,000000",",000000000000000","-","","0","0",",000000",",000000",",000000",",000000"
"2010","RO","Metálicos","Manganês","118400,000000","15000,000000000000000","t","Mn","0","0",",000000",",000000",",000000",",000000"
"2010","RO","Não-Metálicos","Caulim","101794,440000",",000000000000000","-","","0","0",",000000",",000000","129307,490000","2159280,520000"
"2010","RO","Não-Metálicos","Rochas (Britadas) e Cascalho","1451784,480000",",000000000000000","-","","111007,28000000001","1227027,2",",000000",",000000",",000000",",000000"
"2010","RR","Não-Metálicos","Rochas (Britadas) e Cascalho","118102,510000",",000000000000000","-","","6416,3999999999996","144684",",000000",",000000",",000000",",000000"
"2010","RR","Não-Metálicos","Argilas","34500,000000",",000000000000000","-","","34500","232504",",000000",",000000",",000000",",000000"
"2010","RR","Não-Metálicos","Areia","72038,850000",",000000000000000","-","","72038,850000000006","523879,5",",000000",",000000",",000000",",000000"
"2010","RS","Não-Metálicos","Saibro","2172578,380000",",000000000000000","-","","1376212,25","10023994,879999999","83170,850000","462942,200000","712559,580000","2881314,780000"
"2010","RS","Não-Metálicos","Rochas (Britadas) e Cascalho","15275233,920000",",000000000000000","-","","96123,300000000003","367190,27999999997",",000000",",000000","172460,360000","959354,140000"
"2010","RS","Não-Metálicos","Rochas Ornamentais - Outras","444600,120000",",000000000000000","-","","426186,5400000001","14719862,869999999",",000000",",000000","17932,000000","71290,000000"
"2010","RS","Não-Metálicos","Argilas","2252817,120000",",000000000000000","-","","399257,38999999996","1073394,97","998056,830000","2527306,810000","846020,050000","2738848,990000"
"2010","RS","Não-Metálicos","Areia","12773262,750000",",000000000000000","-","","11329306,079999998","78319640,420000002","3841,500000","19207,500000","1423623,720000","758900,200000"
"2010","RS","Não-Metálicos","Areias Industriais","98842,000000",",000000000000000","-","","0","0",",000000",",000000",",000000",",000000"
"2010","RS","Não-Metálicos","Caulim","312047,720000",",000000000000000","-","","243605,16999999998","7220536,8900000006",",000000",",000000","23268,410000","239446,730000"
"2010","RS","Não-Metálicos","Rochas Ornamentais","4639,700000",",000000000000000","-","","4263,1999999999998","1324941,72",",000000",",000000","448,000000","57388,830000"
"2010","RS","Não-Metálicos","Calcário","3062655,300000",",000000000000000","-","","33102,620000000003","1122372",",000000",",000000",",000000",",000000"
"2010","RS","Não-Metálicos","Geodos, Ágatas, Calcedônia, etc","6480,000000","6480,000000000000000","t","","6360","36853500",",000000",",000000",",000000",",000000"
"2010","RS","Energéticos","Carvão Mineral","4801131,410000",",000000000000000","-","","0","0",",000000",",000000",",000000",",000000"
"2010","SC","Não-Metálicos","Areia","4135042,130000",",000000000000000","-","","3846984,6899999999","55429432,270000003","35527,600000","169464,000000","28284,860000","169696,230000"
"2010","SC","Não-Metálicos","Argilas","2563541,960000",",000000000000000","-","","1899800,6199999999","16814621,760000002","82144,900000","299586,520000","471431,510000","3235722,040000"
"2010","SC","Não-Metálicos","Areias Industriais","973270,880000",",000000000000000","-","","7615,8999999999996","132222,69",",000000",",000000","23891,470000","182591,340000"
"2010","SC","Energéticos","Turfa","181132,000000",",000000000000000","-","","14610","764326,59999999998",",000000",",000000",",000000",",000000"
"2010","SC","Energéticos","Carvão Mineral","6746208,720000",",000000000000000","-","","0","0",",000000",",000000",",000000",",000000"
"2010","SC","Metálicos","Alumínio (Bauxita)","80222,480000","42363,220000000000000","t","Al2O3","10646,66","212933,20000000001",",000000",",000000",",000000",",000000"
"2010","SC","Não-Metálicos","Rochas Ornamentais - Outras","15437,990000",",000000000000000","-","","15437,99","670613,79000000004",",000000",",000000",",000000",",000000"
"2010","SC","Não-Metálicos","Caulim","294230,170000",",000000000000000","-","","175994,81","5663068,2700000005","1160,550000","7214,600000","108143,230000","1020951,000000"
"2010","SC","Não-Metálicos","Rochas Ornamentais","124319,960000",",000000000000000","-","","125988,09","2240715,2800000003","180,000000","13115,000000","217,400000","34321,450000"
"2010","SC","Não-Metálicos","Calcário","654977,390000",",000000000000000","-","","0","0",",000000",",000000",",000000",",000000"
"2010","SC","Não-Metálicos","Feldspato, Leucita e Nefelina-Sienito","105557,650000",",000000000000000","-","","2807","98976",",000000",",000000",",000000",",000000"
"2010","SC","Não-Metálicos","Rochas (Britadas) e Cascalho","14042926,860000",",000000000000000","-","","629805,65000000014","5448629,5800000001","53127,600000","146566,500000","698909,600000","2483573,150000"
"2010","SC","Não-Metálicos","Saibro","2611952,610000",",010000000000000","-","","1965467,28","9701807,9000000004","327945,980000","987898,110000","149701,000000","637770,000000"
"2010","SE","Não-Metálicos","Rochas (Britadas) e Cascalho","602167,780000",",000000000000000","-","","112321,78999999999","801129,41999999993",",000000",",000000","1312,000000","2050,000000"
"2010","SE","Não-Metálicos","Talco e outras Cargas Minerais","15584,670000",",000000000000000","-","","0","0",",000000",",000000","15584,670000","70130,920000"
"2010","SE","Não-Metálicos","Potássio","2782494,000000","467021,280000000000000","t","K2O","0","0",",000000",",000000",",000000",",000000"
"2010","SE","Não-Metálicos","Calcário","6356764,960000",",000000000000000","-","","13664,219999999999","568414,51000000001",",000000",",000000","1863710,240000","9597521,690000"
"2010","SE","Não-Metálicos","Argilas","1633721,390000",",000000000000000","-","","175479,70000000001","1920916,6799999999","674637,170000","3376051,280000","514427,100000","1417452,610000"
"2010","SE","Não-Metálicos","Saibro","6915,200000",",000000000000000","-","","4358,3999999999996","10987,75","2556,800000","6493,010000",",000000",",000000"
"2010","SE","Não-Metálicos","Areia","329284,440000",",000000000000000","-","","324384,44","1561220,8799999999",",000000",",000000","4900,000000","19600,000000"
"2010","SP","Não-Metálicos","Argilas","9828986,080000",",000000000000000","-","","6419422,4000000004","53220930,480000004","212058,840000","3879626,920000","1910398,010000","10420258,550000"
"2010","SP","Metálicos","Zircônio",",000000",",000000000000000","t","ZrSiO4","0","0",",000000",",000000",",000000",",000000"
"2010","SP","Não-Metálicos","Talco e outras Cargas Minerais","820220,870000",",000000000000000","-","","24938,619999999999","546366,23999999999",",000000",",000000","18528,130000","285225,000000"
"2010","SP","Não-Metálicos","Dolomito e Magnesita","306179,000000",",000000000000000","-","","1260","144000",",000000",",000000",",000000",",000000"
"2010","SP","Não-Metálicos","Calcário","5023938,000000","4019150,400000000000000","t","","0","0",",000000",",000000",",000000",",000000"
"2010","SP","Não-Metálicos","Rochas Ornamentais - Outras","1675,760000",",000000000000000","-","","1675,76","226359,03999999998",",000000",",000000",",000000",",000000"
"2010","SP","Energéticos","Turfa","37715,510000",",000000000000000","-","","37715,510000000002","2431502,5099999998",",000000",",000000",",000000",",000000"
"2010","SP","Não-Metálicos","Minerais Industriais (Outros)",",000000",",000000000000000","t","","0","0",",000000",",000000",",000000",",000000"
"2010","SP","Metálicos","Ferro","5023938,000000","301251,670000000000000","t","Fe","0","0",",000000",",000000",",000000",",000000"
"2010","SP","Não-Metálicos","Fosfato","5246658,870000","274659,540000000000000","t","P2O5","0","0",",000000",",000000",",000000",",000000"
"2010","SP","Não-Metálicos","Saibro","1399293,300000",",000000000000000","-","","1394275,4299999997","10557516,23","108,000000","540,000000",",000000",",000000"
"2010","SP","Não-Metálicos","Caulim","164804,490000",",000000000000000","-","","40702,699999999997","225668,5",",000000",",000000",",000000",",000000"
"2010","SP","Metálicos","Alumínio (Bauxita)","541875,010000","235239,940000000000000","t","Al2O3","107476,27","1822083,55",",000000",",000000",",000000",",000000"
"2010","SP","Não-Metálicos","Rochas (Britadas) e Cascalho","87368621,880000",",000000000000000","-","","182440,42999999999","2266895,54","1000,000000","1000,000000","48068,000000","317352,430000"
"2010","SP","Metálicos","Cobre",",000000",",000000000000000","t","Cu","0","0",",000000",",000000",",000000",",000000"
"2010","SP","Não-Metálicos","Calcário","11577788,200000",",000000000000000","-","","72160,540000000008","331640,16000000003","2056,000000","2056,000000",",000000",",000000"
"2010","SP","Não-Metálicos","Rochas Ornamentais","30903,480000",",000000000000000","-","","24191,57","3558138,6299999999",",000000",",000000",",000000",",000000"
"2010","SP","Não-Metálicos","Feldspato, Leucita e Nefelina-Sienito","20972,370000",",000000000000000","-","","1043,1900000000001","41727,599999999999","33,880000","609,840000",",000000",",000000"
"2010","SP","Não-Metálicos","Areias Industriais","5031797,510000",",000000000000000","-","","34878,68","859014,83000000007",",000000",",000000",",000000",",000000"
"2010","SP","Não-Metálicos","Areia","26910104,890000",",000000000000000","-","","18380531,899999999","315314064,48000002","2097,660000","31867,520000","10221,000000","122508,000000"
"2010","TO","Não-Metálicos","Calcário","2542503,870000",",000000000000000","-","","0","0",",000000",",000000","1126547,040000","10702201,730000"
"2010","TO","Não-Metálicos","Gipsita","3900,000000",",000000000000000","-","","3745","30782,5",",000000",",000000",",000000","1500,000000"
"2010","TO","Não-Metálicos","Quartzo (Cristal) e outros Piezelétricos","335,510000",",000000000000000","-","","335,50999999999999","66428,5",",000000",",000000",",000000",",000000"
"2010","TO","Não-Metálicos","Saibro","153,600000",",000000000000000","-","","153,59999999999999","260",",000000",",000000",",000000",",000000"
"2010","TO","Gemas e Diamantes","Gemas","112,700000",",000000000000000","-","","112,7","26752",",000000",",000000",",000000",",000000"
"2010","TO","Não-Metálicos","Argilas","41530,090000",",000000000000000","-","","0","0",",000000","93600,000000","22197,970000","2031708,610000"
"2010","TO","Metálicos","Ouro","45400,000000","1,950000000000000","kg","Au","0","0",",000000",",000000",",000000",",000000"
"2010","TO","Não-Metálicos","Minerais Industriais (Outros)","28350,000000",",000000000000000","-","","0","0",",000000",",000000",",000000",",000000"
"2010","TO","Não-Metálicos","Areia","194944,950000",",000000000000000","-","","186802,60000000001","3038000,3199999998",",000000",",000000",",000000",",000000"
"2010","TO","Não-Metálicos","Fosfato",",000000",",000000000000000","t","P2O5","0","0",",000000",",000000",",000000",",000000"
"2010","TO","Não-Metálicos","Rochas (Britadas) e Cascalho","1751657,000000",",000000000000000","-","","510140,75","2821992,2800000003",",000000",",000000",",000000",",000000"
"2011","AC","Não-Metálicos","Areia","139071,000000",",000000000000000","-","","118797,75","2518415,9699999997",",000000",",000000",",000000",",000000"
"2011","AL","Não-Metálicos","Areia","523113,660000",",000000000000000","-","","478902,87999999995","3057293,9899999998",",000000",",000000","42498,400000","528378,780000"
"2011","AL","Não-Metálicos","Calcário","950770,000000",",000000000000000","-","","2534,3000000000002","108974,89999999999",",000000",",000000",",000000",",000000"
"2011","AL","Não-Metálicos","Rochas Ornamentais",",000000",",000000000000000","-","","0","0",",000000",",000000",",000000",",000000"
"2011","AL","Não-Metálicos","Argilas","242869,770000",",000000000000000","-","","19179,189999999999","30494,91","99987,540000","329026,520000","113323,120000","1252556,700000"
"2011","AL","Não-Metálicos","Sal","695694,890000",",000000000000000","-","","1786,4000000000001","40075,199999999997",",000000",",000000","693908,490000","5282069,370000"
"2011","AL","Não-Metálicos","Saibro","699946,510000",",000000000000000","-","","699910,51000000013","772254,05000000005",",040000",",040000",",040000",",040000"
"2011","AL","Não-Metálicos","Rochas (Britadas) e Cascalho","1424681,780000",",000000000000000","-","","867","6936",",000000",",000000",",000000",",000000"
"2011","AM","Metálicos","Columbita-Tantalita","6479103,000000","1006,116000000000000","t","Nb2O5","0","0",",000000",",000000",",000000",",000000"
"2011","AM","Metálicos","Ferro","14860,060000","10402,040000000000000","t","Fe","0","0",",000000",",000000","14860,060000","86428,760000"
"2011","AM","Metálicos","Ouro",",000000",",000000000000000","kg","Au","0","0",",000000",",000000",",000000",",000000"
"2011","AM","Não-Metálicos","Rochas (Britadas) e Cascalho","324557,660000",",000000000000000","-","","3627,1999999999998","176923,57000000001",",000000",",000000",",000000",",000000"
"2011","AM","Não-Metálicos","Gipsita","35004,380000",",000000000000000","-","","0","0",",000000",",000000","35004,380000","172606,070000"
"2011","AM","Não-Metálicos","Saibro","10470,000000",",000000000000000","-","","10470","30062",",000000",",000000",",000000",",000000"
"2011","AM","Não-Metálicos","Calcário","1194231,890000",",000000000000000","-","","0","0",",000000",",000000","1194231,890000","5538576,190000"
"2011","AM","Não-Metálicos","Argilas","365761,950000",",000000000000000","-","","14720,9","109153,98999999999","101865,000000","6851,600000","249176,050000","1516186,100000"
"2011","AM","Não-Metálicos","Areia","96947,720000",",000000000000000","-","","38727,479999999996","826738,43999999994","50220,240000","184330,560000","8000,000000","200000,000000"
"2011","AM","Metálicos","Columbita-Tantalita","6479103,000000","95,821000000000000","t","Ta2O5","0","0",",000000",",000000",",000000",",000000"
"2011","AM","Metálicos","Zircônio",",000000",",000000000000000","t","ZrSiO4","0","0",",000000",",000000",",000000",",000000"
"2011","AM","Não-Metálicos","Caulim",",000000",",000000000000000","-","","0","0",",000000",",000000",",000000",",000000"
"2011","AM","Metálicos","Estanho","6479103,000000","8590000,000000000000000","kg","Sn","0","0",",000000",",000000",",000000",",000000"
"2011","AP","Não-Metálicos","Argilas","74692,000000",",000000000000000","-","","1724","40674","768,000000","6144,000000","72200,000000","181400,000000"
"2011","AP","Não-Metálicos","Areia","258747,490000",",000000000000000","-","","258404,34000000003","3500354,0599999996",",000000",",000000",",000000",",000000"
"2011","AP","Não-Metálicos","Caulim","578164,190000",",000000000000000","-","","0","0",",000000",",000000",",000000",",000000"
"2011","AP","Não-Metálicos","Saibro","20640,000000",",000000000000000","-","","18247,5","45675",",000000",",000000",",000000",",000000"
"2011","AP","Não-Metálicos","Rochas (Britadas) e Cascalho","183552,620000",",000000000000000","-","","15172,869999999999","657670,71999999997",",000000",",000000",",000000",",000000"
"2011","AP","Metálicos","Ferro","12807742,340000","5503649,180000000000000","t","Fe","0","0",",000000",",000000",",000000",",000000"
"2011","AP","Metálicos","Ouro","623967,430000","6217,412290000000000","kg","Au","0","0",",000000",",000000",",000000",",000000"
"2011","AP","Metálicos","Columbita-Tantalita","3910,000000","5,785000000000000","t","Ta2O5","0","0",",000000",",000000",",000000",",000000"
"2011","AP","Metálicos","Cromo","124060,000000","27296,200000000000000","t","Cr2O3","0","0",",000000",",000000",",000000",",000000"
"2011","BA","Não-Metálicos","Talco e outras Cargas Minerais","170233,230000",",000000000000000","-","","0","0",",000000",",000000","39843,230000","19559732,580000"
"2011","BA","Não-Metálicos","Geodos, Ágatas, Calcedônia, etc","652,000000","652,000000000000000","t","","638,70000000000005","558700",",000000",",000000",",000000",",000000"
"2011","BA","Metálicos","Cromo","1462682,640000","240731,340000000000000","t","Cr2O3","0","0",",000000",",000000",",000000",",000000"
"2011","BA","Não-Metálicos","Fosfato","836027,970000","163273,020000000000000","t","P2O5","0","0",",000000",",000000",",000000",",000000"
"2011","BA","Não-Metálicos","Bário","36212,560000","31814,860000000000000","t","BaSO4","6894,5600000000004","827347,19999999995",",000000",",000000",",000000",",000000"
"2011","BA","Metálicos","Níquel","6273933,000000","29777,000000000000000","t"," Ni","0","0",",000000",",000000",",000000",",000000"
"2011","BA","Não-Metálicos","Rochas (Britadas) e Cascalho","6483800,378000",",000000000000000","-","","19740","527225,67000000004","41218,000000","425197,000000","21471,020000","389168,780000"
"2011","BA","Não-Metálicos","Rochas Ornamentais","143923,020000",",000000000000000","-","","140728,79999999996","41796111,650000006",",000000",",000000","10434,270000","948888,490000"
"2011","BA","Não-Metálicos","Caulim","46618,910000",",000000000000000","-","","17941,560000000001","178695,73999999999",",000000",",000000",",000000",",000000"
"2011","BA","Não-Metálicos","Areia","1944293,990000",",000000000000000","-","","1806972,7099999995","16325949,200000001",",000000",",000000","21458,340000","203945,170000"
"2011","BA","Não-Metálicos","Rochas Ornamentais - Outras","7659,530000",",000000000000000","-","","4998,8400000000001","2896230,6000000001",",000000",",000000","2660,690000","679752,800000"
"2011","BA","Não-Metálicos","Areias Industriais","49468,280000",",000000000000000","-","","46498,280000000006","5072620,2199999997",",000000",",000000","2955,000000","1189480,000000"
"2011","BA","Não-Metálicos","Diatomita","54324,310000",",000000000000000","-","","6417,3400000000001","1287452",",000000",",000000","50337,310000","2092884,410000"
"2011","BA","Não-Metálicos","Gipsita",",000000",",000000000000000","-","","0","0",",000000",",000000",",000000",",000000"
"2011","BA","Não-Metálicos","Saibro","395196,200000",",000000000000000","-","","168226,89000000001","581622,51000000001","74337,610000","536609,240000","122614,600000","180695,200000"
"2011","BA","Não-Metálicos","Feldspato, Leucita e Nefelina-Sienito","3050,000000",",000000000000000","-","","2999","196557,64999999999",",000000",",000000",",000000",",000000"
"2011","BA","Não-Metálicos","Quartzo (Cristal) e outros Piezelétricos",",000000",",000000000000000","-","","0","0",",000000",",000000",",000000",",000000"
"2011","BA","Não-Metálicos","Dolomito e Magnesita","1426570,000000",",000000000000000","-","","5134,6700000000001","1351048,74",",000000",",000000","108657,000000","1965605,130000"
"2011","BA","Gemas e Diamantes","Diamante","7500,000000","7500,000000000000000","ct","","0","0",",000000",",000000",",000000",",000000"
"2011","BA","Não-Metálicos","Argilas","1020813,470000",",000000000000000","-","","257201,31000000003","1103600,23","117774,100000","454770,010000","450280,200000","2326183,630000"
"2011","BA","Metálicos","Ferro","70000,000000","39900,000000000000000","t","Fe","0","0",",000000",",000000",",000000",",000000"
"2011","BA","Metálicos","Manganês","17995,960000","6691,790000000000000","t","Mn","608,66000000000008","78787,399999999994",",000000",",000000","11591,600000","1043244,000000"
"2011","BA","Não-Metálicos","Vermiculita e Perlita","1286,000000","617,000000000000000","t","","0","0",",000000",",000000",",000000",",000000"
"2011","BA","Gemas e Diamantes","Gemas","16998,000000","3600,000000000000000","kg","","0","0",",000000",",000000",",000000",",000000"
"2011","BA","Não-Metálicos","Grafita","462519,000000","38620,340000000000000","t","","0","0",",000000",",000000",",000000",",000000"
"2011","BA","Metálicos","Cobre","2743762,000000","29822,610000000000000","t","Cu","0","0",",000000",",000000",",000000",",000000"
"2011","BA","Metálicos","Ouro","983848,000000","2297,161000000000000","kg","Au","0","0",",000000",",000000",",000000",",000000"
"2011","BA","Não-Metálicos","Sal","639759,000000",",000000000000000","-","","0","0",",000000",",000000","639759,000000","22713835,900000"
"2011","BA","Não-Metálicos","Calcário","1942139,902000",",000000000000000","-","","22542,599999999999","424774,85999999999",",000000",",000000",",000000",",000000"
"2011","CE","Metálicos","Ferro","286251,040000","166120,950000000000000","t","Fe","207063","24846391,530000001",",000000",",000000","2577,040000","163308,520000"
"2011","CE","Não-Metálicos","Areia","1586824,490000",",000000000000000","-","","1564828,5600000001","11662356,919999998",",000000",",000000","15116,990000","37352,860000"
"2011","CE","Não-Metálicos","Rochas (Britadas) e Cascalho","4088611,480000",",000000000000000","-","","0","0",",000000",",000000",",000000",",000000"
"2011","CE","Não-Metálicos","Areias Industriais","154139,080000",",000000000000000","-","","0","0",",000000",",000000",",000000",",000000"
"2011","CE","Metálicos","Manganês","13675,000000","4460,060000000000000","t","Mn","9675","1482023,5",",000000",",000000",",000000",",000000"
"2011","CE","Não-Metálicos","Talco e outras Cargas Minerais","5500,000000",",000000000000000","-","","3600","206136",",000000",",000000",",000000",",000000"
"2011","CE","Não-Metálicos","Calcário","3121513,410000",",000000000000000","-","","761466,35999999987","5601481,8799999999","141556,920000","2198886,860000","159463,930000","1693575,300000"
"2011","CE","Energéticos","Urânio e outros Radioativos",",000000",",000000000000000","t","","0","0",",000000",",000000",",000000",",000000"
"2011","CE","Não-Metálicos","Gipsita","78132,990000",",000000000000000","-","","78132,989999999991","2228328,21",",000000",",000000",",000000",",000000"
"2011","CE","Não-Metálicos","Mica","1483,180000",",000000000000000","-","","0","0",",000000",",000000","1483,180000","520547,000000"
"2011","CE","Não-Metálicos","Fosfato",",000000",",000000000000000","t","P2O5","0","0",",000000",",000000",",000000",",000000"
"2011","CE","Não-Metálicos","Rochas Ornamentais - Outras","106756,270000",",000000000000000","-","","106718,27999999994","7639456,9399999995",",000000",",000000",",000000",",000000"
"2011","CE","Não-Metálicos","Saibro","988969,600000",",000000000000000","-","","28415,599999999999","99588,089999999997",",000000",",000000","960554,000000","1594519,640000"
"2011","CE","Não-Metálicos","Dolomito e Magnesita","108405,230000",",000000000000000","-","","103405,23","2274615,0800000001",",000000",",000000",",000000",",000000"
"2011","CE","Não-Metálicos","Argilas","2230978,090000",",000000000000000","-","","235796,60999999999","4074522,9800000004","896919,550000","3293744,930000","1074670,180000","4961599,420000"
"2011","CE","Não-Metálicos","Rochas Ornamentais","57301,730000",",000000000000000","-","","48741,659999999996","16982115,509999998",",000000",",000000","4191,320000","401928,800000"
"2011","DF","Não-Metálicos","Areias Industriais","4240,030000",",000000000000000","-","","0","0",",000000",",000000",",000000",",000000"
"2011","DF","Não-Metálicos","Argilas","464010,110000",",000000000000000","-","","0","0",",000000",",000000","380795,110000","2806092,190000"
"2011","DF","Não-Metálicos","Rochas (Britadas) e Cascalho","713766,000000",",000000000000000","-","","0","0",",000000",",000000",",000000",",000000"
"2011","DF","Não-Metálicos","Calcário","7381941,790000",",000000000000000","-","","0","0",",000000",",000000","2106843,320000","24791785,870000"
"2011","DF","Não-Metálicos","Areia","421603,460000",",000000000000000","-","","372800,27000000002","8722018,5099999998",",000000",",000000",",000000",",000000"
"2011","ES","Não-Metálicos","Areias Industriais",",000000",",000000000000000","-","","0","0",",000000",",000000",",000000",",000000"
"2011","ES","Não-Metálicos","Calcário","2334898,286000",",000000000000000","-","","1845960,3759999999","40719062,940499999",",000000",",000000","222627,960000","3038751,290000"
"2011","ES","Não-Metálicos","Argilas","296160,260000",",000000000000000","-","","183291,64999999999","3947189,1499999999","39296,760000","465727,200000","93613,450000","1040099,370000"
"2011","ES","Não-Metálicos","Feldspato, Leucita e Nefelina-Sienito","262,390000",",000000000000000","-","","192,16999999999999","330199,25","35,000000","55800,730000",",000000",",000000"
"2011","ES","Não-Metálicos","Saibro","124319,820000",",000000000000000","-","","114552,88","378902,75",",000000",",000000","34819,940000","180370,160000"
"2011","ES","Não-Metálicos","Rochas Ornamentais","1796066,457000",",000000000000000","-","","1655901,645","230653923,97049999",",000000",",000000","79919,060000","13874247,880000"
"2011","ES","Não-Metálicos","Dolomito e Magnesita","762109,313000",",000000000000000","-","","698314,28300000005","6754029,8329999996",",000000",",000000","63795,030000","376899,570000"
"2011","ES","Não-Metálicos","Areia","1943815,310000","10,000000000000000","-","","1926365,23","20242455,779999997","481,920000","9033,000000","322599,800000","1526388,830000"
"2011","ES","Não-Metálicos","Rochas (Britadas) e Cascalho","6267396,224000",",000000000000000","-","","15132,696","380494,84600000002",",000000",",000000","1094,510000","354,000000"
"2011","ES","Gemas e Diamantes","Gemas","22,000000","300,239000000000000","kg","","4","61498",",000000",",000000",",000000",",000000"
"2011","GO","Não-Metálicos","Rochas Ornamentais","18279,610000",",000000000000000","-","","13615","149065,23999999999",",000000",",000000","3225,540000","464286,510000"
"2011","GO","Metálicos","Níquel","5528778,960000","63737,500000000000000","t"," Ni","0","0",",000000",",000000",",000000",",000000"
"2011","GO","Não-Metálicos","Saibro","3648,000000",",000000000000000","-","","3648","29860",",000000",",000000",",000000",",000000"
"2011","GO","Não-Metálicos","Amianto","4914502,330000","351628,700000000000000","t","","0","0",",000000",",000000",",000000",",000000"
"2011","GO","Não-Metálicos","Dolomito e Magnesita","532835,970000",",000000000000000","-","","12","0,12","4000,000000","32000,000000","73536,000000",",120000"
"2011","GO","Não-Metálicos","Fosfato","11274945,390000","1359914,320000000000000","t","P2O5","0","0",",000000",",000000",",000000",",000000"
"2011","GO","Metálicos","Manganês","35177,110000","14499,740000000000000","t","Mn","0","0",",000000",",000000",",000000",",000000"
"2011","GO","Não-Metálicos","Areia","2401513,800000",",000000000000000","-","","1959502,6199999999","30499871,280000005","3001,000000","40035,000000","372,000000","3720,000000"
"2011","GO","Metálicos","Prata","23050186,310000","3954,246060000000000","kg","Ag","0","0",",000000",",000000",",000000",",000000"
"2011","GO","Não-Metálicos","Calcário","6263856,687000",",000000000000000","-","","12401","207113,09","194885,240000","1559093,600000",",000000",",000000"
"2011","GO","Não-Metálicos","Areias Industriais","65354,680000",",000000000000000","-","","0","0",",000000",",000000",",000000",",000000"
"2011","GO","Não-Metálicos","Caulim","9484,730000",",000000000000000","-","","2251","192160,32999999999",",000000",",000000","7233,730000","6852,900000"
"2011","GO","Não-Metálicos","Vermiculita e Perlita","54499,940000",",000000000000000","t","","54499,940000000002","19631078,43",",000000",",000000","1973,800000","138166,000000"
"2011","GO","Não-Metálicos","Talco e outras Cargas Minerais","41999,920000",",000000000000000","-","","35999,919999999998","217124,21000000002",",000000",",000000",",000000",",000000"
"2011","GO","Metálicos","Nióbio","3870295,000000","23514,142800000000000","t","Nb2O5","0","0",",000000",",000000",",000000",",000000"
"2011","GO","Metálicos","Ouro","23281869,020000","11129,361000000000000","kg","Au","0","0",",000000",",000000",",000000",",000000"
"2011","GO","Metálicos","Alumínio (Bauxita)","10365,000000","6073,890000000000000","t","Al2O3","0","0",",000000",",000000","10365,000000","213519,000000"
"2011","GO","Gemas e Diamantes","Diamante","148,300000","126,300000000000000","ct","","121,3","49700",",000000",",000000",",000000",",000000"
"2011","GO","Não-Metálicos","Rochas Ornamentais - Outras","62,000000",",000000000000000","-","","62","23199",",000000",",000000",",000000",",000000"
"2011","GO","Metálicos","Titânio","6156,790000","1000,320000000000000","t","TiO2","0","0",",000000",",000000",",000000",",000000"
"2011","GO","Não-Metálicos","Argilas","695122,880000",",000000000000000","-","","362900,31","2278751,3300000001","4807,800000","22800,000000","366424,170000","1466753,070000"
"2011","GO","Não-Metálicos","Rochas (Britadas) e Cascalho","8228564,523000",",000000000000000","-","","159942,66999999998","1693048,25","113531,010000","639478,510000",",000000",",000000"
"2011","GO","Metálicos","Ferro",",000000",",000000000000000","t","Fe","0","0",",000000",",000000",",000000",",000000"
"2011","GO","Metálicos","Cobre","26085622,270000","101001,180000000000000","t","Cu","0","0",",000000",",000000",",000000",",000000"
"2011","GO","Não-Metálicos","Bário","5306435,000000","184663,940000000000000","t","BaSO4","0","0",",000000",",000000",",000000",",000000"
"2011","GO","Metálicos","Cobalto","4000842,960000","3547,830000000000000","t","Co","0","0",",000000",",000000",",000000",",000000"
"2011","MA","Não-Metálicos","Areia","1489766,100000",",000000000000000","-","","1401548,73","14101345,77",",000000",",000000",",000000",",000000"
"2011","MA","Não-Metálicos","Argilas","793136,010000",",000000000000000","-","","113820,04999999999","1013690,67","191878,910000","717375,130000","456471,230000","2916513,980000"
"2011","MA","Não-Metálicos","Saibro","17657,500000",",000000000000000","-","","17657,5","10594,5",",000000",",000000",",000000",",000000"
"2011","MA","Não-Metálicos","Caulim","116241,000000",",000000000000000","-","","116241","2985068,8799999999",",000000",",000000",",000000",",000000"
"2011","MA","Metálicos","Ferro","37544,310000","18396,710000000000000","t","Fe","37544,309999999998","1545207,9099999999",",000000",",000000",",000000",",000000"
"2011","MA","Não-Metálicos","Rochas (Britadas) e Cascalho","2062087,040000",",000000000000000","-","","212870,29999999999","790900,40000000002",",000000",",000000",",000000",",000000"
"2011","MA","Metálicos","Ouro","1266709,000000","1634,054610000000000","kg","Au","0","0",",000000",",000000",",000000",",000000"
"2011","MA","Não-Metálicos","Gipsita","151605,250000",",000000000000000","-","","131660,5","3918423,3600000003",",000000",",000000","9873,330000","229878,900000"
"2011","MA","Não-Metálicos","Calcário","866169,000000",",000000000000000","-","","130795","3631141,3599999999","25787,000000","1108841,000000",",000000",",000000"
"2011","MG","Não-Metálicos","Fosfato","23593660,040000","2118989,120000000000000","t","P2O5","0","0",",000000",",000000",",000000",",000000"
"2011","MG","Metálicos","Níquel","367308,950000","12449,810000000000000","t"," Ni","0","0",",000000",",000000",",000000",",000000"
"2011","MG","Gemas e Diamantes","Diamante","265080,790000","6369,700000000000000","ct","","0","0",",000000",",000000",",000000",",000000"
"2011","MG","Não-Metálicos","Calcário","44554496,813900",",000000000000000","-","","3864932,04","38669235,189999998","380,070000",",130000","60191,570000","343695,680000"
"2011","MG","Não-Metálicos","Rochas Ornamentais","986093,270000","1618,340000000000000","-","","782507,27000000014","181300319,85000002","6306,020000","189180,800000","151918,060000","13895162,750000"
"2011","MG","Não-Metálicos","Talco e outras Cargas Minerais","868938,870000",",000000000000000","-","","128071,47","5920204,71",",000000",",000000","32155,320000","933742,110000"
"2011","MG","Não-Metálicos","Areias Industriais","1135762,060000",",000000000000000","-","","207606,72","21104845,730000004",",000000",",000000","803,860000","28573,680000"
"2011","MG","Metálicos","Cádmio",",000000",",000000000000000","t","Cd","0","0",",000000",",000000",",000000",",000000"
"2011","MG","Não-Metálicos","Dolomito e Magnesita","17,000000",",000000000000000","-","","0","0",",000000",",000000",",000000",",000000"
"2011","MG","Não-Metálicos","Rochas Ornamentais - Outras","12404,830000",",000000000000000","-","","11914,91","2782994,0800000001",",000000",",000000","119,920000","4666,000000"
"2011","MG","Não-Metálicos","Potássio",",000000",",000000000000000","t","K2O","0","0",",000000",",000000",",000000",",000000"
"2011","MG","Gemas e Diamantes","Gemas",",000000",",000000000000000","-","","0","0",",000000",",000000",",000000",",000000"
"2011","MG","Energéticos","Turfa","2300,000000",",000000000000000","-","","2300","19500",",000000",",000000",",000000",",000000"
"2011","MG","Metálicos","Zircônio",",000000",",000000000000000","t","ZrSiO4","0","0",",000000",",000000",",000000",",000000"
"2011","MG","Metálicos","Cobre","315398,950000","586,640000000000000","t","Cu","0","0",",000000",",000000",",000000",",000000"
"2011","MG","Metálicos","Berílio",",000000",",000000000000000","t","BeO","0","0",",000000",",000000",",000000",",000000"
"2011","MG","Metálicos","Nióbio","4082976,000000","111873,542000000000000","t","Nb2O5","0","0",",000000",",000000",",000000",",000000"
"2011","MG","Não-Metálicos","Grafita","1143608,400000","82128,830000000000000","t","","12000","128062,02",",000000",",000000",",000000",",000000"
"2011","MG","Não-Metálicos","Mica",",000000",",000000000000000","-","","0","0",",000000",",000000",",000000",",000000"
"2011","MG","Não-Metálicos","Enxofre","315398,950000","11937,850000000000000","t","S","0","0",",000000",",000000",",000000",",000000"
"2011","MG","Gemas e Diamantes","Gemas","1194163,800000","928,022200000000000","kg","","0","0",",000000",",000000",",000000",",000000"
"2011","MG","Metálicos","Prata","45659356,100000","5849,136130000000000","kg","Ag","0","0",",000000",",000000",",000000",",000000"
"2011","MG","Metálicos","Manganês","985523,700000","209662,390000000000000","t","Mn","132842,66","7010475,7800000003",",000000",",000000","46738,040000","4943620,700000"
"2011","MG","Metálicos","Cobalto","315398,950000","75,690000000000000","t","Co","0","0",",000000",",000000",",000000",",000000"
"2011","MG","Não-Metálicos","Rochas (Britadas) e Cascalho","19608056,486100",",000000000000000","-","","540562,46000000008","3187849,3400000003","67618,160000","252911,350000","106617,070000","809129,040000"
"2011","MG","Metálicos","Ferro","363984177,490000","200807331,030000000000000","t","Fe","27779243,439999998","932754390,76000011",",000000",",000000",",000000",",000000"
"2011","MG","Metálicos","Estanho","787066,900000","317218,080000000000000","kg","Sn","0","0",",000000",",000000",",000000",",000000"
"2011","MG","Metálicos","Columbita-Tantalita","785735,900000","490,943230000000000","t","Ta2O5","0","0",",000000",",000000",",000000",",000000"
"2011","MG","Metálicos","Alumínio (Bauxita)","7306096,760000","2648040,070000000000000","t","Al2O3","1762910,52","32084415,249999996",",000000",",000000","34942,000000","719805,200000"
"2011","MG","Não-Metálicos","Bário","4082976,000000","765576,370000000000000","t","BaSO4","0","0",",000000",",000000",",000000",",000000"
"2011","MG","Não-Metálicos","Geodos, Ágatas, Calcedônia, etc",",000000",",000000000000000","t","","0","0",",000000",",000000",",000000",",000000"
"2011","MG","Não-Metálicos","Caulim","34931,760000",",000000000000000","-","","34638,260000000002","1773728,4200000002",",000000",",000000",",000000",",000000"
"2011","MG","Metálicos","Lítio","36495,230000","500,870000000000000","t","Li2O","1177,23","547301,41999999993",",000000",",000000",",000000",",000000"
"2011","MG","Metálicos","Ouro","48073625,630000","31663,062210000000000","kg","Au","0","0",",000000",",000000",",000000",",000000"
"2011","MG","Não-Metálicos","Quartzo (Cristal) e outros Piezelétricos","72,130000",",000000000000000","-","","72,129999999999995","112958",",000000",",000000",",000000",",000000"
"2011","MG","Não-Metálicos","Areia","5426405,270000",",000000000000000","-","","4618027,29","73423659,99000001",",000000",",000000","195,000000","1945,000000"
"2011","MG","Metálicos","Chumbo","2291314,680000","24243,030000000000000","t","Pb","0","0",",000000",",000000",",000000",",000000"
"2011","MG","Não-Metálicos","Argilas","3090952,490000",",000000000000000","-","","763208,68000000005","10817049,579999998","177481,100000","1140772,390000","1057811,280000","9417976,430000"
"2011","MG","Metálicos","Zinco","2302759,680000","204884,290000000000000","t","Zn","0","0",",000000",",000000",",000000",",000000"
"2011","MG","Não-Metálicos","Cianita e outros minerais refratários","130,000000",",000000000000000","-","","0","0",",000000",",000000",",000000",",000000"
"2011","MG","Metálicos","Titânio","8887491,000000","1333656,900000000000000","t","TiO2","0","0",",000000",",000000",",000000",",000000"
"2011","MG","Não-Metálicos","Feldspato, Leucita e Nefelina-Sienito","20006,520000",",000000000000000","-","","15040,599999999999","2491525,6499999999",",000000",",000000",",000000",",000000"
"2011","MG","Metálicos","Cromo","30,000000","6,000000000000000","t","Cr2O3","0","0",",000000",",000000",",000000",",000000"
"2011","MG","Não-Metálicos","Saibro","86361,390000",",000000000000000","-","","86361,389999999999","337991,79000000004",",000000",",000000",",000000",",000000"
"2011","MS","Não-Metálicos","Argilas","475224,800000",",000000000000000","-","","119428,75999999999","897451,10999999999",",000000",",000000","1428,000000","7340,800000"
"2011","MS","Não-Metálicos","Talco e outras Cargas Minerais","262579,000000",",000000000000000","-","","0","0",",000000",",000000",",000000",",000000"
"2011","MS","Não-Metálicos","Saibro","126931,650000",",000000000000000","-","","123570,66","774442,81000000006",",000000",",000000",",000000",",000000"
"2011","MS","Não-Metálicos","Areia","2987629,210000",",000000000000000","-","","2102556,8300000001","18041744,449999999",",000000",",000000","1419,380000","11770,200000"
"2011","MS","Metálicos","Manganês","352205,000000","159831,000000000000000","t","Mn","0","0",",000000",",000000",",000000",",000000"
"2011","MS","Metálicos","Ferro","9962266,000000","6270654,390000000000000","t","Fe","0","0",",000000",",000000",",000000",",000000"
"2011","MS","Não-Metálicos","Dolomito e Magnesita","872478,040000",",000000000000000","-","","0","0",",000000",",000000",",000000",",000000"
"2011","MS","Não-Metálicos","Rochas Ornamentais",",000000",",000000000000000","-","","0","0",",000000",",000000",",000000",",000000"
"2011","MS","Não-Metálicos","Rochas (Britadas) e Cascalho","4278539,710000",",000000000000000","-","","173443,63999999998","3082743,1400000001","8040,000000","18799,500000","98690,160000","307774,470000"
"2011","MS","Não-Metálicos","Calcário","2668022,460000",",000000000000000","-","","73445","1718613,4099999999",",000000",",000000",",000000",",000000"
"2011","MS","Gemas e Diamantes","Diamante",",000000",",000000000000000","ct","","0","0",",000000",",000000",",000000",",000000"
"2011","MT","Metálicos","Ouro","11391416,900000","6479,280770000000000","kg","Au","0","0",",000000",",000000","44518,860000","3952090,330000"
"2011","MT","Metálicos","Manganês",",000000","6,000000000000000","t","Mn","0","0",",000000",",000000",",000000",",000000"
"2011","MT","Não-Metálicos","Calcário","7792694,030000",",000000000000000","-","","80847","1637690,1799999999",",000000",",000000",",000000",",000000"
"2011","MT","Metálicos","Estanho","164534,000000","117637,000000000000000","kg","Sn","0","0",",000000",",000000",",000000",",000000"
"2011","MT","Não-Metálicos","Areias Industriais","3,000000",",000000000000000","-","","3","300",",000000",",000000",",000000",",000000"
"2011","MT","Não-Metálicos","Areia","1034072,040000",",000000000000000","-","","965923,79000000004","16767311,549999999",",000000",",000000",",000000",",000000"
"2011","MT","Não-Metálicos","Talco e outras Cargas Minerais",",000000",",000000000000000","-","","0","0",",000000",",000000",",000000",",000000"
"2011","MT","Não-Metálicos","Quartzo (Cristal) e outros Piezelétricos","1701,500000",",000000000000000","-","","0","0",",000000",",000000",",000000",",000000"
"2011","MT","Não-Metálicos","Rochas (Britadas) e Cascalho","3294795,730000",",000000000000000","-","","286333,90000000002","5512903,0100000007","68615,000000","175538,660000","1345,000000","14000,000000"
"2011","MT","Gemas e Diamantes","Diamante","110305,000000","39531,920000000000000","ct","","0","0",",000000",",000000",",000000",",000000"
"2011","MT","Não-Metálicos","Dolomito e Magnesita","513500,000000",",000000000000000","-","","0","0",",000000",",000000",",000000",",000000"
"2011","MT","Não-Metálicos","Argilas","2619853,770000",",000000000000000","-","","81153,050000000003","8475194,4199999999","58661,000000","9260950,810000","413142,830000","3863323,730000"
"2011","PA","Não-Metálicos","Calcário","1822989,960000",",000000000000000","-","","1618047,0699999998","48193597,93",",000000",",000000",",000000",",000000"
"2011","PA","Metálicos","Tungstênio","139908,620000","57,450000000000000","t","WO3","0","0",",000000",",000000",",000000",",000000"
"2011","PA","Não-Metálicos","Saibro","238806,540000",",000000000000000","-","","238806,54000000001","594217,75",",000000",",000000",",000000",",000000"
"2011","PA","Não-Metálicos","Rochas Ornamentais",",000000",",000000000000000","-","","0","0",",000000",",000000",",010000",",010000"
"2011","PA","Metálicos","Manganês","3596186,000000","1243401,610000000000000","t","Mn","0","0",",000000",",000000",",000000",",000000"
"2011","PA","Metálicos","Cobre","15203806,820000","119252,140000000000000","t","Cu","0","0",",000000",",000000",",000000",",000000"
"2011","PA","Metálicos","Alumínio (Bauxita)","42008113,040000","19610267,690000000000000","t","Al2O3","0","0",",000000",",000000",",000000",",000000"
"2011","PA","Não-Metálicos","Areias Industriais","28277,930000",",000000000000000","-","","23","27900",",000000",",000000",",000000",",000000"
"2011","PA","Metálicos","Níquel","1930838,350000","19469,000000000000000","t"," Ni","0","0",",000000",",000000",",000000",",000000"
"2011","PA","Não-Metálicos","Areia","559347,020000",",000000000000000","-","","532214,02000000002","4546378,1799999997","12544,000000",",100000","12933,000000","57547,420000"
"2011","PA","Metálicos","Ferro","119756220,180000","79221255,370000000000000","t","Fe","0","0",",000000",",000000",",000000",",000000"
"2011","PA","Não-Metálicos","Rochas Ornamentais - Outras",",000000",",000000000000000","-","","256","53592",",000000",",000000",",000000",",000000"
"2011","PA","Não-Metálicos","Argilas","720119,880000",",000000000000000","-","","232737,66000000003","4535806,8200000003",",000000",",000000","479785,820000","2898556,740000"
"2011","PA","Metálicos","Estanho","124898,000000","74900,000000000000000","kg","Sn","0","0",",000000",",000000",",000000",",000000"
"2011","PA","Gemas e Diamantes","Gemas","598,540000","478831,200000000000000","kg","","0","0",",000000",",000000",",000000",",000000"
"2011","PA","Não-Metálicos","Rochas (Britadas) e Cascalho","1314217,880000",",000000000000000","-","","76293","1503501,75",",000000",",000000","53111,800000","254788,880000"
"2011","PA","Não-Metálicos","Caulim","5364759,220000",",000000000000000","-","","170833,22","11363291,130000001",",000000",",000000",",000000",",000000"
"2011","PA","Metálicos","Ouro","15368225,000000","5268,531080000000000","kg","Au","0","0",",000000",",000000",",000000",",000000"
"2011","PB","Gemas e Diamantes","Gemas",",000000",",000000000000000","kg","","0","0",",000000",",000000",",000000",",000000"
"2011","PB","Não-Metálicos","Cianita e outros minerais refratários","2297,890000",",000000000000000","-","","0","0",",000000",",000000",",000000",",000000"
"2011","PB","Não-Metálicos","Argilas","1083426,970000",",000000000000000","-","","517270,57999999996","4930528,7300000004","2650,000000","2650,000000","45657,380000","497236,060000"
"2011","PB","Não-Metálicos","Rochas (Britadas) e Cascalho","956184,960000",",000000000000000","-","","1068","50500,800000000003",",000000",",000000",",000000",",000000"
"2011","PB","Não-Metálicos","Areia","913335,040000",",000000000000000","-","","903161,35000000009","4324351,6099999985",",000000",",000000","9788,690000","16249,220000"
"2011","PB","Metálicos","Titânio","266582,400000","64568,800000000000000","t","TiO2","0","0",",000000",",000000",",000000",",000000"
"2011","PB","Não-Metálicos","Areias Industriais","13405730,220000",",000000000000000","-","","42374,220000000001","1151279,4199999999",",000000",",000000","63980,000000","476100,000000"
"2011","PB","Metálicos","Zircônio","13299052,000000","14460,190000000000000","t","ZrSiO4","0","0",",000000",",000000",",000000",",000000"
"2011","PB","Não-Metálicos","Rochas Ornamentais - Outras","100760,000000",",000000000000000","-","","100760","137400",",000000",",000000",",000000",",000000"
"2011","PB","Não-Metálicos","Caulim","1127,000000",",000000000000000","-","","0","0",",000000",",000000",",000000",",000000"
"2011","PB","Não-Metálicos","Saibro","49506,000000",",000000000000000","-","","21056","151340",",000000",",000000","28450,000000","204484,380000"
"2011","PB","Não-Metálicos","Mica","4710,100000",",000000000000000","-","","4042,6999999999998","158295,13",",000000",",000000","667,400000","99118,190000"
"2011","PB","Metálicos","Columbita-Tantalita","1,900000","1,900000000000000","t","Ta2O5","0","0",",000000",",000000",",000000",",000000"
"2011","PB","Não-Metálicos","Dolomito e Magnesita","417,850000",",000000000000000","-","","417,85000000000002","246166,32000000001",",000000",",000000",",000000",",000000"
"2011","PB","Não-Metálicos","Rochas Ornamentais","21028,710000",",000000000000000","-","","16331,189999999999","5965609,0499999989","3208,500000",",120000",",000000",",000000"
"2011","PB","Não-Metálicos","Calcário","2382317,000000",",000000000000000","-","","50478","925107,59999999998",",000000",",000000","2313,000000","93566,250000"
"2011","PB","Não-Metálicos","Feldspato, Leucita e Nefelina-Sienito","19503,820000",",000000000000000","-","","15215,43","1360123,46",",000000",",000000",",000000",",000000"
"2011","PB","Não-Metálicos","Vermiculita e Perlita","3681,500000","1466,900000000000000","t","","0","0",",000000",",000000",",000000",",000000"
"2011","PE","Não-Metálicos","Areias Industriais","164002,840000",",000000000000000","-","","24149","147906,06",",000000",",000000",",000000",",000000"
"2011","PE","Não-Metálicos","Vermiculita e Perlita","2489,000000","970,710000000000000","t","","0","0",",000000",",000000",",000000",",000000"
"2011","PE","Não-Metálicos","Gipsita","2992331,650000",",000000000000000","-","","1853906,3299999998","34453612,619999997",",000000",",000000","32821,840000","2221460,510000"
"2011","PE","Não-Metálicos","Fosfato",",000000",",000000000000000","t","P2O5","0","0",",000000",",000000",",000000",",000000"
"2011","PE","Não-Metálicos","Feldspato, Leucita e Nefelina-Sienito","600,000000",",000000000000000","-","","0","0",",000000",",000000",",000000",",000000"
"2011","PE","Metálicos","Titânio",",000000",",000000000000000","t","TiO2","0","0",",000000",",000000",",000000",",000000"
"2011","PE","Não-Metálicos","Caulim",",000000",",000000000000000","-","","0","0",",000000",",000000",",000000",",000000"
"2011","PE","Não-Metálicos","Dolomito e Magnesita","825,000000",",000000000000000","-","","0","0",",000000",",000000",",000000",",000000"
"2011","PE","Não-Metálicos","Areia","1303095,220000",",000000000000000","-","","1225020,02","7927016,1100000003",",000000",",000000","75225,200000","133879,500000"
"2011","PE","Não-Metálicos","Argilas","1558944,460000",",000000000000000","-","","1061397,29","8444852,8499999996","47918,370000","271900,390000","18269,580000","22836,980000"
"2011","PE","Não-Metálicos","Rochas (Britadas) e Cascalho","6867820,880000",",000000000000000","-","","0","0",",000000",",000000",",000000",",000000"
"2011","PE","Não-Metálicos","Rochas Ornamentais","21972,400000",",000000000000000","-","","21682,43","6813516,54",",000000",",000000",",000000",",000000"
"2011","PE","Não-Metálicos","Calcário","922357,540000",",000000000000000","-","","732958","21656385,170000002",",000000",",000000","21894,680000","178038,040000"
"2011","PE","Não-Metálicos","Saibro","444716,530000",",000000000000000","-","","192991,73000000001","168307,25",",000000",",000000","251724,800000","364348,000000"
"2011","PI","Não-Metálicos","Argilas","463315,890000",",000000000000000","-","","228103,64000000001","3209418,3600000003","23259,010000","292986,660000","206143,840000","3101237,750000"
"2011","PI","Não-Metálicos","Areia","272592,380000","12228,000000000000000","-","","245347,89999999997","1624564,5899999999",",000000",",000000","15794,710000","98011,330000"
"2011","PI","Não-Metálicos","Saibro","39555,220000",",000000000000000","-","","34013,480000000003","348758,27000000002",",000000",",000000",",000000",",000000"
"2011","PI","Não-Metálicos","Calcário","1095281,200000",",000000000000000","-","","467564,90999999997","1560655,1200000001",",000000",",000000","10186,000000","433582,300000"
"2011","PI","Não-Metálicos","Rochas Ornamentais","22125,690000",",000000000000000","-","","5042,0299999999997","805526,21999999997",",000000",",000000","8019,760000","256656,590000"
"2011","PI","Não-Metálicos","Rochas (Britadas) e Cascalho","688299,320000",",000000000000000","-","","39696,550000000003","849575","27004,000000","294796,000000","1326,000000","82638,000000"
"2011","PI","Gemas e Diamantes","Gemas","8075,000000","17,780000000000000","kg","","0,43000000000000005","37600",",000000",",000000",",000000",",000000"
"2011","PR","Não-Metálicos","Rochas (Britadas) e Cascalho","11728316,990000",",000000000000000","-","","186617,62000000002","741802,22999999998","240494,420000","1206201,490000","245746,300000","1156233,800000"
"2011","PR","Não-Metálicos","Fluorita e Criolita","30162,890000","13422,490000000000000","t","","0","0",",000000",",000000",",000000",",000000"
"2011","PR","Não-Metálicos","Argilas","1161930,860000",",000000000000000","-","","288703,75","3349471,6300000008","54377,580000","272438,780000","821025,120000","3808936,360000"
"2011","PR","Não-Metálicos","Feldspato, Leucita e Nefelina-Sienito","127890,110000",",000000000000000","-","","0","0",",000000",",000000",",000000",",000000"
"2011","PR","Metálicos","Chumbo",",000000",",000000000000000","t","Pb","0","0",",000000",",000000",",000000",",000000"
"2011","PR","Não-Metálicos","Areias Industriais","42729,510000",",000000000000000","-","","29487,540000000001","554855,17999999993","2240,000000","8960,000000","219,000000","5188,050000"
"2011","PR","Metálicos","Ouro","91126,180000","422,230640000000000","kg","Au","0","0",",000000",",000000",",000000",",000000"
"2011","PR","Não-Metálicos","Dolomito e Magnesita","3629818,250000",",000000000000000","-","","1397686,6099999999","3600675,8700000001","1282667,910000","2841522,010000","31611,030000","128891,160000"
"2011","PR","Não-Metálicos","Areia","6177231,960000",",000000000000000","-","","4326211,1299999999","82226619,820000008",",000000",",000000",",000000",",000000"
"2011","PR","Não-Metálicos","Rochas Ornamentais - Outras","92224,680000",",000000000000000","-","","90708,5","474136,46999999997",",000000",",000000","450,000000","65250,000000"
"2011","PR","Não-Metálicos","Saibro","1163787,430000",",000000000000000","-","","1096349,4299999999","14016860,43","3100,000000","11700,000000","64338,000000","50832,240000"
"2011","PR","Não-Metálicos","Talco e outras Cargas Minerais","643456,960000",",000000000000000","-","","363421,71000000002","12200409,050000001",",000000",",000000","222398,360000","383590,690000"
"2011","PR","Metálicos","Prata","91126,180000","69,668060000000000","kg","Ag","0","0",",000000",",000000",",000000",",000000"
"2011","PR","Não-Metálicos","Rochas Ornamentais","10077,650000",",000000000000000","-","","2053,5999999999999","258274,10999999999",",000000",",000000","5698,150000","1137848,970000"
"2011","PR","Gemas e Diamantes","Diamante","45950,000000","1141,430000000000000","ct","","0","0",",000000",",000000",",000000",",000000"
"2011","PR","Não-Metálicos","Caulim","101052,680000",",000000000000000","-","","77993,809999999998","3762826,3100000001",",000000",",000000","19527,420000","335184,440000"
"2011","PR","Energéticos","Carvão Mineral","344161,140000",",000000000000000","-","","0","0",",000000",",000000",",000000",",000000"
"2011","PR","Não-Metálicos","Calcário","12784622,670000",",000000000000000","-","","2151212,9500000002","30949221,460000001","57097,000000","201902,500000","184569,380000","889642,390000"
"2011","PR","Gemas e Diamantes","Gemas","10652,100000","1065210,000000000000000","kg","","0","0",",000000",",000000","10652,100000","121698,800000"
"2011","RJ","Metálicos","Ouro","3194,000000","3,194000000000000","kg","Au","0","0",",000000",",000000",",000000",",000000"
"2011","RJ","Metálicos","Zircônio","133324,800000","958,000000000000000","t","ZrSiO4","0","0",",000000",",000000",",000000",",000000"
"2011","RJ","Não-Metálicos","Rochas Ornamentais","18834,591500",",000000000000000","-","","17427,27","943220,76000000001",",000000",",000000","1406,020000","99365,400000"
"2011","RJ","Não-Metálicos","Dolomito e Magnesita","40,000000",",000000000000000","-","","0","0",",000000",",000000",",000000",",000000"
"2011","RJ","Metálicos","Titânio","266649,600000","4799,000000000000000","t","TiO2","0","0",",000000",",000000",",000000",",000000"
"2011","RJ","Metálicos","Monazita e Terras-Raras","133324,800000","290,000000000000000","t","ETR","0","0",",000000",",000000",",000000",",000000"
"2011","RJ","Não-Metálicos","Areia","9979724,150000",",000000000000000","-","","9948704,7199999988","90690464,349999979","24666,500000","198466,000000",",000000",",000000"
"2011","RJ","Não-Metálicos","Rochas Ornamentais - Outras","50422,830000",",000000000000000","-","","50422,830000000002","3296311,9100000001",",000000",",000000",",000000",",000000"
"2011","RJ","Metálicos","Alumínio (Bauxita)",",000000",",000000000000000","t","Al2O3","0","0",",000000",",000000",",000000",",000000"
"2011","RJ","Não-Metálicos","Areias Industriais","292578,000000",",000000000000000","-","","0","0",",000000",",000000",",000000",",000000"
"2011","RJ","Não-Metálicos","Fluorita e Criolita","36793,000000","13000,000000000000000","t","","0","0",",000000",",000000",",000000",",000000"
"2011","RJ","Não-Metálicos","Argilas","1770905,880000",",000000000000000","-","","812760,37","1318554,5600000001","97192,280000","93802,020000","406986,230000","1427888,940000"
"2011","RJ","Não-Metálicos","Saibro","4602575,550000",",000000000000000","-","","4602350,5499999998","10895446,9",",000000",",000000",",000000",",000000"
"2011","RJ","Não-Metálicos","Rochas (Britadas) e Cascalho","24839784,908500",",000000000000000","-","","411442,06","14213854,84",",000000",",000000",",000000",",000000"
"2011","RJ","Não-Metálicos","Calcário","3048661,870000",",000000000000000","-","","156556,48000000001","1315597,1400000001",",000000",",000000","1152345,510000","11207348,530000"
"2011","RJ","Não-Metálicos","Caulim",",000000",",000000000000000","-","","0","0",",000000",",000000",",000000",",000000"
"2011","RN","Não-Metálicos","Feldspato, Leucita e Nefelina-Sienito","17530,500000",",000000000000000","-","","3940,5","71475",",000000",",000000",",000000",",000000"
"2011","RN","Metálicos","Ferro","118716,520000","50845,860000000000000","t","Fe","63353,600000000006","8396774,9100000001",",000000",",000000",",000000",",000000"
"2011","RN","Não-Metálicos","Calcário","415578,110000",",000000000000000","-","","233205,92000000001","6447690,0300000003",",000000",",000000",",000000",",000000"
"2011","RN","Não-Metálicos","Caulim","209009,200000",",000000000000000","-","","0","0",",000000",",000000",",000000",",000000"
"2011","RN","Não-Metálicos","Rochas Ornamentais - Outras","367,830000",",000000000000000","-","","367,82999999999998","158024,37",",000000",",000000",",000000",",000000"
"2011","RN","Não-Metálicos","Argilas","351799,540000",",000000000000000","-","","320050,01000000001","1920300","16480,000000","82399,500000",",000000",",000000"
"2011","RN","Não-Metálicos","Rochas Ornamentais","25051,990000",",000000000000000","-","","26641,400000000001","10229345,310000001",",000000",",000000",",000000",",000000"
"2011","RN","Gemas e Diamantes","Gemas",",000000",",000000000000000","kg","","0","65263,849999999999",",000000",",000000",",000000",",000000"
"2011","RN","Metálicos","Tungstênio","42080,000000","295,040000000000000","t","WO3","165","53200",",000000",",000000",",000000",",000000"
"2011","RN","Não-Metálicos","Talco e outras Cargas Minerais","34310,000000",",000000000000000","-","","34310","514650",",000000",",000000",",000000",",000000"
"2011","RN","Não-Metálicos","Saibro","148459,280000",",000000000000000","-","","6550","13100",",000000",",000000","141909,280000","235569,380000"
"2011","RN","Metálicos","Columbita-Tantalita","637,000000","4,550000000000000","t","Ta2O5","0","0",",000000",",000000",",000000",",000000"
"2011","RN","Não-Metálicos","Gipsita",",000000",",000000000000000","-","","0","0",",000000",",000000",",000000",",000000"
"2011","RN","Não-Metálicos","Rochas (Britadas) e Cascalho","1332395,550000",",000000000000000","-","","0","0",",000000",",000000","52120,620000","983407,890000"
"2011","RN","Metálicos","Ouro","35093,530000","57,470000000000000","kg","Au","0","0",",000000",",000000",",000000",",000000"
"2011","RN","Não-Metálicos","Areia","87128,910000",",000000000000000","-","","81128,910000000003","700143,08000000007",",000000",",000000",",000000",",000000"
"2011","RN","Não-Metálicos","Diatomita","244,000000",",000000000000000","-","","274","43530",",000000",",000000",",000000",",000000"
"2011","RO","Não-Metálicos","Argilas","579191,130000",",000000000000000","-","","136436,31","1087822,3900000001",",000000",",000000","440534,820000","4271485,740000"
"2011","RO","Não-Metálicos","Calcário","9109,000000",",000000000000000","-","","0","0",",000000",",000000",",000000",",000000"
"2011","RO","Não-Metálicos","Rochas Ornamentais","5764,160000",",000000000000000","-","","6517,7100000000009","1887168,75",",000000",",000000",",000000",",000000"
"2011","RO","Metálicos","Ouro","100000,510000","54,101660000000000","kg","Au","0","0",",000000",",000000",",000000",",000000"
"2011","RO","Metálicos","Estanho","15585377,900000","9411993,070000000000000","kg","Sn","0","0",",000000",",000000",",000000",",000000"
"2011","RO","Metálicos","Columbita-Tantalita","177558,790000","11,080000000000000","t","Ta2O5","0","0",",000000",",000000",",000000",",000000"
"2011","RO","Não-Metálicos","Rochas (Britadas) e Cascalho","1153782,410000",",000000000000000","-","","129588,68999999999","1466152,77",",000000",",000000",",000000",",000000"
"2011","RO","Não-Metálicos","Areia","525243,140000",",000000000000000","-","","477775,41999999998","10478770,890000001",",000000",",000000",",000000",",000000"
"2011","RO","Metálicos","Columbita-Tantalita","530738,290000","204,959500000000000","t","Nb2O5","0","0",",000000",",000000",",000000",",000000"
"2011","RO","Gemas e Diamantes","Gemas","120000,000000","2057,015000000000000","kg","","0","0",",000000",",000000",",000000",",000000"
"2011","RO","Metálicos","Manganês","40555,000000","12370,730000000000000","t","Mn","0","0",",000000",",000000",",000000",",000000"
"2011","RO","Não-Metálicos","Saibro",",000000",",000000000000000","-","","0","0",",000000",",000000",",000000",",000000"
"2011","RR","Não-Metálicos","Areia","77131,550000",",000000000000000","-","","77131,550000000003","558590",",000000",",000000",",000000",",000000"
"2011","RR","Não-Metálicos","Argilas","58904,500000",",000000000000000","-","","58904,5","382086,69",",000000",",000000",",000000",",000000"
"2011","RR","Não-Metálicos","Rochas (Britadas) e Cascalho","98292,380000",",000000000000000","-","","10406,610000000001","274231,33999999997",",000000",",000000",",000000",",000000"
"2011","RS","Não-Metálicos","Geodos, Ágatas, Calcedônia, etc","8341,450000","8341,450000000000000","t","","8263,6599999999999","43111338",",000000",",000000",",000000",",000000"
"2011","RS","Não-Metálicos","Rochas Ornamentais","10673,260000",",000000000000000","-","","9603,7399999999998","4157679,2599999998",",000000",",000000","374,000000","53728,620000"
"2011","RS","Não-Metálicos","Rochas (Britadas) e Cascalho","17575501,760000",",000000000000000","-","","120098,25","332316,20000000001","20103,510000","61710,300000","206484,360000","644168,830000"
"2011","RS","Energéticos","Carvão Mineral","5153147,600000",",000000000000000","-","","0","0",",000000",",000000",",000000",",000000"
"2011","RS","Não-Metálicos","Caulim","256016,080000",",000000000000000","-","","237562,83000000002","7339285,9499999993",",000000",",000000","20658,750000","215197,340000"
"2011","RS","Não-Metálicos","Calcário","3695751,410000",",000000000000000","-","","67259,25","736760,30000000005",",000000",",000000",",000000",",000000"
"2011","RS","Não-Metálicos","Areia","13976347,900000",",000000000000000","-","","13532948,410000002","96827610,860000014","36045,000000","360450,000000","407504,490000","795873,470000"
"2011","RS","Não-Metálicos","Rochas Ornamentais - Outras","527726,330000",",000000000000000","-","","471014,59999999992","20230606,040000003","1280,000000","12,000000","54593,760000","432721,080000"
"2011","RS","Não-Metálicos","Argilas","5417472,730000",",000000000000000","-","","2637475,9200000004","3985865,9100000006","1400254,600000","3475696,770000","1348942,240000","4196123,800000"
"2011","RS","Não-Metálicos","Saibro","3383782,810000",",000000000000000","-","","2281091,21","16774444,590000004","159986,250000","592854,580000","940359,100000","3838599,530000"
"2011","RS","Não-Metálicos","Areias Industriais","84190,000000",",000000000000000","-","","0","0",",000000",",000000",",000000",",000000"
"2011","SC","Não-Metálicos","Saibro","3150222,480000",",000000000000000","-","","2330895,0800000005","12427344,460000001","127768,380000","575298,220000","358296,720000","1338900,290000"
"2011","SC","Não-Metálicos","Caulim","282170,350000",",000000000000000","-","","131876,04000000001","3204369,8600000003",",000000",",000000","145557,850000","1387690,410000"
"2011","SC","Não-Metálicos","Areia","4625210,810000",",000000000000000","-","","4523081,7199999988","67743441,909999996","30348,200000","160252,200000","12390,000000","80142,000000"
"2011","SC","Energéticos","Carvão Mineral","7237783,040000",",000000000000000","-","","0","0",",000000",",000000",",000000",",000000"
"2011","SC","Não-Metálicos","Argilas","3270788,770000",",000000000000000","-","","1860648,79","17700214,050000001","657850,430000","2150651,890000","520245,450000","3807512,710000"
"2011","SC","Não-Metálicos","Rochas (Britadas) e Cascalho","16866386,090000",",000000000000000","-","","850795,70999999996","7920797,8499999996","35373,120000","298339,690000","998814,300000","4162670,280000"
"2011","SC","Não-Metálicos","Feldspato, Leucita e Nefelina-Sienito","122133,360000",",000000000000000","-","","2958","86959",",000000",",000000",",000000",",000000"
"2011","SC","Não-Metálicos","Rochas Ornamentais - Outras","50522,980000",",000000000000000","-","","48827,980000000003","1368345,1199999999",",000000",",000000","1695,000000","16950,000000"
"2011","SC","Não-Metálicos","Rochas Ornamentais","185217,780000",",000000000000000","-","","206610,59","2504317,7199999997","825,000000","59125,000000","193,000000","29609,100000"
"2011","SC","Não-Metálicos","Areias Industriais","1226447,780000",",000000000000000","-","","12554,720000000001","290045,03999999998",",000000",",000000","20953,370000","152923,120000"
"2011","SC","Metálicos","Alumínio (Bauxita)","90386,620000","47509,580000000000000","t","Al2O3","14439,26","288785,20000000001",",000000",",000000",",000000",",000000"
"2011","SC","Não-Metálicos","Calcário","1494329,010000",",000000000000000","-","","0","0",",000000",",000000",",000000",",000000"
"2011","SC","Energéticos","Turfa","192742,000000",",000000000000000","-","","16202","457472,48999999999",",000000",",000000",",000000",",000000"
"2011","SE","Não-Metálicos","Areia","525897,390000",",000000000000000","-","","516611,7899999998","2155416,75","285,600000","1344,000000","9000,000000","11190,000000"
"2011","SE","Não-Metálicos","Saibro",",000000",",000000000000000","-","","0","0",",000000",",000000",",000000",",000000"
"2011","SE","Não-Metálicos","Potássio","2556300,000000","428947,140000000000000","t","K2O","0","0",",000000",",000000",",000000",",000000"
"2011","SE","Não-Metálicos","Calcário","5440588,760000",",000000000000000","-","","20472,620000000003","734566,29000000004",",000000",",000000","39386,140000","596748,150000"
"2011","SE","Não-Metálicos","Rochas Ornamentais","10849,400000",",000000000000000","-","","10849,4","617479,76000000001",",000000",",000000",",000000",",000000"
"2011","SE","Não-Metálicos","Rochas (Britadas) e Cascalho","496388,600000",",000000000000000","-","","55747,029999999999","156267,60000000003","224,400000","528,000000",",000000",",000000"
"2011","SE","Não-Metálicos","Talco e outras Cargas Minerais","12185,110000",",000000000000000","-","","0","0",",000000",",000000","10569,360000","47562,090000"
"2011","SE","Não-Metálicos","Argilas","1242585,640000",",000000000000000","-","","270444,02000000002","2608153,5700000003",",000000",",000000","752647,500000","3907403,310000"
"2011","SP","Não-Metálicos","Saibro","2391434,970000",",000000000000000","-","","2390406,2599999998","19708549,02","112,000000","560,000000",",000000",",000000"
"2011","SP","Metálicos","Ferro","5360301,000000","685398,000000000000000","t","Fe","0","0",",000000",",000000",",000000",",000000"
"2011","SP","Energéticos","Turfa","37291,770000",",000000000000000","-","","37291,769999999997","2807650,6999999997",",000000",",000000",",000000",",000000"
"2011","SP","Não-Metálicos","Talco e outras Cargas Minerais","735194,950000",",000000000000000","-","","42937,259999999995","1434361,8600000001",",000000",",000000","33337,960000","386348,450000"
"2011","SP","Não-Metálicos","Areia","31226420,920000",",000000000000000","-","","20979615,880000003","371061997,51999998","1420,730000","19314,700000","10980,000000","131970,000000"
"2011","SP","Metálicos","Manganês",",000000",",000000000000000","t","Mn","0","0",",000000",",000000",",000000",",000000"
"2011","SP","Não-Metálicos","Calcário","13106346,934000",",000000000000000","-","","39843,929999999993","593890,27000000002","3058,230000","3058,230000",",000000",",000000"
"2011","SP","Não-Metálicos","Feldspato, Leucita e Nefelina-Sienito","23702,000000",",000000000000000","-","","60","900",",000000",",000000",",000000",",000000"
"2011","SP","Não-Metálicos","Minerais Industriais (Outros)",",000000",",000000000000000","t","","0","0",",000000",",000000",",000000",",000000"
"2011","SP","Não-Metálicos","Areias Industriais","4737786,480000",",000000000000000","-","","49037,25","1257951,97",",000000",",000000",",000000",",000000"
"2011","SP","Não-Metálicos","Argilas","12711718,580000",",000000000000000","-","","9097804,1500000004","79356559,310000002","303341,630000","5036856,260000","1875615,080000","10639856,670000"
"2011","SP","Não-Metálicos","Rochas Ornamentais - Outras","1312,600000",",000000000000000","-","","1312,5999999999999","150284",",000000",",000000",",000000",",000000"
"2011","SP","Não-Metálicos","Calcário","5360301,000000","4288240,800000000000000","t","","0","0",",000000",",000000",",000000",",000000"
"2011","SP","Não-Metálicos","Rochas Ornamentais","28551,760000",",000000000000000","-","","27777,450000000004","4252448,6599999992",",000000",",000000",",000000",",000000"
"2011","SP","Metálicos","Zircônio",",000000",",000000000000000","t","ZrSiO4","0","0",",000000",",000000",",000000",",000000"
"2011","SP","Não-Metálicos","Fosfato","5590725,640000","368252,700000000000000","t","P2O5","0","0",",000000",",000000",",000000",",000000"
"2011","SP","Não-Metálicos","Rochas (Britadas) e Cascalho","88092291,636000",",000000000000000","-","","271336,90000000002","2846059,4799999995","1000,000000","1000,000000","78900,800000","266629,160000"
"2011","SP","Metálicos","Alumínio (Bauxita)","481695,240000","209964,920000000000000","t","Al2O3","0","0",",000000",",000000","45011,910000","796231,670000"
"2011","SP","Não-Metálicos","Caulim","167912,490000",",000000000000000","-","","35788,800000000003","214229,89999999999",",000000",",000000",",000000",",000000"
"2011","SP","Não-Metálicos","Dolomito e Magnesita","331586,960000",",000000000000000","-","","0","0",",000000",",000000",",000000",",000000"
"2011","TO","Não-Metálicos","Rochas (Britadas) e Cascalho","610737,910000",",000000000000000","-","","66003,380000000005","1080188,48",",000000",",000000",",000000",",000000"
"2011","TO","Metálicos","Ferro","517000,000000","325000,000000000000000","t","Fe","0","0",",000000",",000000",",000000",",000000"
"2011","TO","Não-Metálicos","Argilas","80560,310000",",000000000000000","-","","28700","57400",",000000",",000000","42560,310000","669111,200000"
"2011","TO","Metálicos","Ouro","22592,850000","22,592850000000000","kg","Au","22592,849999999999","1622500,95",",000000",",000000",",000000",",000000"
"2011","TO","Não-Metálicos","Fosfato","87976,190000","12000,000000000000000","t","P2O5","0","0",",000000",",000000",",000000",",000000"
"2011","TO","Não-Metálicos","Areias Industriais",",000000",",000000000000000","-","","0","0",",000000",",000000",",000000",",000000"
"2011","TO","Não-Metálicos","Minerais Industriais (Outros)","48000,000000",",000000000000000","-","","0","0",",000000",",000000",",000000",",000000"
"2011","TO","Não-Metálicos","Gipsita","3838,000000",",000000000000000","-","","3838","32623",",000000",",000000",",000000",",000000"
"2011","TO","Não-Metálicos","Saibro","7636,000000",",000000000000000","-","","7636","79312",",000000",",000000",",000000",",000000"
"2011","TO","Não-Metálicos","Quartzo (Cristal) e outros Piezelétricos",",000000",",000000000000000","-","","0","0",",000000",",000000",",000000",",000000"
"2011","TO","Não-Metálicos","Calcário","3234617,340000",",000000000000000","-","","0","0",",000000",",000000",",000000",",000000"
"2011","TO","Não-Metálicos","Areia","248213,390000",",000000000000000","-","","195552,48000000004","3541849,7100000009","260,000000","6500,000000",",000000",",000000"
"2012","AC","Não-Metálicos","Areia","185690,580000",",000000000000000","-","","149956,60000000001","3462125,9800000004",",000000",",000000",",000000",",000000"
"2012","AL","Não-Metálicos","Rochas (Britadas) e Cascalho","1470092,060000",",000000000000000","-","","5033,8000000000002","28951,189999999999","403,200000","1440,000000",",000000",",000000"
"2012","AL","Metálicos","Cobre",",000000",",000000000000000","t","Cu","0","0",",000000",",000000",",000000",",000000"
"2012","AL","Não-Metálicos","Sal","872571,000000",",000000000000000","-","","2235,4899999999998","54188,290000000001",",000000",",000000","870335,510000","6554602,190000"
"2012","AL","Não-Metálicos","Argilas","289546,640000",",000000000000000","-","","1890,7","6960,6300000000001","105891,160000","678259,900000","165541,300000","1407906,140000"
"2012","AL","Não-Metálicos","Areia","492941,920000",",000000000000000","-","","411854,71000000008","4829201,7000000002","20820,990000","28813,250000","27404,000000","27027,350000"
"2012","AL","Não-Metálicos","Saibro","413120,210000",",000000000000000","-","","388237,52000000002","461695,63",",000000",",000000","23430,000000","8697,000000"
"2012","AL","Não-Metálicos","Calcário","1112548,180000",",000000000000000","-","","15394,040000000001","938791,45999999996",",000000",",000000",",000000",",000000"
"2012","AM","Metálicos","Columbita-Tantalita","6580544,000000","163,620000000000000","t","Ta2O5","0","0",",000000",",000000",",000000",",000000"
"2012","AM","Metálicos","Ouro",",000000",",000000000000000","kg","Au","0","0",",000000",",000000",",000000",",000000"
"2012","AM","Metálicos","Columbita-Tantalita","6580544,000000","1636,200000000000000","t","Nb2O5","0","0",",000000",",000000",",000000",",000000"
"2012","AM","Não-Metálicos","Areia","153105,590000",",000000000000000","-","","71840,559999999998","1058725,0800000001","5180,000000","51800,000000","76085,030000","119403,280000"
"2012","AM","Não-Metálicos","Argilas","320586,730000",",000000000000000","-","","2000","15500",",010000",",010000","318586,630000","1896184,630000"
"2012","AM","Metálicos","Ferro","29324,940000","20527,460000000000000","t","Fe","0","0",",000000",",000000","29324,940000","173829,450000"
"2012","AM","Não-Metálicos","Calcário","816535,320000",",000000000000000","-","","621940,5","2719506,8199999998",",000000",",000000","194594,820000","947891,120000"
"2012","AM","Metálicos","Estanho","6580544,000000","6844225,000000000000000","kg","Sn","0","0",",000000",",000000",",000000",",000000"
"2012","AM","Não-Metálicos","Saibro","6667,000000",",000000000000000","-","","6667","25252",",000000",",000000",",000000",",000000"
"2012","AM","Não-Metálicos","Rochas (Britadas) e Cascalho","227018,300000",",000000000000000","-","","8916,7999999999993","297047,19",",000000",",000000",",000000",",000000"
"2012","AM","Não-Metálicos","Potássio",",000000",",000000000000000","t","K2O","0","0",",000000",",000000",",000000",",000000"
"2012","AM","Não-Metálicos","Gipsita","64791,890000",",000000000000000","-","","64791,889999999999","349847,81",",000000",",000000",",000000",",000000"
"2012","AP","Não-Metálicos","Rochas (Britadas) e Cascalho","337059,510000",",000000000000000","-","","56550,240000000005","1947036,6299999999",",000000",",000000",",000000",",000000"
"2012","AP","Não-Metálicos","Caulim","575596,000000",",000000000000000","-","","0","0",",000000",",000000",",000000",",000000"
"2012","AP","Metálicos","Ouro","669143,360000","7520,552430000000000","kg","Au","0","0",",000000",",000000",",000000",",000000"
"2012","AP","Não-Metálicos","Argilas","76969,400000",",000000000000000","-","","2751","78695","3518,400000","35184,000000","40000,000000","150000,000000"
"2012","AP","Metálicos","Columbita-Tantalita","18931,140000","31,615000000000000","t","Ta2O5","0","0",",000000",",000000",",000000",",000000"
"2012","AP","Metálicos","Cromo","19010,000000","4182,500000000000000","t","Cr2O3","0","0",",000000",",000000",",000000",",000000"
"2012","AP","Não-Metálicos","Areia","434121,000000",",000000000000000","-","","427896,21999999997","4515906,6500000004",",000000",",000000",",000000",",000000"
"2012","AP","Não-Metálicos","Saibro","3600,000000",",000000000000000","-","","3600","12000",",000000",",000000",",000000",",000000"
"2012","AP","Metálicos","Ferro","14407123,640000","6259956,390000000000000","t","Fe","360424","1802137",",000000",",000000",",000000",",000000"
"2012","BA","Não-Metálicos","Talco e outras Cargas Minerais","186499,760000",",000000000000000","-","","0","0",",000000",",000000",",000000",",000000"
"2012","BA","Não-Metálicos","Bário","1846,310000","1612,850000000000000","t","BaSO4","12774,99","3346443,4100000001",",000000",",000000","148,310000","19477,200000"
"2012","BA","Não-Metálicos","Areia","1572819,240000",",000000000000000","-","","1563829,9700000002","13704414,120000001",",000000",",000000","6451,210000","55596,820000"
"2012","BA","Não-Metálicos","Geodos, Ágatas, Calcedônia, etc","800,000000","800,000000000000000","t","","792,70000000000005","1045149",",000000",",000000",",000000",",000000"
"2012","BA","Não-Metálicos","Rochas Ornamentais","178142,690000",",000000000000000","-","","166090,22000000038","50260951,270000011",",000000",",000000","6954,200000","1362912,440000"
"2012","BA","Não-Metálicos","Diatomita","3109,510000",",000000000000000","-","","1596,97","496492,5",",000000",",000000",",000000",",000000"
"2012","BA","Não-Metálicos","Sal","530793,000000",",000000000000000","-","","0","0",",000000",",000000","530793,000000","26421389,000000"
"2012","BA","Não-Metálicos","Caulim","32138,000000",",000000000000000","-","","14978","132224",",000000",",000000",",000000",",000000"
"2012","BA","Metálicos","Ferro","423416,130000","253712,210000000000000","t","Fe","187573,62","30834998,629999999",",000000",",000000",",000000",",000000"
"2012","BA","Gemas e Diamantes","Gemas","17734,360000","4336,360000000000000","kg","","0","0",",000000",",000000",",000000",",000000"
"2012","BA","Não-Metálicos","Grafita","197110,000000","17739,900000000000000","t","","0","0",",000000",",000000",",000000",",000000"
"2012","BA","Não-Metálicos","Gipsita",",000000",",000000000000000","-","","0","0",",000000",",000000",",000000",",000000"
"2012","BA","Metálicos","Chumbo",",000000",",000000000000000","t","Pb","0","0",",000000",",000000",",000000",",000000"
"2012","BA","Metálicos","Cromo","1393535,640000","221195,150000000000000","t","Cr2O3","0","0",",000000",",000000",",000000",",000000"
"2012","BA","Não-Metálicos","Argilas","1178762,430000",",000000000000000","-","","397998,64000000001","2529482,3799999999","82796,140000","364247,100000","568346,860000","1974680,440000"
"2012","BA","Não-Metálicos","Calcário","2106810,800000",",000000000000000","-","","42875,25","516211,48000000004",",000000",",000000","1378540,700000",",120000"
"2012","BA","Não-Metálicos","Fosfato","806012,110000","146418,790000000000000","t","P2O5","0","0",",000000",",000000",",000000",",000000"
"2012","BA","Gemas e Diamantes","Diamante","5085,280000","864,210000000000000","ct","","0","0",",000000",",000000",",000000",",000000"
"2012","BA","Não-Metálicos","Rochas Ornamentais - Outras","3123,580000",",000000000000000","-","","679,5","258299,35000000001",",000000",",000000","2444,080000","1883755,460000"
"2012","BA","Não-Metálicos","Vermiculita e Perlita","1180,000000","566,000000000000000","t","","0","0",",000000",",000000",",000000",",000000"
"2012","BA","Não-Metálicos","Areias Industriais","56106,510000",",000000000000000","-","","54295,510000000002","4773998,1399999997",",000000",",000000","1385,000000","551900,000000"
"2012","BA","Metálicos","Ouro","1018911,000000","1958,961420000000000","kg","Au","0","0",",000000",",000000",",000000",",000000"
"2012","BA","Metálicos","Manganês","24594,660000","6651,990000000000000","t","Mn","10061,200000000001","1311556",",000000",",000000",",000000",",000000"
"2012","BA","Não-Metálicos","Dolomito e Magnesita","1621791,900000",",000000000000000","-","","339","91841,690000000002",",000000",",000000","6,000000","280,750000"
"2012","BA","Metálicos","Cobre","2723200,170000","29117,280000000000000","t","Cu","95,170000000000002","127531,75999999999",",000000",",000000",",000000",",000000"
"2012","BA","Não-Metálicos","Feldspato, Leucita e Nefelina-Sienito","5690,420000",",000000000000000","-","","5481,4200000000001","571926,95999999996",",000000",",000000",",000000",",000000"
"2012","BA","Não-Metálicos","Rochas (Britadas) e Cascalho","7220167,590000",",000000000000000","-","","131961","2055189",",000000",",000000",",000000",",000000"
"2012","BA","Não-Metálicos","Saibro","92014,000000",",000000000000000","-","","92014","297697",",000000",",000000",",000000",",000000"
"2012","BA","Metálicos","Níquel","6789783,000000","34185,000000000000000","t"," Ni","0","0",",000000",",000000",",000000",",000000"
"2012","CE","Metálicos","Manganês",",000000",",000000000000000","t","Mn","0","0",",000000",",000000",",000000",",000000"
"2012","CE","Não-Metálicos","Areia","1709181,700000",",000000000000000","-","","1631975,8","15091575,219999999","27000,000000","108000,000000","45527,900000","92450,300000"
"2012","CE","Não-Metálicos","Calcário","3215932,240000",",000000000000000","-","","732170,73999999999","7033974,5199999996","481424,670000","5165907,060000","24510,370000","424318,050000"
"2012","CE","Não-Metálicos","Rochas (Britadas) e Cascalho","4404846,700000",",000000000000000","-","","864","24192",",000000",",000000",",000000",",000000"
"2012","CE","Não-Metálicos","Fosfato",",000000",",000000000000000","t","P2O5","0","0",",000000",",000000",",000000",",000000"
"2012","CE","Não-Metálicos","Rochas Ornamentais","67936,980000",",000000000000000","-","","58914,390000000058","21977131,670000002",",000000",",000000","1813,800000","279325,200000"
"2012","CE","Energéticos","Urânio e outros Radioativos",",000000",",000000000000000","t","","0","0",",000000",",000000",",000000",",000000"
"2012","CE","Não-Metálicos","Argilas","2238470,000000",",000000000000000","-","","251978,76000000001","4207904,7000000002","563260,780000","2510449,870000","1421798,940000","6501484,490000"
"2012","CE","Não-Metálicos","Dolomito e Magnesita","107843,470000",",000000000000000","-","","102843,47","2262556,2000000002",",000000",",000000",",000000",",000000"
"2012","CE","Não-Metálicos","Gipsita","74280,060000",",000000000000000","-","","74280,059999999998","2279465,4100000001",",000000",",000000",",000000",",000000"
"2012","CE","Não-Metálicos","Rochas Ornamentais - Outras","73725,230000",",000000000000000","-","","72424,589999999997","6715223,8399999999",",000000",",000000",",000000",",000000"
"2012","CE","Não-Metálicos","Areias Industriais","161183,780000",",000000000000000","-","","0","0",",000000",",000000","4063,900000","533195,920000"
"2012","CE","Metálicos","Ferro","302493,720000","182932,190000000000000","t","Fe","170100,82999999999","19564998,91",",000000",",000000","2313,720000","125721,120000"
"2012","CE","Não-Metálicos","Saibro","129180,000000",",000000000000000","-","","16940","24662,5","77500,000000","329250,000000","34740,000000","69510,000000"
"2012","CE","Metálicos","Cobre",",000000",",000000000000000","t","Cu","0","0",",000000",",000000",",000000",",000000"
"2012","DF","Não-Metálicos","Rochas (Britadas) e Cascalho","392104,370000",",000000000000000","-","","0","0",",000000",",000000",",000000",",000000"
"2012","DF","Não-Metálicos","Areia","448215,510000",",000000000000000","-","","398564,99000000005","8703754,5600000024",",000000",",000000",",000000",",000000"
"2012","DF","Não-Metálicos","Argilas","301712,030000",",000000000000000","-","","0","0",",000000",",000000","151657,030000","3076966,330000"
"2012","DF","Não-Metálicos","Calcário","8958408,750000",",000000000000000","-","","0","0",",000000",",000000","2531006,290000","33636249,720000"
"2012","DF","Não-Metálicos","Areias Industriais",",000000",",000000000000000","-","","0","0",",000000",",000000",",000000",",000000"
"2012","ES","Não-Metálicos","Saibro","704955,450000",",000000000000000","-","","704955,44999999995","772911,32000000007",",000000",",000000",",000000",",000000"
"2012","ES","Não-Metálicos","Rochas (Britadas) e Cascalho","7744387,130000",",000000000000000","-","","891,79999999999995","2744",",000000",",000000",",000000",",000000"
"2012","ES","Não-Metálicos","Rochas Ornamentais","2203101,652500",",000000000000000","-","","1852089,5625","313749175,99099994","1235,080000","190343,700000","134777,970000","17439857,930000"
"2012","ES","Não-Metálicos","Areia","2204143,050000","80,000000000000000","-","","2183570,29","22357557,180000003",",000000",",000000",",000000",",000000"
"2012","ES","Não-Metálicos","Calcário","2414303,727500",",000000000000000","-","","1962865,4775","41569098,379000001",",000000",",000000","169066,450000","2410922,340000"
"2012","ES","Não-Metálicos","Argilas","458975,280000",",000000000000000","-","","274285,22999999998","3914002,5299999998",",000000",",000000","165015,540000","1857647,240000"
"2012","ES","Gemas e Diamantes","Gemas","34,670000",",000980000000000","kg","","34,670000000000002","97328,459999999992",",000000",",000000",",000000",",000000"
"2012","ES","Metálicos","Alumínio (Bauxita)",",000000",",000000000000000","t","Al2O3","0","0",",000000",",000000",",000000",",000000"
"2012","ES","Não-Metálicos","Dolomito e Magnesita","587147,950000",",000000000000000","-","","520973,01000000001","5002425,1399999997",",000000",",000000","66113,440000","707352,000000"
"2012","GO","Não-Metálicos","Bário",",000000",",000000000000000","t","BaSO4","0","0",",000000",",000000",",000000",",000000"
"2012","GO","Não-Metálicos","Rochas Ornamentais","30194,510000",",000000000000000","-","","27111,350000000002","2938154,2400000002",",000000",",000000","3965,210000","873942,860000"
"2012","GO","Metálicos","Níquel","5618914,380000","65433,030000000000000","t"," Ni","0","0",",000000",",000000",",000000",",000000"
"2012","GO","Não-Metálicos","Caulim","8136,520000",",000000000000000","-","","2016","204940,63",",000000",",000000","6120,520000","5569,670000"
"2012","GO","Não-Metálicos","Talco e outras Cargas Minerais","40037,520000",",000000000000000","-","","36037,520000000004","628866,90000000002",",000000",",000000","4000,000000","36000,000000"
"2012","GO","Gemas e Diamantes","Diamante","100000,000000","17,200000000000000","ct","","100000","25465",",000000",",000000",",000000",",000000"
"2012","GO","Metálicos","Ferro",",000000",",000000000000000","t","Fe","0","0",",000000",",000000",",000000",",000000"
"2012","GO","Não-Metálicos","Argilas","931705,650000",",000000000000000","-","","315640,60999999999","1815488,8200000001","50,000000","5000,000000","616211,040000","6241793,050000"
"2012","GO","Metálicos","Cobre","26264823,690000","92793,190000000000000","t","Cu","0","0",",000000",",000000",",000000",",000000"
"2012","GO","Metálicos","Prata","23564796,130000","4050,350240000000000","kg","Ag","0","0",",000000",",000000",",000000",",000000"
"2012","GO","Não-Metálicos","Dolomito e Magnesita","430837,940000",",000000000000000","-","","96954,800000000003","3359836,7999999998",",000000",",000000",",000000",",000000"
"2012","GO","Não-Metálicos","Rochas Ornamentais - Outras","10470,460000",",000000000000000","-","","10470,459999999999","1208663",",000000",",000000",",000000",",000000"
"2012","GO","Metálicos","Cobalto","3774557,560000","2824,280000000000000","t","Co","0","0",",000000",",000000",",000000",",000000"
"2012","GO","Não-Metálicos","Rochas (Britadas) e Cascalho","10226168,278250",",000000000000000","-","","149562,86000000002","996095,21999999997","580709,000000","1167602,000000","99550,260000","728688,730000"
"2012","GO","Não-Metálicos","Vermiculita e Perlita","60124,840000","15167,240000000000000","t","","57990,739999999998","31321209,030000001","2134,100000","259784,000000",",000000",",000000"
"2012","GO","Metálicos","Ouro","23766247,130000","8460,190570000000000","kg","Au","0","0",",000000",",000000",",000000",",000000"
"2012","GO","Não-Metálicos","Amianto","5272423,190000","347207,550000000000000","t","","0","0",",000000",",000000",",000000",",000000"
"2012","GO","Metálicos","Titânio","18925,980000","3208,310000000000000","t","TiO2","0","0",",000000",",000000",",000000",",000000"
"2012","GO","Metálicos","Manganês","1162,240000","419,020000000000000","t","Mn","0","0",",000000",",000000",",000000",",000000"
"2012","GO","Metálicos","Nióbio","4270265,840000","28792,214000000000000","t","Nb2O5","0","0",",000000",",000000",",000000",",000000"
"2012","GO","Não-Metálicos","Fosfato","10956886,600000","1397940,280000000000000","t","P2O5","0","0",",000000",",000000",",000000",",000000"
"2012","GO","Gemas e Diamantes","Gemas","20,000000",",600000000000000","kg","","0","0",",000000",",000000",",000000",",000000"
"2012","GO","Não-Metálicos","Calcário","7091875,341750",",000000000000000","-","","178945,60000000001","1486048,0900000001",",000000",",000000",",000000",",000000"
"2012","GO","Metálicos","Alumínio (Bauxita)","46500,000000","25773,000000000000000","t","Al2O3","20000","231000",",000000",",000000","25892,170000","1470954,240000"
"2012","GO","Não-Metálicos","Areia","1996282,260000",",000000000000000","-","","1391193,46","26764153,489999998",",000000",",000000","12,000000","30,000000"
"2012","GO","Não-Metálicos","Areias Industriais","86284,460000",",000000000000000","-","","0","0",",000000",",000000",",000000",",000000"
"2012","GO","Não-Metálicos","Saibro","1830,000000",",000000000000000","-","","1830","16700",",000000",",000000",",000000",",000000"
"2012","MA","Não-Metálicos","Areia","1422603,610000",",000000000000000","-","","1374018,2499999998","15913636,92",",000000",",000000",",000000",",000000"
"2012","MA","Metálicos","Ferro","5900,930000","2891,000000000000000","t","Fe","5900,9300000000003","218334,41",",000000",",000000",",000000",",000000"
"2012","MA","Não-Metálicos","Argilas","830756,340000",",000000000000000","-","","93816,75","274693,20999999996","419004,110000","2354856,440000","293415,590000","1499880,930000"
"2012","MA","Metálicos","Ouro","1714257,320000","2201,190800000000000","kg","Au","0","0",",000000",",000000",",000000",",000000"
"2012","MA","Não-Metálicos","Calcário","679252,480000",",000000000000000","-","","156943,73000000001","6665394,5800000001",",000000",",000000",",000000",",000000"
"2012","MA","Não-Metálicos","Gipsita","256024,980000",",000000000000000","-","","256024,98000000001","6104082,1499999994",",000000",",000000",",000000",",000000"
"2012","MA","Não-Metálicos","Saibro","35580,500000",",000000000000000","-","","35580,5","142322",",000000",",000000",",000000",",000000"
"2012","MA","Não-Metálicos","Rochas (Britadas) e Cascalho","3478892,250000",",000000000000000","-","","234352,87","1180937,3899999999",",000000",",000000",",000000",",000000"
"2012","MA","Não-Metálicos","Caulim","125101,480000",",000000000000000","-","","125101,48","3213199,25",",000000",",000000",",000000",",000000"
"2012","MG","Não-Metálicos","Caulim","54135,880000",",000000000000000","-","","54004,880000000005","2779857,2599999998",",000000",",000000",",000000",",000000"
"2012","MG","Não-Metálicos","Argilas","3125715,980000",",000000000000000","-","","862191,48999999999","13903501,640000001","142962,600000","891057,430000","1098140,350000","9115411,390000"
"2012","MG","Metálicos","Manganês","774973,280000","167318,210000000000000","t","Mn","111685,94","5268595",",000000",",000000","41951,480000","3247807,760000"
"2012","MG","Metálicos","Níquel","291388,940000","13496,920000000000000","t"," Ni","49833,610000000001","4313790,8200000003",",000000",",000000",",000000",",000000"
"2012","MG","Gemas e Diamantes","Diamante","267922,940000","2540,190000000000000","ct","","23","1610",",000000",",000000",",000000",",000000"
"2012","MG","Metálicos","Nióbio","4426917,000000","97384,429500000000000","t","Nb2O5","0","0",",000000",",000000",",000000",",000000"
"2012","MG","Não-Metálicos","Areias Industriais","1181317,090000",",000000000000000","-","","180198,06","14315768,719999999",",100000","139087,820000","4000,000000","244000,000000"
"2012","MG","Não-Metálicos","Cianita e outros minerais refratários","324,000000",",000000000000000","-","","0","0",",000000",",000000",",000000",",000000"
"2012","MG","Não-Metálicos","Feldspato, Leucita e Nefelina-Sienito","14587,120000",",000000000000000","-","","12671,73","3525566,0900000003",",000000",",000000",",000000",",000000"
"2012","MG","Metálicos","Chumbo","2387377,970000","25161,610000000000000","t","Pb","0","0",",000000",",000000",",000000",",000000"
"2012","MG","Metálicos","Zinco","2391377,970000","236422,970000000000000","t","Zn","0","0",",000000",",000000",",000000",",000000"
"2012","MG","Metálicos","Prata","54046680,000000","8767,409660000000000","kg","Ag","0","0",",000000",",000000",",000000",",000000"
"2012","MG","Metálicos","Berílio",",000000",",000000000000000","t","BeO","0","0",",000000",",000000",",000000",",000000"
"2012","MG","Não-Metálicos","Areia","6023266,570000",",000000000000000","-","","5066373,2000000002","97078801,970000014","15,000000","3000,000000","3485,000000","33842,000000"
"2012","MG","Não-Metálicos","Geodos, Ágatas, Calcedônia, etc","8,500000",",000700000000000","t","","0","0",",000000",",000000",",000000",",000000"
"2012","MG","Não-Metálicos","Calcário","48138470,327500",",000000000000000","-","","4563283,04","59280107,599999994",",000000",",000000","187014,591000","1134486,771000"
"2012","MG","Não-Metálicos","Fosfato","27036855,300000","2453904,770000000000000","t","P2O5","0","0",",000000",",000000",",000000",",000000"
"2012","MG","Não-Metálicos","Bário","4426917,000000","839854,550000000000000","t","BaSO4","0","0",",000000",",000000",",000000",",000000"
"2012","MG","Metálicos","Cádmio",",000000",",000000000000000","t","Cd","0","0",",000000",",000000",",000000",",000000"
"2012","MG","Gemas e Diamantes","Gemas","134543,920000","5007,557010000000000","kg","","0","0",",000000",",000000",",000000",",000000"
"2012","MG","Não-Metálicos","Dolomito e Magnesita","19,000000",",000000000000000","-","","0","0",",000000",",000000",",000000",",000000"
"2012","MG","Metálicos","Cobalto","241412,940000","12,000000000000000","t","Co","0","0",",000000",",000000",",000000",",000000"
"2012","MG","Não-Metálicos","Mica","2,000000",",000000000000000","-","","2","200",",000000",",000000",",000000",",000000"
"2012","MG","Metálicos","Ouro","56573880,340000","33854,304210000000000","kg","Au","0","0",",000000",",000000",",000000",",000000"
"2012","MG","Metálicos","Estanho","764796,730000","315332,800000000000000","kg","Sn","0","0",",000000",",000000",",000000",",000000"
"2012","MG","Metálicos","Zircônio",",000000",",000000000000000","t","ZrSiO4","0","0",",000000",",000000",",000000",",000000"
"2012","MG","Metálicos","Alumínio (Bauxita)","6848182,970000","2609246,890000000000000","t","Al2O3","1761215,1800000002","35709305,149999999",",000000",",000000","13870,000000","346750,000000"
"2012","MG","Não-Metálicos","Talco e outras Cargas Minerais","726252,270000",",000000000000000","-","","111076,40999999999","3566628,2300000004",",000000",",000000","17076,720000","503720,000000"
"2012","MG","Metálicos","Columbita-Tantalita","678868,090000","454,841640000000000","t","Ta2O5","0","0",",000000",",000000",",000000",",000000"
"2012","MG","Metálicos","Lítio","37931,670000","591,560000000000000","t","Li2O","579,66999999999996","300907,64000000001",",000000",",000000",",000000",",000000"
"2012","MG","Não-Metálicos","Saibro","86258,730000",",000000000000000","-","","70000,729999999996","361390,78999999998",",000000",",000000","16258,000000","101670,000000"
"2012","MG","Não-Metálicos","Rochas Ornamentais","1077813,160000",",000000000000000","-","","885710,23999999999","176080163,32000002","1440,000000","57600,000000","155320,180000","19033027,300000"
"2012","MG","Não-Metálicos","Enxofre","241412,940000","13277,000000000000000","t","S","0","0",",000000",",000000",",000000",",000000"
"2012","MG","Metálicos","Ferro","383312781,110000","207631703,330000000000000","t","Fe","29787845,449999999","949037106,48000002","295962,070000","44823211,830000",",000000",",000000"
"2012","MG","Não-Metálicos","Rochas Ornamentais - Outras","15353,010000",",000000000000000","-","","472326,62000000005","3178057,29","1288,000000","460000,000000",",000000",",000000"
"2012","MG","Não-Metálicos","Potássio","200,000000","25,000000000000000","t","K2O","0","0",",000000",",000000",",000000",",000000"
"2012","MG","Metálicos","Cobre","241412,940000","531,000000000000000","t","Cu","0","0",",000000",",000000",",000000",",000000"
"2012","MG","Não-Metálicos","Rochas (Britadas) e Cascalho","19466396,522500",",000000000000000","-","","434551,64000000001","3689423,9199999999","47863,930000","220699,590000","91536,279000","1460984,589000"
"2012","MG","Não-Metálicos","Grafita","1235940,330000","90368,090000000000000","t","","11915,440000000001","994086,06999999995",",000000",",000000",",000000",",000000"
"2012","MG","Metálicos","Titânio","6441793,000000","966655,460000000000000","t","TiO2","0","0",",000000",",000000",",000000",",000000"
"2012","MG","Metálicos","Cromo","35,000000","7,000000000000000","t","Cr2O3","0","0",",000000",",000000",",000000",",000000"
"2012","MS","Não-Metálicos","Saibro","130528,050000",",000000000000000","-","","130527,14999999999","897495,07999999996",",000000",",000000",",000000",",000000"
"2012","MS","Não-Metálicos","Rochas (Britadas) e Cascalho","3423285,090000",",000000000000000","-","","251115,78999999998","4428210,6000000006","3000,000000","15120,000000","45180,170000","135982,980000"
"2012","MS","Não-Metálicos","Areia","3056299,650000",",000000000000000","-","","2130459,0700000003","23502520,48",",000000",",000000","2187,760000","20420,000000"
"2012","MS","Não-Metálicos","Argilas","405445,620000",",000000000000000","-","","125301,34000000001","1100877,73",",000000",",000000","14105,000000","95609,000000"
"2012","MS","Não-Metálicos","Rochas Ornamentais",",000000",",000000000000000","-","","0","0",",000000",",000000",",000000",",000000"
"2012","MS","Não-Metálicos","Dolomito e Magnesita","1093036,000000",",000000000000000","-","","0","0",",000000",",000000",",000000",",000000"
"2012","MS","Não-Metálicos","Talco e outras Cargas Minerais","312573,940000",",000000000000000","-","","0","0",",000000",",000000",",000000",",000000"
"2012","MS","Não-Metálicos","Areias Industriais",",000000",",000000000000000","-","","0","0",",000000",",000000",",000000",",000000"
"2012","MS","Metálicos","Manganês","394032,000000","178903,660000000000000","t","Mn","0","0",",000000",",000000",",000000",",000000"
"2012","MS","Metálicos","Ferro","12089318,000000","7589811,980000000000000","t","Fe","0","0",",000000",",000000",",000000",",000000"
"2012","MS","Gemas e Diamantes","Diamante",",000000",",000000000000000","ct","","0","0",",000000",",000000",",000000",",000000"
"2012","MS","Não-Metálicos","Calcário","2683496,190000",",000000000000000","-","","78433,529999999999","1814175,6200000001",",000000",",000000",",000000",",000000"
"2012","MT","Metálicos","Manganês","6102,500000","2323,000000000000000","t","Mn","6102,5","288773",",000000",",000000",",000000",",000000"
"2012","MT","Não-Metálicos","Quartzo (Cristal) e outros Piezelétricos","1920,000000",",000000000000000","-","","0","0",",000000",",000000",",000000",",000000"
"2012","MT","Não-Metálicos","Rochas (Britadas) e Cascalho","4136543,685000",",000000000000000","-","","390123,66999999998","6064015,4400000004","370848,100000","973390,800000","660,000000","570400,000000"
"2012","MT","Não-Metálicos","Areia","1172305,690000",",000000000000000","-","","997509,92999999993","16245030,900000002",",000000",",000000",",000000",",000000"
"2012","MT","Não-Metálicos","Argilas","701400,320000",",000000000000000","-","","36875,550000001051","967488","6093,370000","306597,400000","431283,170000","3931864,250000"
"2012","MT","Não-Metálicos","Areias Industriais",",000000",",000000000000000","-","","0","0",",000000",",000000",",000000",",000000"
"2012","MT","Metálicos","Zinco",",000000",",000000000000000","t","Zn","0","0",",000000",",000000",",000000",",000000"
"2012","MT","Não-Metálicos","Talco e outras Cargas Minerais",",000000",",000000000000000","-","","0","0",",000000",",000000",",000000",",000000"
"2012","MT","Não-Metálicos","Calcário","8976845,165000",",000000000000000","-","","37578,559999999998","2006474,52",",000000",",000000","43040,740000","43040,740000"
"2012","MT","Gemas e Diamantes","Diamante","80177,000000","44316,040000000000000","ct","","0","0",",000000",",000000",",000000",",000000"
"2012","MT","Metálicos","Estanho","76068,000000","59146,920000000000000","kg","Sn","0","0",",000000",",000000",",000000",",000000"
"2012","MT","Metálicos","Ouro","22221315,380000","4972,647460000000000","kg","Au","0","0",",000000",",000000",",000000",",000000"
"2012","MT","Não-Metálicos","Dolomito e Magnesita","627650,000000",",000000000000000","-","","0","0",",000000",",000000",",000000",",000000"
"2012","PA","Metálicos","Estanho","2927835,100000","2722297,500000000000000","kg","Sn","0","0",",000000",",000000",",000000",",000000"
"2012","PA","Metálicos","Níquel","1974770,000000","36928,190000000000000","t"," Ni","0","0",",000000",",000000",",000000",",000000"
"2012","PA","Metálicos","Alumínio (Bauxita)","42605656,920000","20163752,120000000000000","t","Al2O3","0","0",",000000",",000000",",000000",",000000"
"2012","PA","Metálicos","Cobre","20567094,000000","163222,100000000000000","t","Cu","0","0",",000000",",000000",",000000",",000000"
"2012","PA","Não-Metálicos","Caulim","4965475,940000",",000000000000000","-","","203095,29000000001","8111625,9000000004",",000000",",000000",",000000",",000000"
"2012","PA","Não-Metálicos","Areia","865282,500000",",000000000000000","-","","773036,80000000005","4814334,6600000001","27529,600000",",120000","63356,600000","482245,250000"
"2012","PA","Metálicos","Ferro","117923564,090000","76228146,110000000000000","t","Fe","0","0",",000000",",000000",",000000",",000000"
"2012","PA","Não-Metálicos","Argilas","901174,620000",",000000000000000","-","","354325,85000000003","6018067,8199999994",",000000","325128,570000","544004,770000","3390352,120000"
"2012","PA","Não-Metálicos","Saibro","105147,000000",",000000000000000","-","","105147","452973,81",",000000",",000000",",000000",",000000"
"2012","PA","Metálicos","Tungstênio","309278,840000","126,130000000000000","t","WO3","0","0",",000000",",000000",",000000",",000000"
"2012","PA","Metálicos","Ouro","20803253,000000","7155,978110000000000","kg","Au","0","0",",000000",",000000",",000000",",000000"
"2012","PA","Não-Metálicos","Rochas (Britadas) e Cascalho","1905050,560000",",000000000000000","-","","307014,52999999997","4144944,4900000002",",000000",",000000","56774,320000","72697,340000"
"2012","PA","Não-Metálicos","Areias Industriais","28734,140000",",000000000000000","-","","550","33000",",000000",",000000",",000000",",000000"
"2012","PA","Não-Metálicos","Calcário","1535566,260000",",000000000000000","-","","1455010,97","41891341,780000001",",000000",",000000",",000000",",000000"
"2012","PA","Gemas e Diamantes","Gemas","315,680000","252531,200000000000000","kg","","0","0",",000000",",000000",",000000",",000000"
"2012","PA","Metálicos","Manganês","2910060,970000","1018514,090000000000000","t","Mn","145","94500",",000000",",000000",",000000",",000000"
"2012","PB","Não-Metálicos","Areia","1196732,850000",",000000000000000","-","","1177562,8499999999","5987943,4800000004",",000000",",000000","6720,000000","48300,000000"
"2012","PB","Não-Metálicos","Calcário","2773987,340000",",000000000000000","-","","52956,959999999999","705735,84999999998",",000000",",000000","11953,300000","1214462,450000"
"2012","PB","Metálicos","Zircônio","12774356,000000","12778,080000000000000","t","ZrSiO4","0","0",",000000",",000000",",000000",",000000"
"2012","PB","Não-Metálicos","Argilas","1261531,610000",",000000000000000","-","","650186,09999999998","9180494,7400000002",",000000",",000000","64850,730000","527471,610000"
"2012","PB","Metálicos","Titânio","287805,580000","67608,760000000000000","t","TiO2","0","0",",000000",",000000",",000000",",000000"
"2012","PB","Não-Metálicos","Saibro","70076,000000",",000000000000000","-","","63876","18430",",000000",",000000","6200,000000","44580,500000"
"2012","PB","Não-Metálicos","Cianita e outros minerais refratários","1297,360000",",000000000000000","-","","0","0",",000000",",000000",",000000",",000000"
"2012","PB","Não-Metálicos","Mica","360,500000",",000000000000000","-","","360,5","174481,51999999999",",000000",",000000","360,500000","101420,860000"
"2012","PB","Não-Metálicos","Areias Industriais","12914475,440000",",000000000000000","-","","15527,1","244420,07000000001",",000000",",000000","76993,610000","551441,510000"
"2012","PB","Não-Metálicos","Rochas Ornamentais","15353,310000",",000000000000000","-","","14884,279999999999","4663144,6400000006","2017,000000",",110000","79,940000","11547,510000"
"2012","PB","Metálicos","Columbita-Tantalita","400,000000",",400000000000000","t","Ta2O5","0","0",",000000",",000000",",000000",",000000"
"2012","PB","Não-Metálicos","Caulim","1178,000000",",000000000000000","-","","1178","175362,17999999999",",000000",",000000",",000000",",000000"
"2012","PB","Não-Metálicos","Rochas (Britadas) e Cascalho","947460,550000",",000000000000000","-","","350,01999999999998","5053,9200000000001",",000000",",000000","470,000000","4800,010000"
"2012","PB","Não-Metálicos","Vermiculita e Perlita","6778,000000","1000,000000000000000","t","","6778","6778",",000000",",000000",",000000",",000000"
"2012","PB","Não-Metálicos","Rochas Ornamentais - Outras","64734,450000",",000000000000000","-","","64734,449999999997","178535",",000000",",000000",",000000",",000000"
"2012","PB","Não-Metálicos","Dolomito e Magnesita","5240,320000",",000000000000000","-","","5240,3199999999997","290266,5",",000000",",000000",",000000",",000000"
"2012","PB","Não-Metálicos","Feldspato, Leucita e Nefelina-Sienito","85943,730000",",000000000000000","-","","27775,650000000001","1076788,54",",000000",",000000",",000000",",000000"
"2012","PE","Metálicos","Titânio",",000000",",000000000000000","t","TiO2","0","0",",000000",",000000",",000000",",000000"
"2012","PE","Não-Metálicos","Saibro","265957,000000",",000000000000000","-","","59867,800000000003","226584,91",",000000",",000000","206089,200000","1267787,500000"
"2012","PE","Metálicos","Ouro",",000000",",000000000000000","kg","Au","0","0",",000000",",000000",",000000",",000000"
"2012","PE","Não-Metálicos","Dolomito e Magnesita","658,000000",",000000000000000","-","","0","0",",000000",",000000",",000000",",000000"
"2012","PE","Não-Metálicos","Fosfato",",000000",",000000000000000","t","P2O5","0","0",",000000",",000000",",000000",",000000"
"2012","PE","Não-Metálicos","Rochas Ornamentais","21871,000000",",000000000000000","-","","15057,1","6792204,0200000005",",000000",",000000",",000000",",000000"
"2012","PE","Não-Metálicos","Calcário","777626,860000",",000000000000000","-","","602806,07999999996","17790458,57",",000000",",000000","39474,680000","290007,980000"
"2012","PE","Não-Metálicos","Vermiculita e Perlita","2504,000000","876,400000000000000","t","","0","0",",000000",",000000",",000000",",000000"
"2012","PE","Não-Metálicos","Areia","874420,120000",",000000000000000","-","","853489,12000000011","7575317,2699999996","15000,000000","42000,000000","5931,000000","34300,000000"
"2012","PE","Não-Metálicos","Areias Industriais","176312,170000",",000000000000000","-","","18187,040000000001","111878,75999999999",",000000",",000000",",000000",",000000"
"2012","PE","Não-Metálicos","Rochas (Britadas) e Cascalho","8401982,490000",",000000000000000","-","","0","0",",000000",",000000",",000000",",000000"
"2012","PE","Não-Metálicos","Argilas","1583532,430000",",000000000000000","-","","1015120,4199999999","7440803,3700000001","36508,000000","109524,000000","56637,600000","183684,500000"
"2012","PE","Não-Metálicos","Gipsita","3401809,510000",",000000000000000","-","","2069641,1400000001","42983894,799999997",",000000",",000000","22192,900000","381434,940000"
"2012","PE","Não-Metálicos","Caulim",",000000",",000000000000000","-","","0","0",",000000",",000000",",000000",",000000"
"2012","PE","Não-Metálicos","Feldspato, Leucita e Nefelina-Sienito","600,000000",",000000000000000","-","","0","0",",000000",",000000",",000000",",000000"
"2012","PI","Não-Metálicos","Saibro","80935,180000",",000000000000000","-","","84128,079999999987","1165724,6400000001",",000000",",000000",",000000",",000000"
"2012","PI","Não-Metálicos","Calcário","1170408,650000",",000000000000000","-","","758456","9512468,5","30474,000000","1642390,000000",",000000",",000000"
"2012","PI","Não-Metálicos","Areia","319323,290000",",000000000000000","-","","281630,15999999997","2673259,3700000001","972,000000","5832,000000","1445,930000","17906,940000"
"2012","PI","Não-Metálicos","Rochas Ornamentais","23465,120000",",000000000000000","-","","1317,9100000000001","287298,37",",000000",",000000","8439,900000","382638,270000"
"2012","PI","Não-Metálicos","Argilas","363577,800000",",000000000000000","-","","135445,63","2839200,5800000001","115997,560000","1213583,790000","127592,680000","1701351,420000"
"2012","PI","Gemas e Diamantes","Gemas","5335,000000","16,600000000000000","kg","","387,14999999999998","24000",",000000",",000000",",000000",",000000"
"2012","PI","Não-Metálicos","Rochas (Britadas) e Cascalho","801237,830000",",000000000000000","-","","44774,599999999999","1346163,74","34587,260000","1471697,640000","144422,400000","288844,800000"
"2012","PR","Não-Metálicos","Areia","7752693,560000",",000000000000000","-","","5120704,2299999995","98594404,360000014",",000000",",000000",",000000",",000000"
"2012","PR","Metálicos","Chumbo",",000000",",000000000000000","t","Pb","0","0",",000000",",000000",",000000",",000000"
"2012","PR","Gemas e Diamantes","Gemas","13759,500000","1065210,000000000000000","kg","","0","0",",000000",",000000","13759,500000","196766,800000"
"2012","PR","Não-Metálicos","Argilas","1442901,280000",",000000000000000","-","","330125,37999999983","5447055,5799999991","138056,190000","593297,600000","928663,040000","5744087,600000"
"2012","PR","Metálicos","Prata","84850,000000","89,120590000000000","kg","Ag","0","0",",000000",",000000",",000000",",000000"
"2012","PR","Não-Metálicos","Rochas (Britadas) e Cascalho","13503341,623000",",000000000000000","-","","224314,42499999999","1417378,45","466979,830000","4603623,680000","79518,800000","750151,600000"
"2012","PR","Energéticos","Carvão Mineral","315130,500000",",000000000000000","-","","0","0",",000000",",000000",",000000",",000000"
"2012","PR","Não-Metálicos","Fluorita e Criolita","37293,860000","16756,130000000000000","t","","0","0",",000000",",000000",",000000",",000000"
"2012","PR","Não-Metálicos","Dolomito e Magnesita","3695402,090000",",000000000000000","-","","1580653,6799999999","4127669,1499999999","1400915,000000","3537450,890000","130933,130000","638929,350000"
"2012","PR","Não-Metálicos","Bário",",000000",",000000000000000","t","BaSO4","0","0",",000000",",000000",",000000",",000000"
"2012","PR","Não-Metálicos","Talco e outras Cargas Minerais","716460,450000",",000000000000000","-","","373036,51000000001","12960742,110000001",",000000",",000000","288712,530000","633123,140000"
"2012","PR","Metálicos","Zinco",",000000",",000000000000000","t","Zn","0","0",",000000",",000000",",000000",",000000"
"2012","PR","Não-Metálicos","Calcário","12536250,792000",",000000000000000","-","","1444458,3299999998","9611132,6099999994",",000000",",000000","238550,350000","3801426,250000"
"2012","PR","Não-Metálicos","Rochas Ornamentais","9339,880000",",000000000000000","-","","1970","176253,04000000001",",000000",",000000","6076,480000","1181975,900000"
"2012","PR","Não-Metálicos","Rochas Ornamentais - Outras","92429,245000",",000000000000000","-","","90289,244999999995","839766,54000000004",",000000",",000000","370,000000","74150,000000"
"2012","PR","Não-Metálicos","Saibro","1429828,620000",",000000000000000","-","","1426138,6199999999","20478144,789999999","3693,000000","17100,000000",",000000",",000000"
"2012","PR","Não-Metálicos","Caulim","99739,190000",",000000000000000","-","","81552,380000000005","4090514,9000000004",",000000",",000000","18136,400000","320267,080000"
"2012","PR","Metálicos","Ouro","84950,000000","468,345590000000000","kg","Au","0","0",",000000",",000000",",000000",",000000"
"2012","PR","Não-Metálicos","Areias Industriais","21409,280000",",000000000000000","-","","10290,529999999999","206717,44999999998",",000000",",000000","4780,410000","26113,320000"
"2012","PR","Não-Metálicos","Feldspato, Leucita e Nefelina-Sienito","117609,000000",",000000000000000","-","","0","0",",000000",",000000",",000000",",000000"
"2012","RJ","Metálicos","Monazita e Terras-Raras","1900,000000","4,000000000000000","t","ETR","0","0",",000000",",000000",",000000",",000000"
"2012","RJ","Não-Metálicos","Rochas Ornamentais","9735,960000",",000000000000000","-","","7707,2399999999998","176539,75",",000000",",000000",",000000",",000000"
"2012","RJ","Metálicos","Zircônio","1900,000000","14,000000000000000","t","ZrSiO4","0","0",",000000",",000000",",000000",",000000"
"2012","RJ","Não-Metálicos","Calcário","3040813,640000",",000000000000000","-","","162958,29999999999","1389143,4399999999",",000000",",000000","1058107,070000","10471918,130000"
"2012","RJ","Não-Metálicos","Saibro","4483253,290000",",000000000000000","-","","4396038,7899999991","13120513,510000002",",000000",",000000",",000000",",000000"
"2012","RJ","Não-Metálicos","Fluorita e Criolita","41656,000000","20532,400000000000000","t","","0","0",",000000",",000000",",000000",",000000"
"2012","RJ","Não-Metálicos","Rochas (Britadas) e Cascalho","26395703,160000",",000000000000000","-","","0","0",",000000",",000000",",000000",",000000"
"2012","RJ","Não-Metálicos","Dolomito e Magnesita",",000000",",000000000000000","-","","0","0",",000000",",000000",",000000",",000000"
"2012","RJ","Metálicos","Titânio","3800,000000","68,000000000000000","t","TiO2","0","0",",000000",",000000",",000000",",000000"
"2012","RJ","Não-Metálicos","Argilas","1782272,440000",",000000000000000","-","","1124492,6899999999","5109016,9000000004","39220,250000","95714,000000","646691,980000","2753850,680000"
"2012","RJ","Não-Metálicos","Rochas Ornamentais - Outras","25470,180000",",000000000000000","-","","25470,18","1504366,29",",000000",",000000",",000000",",000000"
"2012","RJ","Energéticos","Turfa",",000000",",000000000000000","-","","0","0",",000000",",000000",",000000",",000000"
"2012","RJ","Metálicos","Alumínio (Bauxita)",",000000",",000000000000000","t","Al2O3","0","0",",000000",",000000",",000000",",000000"
"2012","RJ","Não-Metálicos","Caulim",",000000",",000000000000000","-","","0","0",",000000",",000000",",000000",",000000"
"2012","RJ","Não-Metálicos","Feldspato, Leucita e Nefelina-Sienito",",000000",",000000000000000","-","","0","0",",000000",",000000",",000000",",000000"
"2012","RJ","Não-Metálicos","Areias Industriais","152848,000000",",000000000000000","-","","0","0",",000000",",000000",",000000",",000000"
"2012","RJ","Não-Metálicos","Areia","10754356,950000",",000000000000000","-","","10799995,209999999","112678711,47","15673,150000","194997,000000",",000000",",000000"
"2012","RN","Não-Metálicos","Diatomita","317,000000",",000000000000000","-","","277","42765",",000000",",000000",",000000",",000000"
"2012","RN","Não-Metálicos","Talco e outras Cargas Minerais","49548,000000",",000000000000000","-","","49548","911939,28000000003",",000000",",000000",",000000",",000000"
"2012","RN","Metálicos","Tungstênio","68221,260000","480,830000000000000","t","WO3","0","0",",000000",",000000",",000000",",000000"
"2012","RN","Metálicos","Ferro","61145,700000","34352,340000000000000","t","Fe","19375,25","316078,40000000002",",000000",",000000",",000000",",000000"
"2012","RN","Não-Metálicos","Caulim","100336,750000",",000000000000000","-","","4874,2700000000004","30048",",000000",",000000",",000000",",000000"
"2012","RN","Não-Metálicos","Rochas (Britadas) e Cascalho","1079498,570000",",000000000000000","-","","0","0",",000000",",000000",",000000",",000000"
"2012","RN","Não-Metálicos","Feldspato, Leucita e Nefelina-Sienito","15856,850000",",000000000000000","-","","9876,8500000000004","154687,03",",000000",",000000",",000000",",000000"
"2012","RN","Metálicos","Columbita-Tantalita","1050,000000","7,500000000000000","t","Ta2O5","0","0",",000000",",000000",",000000",",000000"
"2012","RN","Não-Metálicos","Areia","123676,000000",",000000000000000","-","","123676","558740,62",",000000",",000000",",000000",",000000"
"2012","RN","Não-Metálicos","Minerais Industriais (Outros)","1,140000",",001000000000000","t","","0","0",",000000",",000000",",000000",",000000"
"2012","RN","Não-Metálicos","Argilas","423520,820000",",000000000000000","-","","390200","2329200","16872,000000","90360,000000",",000000",",000000"
"2012","RN","Metálicos","Ouro","17447,000000","26,397350000000000","kg","Au","0","0",",000000",",000000",",000000",",000000"
"2012","RN","Não-Metálicos","Saibro","12000,000000",",000000000000000","-","","12000","72000",",000000",",000000",",000000",",000000"
"2012","RN","Não-Metálicos","Rochas Ornamentais","30743,220000",",000000000000000","-","","28493,129999999997","10960386,52",",000000",",000000","746,200000","107783,130000"
"2012","RN","Não-Metálicos","Rochas Ornamentais - Outras","480,650000",",000000000000000","-","","480,64999999999998","234059,10000000001",",000000",",000000",",000000",",000000"
"2012","RN","Não-Metálicos","Areias Industriais",",000000",",000000000000000","-","","0","0",",000000",",000000",",000000",",000000"
"2012","RN","Não-Metálicos","Gipsita",",000000",",000000000000000","-","","0","0",",000000",",000000",",000000",",000000"
"2012","RN","Não-Metálicos","Mica","160,590000",",000000000000000","-","","160,59","137942,79999999999",",000000",",000000",",000000",",000000"
"2012","RN","Não-Metálicos","Calcário","609220,560000",",000000000000000","-","","450971,64000000001","12666393,41",",000000",",000000",",000000",",000000"
"2012","RO","Não-Metálicos","Argilas","470191,390000",",000000000000000","-","","83673,169999999998","814155,37",",000000",",000000","386518,220000","4426389,120000"
"2012","RO","Metálicos","Estanho","15199861,900000","8692731,960000000000000","kg","Sn","0","0",",000000",",000000",",000000",",000000"
"2012","RO","Não-Metálicos","Rochas Ornamentais","4005,000000",",000000000000000","-","","4005","1406249,5",",000000",",000000",",000000",",000000"
"2012","RO","Não-Metálicos","Calcário","17000,000000",",000000000000000","-","","0","0",",000000",",000000",",000000",",000000"
"2012","RO","Metálicos","Manganês","45498,260000","13914,140000000000000","t","Mn","0","0",",000000",",000000",",000000",",000000"
"2012","RO","Metálicos","Columbita-Tantalita","638158,210000","18,551500000000000","t","Ta2O5","0","0",",000000",",000000",",000000",",000000"
"2012","RO","Metálicos","Ouro","60000,880000","12,100000000000000","kg","Au","0","0",",000000",",000000",",000000",",000000"
"2012","RO","Metálicos","Columbita-Tantalita","845165,210000","422,795500000000000","t","Nb2O5","0","0",",000000",",000000",",000000",",000000"
"2012","RO","Não-Metálicos","Areia","489588,970000",",000000000000000","-","","462475,70000000001","10057257,360000001",",000000",",000000",",000000",",000000"
"2012","RO","Gemas e Diamantes","Gemas","115000,000000","2200,000000000000000","kg","","0","0",",000000",",000000",",000000",",000000"
"2012","RO","Não-Metálicos","Rochas (Britadas) e Cascalho","1240539,740000",",000000000000000","-","","291186,75000000006","2886870,5299999998",",000000",",000000",",000000",",000000"
"2012","RR","Não-Metálicos","Argilas","90091,880000",",000000000000000","-","","90091,880000000005","528534,1399999999",",000000",",000000",",000000",",000000"
"2012","RR","Não-Metálicos","Areia","110503,000000",",000000000000000","-","","110453,5","927464,3600000001",",000000",",000000",",000000",",000000"
"2012","RR","Não-Metálicos","Rochas Ornamentais","1200,000000",",000000000000000","-","","0","0",",000000",",000000",",000000",",000000"
"2012","RR","Não-Metálicos","Rochas (Britadas) e Cascalho","160577,130000",",000000000000000","-","","15867,959999999999","462560,43000000005","150,000000","3750,000000","150,000000","3750,000000"
"2012","RS","Não-Metálicos","Rochas (Britadas) e Cascalho","19279883,090000",",000000000000000","-","","240701,60999999999","937239,29999999993","11846,000000","15036,860000","222931,360000","868533,840000"
"2012","RS","Não-Metálicos","Saibro","2406187,000000",",000000000000000","-","","1735617,25","16037598,959999997","61972,000000","432866,000000","660466,760000","2700279,650000"
"2012","RS","Não-Metálicos","Calcário","4168728,050000",",000000000000000","-","","281339,13999999996","2873842,21",",000000",",000000",",000000",",000000"
"2012","RS","Não-Metálicos","Caulim","217024,030000",",000000000000000","-","","206217,72","6390162,6499999994",",000000",",000000","34974,990000","399856,550000"
"2012","RS","Energéticos","Carvão Mineral","5150399,410000",",000000000000000","-","","0","0",",000000",",000000",",000000",",000000"
"2012","RS","Não-Metálicos","Rochas Ornamentais","10742,330000",",000000000000000","-","","10456,35","4740461,3200000003",",000000",",000000","353,000000","54841,400000"
"2012","RS","Não-Metálicos","Areia","13312081,900000",",000000000000000","-","","13140502,169999998","94579478,51000002",",000000",",000000","144843,890000","1325204,340000"
"2012","RS","Não-Metálicos","Rochas Ornamentais - Outras","562539,730000",",000000000000000","-","","502649,75","24215779,43","340,070000","54400,070000","59264,560000","407517,740000"
"2012","RS","Não-Metálicos","Areias Industriais","62853,220000",",000000000000000","-","","0","0",",000000",",000000",",000000",",000000"
"2012","RS","Não-Metálicos","Argilas","7215324,230000",",000000000000000","-","","2690257,3499999996","5563686,9899999993","1469584,640000","5185401,010000","3036142,310000","7431464,280000"
"2012","RS","Não-Metálicos","Geodos, Ágatas, Calcedônia, etc","13403,600000","13403,600000000000000","t","","13031,300000000059","40736499,720000006",",000000",",000000",",000000",",000000"
"2012","SC","Não-Metálicos","Rochas Ornamentais","241467,930000",",000000000000000","-","","248574,85000000001","2780786,7300000004","355,890000","25505,450000","209,000000","32474,400000"
"2012","SC","Não-Metálicos","Argilas","3707410,780000",",000000000000000","-","","2892830,23","17955359,859999999","92959,990000","443609,690000","568991,550000","4349252,220000"
"2012","SC","Não-Metálicos","Calcário","2724305,660000",",000000000000000","-","","4954,5","10800,810000000001",",000000",",000000","7966,490000","1238678,880000"
"2012","SC","Energéticos","Turfa","202037,920000",",000000000000000","-","","8433,5900000000001","269264,78000000003",",000000",",000000",",000000",",000000"
"2012","SC","Não-Metálicos","Rochas (Britadas) e Cascalho","18093819,840000",",000000000000000","-","","585761,20000000007","6594000,2699999986","37139,030000","211110,920000","930233,000000","7907099,090000"
"2012","SC","Não-Metálicos","Caulim","293629,940000",",000000000000000","-","","138867,38","3486399,23","121,070000","3232,570000","159216,250000","2060848,030000"
"2012","SC","Não-Metálicos","Rochas Ornamentais - Outras","46847,930000",",000000000000000","-","","40524,430000000008","2477412,8200000003",",000000",",000000",",000000",",000000"
"2012","SC","Não-Metálicos","Saibro","3587725,770000",",000000000000000","-","","2353635,3599999999","15263754,939999999","240371,420000","1441509,630000","383024,700000","1881193,620000"
"2012","SC","Não-Metálicos","Feldspato, Leucita e Nefelina-Sienito","142680,590000",",000000000000000","-","","3594","68253",",000000",",000000",",000000",",000000"
"2012","SC","Metálicos","Alumínio (Bauxita)","75881,320000","39396,860000000000000","t","Al2O3","17545,130000000001","350902,59999999998",",000000",",000000",",000000",",000000"
"2012","SC","Não-Metálicos","Areia","5818883,300000",",000000000000000","-","","5231519,2000000002","77094681,87999998","313073,190000","872596,780000","12934,050000","97056,000000"
"2012","SC","Não-Metálicos","Areias Industriais","1181589,490000",",000000000000000","-","","23056,669999999998","730883,88",",000000",",000000","16054,720000","124691,110000"
"2012","SC","Energéticos","Carvão Mineral","7258391,710000",",000000000000000","-","","0","0",",000000",",000000",",000000",",000000"
"2012","SE","Não-Metálicos","Calcário","5007479,080000",",000000000000000","-","","19887,059999999998","512947,60999999999",",000000",",000000","25613,980000","269708,600000"
"2012","SE","Não-Metálicos","Argilas","1807558,630000",",000000000000000","-","","1007623,55","7878539,2299999986",",000000",",000000","609671,980000","1998809,920000"
"2012","SE","Não-Metálicos","Rochas Ornamentais - Outras","2897,060000",",000000000000000","-","","2897,0599999999999","5886",",000000",",000000",",000000",",000000"
"2012","SE","Não-Metálicos","Saibro","74410,850000",",000000000000000","-","","74080,850000000006","78879,75",",000000",",000000","330,000000","1320,000000"
"2012","SE","Não-Metálicos","Rochas (Britadas) e Cascalho","850127,480000",",000000000000000","-","","258842,23999999999","805360,85999999999",",000000",",000000",",000000",",000000"
"2012","SE","Não-Metálicos","Potássio","2405543,000000","403650,120000000000000","t","K2O","0","0",",000000",",000000",",000000",",000000"
"2012","SE","Não-Metálicos","Talco e outras Cargas Minerais","6551,190000",",000000000000000","-","","0","0",",000000",",000000","6854,360000","147711,460000"
"2012","SE","Não-Metálicos","Areia","626788,160000",",000000000000000","-","","617508,16000000003","3312412,21","650,000000","2600,000000","8630,000000","40935,000000"
"2012","SP","Metálicos","Ferro","5205368,000000","261196,000000000000000","t","Fe","0","0",",000000",",000000",",000000",",000000"
"2012","SP","Energéticos","Turfa","39247,050000",",000000000000000","-","","39247,049999999996","2718131,5899999999",",000000",",000000",",000000",",000000"
"2012","SP","Não-Metálicos","Saibro","1290216,690000",",000000000000000","-","","1247433,3899999999","10045855,32","93,000000","550,000000",",000000",",000000"
"2012","SP","Não-Metálicos","Rochas Ornamentais","42049,970000",",000000000000000","-","","42296,93","5433548,5999999996",",000000",",000000",",000000",",000000"
"2012","SP","Não-Metálicos","Caulim","133742,640000",",000000000000000","-","","29965","178095,60000000001",",000000",",000000",",000000",",000000"
"2012","SP","Não-Metálicos","Feldspato, Leucita e Nefelina-Sienito","33195,000000",",000000000000000","-","","60","1200",",000000",",000000",",000000",",000000"
"2012","SP","Metálicos","Alumínio (Bauxita)","45843,040000","22323,750000000000000","t","Al2O3","0","0",",000000",",000000",",000000",",000000"
"2012","SP","Não-Metálicos","Argilas","13670617,190000",",000000000000000","-","","9569975,1800000016","85565583,690000027","346491,760000","5510508,850000","1999976,420000","9225502,410000"
"2012","SP","Não-Metálicos","Areia","32568822,740000",",000000000000000","-","","20016660,949999999","351476057,23999995","1374,770000","14281,320000","56192,500000","558343,000000"
"2012","SP","Metálicos","Zircônio",",000000",",000000000000000","t","ZrSiO4","0","0",",000000",",000000",",000000",",000000"
"2012","SP","Não-Metálicos","Talco e outras Cargas Minerais","701908,010000",",000000000000000","-","","42736,020000000004","1525355,6400000001",",000000",",000000","10908,000000","154319,700000"
"2012","SP","Não-Metálicos","Dolomito e Magnesita","133826,690000",",000000000000000","-","","0","0",",000000",",000000",",000000",",000000"
"2012","SP","Não-Metálicos","Areias Industriais","5131639,830000",",000000000000000","-","","66549,910000000003","1825439,71",",000000",",000000",",000000",",000000"
"2012","SP","Não-Metálicos","Calcário","5205368,000000","4164294,400000000000000","t","","0","0",",000000",",000000",",000000",",000000"
"2012","SP","Não-Metálicos","Calcário","12219775,162000",",000000000000000","-","","297105,45999999996","5206295,4600000009","54,000000","54,000000",",000000",",000000"
"2012","SP","Não-Metálicos","Fosfato","5449320,700000","331334,690000000000000","t","P2O5","0","0",",000000",",000000",",000000",",000000"
"2012","SP","Não-Metálicos","Rochas (Britadas) e Cascalho","90501320,958000",",000000000000000","-","","212828,14000000001","2778710,8599999994",",000000",",000000","93760,000000","575938,330000"
"2012","SP","Não-Metálicos","Rochas Ornamentais - Outras","1842,460000",",000000000000000","-","","1842,46","114604,5",",000000",",000000",",000000",",000000"
"2012","SP","Não-Metálicos","Minerais Industriais (Outros)",",000000",",000000000000000","t","","0","0",",000000",",000000",",000000",",000000"
"2012","TO","Não-Metálicos","Minerais Industriais (Outros)","158,000000",",000000000000000","-","","0","0",",000000",",000000",",000000",",000000"
"2012","TO","Metálicos","Ferro","685362,400000","383786,250000000000000","t","Fe","332,5","43225",",000000",",000000",",000000",",000000"
"2012","TO","Gemas e Diamantes","Gemas",",000000",",000000000000000","-","","0","0",",000000",",000000",",000000",",000000"
"2012","TO","Metálicos","Manganês",",000000",",000000000000000","t","Mn","0","0",",000000",",000000",",000000",",000000"
"2012","TO","Não-Metálicos","Areias Industriais",",000000",",000000000000000","-","","0","0",",000000",",000000",",000000",",000000"
"2012","TO","Não-Metálicos","Argilas","68012,030000",",000000000000000","-","","24000","432000","6212,000000","85549,000000","37000,030000","479799,490000"
"2012","TO","Não-Metálicos","Rochas (Britadas) e Cascalho","512525,960000",",000000000000000","-","","46988,050000000003","1216320,28",",000000",",000000",",000000",",000000"
"2012","TO","Não-Metálicos","Saibro","15070,560000",",000000000000000","-","","15070,559999999999","35579,760000000002",",000000",",000000",",000000",",000000"
"2012","TO","Não-Metálicos","Quartzo (Cristal) e outros Piezelétricos","300,000000",",000000000000000","-","","0","0",",000000",",000000",",000000",",000000"
"2012","TO","Metálicos","Ouro","782,950000","1,343000000000000","kg","Au","0","0",",000000",",000000",",000000",",000000"
"2012","TO","Não-Metálicos","Areia","317318,970000",",000000000000000","-","","305370,42000000004","4520283,9199999999",",000000",",000000",",000000",",000000"
"2012","TO","Não-Metálicos","Calcário","4507266,130000",",000000000000000","-","","0","0",",000000",",000000",",000000",",000000"
"2012","TO","Não-Metálicos","Fosfato","100102,330000","15000,000000000000000","t","P2O5","0","0",",000000",",000000",",000000",",000000"
"2013","AC","Não-Metálicos","Argilas","2005,000000",",000000000000000","-","","1456","20173,459999999999",",000000",",000000","530,000000","29060,000000"
"2013","AC","Não-Metálicos","Areia","248844,170000",",000000000000000","-","","240718,19","5816371,9700000007",",000000",",000000",",000000",",000000"
"2013","AC","Não-Metálicos","Rochas (Britadas) e Cascalho","47600,000000",",000000000000000","-","","46507,5","554338,81999999995",",000000",",000000",",000000",",000000"
"2013","AL","Não-Metálicos","Saibro","481438,910000",",000000000000000","-","","44404,650000000001","119223,74000000001",",000000",",000000","438385,910000","1010119,330000"
"2013","AL","Não-Metálicos","Calcário","1070041,590000",",000000000000000","-","","0","0",",000000",",000000",",000000",",000000"
"2013","AL","Não-Metálicos","Areia","756842,790000",",000000000000000","-","","629224,09999999998","6733659,7699999986","51108,190000","33600,000000","73596,000000","207343,560000"
"2013","AL","Metálicos","Cobre",",000000",",000000000000000","t","Cu","0","0",",000000",",000000",",000000",",000000"
"2013","AL","Não-Metálicos","Sal","816440,000000",",000000000000000","-","","785","19020,549999999999",",000000",",000000","815655,000000","6939740,000000"
"2013","AL","Não-Metálicos","Rochas (Britadas) e Cascalho","1046647,820000",",000000000000000","-","","4528,46","30023,639999999999",",000000",",000000","234,000000","7934,940000"
"2013","AL","Não-Metálicos","Argilas","321386,300000",",000000000000000","-","","32763,5","94223,75","6628,960000","54966,610000","288927,550000","2502423,960000"
"2013","AM","Metálicos","Columbita-Tantalita","9480520,000000","4750,000000000000000","t","Nb2O5","0","0",",000000",",000000",",000000",",000000"
"2013","AM","Não-Metálicos","Potássio",",000000",",000000000000000","t","K2O","0","0",",000000",",000000",",000000",",000000"
"2013","AM","Não-Metálicos","Calcário","651272,340000",",000000000000000","-","","650272,33999999997","12707613,77",",000000",",000000","1000,000000","18000,000000"
"2013","AM","Metálicos","Ferro","30750,900000","21525,630000000000000","t","Fe","0","0",",000000",",000000","30750,900000","182282,110000"
"2013","AM","Não-Metálicos","Gipsita","21115,380000",",000000000000000","-","","21115,380000000001","1950005,3400000001",",000000",",000000",",000000",",000000"
"2013","AM","Metálicos","Ouro",",000000",",000000000000000","kg","Au","0","0",",000000",",000000",",000000",",000000"
"2013","AM","Não-Metálicos","Rochas (Britadas) e Cascalho","591454,420000",",000000000000000","-","","13126,4","453747,92999999999",",000000",",000000",",000000",",000000"
"2013","AM","Não-Metálicos","Argilas","312343,980000",",000000000000000","-","","6310","48300",",000000",",000000","306033,980000","2068263,890000"
"2013","AM","Metálicos","Columbita-Tantalita","9480520,000000","475,000000000000000","t","Ta2O5","0","0",",000000",",000000",",000000",",000000"
"2013","AM","Não-Metálicos","Areia","67715,160000",",000000000000000","-","","18961,16","205377,04999999999","200,000000","6000,000000","48554,000000","286068,000000"
"2013","AM","Metálicos","Estanho","9480520,000000","9790227,000000000000000","kg","Sn","0","0",",000000",",000000",",000000",",000000"
"2013","AM","Não-Metálicos","Saibro","4517,330000",",000000000000000","-","","4517,3299999999999","11313,559999999999",",000000",",000000",",000000",",000000"
"2013","AP","Não-Metálicos","Saibro",",000000",",000000000000000","-","","0","0",",000000",",000000",",000000",",000000"
"2013","AP","Metálicos","Columbita-Tantalita","31823,640000","53,050000000000000","t","Ta2O5","0","0",",000000",",000000",",000000",",000000"
"2013","AP","Não-Metálicos","Areia","272957,810000",",000000000000000","-","","272957,81","3192543",",000000",",000000",",000000",",000000"
"2013","AP","Metálicos","Ouro","12506335,200000","7467,100500000000000","kg","Au","406114,73999999999","2030573,7","3556302,400000","8001680,420000",",000000",",000000"
"2013","AP","Metálicos","Prata","2086997,200000","196,676500000000000","kg","Ag","0","0","3556302,400000","8001680,420000",",000000",",000000"
"2013","AP","Metálicos","Cromo","46435,000000","10369,750000000000000","t","Cr2O3","0","0",",000000",",000000",",000000",",000000"
"2013","AP","Não-Metálicos","Caulim","556426,000000",",000000000000000","-","","0","0",",000000",",000000",",000000",",000000"
"2013","AP","Não-Metálicos","Argilas","85385,600000",",000000000000000","-","","37550","62300","18714,600000","180236,000000","29121,000000","76585,600000"
"2013","AP","Metálicos","Ferro","16609161,330000","7249160,370000000000000","t","Fe","1840104,25","3429401,6299999999",",000000",",000000",",000000",",000000"
"2013","AP","Não-Metálicos","Rochas (Britadas) e Cascalho","465015,360000",",000000000000000","-","","53625,910000000003","1986669,3999999999",",000000",",000000",",000000",",000000"
"2013","BA","Não-Metálicos","Gipsita",",000000",",000000000000000","-","","0","0",",000000",",000000",",000000",",000000"
"2013","BA","Não-Metálicos","Argilas","1602398,440000",",000000000000000","-","","533072,12","1673303,23","112298,240000","987047,840000","663221,930000","2971427,570000"
"2013","BA","Não-Metálicos","Fosfato","815637,050000","173799,710000000000000","t","P2O5","0","0",",000000",",000000","48674,470000","535737,740000"
"2013","BA","Não-Metálicos","Geodos, Ágatas, Calcedônia, etc","550,000000","550,000000000000000","t","","573,5","754650",",000000",",000000",",000000",",000000"
"2013","BA","Não-Metálicos","Areias Industriais","183100,320000",",000000000000000","-","","31005,849999999999","2255315,7400000002",",000000",",000000","493,000000","147600,000000"
"2013","BA","Metálicos","Ferro","1056416,520000","535708,820000000000000","t","Fe","0","0",",000000",",000000",",000000",",000000"
"2013","BA","Não-Metálicos","Calcário","2266385,340000",",000000000000000","-","","64481,949999999997","1054294,1699999999",",000000",",000000",",000000",",000000"
"2013","BA","Metálicos","Cobre","3724137,440000","25651,870000000000000","t","Cu","0","0",",000000",",000000",",000000",",000000"
"2013","BA","Não-Metálicos","Grafita","300883,000000","27390,380000000000000","t","","0","0",",000000",",000000",",000000",",000000"
"2013","BA","Metálicos","Manganês","19962,290000","6436,980000000000000","t","Mn","1336,51","169447,03999999998",",000000",",000000",",000000",",000000"
"2013","BA","Não-Metálicos","Saibro","46724,000000",",000000000000000","-","","49849","134100",",000000",",000000",",000000",",000000"
"2013","BA","Não-Metálicos","Talco e outras Cargas Minerais","284275,220000",",000000000000000","-","","0","0",",000000",",000000","3,000000","142,350000"
"2013","BA","Não-Metálicos","Areia","1942473,880000",",000000000000000","-","","1763375,1199999999","17363810,489999998",",000000",",000000","60307,850000","336757,240000"
"2013","BA","Não-Metálicos","Diatomita","76667,750000",",000000000000000","-","","1088","435200",",000000",",000000","75020,750000","2494879,120000"
"2013","BA","Não-Metálicos","Caulim","37318,930000",",000000000000000","-","","16527,93","78894,610000000001",",000000",",000000",",000000",",000000"
"2013","BA","Gemas e Diamantes","Diamante","14950,300000","520,230000000000000","ct","","0","0",",000000",",000000",",000000",",000000"
"2013","BA","Gemas e Diamantes","Gemas","18709,890000","8773,890000000000000","kg","","0","0",",000000",",000000",",000000",",000000"
"2013","BA","Não-Metálicos","Rochas Ornamentais","221532,380000",",000000000000000","-","","208202,60000000001","68883736,359999999",",000000",",000000","2982,390000","861834,110000"
"2013","BA","Metálicos","Níquel","6340593,000000","28935,000000000000000","t"," Ni","0","0",",000000",",000000",",000000",",000000"
"2013","BA","Não-Metálicos","Vermiculita e Perlita","1699,000000","816,000000000000000","t","","0","0",",000000",",000000",",000000",",000000"
"2013","BA","Não-Metálicos","Bário","41143,410000","34942,610000000000000","t","BaSO4","15475,42","4713727,7800000003",",000000",",000000",",000000",",000000"
"2013","BA","Não-Metálicos","Feldspato, Leucita e Nefelina-Sienito","16981,750000",",000000000000000","-","","15961,08","1421569,7999999998",",000000",",000000",",000000",",000000"
"2013","BA","Metálicos","Ouro","3032385,800000","5126,024660000000000","kg","Au","0","0",",000000",",000000",",000000",",000000"
"2013","BA","Não-Metálicos","Dolomito e Magnesita","1420788,910000",",000000000000000","-","","41","27095,5",",000000",",000000","12,000000","611,690000"
"2013","BA","Metálicos","Cromo","1332759,750000","204201,290000000000000","t","Cr2O3","0","0",",000000",",000000",",000000",",000000"
"2013","BA","Não-Metálicos","Sal","532971,020000",",000000000000000","-","","0","0",",000000",",000000","532971,020000","27961790,040000"
"2013","BA","Não-Metálicos","Rochas (Britadas) e Cascalho","8450918,180000",",000000000000000","-","","58763","1662472,3500000001","92358,990000","92358,990000","70983,000000","108603,990000"
"2013","BA","Não-Metálicos","Rochas Ornamentais - Outras","3854,750000",",000000000000000","-","","1597,9000000000001","994527,25",",000000",",000000","2343,130000","1225455,210000"
"2013","CE","Não-Metálicos","Calcário","2933948,070000",",000000000000000","-","","652542,40000000002","8528757,5599999987","230198,060000","3523313,850000","2458,680000","44797,950000"
"2013","CE","Não-Metálicos","Argilas","2557384,910000",",000000000000000","-","","270516,85000000003","4379039,9100000001","641078,660000","3140370,940000","1646091,590000","8477234,630000"
"2013","CE","Não-Metálicos","Dolomito e Magnesita","127333,360000",",000000000000000","-","","123387,36","2714493,9199999999",",000000",",000000",",000000",",000000"
"2013","CE","Energéticos","Urânio e outros Radioativos",",000000",",000000000000000","t","","0","0",",000000",",000000",",000000",",000000"
"2013","CE","Metálicos","Manganês",",000000",",000000000000000","t","Mn","0","0",",000000",",000000",",000000",",000000"
"2013","CE","Não-Metálicos","Areias Industriais","192126,050000",",000000000000000","-","","0","0",",000000",",000000","6223,380000","54506,430000"
"2013","CE","Não-Metálicos","Talco e outras Cargas Minerais","11039,410000",",000000000000000","-","","10926,51","819018,81000000006",",000000",",000000",",000000",",000000"
"2013","CE","Não-Metálicos","Rochas (Britadas) e Cascalho","5350860,160000",",000000000000000","-","","0","0",",000000",",000000",",000000",",000000"
"2013","CE","Metálicos","Cobre",",000000",",000000000000000","t","Cu","0","0",",000000",",000000",",000000",",000000"
"2013","CE","Metálicos","Ferro","132391,540000","76673,080000000000000","t","Fe","82523,419999999998","12345503,640000001",",000000",",000000","3659,300000","168872,640000"
"2013","CE","Não-Metálicos","Rochas Ornamentais","74533,070000",",000000000000000","-","","72698,489999999758","35732234,090000004",",000000",",000000","3070,110000","552619,800000"
"2013","CE","Não-Metálicos","Rochas Ornamentais - Outras","63031,510000",",000000000000000","-","","62886,880000000005","3787369,6999999997",",000000",",000000",",000000",",000000"
"2013","CE","Não-Metálicos","Areia","1499537,200000",",000000000000000","-","","1402074,9700000002","16893660,41","1435,000000","2511,600000","94410,300000","233490,030000"
"2013","CE","Não-Metálicos","Saibro","188351,000000",",000000000000000","-","","20566","88760","94477,000000","227985,000000","73308,000000","136353,000000"
"2013","CE","Não-Metálicos","Fosfato",",000000",",000000000000000","t","P2O5","0","0",",000000",",000000",",000000",",000000"
"2013","CE","Não-Metálicos","Gipsita","83164,030000",",000000000000000","-","","83164,029999999999","2649953,0600000001",",000000",",000000",",000000",",000000"
"2013","DF","Não-Metálicos","Rochas (Britadas) e Cascalho","770480,670000",",000000000000000","-","","99783,25","353798,96000000002",",000000",",000000",",000000",",000000"
"2013","DF","Não-Metálicos","Areias Industriais",",000000",",000000000000000","-","","0","0",",000000",",000000",",000000",",000000"
"2013","DF","Não-Metálicos","Areia","418151,620000",",000000000000000","-","","418044,54000000004","9148635,9299999997",",000000",",000000",",000000",",000000"
"2013","DF","Não-Metálicos","Calcário","10951171,870000",",000000000000000","-","","0","0",",000000",",000000","2765402,760000","43522862,960000"
"2013","DF","Não-Metálicos","Argilas","543464,600000",",000000000000000","-","","0","0",",000000",",000000","375224,600000","4409775,400000"
"2013","ES","Não-Metálicos","Rochas (Britadas) e Cascalho","8882193,040000",",000000000000000","-","","2600","20000",",000000",",000000",",000000",",000000"
"2013","ES","Gemas e Diamantes","Gemas",",000000",",000000000000000","kg","","0","0",",000000",",000000",",000000",",000000"
"2013","ES","Não-Metálicos","Dolomito e Magnesita","649985,910000",",000000000000000","-","","589887","5662915,2000000002",",000000",",000000","60098,910000","737424,050000"
"2013","ES","Não-Metálicos","Calcário","2371651,707500",",000000000000000","-","","1864455,1974999998","38882641,837500006",",000000",",000000","212555,490000","4136849,930000"
"2013","ES","Não-Metálicos","Areia","2107046,080000",",000000000000000","-","","2075528,4800000002","28006805,68","310,500000","1,150000","17041,920000","39100,420000"
"2013","ES","Não-Metálicos","Argilas","605102,520000",",000000000000000","-","","497629,76000000001","4712909,4800000004","95178,990000","474918,330000","44524,030000","1239358,920000"
"2013","ES","Metálicos","Alumínio (Bauxita)",",000000",",000000000000000","t","Al2O3","0","0",",000000",",000000",",000000",",000000"
"2013","ES","Não-Metálicos","Saibro","65774,750000",",000000000000000","-","","59419,830000000002","294550,44",",000000",",000000","6354,920000","11559,000000"
"2013","ES","Não-Metálicos","Rochas Ornamentais","2642131,352500",",000000000000000","-","","2367149,4125000001","430573466,5025","27066,330000","5039136,870000","76700,440000","12028860,540000"
"2013","GO","Metálicos","Ouro","23654562,980000","9803,096530000000000","kg","Au","0","0",",000000",",000000","52344,000000",",050000"
"2013","GO","Não-Metálicos","Rochas Ornamentais - Outras","11102,960000",",000000000000000","-","","11102,959999999999","1241783",",000000",",000000",",000000",",000000"
"2013","GO","Não-Metálicos","Rochas (Britadas) e Cascalho","10957492,463400",",000000000000000","-","","138473,08000000002","538298,63","2574,000000","5148,000000","7982,260000",",000000"
"2013","GO","Não-Metálicos","Rochas Ornamentais","14241,950000",",000000000000000","-","","3280,23","1183174,8100000001",",000000",",000000","9618,980000","2187331,640000"
"2013","GO","Gemas e Diamantes","Gemas","279,000000",",302000000000000","kg","","279","390000",",000000",",000000",",000000",",000000"
"2013","GO","Não-Metálicos","Areia","2453300,100000",",000000000000000","-","","1653236,2599999995","30438953,450000003",",000000",",000000",",000000",",000000"
"2013","GO","Não-Metálicos","Saibro","320,000000",",000000000000000","-","","320","3840",",000000",",000000",",000000",",000000"
"2013","GO","Não-Metálicos","Bário",",000000",",000000000000000","t","BaSO4","0","0",",000000",",000000",",000000",",000000"
"2013","GO","Metálicos","Cobre","25881841,820000","73858,570000000000000","t","Cu","0","0",",000000",",000000",",000000",",000000"
"2013","GO","Metálicos","Nióbio","4121967,180000","25130,329690000000000","t","Nb2O5","0","0",",000000",",000000",",000000",",000000"
"2013","GO","Não-Metálicos","Caulim","15836,280000",",000000000000000","-","","10320","158693,07999999999",",000000",",000000","5516,280000","35083,530000"
"2013","GO","Metálicos","Alumínio (Bauxita)","21261,250000","13113,690000000000000","t","Al2O3","0","0",",000000",",000000","13636,220000","354541,880000"
"2013","GO","Não-Metálicos","Argilas","843545,070000",",000000000000000","-","","303896,09000000003","581789,98999999999","160,000000","1120,000000","518898,980000","4863515,550000"
"2013","GO","Não-Metálicos","Amianto","5357783,000000","340153,490000000000000","t","","0","0",",000000",",000000",",000000",",000000"
"2013","GO","Não-Metálicos","Calcário","6675357,526600",",000000000000000","-","","224219,12","2393775,7800000003",",000000",",000000",",000000",",000000"
"2013","GO","Metálicos","Cobalto","3732514,890000","3467,800000000000000","t","Co","0","0",",000000",",000000",",000000",",000000"
"2013","GO","Não-Metálicos","Fosfato","10884990,980000","1391281,400000000000000","t","P2O5","0","0",",000000",",000000",",000000",",000000"
"2013","GO","Não-Metálicos","Talco e outras Cargas Minerais","7000,000000",",000000000000000","-","","4000","440000",",000000",",000000","3000,000000","27000,000000"
"2013","GO","Não-Metálicos","Dolomito e Magnesita","384394,000000",",000000000000000","-","","20228,040000000001","168108,91",",000000",",000000",",000000",",000000"
"2013","GO","Não-Metálicos","Areias Industriais","53864,830000",",000000000000000","-","","0","0",",000000",",000000",",000000",",000000"
"2013","GO","Metálicos","Prata","22936827,980000","3961,014740000000000","kg","Ag","0","0",",000000",",000000",",000000",",000000"
"2013","GO","Não-Metálicos","Vermiculita e Perlita","304495,320000","95172,360000000000000","t","","0","0",",000000",",000000",",000000",",000000"
"2013","GO","Metálicos","Titânio","28612,820000","7896,820000000000000","t","TiO2","0","0",",000000",",000000",",000000",",000000"
"2013","GO","Metálicos","Manganês","657,170000","230,000000000000000","t","Mn","0","0",",000000",",000000",",000000",",000000"
"2013","GO","Metálicos","Níquel","6054248,010000","69532,600000000000000","t"," Ni","0","0",",000000",",000000",",000000",",000000"
"2013","MA","Não-Metálicos","Saibro","10655,000000",",000000000000000","-","","10655","42620",",000000",",000000",",000000",",000000"
"2013","MA","Metálicos","Ferro","6353,380000","2859,020000000000000","t","Fe","6353,3800000000001","56711,5",",000000",",000000",",000000",",000000"
"2013","MA","Não-Metálicos","Areia","1498159,250000",",000000000000000","-","","1424011,2399999998","14383071,719999999",",000000",",000000",",000000",",000000"
"2013","MA","Não-Metálicos","Rochas (Britadas) e Cascalho","3940832,390000",",000000000000000","-","","61868,910000000003","549574,75",",000000",",000000",",000000",",000000"
"2013","MA","Não-Metálicos","Argilas","1113752,630000",",000000000000000","-","","144244,70999999999","789358,64999999991","304928,470000","1603150,820000","489457,610000","3516374,770000"
"2013","MA","Não-Metálicos","Calcário","711979,260000",",000000000000000","-","","104930,83","5190613,3100000005",",000000",",000000",",000000",",000000"
"2013","MA","Não-Metálicos","Caulim","98329,540000",",000000000000000","-","","98329,539999999994","2524472,3999999999",",000000",",000000",",000000",",000000"
"2013","MA","Metálicos","Ouro","1981563,390000","2801,679240000000000","kg","Au","0","0",",000000",",000000",",000000",",000000"
"2013","MA","Não-Metálicos","Gipsita","303360,120000",",000000000000000","-","","262693,45000000001","7351831,7400000002","40666,670000","761764,380000",",000000",",000000"
"2013","MG","Metálicos","Estanho","827397,310000","318777,570000000000000","kg","Sn","0","0",",000000",",000000",",000000",",000000"
"2013","MG","Metálicos","Lítio","44043,000000","656,240000000000000","t","Li2O","0","0",",000000",",000000",",000000",",000000"
"2013","MG","Não-Metálicos","Potássio","250,000000","31,250000000000000","t","K2O","0","0",",000000",",000000",",000000",",000000"
"2013","MG","Não-Metálicos","Rochas Ornamentais - Outras","25932,800000",",000000000000000","-","","25164","6212202,7300000004",",000000",",000000",",000000",",000000"
"2013","MG","Metálicos","Zinco","2368505,000000","173587,670000000000000","t","Zn","0","0",",000000",",000000",",000000",",000000"
"2013","MG","Não-Metálicos","Calcário","49891100,846200",",000000000000000","-","","5624312,1600000001","51909712,75","19494,290000","19494,410000","99439,442600","720761,273200"
"2013","MG","Não-Metálicos","Saibro","179674,250000",",000000000000000","-","","179674,25","1131040,24",",000000",",000000",",000000",",000000"
"2013","MG","Metálicos","Ouro","59897106,600000","34187,869910000000000","kg","Au","0","0",",000000",",000000",",000000",",000000"
"2013","MG","Metálicos","Berílio",",000000",",000000000000000","t","BeO","0","0",",000000",",000000",",000000",",000000"
"2013","MG","Metálicos","Alumínio (Bauxita)","7288347,410000","2655255,590000000000000","t","Al2O3","1325253,1700000004","25401711,109999999",",000000",",000000","56324,000000","1289552,500000"
"2013","MG","Não-Metálicos","Cianita e outros minerais refratários","146,000000",",000000000000000","-","","0","0",",000000",",000000",",000000",",000000"
"2013","MG","Não-Metálicos","Areia","6339841,370000",",000000000000000","-","","5619925,8500000006","97506311,140000001","6657,830000","70895,690000","1686,660000","78711,900000"
"2013","MG","Metálicos","Prata","57554453,020000","9218,766240000000000","kg","Ag","0","0",",000000",",000000",",000000",",000000"
"2013","MG","Metálicos","Cobalto","304725,850000","9,850000000000000","t","Co","0","0",",000000",",000000",",000000",",000000"
"2013","MG","Não-Metálicos","Geodos, Ágatas, Calcedônia, etc","4,000000",",000800000000000","t","","0","0",",000000",",000000",",000000",",000000"
"2013","MG","Não-Metálicos","Enxofre","304725,850000","1632,170000000000000","t","S","0","0",",000000",",000000",",000000",",000000"
"2013","MG","Não-Metálicos","Minerais Industriais (Outros)",",000000",",000000000000000","-","","0","0",",000000",",000000",",000000",",000000"
"2013","MG","Metálicos","Nióbio","5118702,040000","111672,134440000000000","t","Nb2O5","0","0",",000000",",000000",",000000",",000000"
"2013","MG","Metálicos","Manganês","644935,270000","122673,720000000000000","t","Mn","189707,12","5422342,1799999997",",000000",",000000","1000,000000","50000,000000"
"2013","MG","Não-Metálicos","Fosfato","21290784,710000","2028185,680000000000000","t","P2O5","40,539999999999999","2896,1700000000001",",000000",",000000","222,820000","2745,140000"
"2013","MG","Não-Metálicos","Bário","5118702,040000","961586,560000000000000","t","BaSO4","0","0",",000000",",000000",",000000",",000000"
"2013","MG","Não-Metálicos","Argilas","3696743,160000",",000000000000000","-","","1093589,29","14968968,609999999","138147,810000","810527,550000","1123999,270000","9279809,950000"
"2013","MG","Metálicos","Cromo",",000000",",000000000000000","t","Cr2O3","0","0",",000000",",000000",",000000",",000000"
"2013","MG","Metálicos","Zircônio",",000000",",000000000000000","t","ZrSiO4","0","0",",000000",",000000",",000000",",000000"
"2013","MG","Não-Metálicos","Mica","267,600000",",000000000000000","-","","267,60000000000002","74220",",000000",",000000",",000000",",000000"
"2013","MG","Não-Metálicos","Talco e outras Cargas Minerais","761042,250000",",000000000000000","-","","128716,49000000001","4840904,3399999999",",000000",",000000","25114,140000","1046978,860000"
"2013","MG","Não-Metálicos","Rochas (Britadas) e Cascalho","17795372,393800",",000000000000000","-","","761148,64000000001","7162377,2299999995","53501,550000","176663,720000","147384,317400","2576174,026800"
"2013","MG","Metálicos","Níquel","354641,070000","11569,960000000000000","t"," Ni","26415,25","489363,44",",000000",",000000",",000000",",000000"
"2013","MG","Não-Metálicos","Grafita","1337661,500000","88173,830000000000000","t","","0","0",",000000",",000000",",000000",",000000"
"2013","MG","Gemas e Diamantes","Gemas","99934,170000","12221,581180000000000","kg","","0","0","10447,200000",",360000","34,800000","3159333,420000"
"2013","MG","Não-Metálicos","Caulim","39500,440000",",000000000000000","-","","36821,580000000002","2277367",",000000",",000000",",000000",",000000"
"2013","MG","Metálicos","Columbita-Tantalita","826249,310000","553,587050000000000","t","Ta2O5","0","0",",000000",",000000",",000000",",000000"
"2013","MG","Metálicos","Chumbo","3518659,000000","30328,820000000000000","t","Pb","0","0",",000000",",000000",",000000",",000000"
"2013","MG","Metálicos","Titânio","12711725,130000","1907521,470000000000000","t","TiO2","0","0",",000000",",000000",",000000",",000000"
"2013","MG","Não-Metálicos","Rochas Ornamentais","1136577,280000",",000000000000000","-","","973318,25000000012","261410143,64999998",",000000",",000000","128002,340000","26328646,980000"
"2013","MG","Não-Metálicos","Feldspato, Leucita e Nefelina-Sienito","21828,340000",",350000000000000","-","","20312,670000000002","5939743,9199999999",",000000",",000000",",000000",",000000"
"2013","MG","Metálicos","Cobre","304725,850000","665,900000000000000","t","Cu","0","0",",000000",",000000",",000000",",000000"
"2013","MG","Não-Metálicos","Dolomito e Magnesita","20,000000",",000000000000000","-","","0","0",",000000",",000000",",000000",",000000"
"2013","MG","Metálicos","Cádmio",",000000",",000000000000000","t","Cd","0","0",",000000",",000000",",000000",",000000"
"2013","MG","Gemas e Diamantes","Diamante","230639,520000","6250,830000000000000","ct","","0","0",",000000",",000000",",000000",",000000"
"2013","MG","Não-Metálicos","Areias Industriais","1245814,900000",",000000000000000","-","","273501,55000000005","19561784,649999995",",000000",",000000",",000000",",000000"
"2013","MG","Metálicos","Ferro","387484718,500000","206254416,940000000000000","t","Fe","20020754,669999998","782834496,70999992","23076,000000","3402124,510000","82837,130000","4864432,750000"
"2013","MS","Não-Metálicos","Areias Industriais",",000000",",000000000000000","-","","0","0",",000000",",000000",",000000",",000000"
"2013","MS","Não-Metálicos","Saibro","304357,450000",",000000000000000","-","","274022,15000000002","1428428,8699999999",",000000",",000000",",000000",",000000"
"2013","MS","Não-Metálicos","Talco e outras Cargas Minerais","293501,740000",",000000000000000","-","","0","0",",000000",",000000",",000000",",000000"
"2013","MS","Não-Metálicos","Areia","2821740,290000",",000000000000000","-","","2036245,26","23863130,479999997","1530,000000","29452,530000",",000000",",000000"
"2013","MS","Metálicos","Ferro","11341641,890000","7050259,980000000000000","t","Fe","0","0",",000000",",000000",",000000",",000000"
"2013","MS","Não-Metálicos","Dolomito e Magnesita","991434,000000",",000000000000000","-","","0","0",",000000",",000000",",000000",",000000"
"2013","MS","Não-Metálicos","Rochas Ornamentais","54,000000",",000000000000000","-","","0","0",",000000",",000000",",000000",",000000"
"2013","MS","Metálicos","Manganês","515056,000000","214726,850000000000000","t","Mn","0","0",",000000",",000000",",000000",",000000"
"2013","MS","Não-Metálicos","Rochas (Britadas) e Cascalho","4526868,910000",",000000000000000","-","","526421,06999999995","8453481,1999999993","277,500000","1589,150000","60011,770000","315240,070000"
"2013","MS","Não-Metálicos","Argilas","431345,570000",",000000000000000","-","","165529,17999999999","1350981,1200000001",",000000",",000000",",000000",",000000"
"2013","MS","Não-Metálicos","Calcário","2961033,330000",",000000000000000","-","","66760,639999999999","1818415,3500000001",",000000",",000000",",000000",",000000"
"2013","MT","Gemas e Diamantes","Diamante","106339,000000","42889,200000000000000","ct","","0","0",",000000",",000000",",000000",",000000"
"2013","MT","Não-Metálicos","Rochas (Britadas) e Cascalho","4771757,421800",",000000000000000","-","","581381,26000000036","9798074,3399999999","10080,000000","7560,000000","2207,500000","26450,000000"
"2013","MT","Não-Metálicos","Talco e outras Cargas Minerais","27181,080000",",000000000000000","-","","0","0",",000000",",000000","27181,080000","118999,480000"
"2013","MT","Não-Metálicos","Argilas","793063,690000",",000000000000000","-","","119272,01999999996","2434831,6799999997",",000000",",000000","365404,460000","4831146,680000"
"2013","MT","Metálicos","Manganês","30100,000000","20000,000000000000000","t","Mn","0","0",",000000",",000000","21834,570000","1965111,300000"
"2013","MT","Metálicos","Estanho","13300,000000","10379,000000000000000","kg","Sn","0","0",",000000",",000000",",000000",",000000"
"2013","MT","Metálicos","Ouro","15065722,050000","7318,470180000000000","kg","Au","0","7736867,2799999993",",000000",",000000",",000000",",000000"
"2013","MT","Não-Metálicos","Areia","1472531,610000",",000000000000000","-","","1223189,3200000001","22888990,880000003",",000000",",000000",",000000",",000000"
"2013","MT","Não-Metálicos","Quartzo (Cristal) e outros Piezelétricos","6000,000000",",000000000000000","-","","0","0",",000000",",000000",",000000",",000000"
"2013","MT","Não-Metálicos","Areias Industriais",",300000",",000000000000000","-","","0,29999999999999999","600",",000000",",000000",",000000",",000000"
"2013","MT","Não-Metálicos","Calcário","9472872,018200",",000000000000000","-","","73233,169999999998","91714,239999999991",",000000",",000000","6163,970000","67705,790000"
"2013","MT","Não-Metálicos","Dolomito e Magnesita","583821,000000",",000000000000000","-","","0","0",",000000",",000000",",000000",",000000"
"2013","MT","Metálicos","Zinco",",000000",",000000000000000","t","Zn","0","0",",000000",",000000",",000000",",000000"
"2013","PA","Metálicos","Estanho","3012809,410000","2648258,520000000000000","kg","Sn","0","0",",000000",",000000",",000000",",000000"
"2013","PA","Metálicos","Manganês","2940798,420000","1033645,200000000000000","t","Mn","0","0",",000000",",000000",",000000",",000000"
"2013","PA","Metálicos","Níquel","257479,000000","5407,070000000000000","t"," Ni","0","0",",000000",",000000",",000000",",000000"
"2013","PA","Não-Metálicos","Areias Industriais","39460,300000",",000000000000000","-","","11100","759750",",000000",",000000",",000000",",000000"
"2013","PA","Metálicos","Alumínio (Bauxita)","40932537,740000","19681717,900000000000000","t","Al2O3","0","0",",000000",",000000",",000000",",000000"
"2013","PA","Metálicos","Tungstênio","408831,500000","166,870000000000000","t","WO3","0","0",",000000",",000000",",000000",",000000"
"2013","PA","Não-Metálicos","Calcário","1472754,260000",",000000000000000","-","","1321237,6499999999","40438490,57",",000000",",000000",",000000",",000000"
"2013","PA","Não-Metálicos","Areia","732018,650000",",000000000000000","-","","661311,44999999995","5330197,1899999995","12120,000000",",110000","58308,000000","443370,200000"
"2013","PA","Metálicos","Ferro","111605550,390000","72254904,690000000000000","t","Fe","0","0",",000000",",000000",",000000",",000000"
"2013","PA","Não-Metálicos","Gipsita","6895,970000",",000000000000000","-","","6895,9700000000003","310318,65000000002",",000000",",000000",",000000",",000000"
"2013","PA","Não-Metálicos","Rochas (Britadas) e Cascalho","1916400,140000",",000000000000000","-","","247106,06000000003","3655844,0999999996",",000000",",000000","48794,500000","260903,000000"
"2013","PA","Não-Metálicos","Saibro","99722,330000",",000000000000000","-","","99722,330000000002","262113",",000000",",000000",",000000",",000000"
"2013","PA","Não-Metálicos","Argilas","915042,710000",",000000000000000","-","","394199,87000000005","6707419,6600000001","4020,000000","38000,000000","516385,200000","5621584,610000"
"2013","PA","Não-Metálicos","Caulim","4617342,420000",",000000000000000","-","","197813,29000000001","7900662,8200000003",",000000",",000000",",000000",",000000"
"2013","PA","Gemas e Diamantes","Gemas","203,340000","162664,800000000000000","kg","","0","0",",000000",",000000",",000000",",000000"
"2013","PA","Metálicos","Ouro","25588411,000000","10880,387370000000000","kg","Au","0","0",",000000",",000000",",000000",",000000"
"2013","PA","Metálicos","Cobre","25353591,000000","226670,890000000000000","t","Cu","0","0",",000000",",000000",",000000",",000000"
"2013","PB","Não-Metálicos","Areia","1290932,680000",",000000000000000","-","","1291786,3600000003","9771419,370000001",",000000",",000000",",000000",",000000"
"2013","PB","Não-Metálicos","Mica","11131,360000",",000000000000000","-","","10891,360000000001","2024592,8899999999",",000000",",000000","220,700000","145927,150000"
"2013","PB","Não-Metálicos","Rochas Ornamentais - Outras","75140,000000",",000000000000000","-","","75140","86700",",000000",",000000",",000000",",000000"
"2013","PB","Não-Metálicos","Rochas Ornamentais","17559,560000",",000000000000000","-","","11592,9","5159637,7999999998","3717,000000",",120000","956,260000","109494,300000"
"2013","PB","Não-Metálicos","Argilas","902904,050000",",000000000000000","-","","409602,21999999991","7944553,3200000003",",000000",",000000","83877,390000","801067,660000"
"2013","PB","Não-Metálicos","Rochas (Britadas) e Cascalho","1114879,880000",",000000000000000","-","","1000,4","21520",",000000",",000000",",000000",",000000"
"2013","PB","Não-Metálicos","Feldspato, Leucita e Nefelina-Sienito","102738,280000",",000000000000000","-","","36417,489999999998","4129306,2999999998",",000000",",000000",",000000",",000000"
"2013","PB","Não-Metálicos","Cianita e outros minerais refratários","1095,350000",",000000000000000","-","","0","0",",000000",",000000",",000000",",000000"
"2013","PB","Metálicos","Columbita-Tantalita","1000,830000",",830000000000000","t","Ta2O5","0","0",",000000",",000000",",000000",",000000"
"2013","PB","Não-Metálicos","Saibro","56502,210000",",000000000000000","-","","56502,210000000006","202551,47999999998",",000000",",000000",",000000",",000000"
"2013","PB","Não-Metálicos","Caulim","3202,980000",",000000000000000","-","","3202,98","380724",",000000",",000000",",000000",",000000"
"2013","PB","Não-Metálicos","Calcário","2854589,200000",",000000000000000","-","","33428","467992","100,000000","7276,600000","56107,000000","1072151,500000"
"2013","PB","Não-Metálicos","Areias Industriais","12827114,100000",",000000000000000","-","","19846,059999999998","570071,96999999997",",000000",",000000","88175,110000","613936,390000"
"2013","PB","Não-Metálicos","Vermiculita e Perlita","5293,000000","1000,000000000000000","t","","5293","2616488,48",",000000",",000000",",000000",",000000"
"2013","PB","Metálicos","Zircônio","12649436,000000","13366,070000000000000","t","ZrSiO4","0","0",",000000",",000000",",000000",",000000"
"2013","PB","Metálicos","Titânio","262709,640000","63639,020000000000000","t","TiO2","0","0",",000000",",000000",",000000",",000000"
"2013","PE","Não-Metálicos","Calcário","649848,690000",",000000000000000","-","","465711,15000000002","13789854,75","260,000000","1440,000000","44091,420000","308893,320000"
"2013","PE","Não-Metálicos","Caulim",",000000",",000000000000000","-","","0","0",",000000",",000000",",000000",",000000"
"2013","PE","Não-Metálicos","Areia","804509,900000",",000000000000000","-","","788498,30000000005","6849742,4400000004",",000000",",000000","17744,800000","43687,000000"
"2013","PE","Metálicos","Titânio",",000000",",000000000000000","t","TiO2","0","0",",000000",",000000",",000000",",000000"
"2013","PE","Não-Metálicos","Fosfato",",000000",",000000000000000","t","P2O5","0","0",",000000",",000000",",000000",",000000"
"2013","PE","Não-Metálicos","Rochas Ornamentais","15171,800000",",000000000000000","-","","15220,519999999999","7644765,0999999996",",000000",",000000",",000000",",000000"
"2013","PE","Não-Metálicos","Rochas (Britadas) e Cascalho","8116339,880000",",000000000000000","-","","0","0",",000000",",000000",",000000",",000000"
"2013","PE","Não-Metálicos","Argilas","1596587,790000",",000000000000000","-","","936153,42999999993","9090741,2399999984","25017,100000","87960,450000","54765,000000","478919,370000"
"2013","PE","Não-Metálicos","Gipsita","2975032,900000",",000000000000000","-","","1937051,52","38513882,079999998",",000000",",000000","38858,280000","4673986,890000"
"2013","PE","Não-Metálicos","Feldspato, Leucita e Nefelina-Sienito","600,000000",",000000000000000","-","","0","0",",000000",",000000",",000000",",000000"
"2013","PE","Metálicos","Ouro",",000000",",000000000000000","kg","Au","0","0",",000000",",000000",",000000",",000000"
"2013","PE","Não-Metálicos","Dolomito e Magnesita","386,400000",",000000000000000","-","","0","0",",000000",",000000",",000000",",000000"
"2013","PE","Não-Metálicos","Saibro","377769,500000",",000000000000000","-","","171729,5","566460,60999999999","206040,000000","145440,000000",",000000",",000000"
"2013","PE","Não-Metálicos","Vermiculita e Perlita","2859,000000","943,470000000000000","t","","0","0",",000000",",000000",",000000",",000000"
"2013","PE","Não-Metálicos","Areias Industriais","274308,600000",",000000000000000","-","","15660,809999999999","97723,440000000002",",000000",",000000",",000000",",000000"
"2013","PI","Não-Metálicos","Rochas Ornamentais - Outras","259,200000",",000000000000000","-","","259,19999999999999","1500",",000000",",000000",",000000",",000000"
"2013","PI","Não-Metálicos","Rochas (Britadas) e Cascalho","1081663,400000",",000000000000000","-","","101200,76000000001","3692331,1200000001","86910,300000","3329096,790000",",000000",",000000"
"2013","PI","Não-Metálicos","Gipsita",",000000",",000000000000000","-","","0","0",",000000",",000000",",000000",",000000"
"2013","PI","Não-Metálicos","Rochas Ornamentais","12039,150000",",000000000000000","-","","646,83999999999992","449759,75999999995",",000000",",000000","10894,330000","404676,520000"
"2013","PI","Não-Metálicos","Saibro","126899,860000",",000000000000000","-","","125054,36","1130964,51",",000000",",000000",",000000",",000000"
"2013","PI","Gemas e Diamantes","Diamante",",000000",",000000000000000","ct","","0","0",",000000",",000000",",000000",",000000"
"2013","PI","Não-Metálicos","Areia","332994,370000",",000000000000000","-","","300867,72999999998","3062388,0699999998","4170,000000","33360,000000","1374,040000","17647,580000"
"2013","PI","Gemas e Diamantes","Gemas","3919,000000","8,100000000000000","kg","","3652","100000",",000000",",000000",",000000",",000000"
"2013","PI","Não-Metálicos","Argilas","624394,790000",",000000000000000","-","","363121,42999999999","3148570,4499999997","88101,880000","1188950,640000","206471,480000","5601572,130000"
"2013","PI","Não-Metálicos","Calcário","1213845,150000",",000000000000000","-","","807452","10094455","104225,850000","2386619,220000",",000000",",000000"
"2013","PR","Não-Metálicos","Dolomito e Magnesita","3488369,080000",",000000000000000","-","","1635042,4100000001","4383401,8399999999","1174657,890000","3263882,820000","43287,380000","264751,000000"
"2013","PR","Não-Metálicos","Calcário","13223152,631000",",000000000000000","-","","1944102,4599999997","31104407,519999996",",000000",",000000","619736,660000","6233469,500000"
"2013","PR","Metálicos","Chumbo",",000000",",000000000000000","t","Pb","0","0",",000000",",000000",",000000",",000000"
"2013","PR","Não-Metálicos","Talco e outras Cargas Minerais","668785,140000",",000000000000000","-","","341897,83999999997","11929872,289999999",",000000",",000000","275335,310000","822024,220000"
"2013","PR","Não-Metálicos","Argilas","1445915,530000",",000000000000000","-","","478473,79999999993","6879791,870000001","88899,900000","453135,460000","798381,640000","4920252,030000"
"2013","PR","Metálicos","Zinco",",000000",",000000000000000","t","Zn","0","0",",000000",",000000",",000000",",000000"
"2013","PR","Não-Metálicos","Geodos, Ágatas, Calcedônia, etc","10,280000","10,280000000000000","t","","1840","18920,720000000001",",000000",",000000",",000000",",000000"
"2013","PR","Gemas e Diamantes","Gemas","10518,300000","9120,800000000000000","kg","","0","0",",000000",",000000","10518,300000","194513,000000"
"2013","PR","Não-Metálicos","Areias Industriais","34141,340000",",000000000000000","-","","9354,8999999999996","564118,18000000005",",000000",",000000","2645,000000","15865,000000"
"2013","PR","Não-Metálicos","Saibro","1073705,200000",",000000000000000","-","","1062380,74","17324044,02","5200,000000","14600,000000","5430,000000","32342,670000"
"2013","PR","Não-Metálicos","Rochas (Britadas) e Cascalho","14769962,989000",",000000000000000","-","","294613,16999999998","2648005,96","440296,720000","4464236,680000","76388,000000","773196,000000"
"2013","PR","Não-Metálicos","Bário",",000000",",000000000000000","t","BaSO4","0","0",",000000",",000000",",000000",",000000"
"2013","PR","Não-Metálicos","Caulim","101393,660000",",000000000000000","-","","79725,540000000008","4103889,9199999999",",000000",",000000","21460,740000","421777,290000"
"2013","PR","Metálicos","Ouro","105234,360000","443,591110000000000","kg","Au","0","0",",000000",",000000",",000000",",000000"
"2013","PR","Não-Metálicos","Areia","8356129,490000",",000000000000000","-","","5511060,6100000003","107080542,72",",000000",",000000",",000000",",000000"
"2013","PR","Não-Metálicos","Rochas Ornamentais - Outras","8446,000000",",000000000000000","-","","6766","587838,34999999998",",000000",",000000","600,000000","210000,000000"
"2013","PR","Energéticos","Carvão Mineral","272504,500000",",000000000000000","-","","0","0",",000000",",000000",",000000",",000000"
"2013","PR","Não-Metálicos","Feldspato, Leucita e Nefelina-Sienito","178424,070000",",000000000000000","-","","0","0",",000000",",000000",",000000",",000000"
"2013","PR","Não-Metálicos","Rochas Ornamentais","13367,400000",",000000000000000","-","","6762","810016,88",",000000",",000000","2124,200000","676723,960000"
"2013","PR","Não-Metálicos","Fluorita e Criolita","51895,170000","23300,930000000000000","t","","0","0",",000000",",000000",",000000",",000000"
"2013","PR","Metálicos","Prata","85059,360000","72,903580000000000","kg","Ag","0","0",",000000",",000000",",000000",",000000"
"2013","RJ","Não-Metálicos","Rochas Ornamentais","4458,780000",",000000000000000","-","","4182,8800000000001","281671,27000000002",",000000",",000000",",000000",",000000"
"2013","RJ","Não-Metálicos","Rochas Ornamentais - Outras","36408,810000",",000000000000000","-","","36408,810000000005","2557447,29",",000000",",000000",",000000",",000000"
"2013","RJ","Não-Metálicos","Argilas","2367176,010000",",000000000000000","-","","211430,88999999998","508145,84999999998",",000000",",000000","2098746,520000","7778118,200000"
"2013","RJ","Não-Metálicos","Calcário","3022792,480000",",000000000000000","-","","10946,139999999999","92604,380000000005",",000000",",000000","1208502,460000","11868591,190000"
"2013","RJ","Não-Metálicos","Dolomito e Magnesita",",000000",",000000000000000","-","","0","0",",000000",",000000",",000000",",000000"
"2013","RJ","Metálicos","Alumínio (Bauxita)",",000000",",000000000000000","t","Al2O3","0","0",",000000",",000000",",000000",",000000"
"2013","RJ","Não-Metálicos","Areias Industriais","149372,000000",",000000000000000","-","","3000","40000",",000000",",000000",",000000",",000000"
"2013","RJ","Não-Metálicos","Caulim",",000000",",000000000000000","-","","0","0",",000000",",000000",",000000",",000000"
"2013","RJ","Metálicos","Monazita e Terras-Raras",",000000",",000000000000000","t","ETR","0","0",",000000",",000000",",000000",",000000"
"2013","RJ","Não-Metálicos","Saibro","3736801,590000",",000000000000000","-","","3807393,8700000001","11163492,130000001","79,000000","3,000000","8434,000000","60,000000"
"2013","RJ","Não-Metálicos","Areia","11711699,520000",",000000000000000","-","","11664407,219999997","122975278,85999998","16898,430000","337968,600000",",000000",",000000"
"2013","RJ","Não-Metálicos","Rochas (Britadas) e Cascalho","23758961,720000",",000000000000000","-","","38","9500",",000000",",000000",",000000",",000000"
"2013","RJ","Metálicos","Zircônio",",000000",",000000000000000","t","ZrSiO4","0","0",",000000",",000000",",000000",",000000"
"2013","RJ","Não-Metálicos","Fluorita e Criolita","16577,000000",",000000000000000","t","","0","0",",000000",",000000",",000000",",000000"
"2013","RJ","Metálicos","Titânio",",000000",",000000000000000","t","TiO2","0","0",",000000",",000000",",000000",",000000"
"2013","RN","Não-Metálicos","Talco e outras Cargas Minerais","43455,000000",",000000000000000","-","","43455","847406,5",",000000",",000000",",000000",",000000"
"2013","RN","Não-Metálicos","Minerais Industriais (Outros)","1,240000",",001000000000000","t","","1,24","2019515,2",",000000",",000000",",000000",",000000"
"2013","RN","Metálicos","Ferro","164471,800000","92274,720000000000000","t","Fe","70548,87000000001","4684389,1600000001",",000000",",000000",",000000",",000000"
"2013","RN","Não-Metálicos","Areias Industriais","19,160000",",000000000000000","-","","19,16","23370,119999999999",",000000",",000000",",000000",",000000"
"2013","RN","Não-Metálicos","Areia","108253,400000",",000000000000000","-","","100830,39999999999","500003,5","7423,000000","12992,000000",",000000",",000000"
"2013","RN","Não-Metálicos","Diatomita","300,000000",",000000000000000","-","","300","45000",",000000",",000000",",000000",",000000"
"2013","RN","Não-Metálicos","Mica","120,700000",",000000000000000","-","","0","0",",000000",",000000","120,700000","114144,100000"
"2013","RN","Não-Metálicos","Feldspato, Leucita e Nefelina-Sienito","20295,010000",",000000000000000","-","","3186,0100000000002","157050,01000000001",",000000",",000000",",000000",",000000"
"2013","RN","Metálicos","Tungstênio","68616,760000","522,900000000000000","t","WO3","0","0",",000000",",000000",",000000",",000000"
"2013","RN","Gemas e Diamantes","Gemas",",000000",",000000000000000","kg","","0","0",",000000",",000000",",000000",",000000"
"2013","RN","Não-Metálicos","Calcário","1676423,780000",",000000000000000","-","","504335,47999999998","13199091,209999999",",000000",",000000",",000000",",000000"
"2013","RN","Não-Metálicos","Rochas Ornamentais - Outras",",000000",",000000000000000","-","","0","0",",000000",",000000",",000000",",000000"
"2013","RN","Metálicos","Columbita-Tantalita","440,000000","3,140000000000000","t","Ta2O5","0","0",",000000",",000000",",000000",",000000"
"2013","RN","Não-Metálicos","Rochas (Britadas) e Cascalho","1792979,680000",",000000000000000","-","","111934,55","338042,33000000002",",000000",",000000",",000000",",000000"
"2013","RN","Metálicos","Ouro","18355,000000","83,372620000000000","kg","Au","0","0",",000000",",000000",",000000",",000000"
"2013","RN","Não-Metálicos","Gipsita",",000000",",000000000000000","-","","0","0",",000000",",000000",",000000",",000000"
"2013","RN","Não-Metálicos","Rochas Ornamentais","33877,800000",",000000000000000","-","","27475,949999999997","10264422,48",",000000",",000000","5505,860000","801144,390000"
"2013","RN","Não-Metálicos","Argilas","421247,800000",",000000000000000","-","","376000","2244000","10765,600000","59923,140000",",000000",",000000"
"2013","RN","Não-Metálicos","Saibro","1092526,800000",",000000000000000","-","","3000","18000","1089526,800000","1191384,960000",",000000",",000000"
"2013","RN","Não-Metálicos","Caulim","14456,200000",",000000000000000","-","","0","0",",000000",",000000",",000000",",000000"
"2013","RO","Não-Metálicos","Areia","426279,920000",",000000000000000","-","","386517,97999999998","8971496,2599999998",",000000",",000000",",000000",",000000"
"2013","RO","Metálicos","Manganês","41341,060000","10802,250000000000000","t","Mn","0","0",",000000",",000000",",000000",",000000"
"2013","RO","Não-Metálicos","Saibro",",000000",",000000000000000","-","","0","0",",000000",",000000",",000000",",000000"
"2013","RO","Não-Metálicos","Rochas Ornamentais","4046,480000",",000000000000000","-","","4046,48","1820916",",000000",",000000",",000000",",000000"
"2013","RO","Metálicos","Columbita-Tantalita","892844,860000","18,485500000000000","t","Ta2O5","0","0",",000000",",000000",",000000",",000000"
"2013","RO","Metálicos","Estanho","10617216,660000","6223360,680000000000000","kg","Sn","0","0",",000000",",000000",",000000",",000000"
"2013","RO","Não-Metálicos","Calcário","19784,000000",",000000000000000","-","","0","0",",000000",",000000",",000000",",000000"
"2013","RO","Metálicos","Ouro","4688,000000","8,146980000000000","kg","Au","0","0",",000000",",000000",",000000",",000000"
"2013","RO","Metálicos","Columbita-Tantalita","1050220,860000","309,108500000000000","t","Nb2O5","0","0",",000000",",000000",",000000",",000000"
"2013","RO","Não-Metálicos","Argilas","504726,830000",",000000000000000","-","","106922,60000000001","1094917,3200000001",",000000",",000000","397724,230000","4891449,660000"
"2013","RO","Não-Metálicos","Rochas (Britadas) e Cascalho","1231113,740000",",000000000000000","-","","194747,90999999997","2064935,1299999999",",000000",",000000",",000000",",000000"
"2013","RO","Gemas e Diamantes","Gemas","223000,000000","4399,580000000000000","kg","","0","0",",000000",",000000",",000000",",000000"
"2013","RR","Não-Metálicos","Areia","148404,010000",",000000000000000","-","","148404,00999999998","1434323,54",",000000",",000000",",000000",",000000"
"2013","RR","Não-Metálicos","Argilas","139388,660000",",000000000000000","-","","139388,66","749023,29000000004",",000000",",000000",",000000",",000000"
"2013","RR","Não-Metálicos","Rochas (Britadas) e Cascalho","236632,060000",",000000000000000","-","","11138,060000000001","396373,87",",000000",",000000","7020,000000","490417,200000"
"2013","RR","Não-Metálicos","Rochas Ornamentais",",000000",",000000000000000","-","","0","0",",000000",",000000",",000000",",000000"
"2013","RS","Não-Metálicos","Calcário","4756025,950000",",000000000000000","-","","502766,42999999999","5082114,3200000003",",000000",",000000",",000000",",000000"
"2013","RS","Não-Metálicos","Rochas (Britadas) e Cascalho","20963134,460000",",000000000000000","-","","260651,27999999997","1776839,3500000001","13870,800000","35143,250000","174458,800000","826219,990000"
"2013","RS","Não-Metálicos","Areia","13686546,360000",",000000000000000","-","","13662764,500000002","130244787,12000002","836,000000","8360,000000","14444,190000","150308,530000"
"2013","RS","Não-Metálicos","Areias Industriais","66059,240000",",000000000000000","-","","0","0",",000000",",000000",",000000",",000000"
"2013","RS","Não-Metálicos","Caulim","244560,250000",",000000000000000","-","","187667,23999999999","5765980,0300000003",",000000",",000000","41776,150000","522829,290000"
"2013","RS","Energéticos","Carvão Mineral","5742570,370000",",000000000000000","-","","0","0",",000000",",000000",",000000",",000000"
"2013","RS","Não-Metálicos","Rochas Ornamentais - Outras","496067,520000",",000000000000000","-","","451125,69999999995","23707226,650000002",",000000",",000000","43161,370000","489022,270000"
"2013","RS","Não-Metálicos","Argilas","4763718,140000",",000000000000000","-","","1336768,49","3882871,1099999999","1280477,980000","4427842,970000","2118755,620000","6194864,830000"
"2013","RS","Não-Metálicos","Saibro","4003737,570000",",000000000000000","-","","3100526,77","32518066,100000001","59381,470000","469388,950000","843088,550000","3440702,500000"
"2013","RS","Não-Metálicos","Rochas Ornamentais","9856,880000",",000000000000000","-","","10005,889999999999","4860114,9700000007",",000000",",000000",",000000",",000000"
"2013","RS","Não-Metálicos","Geodos, Ágatas, Calcedônia, etc","11253,860000","11253,860000000000000","t","","11082,619999999795","72907277,359999999",",000000",",000000",",000000",",000000"
"2013","SC","Não-Metálicos","Areia","8234677,250000",",000000000000000","-","","8097298,2500000009","93404533,5","10082,800000","106630,000000","28100,650000","275427,700000"
"2013","SC","Metálicos","Alumínio (Bauxita)","19054,590000","8574,570000000000000","t","Al2O3","19054,59","385099,79999999999",",000000",",000000",",000000",",000000"
"2013","SC","Não-Metálicos","Rochas (Britadas) e Cascalho","17402617,070000",",000000000000000","-","","895161","9009657,9700000007","16578,910000","103013,170000","667464,400000","6703341,250000"
"2013","SC","Não-Metálicos","Feldspato, Leucita e Nefelina-Sienito","147960,980000",",000000000000000","-","","7235,7299999999996","96541",",000000",",000000",",000000",",000000"
"2013","SC","Energéticos","Carvão Mineral","8493198,860000",",000000000000000","-","","18459,369999999999","1750557,53",",000000",",000000",",000000",",000000"
"2013","SC","Não-Metálicos","Calcário","2966568,570000",",000000000000000","-","","4970,7800000000007","8984,0299999999988",",000000",",000000","26098,950000","1487157,460000"
"2013","SC","Energéticos","Turfa","96552,000000",",000000000000000","-","","4912,5700000000006","328693,38",",000000",",000000",",000000",",000000"
"2013","SC","Não-Metálicos","Argilas","4060907,360000",",000000000000000","-","","3122844,4300000002","20070050,100000001","136030,490000","704371,510000","689995,060000","5377885,570000"
"2013","SC","Não-Metálicos","Areias Industriais","1419432,510000",",000000000000000","-","","29038,25","944535,69999999995",",000000",",000000","12833,230000","137056,840000"
"2013","SC","Não-Metálicos","Rochas Ornamentais - Outras","40487,320000",",000000000000000","-","","40502,790000000001","2018134,6699999999",",000000",",000000",",000000",",000000"
"2013","SC","Não-Metálicos","Saibro","2929414,840000",",000000000000000","-","","1814713,76","12053558,159999998","182932,800000","828693,350000","520475,300000","2132863,800000"
"2013","SC","Não-Metálicos","Caulim","320345,700000",",000000000000000","-","","229244,41999999998","14102264,1",",000000",",000000","49571,340000","934996,890000"
"2013","SC","Não-Metálicos","Rochas Ornamentais","235262,160000",",000000000000000","-","","235483,89999999999","4007785,9399999999","207,450000","15782,760000",",000000",",000000"
"2013","SE","Não-Metálicos","Calcário","5368726,410000",",000000000000000","-","","26718,869999999999","356839,15999999997",",000000",",000000",",000000",",000000"
"2013","SE","Não-Metálicos","Argilas","1201006,360000",",000000000000000","-","","318763,63","998560,29000000004",",000000",",000000","725738,460000","2493695,750000"
"2013","SE","Não-Metálicos","Rochas Ornamentais - Outras","12336,410000",",000000000000000","-","","12336,41","801853",",000000",",000000",",000000",",000000"
"2013","SE","Não-Metálicos","Saibro","21218,930000",",000000000000000","-","","21218,93","92684,679999999993",",000000",",000000",",000000",",000000"
"2013","SE","Não-Metálicos","Rochas (Britadas) e Cascalho","928148,380000",",000000000000000","-","","306427,05000000005","1855600,8800000001",",000000",",000000","540,000000","2900,000000"
"2013","SE","Metálicos","Ferro",",000000",",000000000000000","t","Fe","0","0",",000000",",000000",",000000",",000000"
"2013","SE","Não-Metálicos","Areia","371733,500000",",000000000000000","-","","371733,49999999994","2774217,1900000004",",000000",",000000",",000000",",000000"
"2013","SE","Não-Metálicos","Potássio","2373457,690000","492149,700000000000000","t","K2O","0","0",",000000",",000000",",000000",",000000"
"2013","SE","Não-Metálicos","Talco e outras Cargas Minerais","15664,630000",",000000000000000","-","","0","0",",000000",",000000","12134,210000","276011,770000"
"2013","SP","Metálicos","Alumínio (Bauxita)","626571,180000","389188,240000000000000","t","Al2O3","0","0",",000000",",000000","272096,830000","5403018,330000"
"2013","SP","Não-Metálicos","Areia","33776661,790000",",000000000000000","-","","20858408,25","364009625,43000001","855,380000","11649,280000","158754,180000","1182359,900000"
"2013","SP","Não-Metálicos","Feldspato, Leucita e Nefelina-Sienito","48278,480000",",000000000000000","-","","0","0",",000000",",000000",",000000",",000000"
"2013","SP","Metálicos","Ferro","5479651,640000","527996,000000000000000","t","Fe","0","0",",000000",",000000",",000000",",000000"
"2013","SP","Não-Metálicos","Rochas Ornamentais - Outras","7868,320000",",000000000000000","-","","7868,3199999999997","179888,26000000001",",000000",",000000",",000000",",000000"
"2013","SP","Não-Metálicos","Rochas Ornamentais","39198,420000",",000000000000000","-","","39051,150000000001","5107492,9000000013",",000000",",000000",",000000",",000000"
"2013","SP","Não-Metálicos","Fosfato","5796463,910000","226047,740000000000000","t","P2O5","0","0",",000000",",000000",",000000",",000000"
"2013","SP","Não-Metálicos","Saibro","888091,330000",",000000000000000","-","","756005,57000000007","6313857,1999999993","92,000000","545,000000","91458,000000","213402,000000"
"2013","SP","Energéticos","Turfa","38259,990000",",000000000000000","-","","36380,989999999998","3192907,1900000004",",000000",",000000","1827,570000","20103,270000"
"2013","SP","Não-Metálicos","Areias Industriais","5255272,180000",",000000000000000","-","","19188,190000000002","1237344,25",",000000",",000000",",000000",",000000"
"2013","SP","Não-Metálicos","Talco e outras Cargas Minerais","946962,150000",",000000000000000","-","","81075,330000000002","2976522,6099999999",",000000",",000000","10124,300000","339635,200000"
"2013","SP","Metálicos","Manganês",",000000",",000000000000000","t","Mn","0","0",",000000",",000000",",000000",",000000"
"2013","SP","Não-Metálicos","Argilas","13687628,960000",",000000000000000","-","","8784751,879999999","85915496,680000007","358983,360000","5384585,490000","2765813,770000","14362836,290000"
"2013","SP","Não-Metálicos","Calcário","5479651,640000","4383721,600000000000000","t","","0","0",",000000",",000000",",000000",",000000"
"2013","SP","Metálicos","Zircônio",",000000",",000000000000000","t","ZrSiO4","0","0",",000000",",000000",",000000",",000000"
"2013","SP","Não-Metálicos","Minerais Industriais (Outros)",",000000",",000000000000000","t","","0","0",",000000",",000000",",000000",",000000"
"2013","SP","Não-Metálicos","Dolomito e Magnesita","367668,140000",",000000000000000","-","","0","0",",000000",",000000",",000000",",000000"
"2013","SP","Não-Metálicos","Caulim","135045,930000",",000000000000000","-","","29871,049999999999","249985,62",",000000",",000000",",000000",",000000"
"2013","SP","Não-Metálicos","Calcário","13551516,532000",",000000000000000","-","","615935,45999999996","1718110,9000000001","400,000000","400,000000",",000000",",000000"
"2013","SP","Não-Metálicos","Rochas (Britadas) e Cascalho","89613443,328000",",000000000000000","-","","254674,72000000003","2416410,6900000004","385,000000","385,000000","87702,000000","702374,810000"
"2013","TO","Não-Metálicos","Fosfato","491011,680000","24081,500000000000000","t","P2O5","0","0",",000000",",000000","486475,820000","11698890,540000"
"2013","TO","Não-Metálicos","Areias Industriais",",000000",",000000000000000","-","","0","0",",000000",",000000",",000000",",000000"
"2013","TO","Metálicos","Ouro","64600,250000","29,980280000000000","kg","Au","0","0",",000000",",000000",",000000",",000000"
"2013","TO","Não-Metálicos","Areia","260865,740000",",000000000000000","-","","140869,21999999997","2977589,5800000005",",000000",",000000","2760,000000","19872,000000"
"2013","TO","Metálicos","Zircônio","105,000000","2,100000000000000","t","ZrSiO4","0","0",",000000",",000000",",000000",",000000"
"2013","TO","Não-Metálicos","Calcário","4326594,950000",",000000000000000","-","","0","0",",000000",",000000",",000000",",000000"
"2013","TO","Não-Metálicos","Rochas (Britadas) e Cascalho","718287,940000",",000000000000000","-","","186736,97","2120499,1699999999",",000000",",000000","33318,750000","169575,020000"
"2013","TO","Metálicos","Manganês","810,000000","810,000000000000000","t","Mn","0","0",",000000",",000000",",000000",",000000"
"2013","TO","Não-Metálicos","Saibro","2300,000000",",000000000000000","-","","2300","34500",",000000",",000000",",000000",",000000"
"2013","TO","Metálicos","Ferro","538077,000000","271193,000000000000000","t","Fe","0","0",",000000",",000000",",000000",",000000"
"2013","TO","Não-Metálicos","Argilas","75151,730000",",000000000000000","-","","50990,70000000007","621753,91000000003","5603,000000","77158,000000","18558,030000","283425,000000"
"2013","TO","Não-Metálicos","Minerais Industriais (Outros)","84000,000000",",000000000000000","-","","0","0",",000000",",000000",",000000",",000000"
"2014","AC","Não-Metálicos","Areia","285021,290000",",000000000000000","-","","244774,06999999998","6423640,25",",000000",",000000",",000000",",000000"
"2014","AC","Não-Metálicos","Argilas","30950,000000",",000000000000000","-","","30600","387801",",000000",",000000","350,000000","40685,830000"
"2014","AL","Não-Metálicos","Sal","838739,300000",",000000000000000","-","","0","0",",000000",",000000","838739,300000","7129284,090000"
"2014","AL","Não-Metálicos","Rochas (Britadas) e Cascalho","1623771,130000",",000000000000000","-","","26274,950000000001","960377,75",",000000",",000000","310,000000","20249,200000"
"2014","AL","Metálicos","Ferro",",000000",",000000000000000","t","Fe","0","0",",000000",",000000",",000000",",000000"
"2014","AL","Não-Metálicos","Calcário","988926,360000",",000000000000000","-","","2195","54596",",000000",",000000",",000000",",000000"
"2014","AL","Não-Metálicos","Amianto",",000000",",000000000000000","t","","0","0",",000000",",000000",",000000",",000000"
"2014","AL","Não-Metálicos","Saibro","293457,760000",",000000000000000","-","","55706,199999999997","167328,39999999999",",000000",",000000","237806,560000","331466,910000"
"2014","AL","Não-Metálicos","Argilas","227848,170000",",000000000000000","-","","15897,6","56420","4364,000000","16276,000000","137807,220000","1080238,020000"
"2014","AL","Metálicos","Cobre",",000000",",000000000000000","t","Cu","0","0",",000000",",000000",",000000",",000000"
"2014","AL","Metálicos","Ouro",",000000",",000000000000000","kg","Au","0","0",",000000",",000000",",000000",",000000"
"2014","AL","Não-Metálicos","Areia","661821,680000",",000000000000000","-","","627456,31000000006","8243956,0399999991","36,380000","22173,330000","26974,000000","77372,860000"
"2014","AM","Não-Metálicos","Rochas (Britadas) e Cascalho","868283,510000",",000000000000000","-","","0","0",",000000",",000000",",000000",",000000"
"2014","AM","Metálicos","Columbita-Tantalita","14649722,960000","231,500000000000000","t","Ta2O5","0","0",",000000",",000000",",000000",",000000"
"2014","AM","Não-Metálicos","Argilas","289081,870000",",000000000000000","-","","985","10280","1800,000000","14400,000000","289334,410000","1826080,000000"
"2014","AM","Não-Metálicos","Saibro","4564,000000",",000000000000000","-","","4564","91272,449999999997",",000000",",000000",",000000",",000000"
"2014","AM","Metálicos","Estanho","14649722,960000","13000000,000000000000000","kg","Sn","0","0",",000000",",000000",",000000",",000000"
"2014","AM","Não-Metálicos","Calcário","526924,420000",",000000000000000","-","","526924,42000000004","12832305,119999999",",000000",",000000",",000000",",000000"
"2014","AM","Metálicos","Ouro",",000000",",000000000000000","kg","Au","0","0",",000000",",000000",",000000",",000000"
"2014","AM","Metálicos","Columbita-Tantalita","14649722,960000","2315,000000000000000","t","Nb2O5","0","0",",000000",",000000",",000000",",000000"
"2014","AM","Metálicos","Ferro","16907,120000","11834,980000000000000","t","Fe","15452,9","452769,96999999997",",000000",",000000","1454,220000","8620,180000"
"2014","AM","Não-Metálicos","Areia","85514,640000",",000000000000000","-","","71514,639999999999","911444",",000000",",000000","13100,000000","294000,000000"
"2014","AM","Não-Metálicos","Gipsita","26245,640000",",000000000000000","-","","26245,639999999999","2423784,8500000001",",000000",",000000",",000000",",000000"
"2014","AP","Não-Metálicos","Argilas","36117,000000",",000000000000000","-","","26450","82450","9667,000000","96670,000000",",000000",",000000"
"2014","AP","Não-Metálicos","Saibro","380,000000",",000000000000000","-","","0","0","380,000000","3800,000000",",000000",",000000"
"2014","AP","Metálicos","Ferro","3247407,880000","1531329,850000000000000","t","Fe","488803,88","2511065,0600000001",",000000",",000000","60000,000000","60000,000000"
"2014","AP","Não-Metálicos","Caulim","534293,000000",",000000000000000","-","","0","0",",000000",",000000",",000000",",000000"
"2014","AP","Metálicos","Ouro","6889821,220000","1332,182840000000000","kg","Au","217681","934996,35999999999",",000000",",000000",",000000",",000000"
"2014","AP","Não-Metálicos","Areia","493235,180000",",000000000000000","-","","492714,97999999998","5302123,25",",000000",",000000",",000000",",000000"
"2014","AP","Não-Metálicos","Rochas (Britadas) e Cascalho","730823,830000",",000000000000000","-","","98007,600000000006","4024600,6499999999",",000000",",000000",",000000",",000000"
"2014","AP","Metálicos","Columbita-Tantalita",",000000",",000000000000000","t","Ta2O5","0","0",",000000",",000000",",000000",",000000"
"2014","AP","Metálicos","Cromo","209251,000000","46725,740000000000000","t","Cr2O3","0","0",",000000",",000000",",000000",",000000"
"2014","BA","Não-Metálicos","Calcário","2371888,430000",",000000000000000","-","","216967,82000000001","2903024,6899999999",",000000",",000000",",000000",",000000"
"2014","BA","Não-Metálicos","Diatomita","77637,090000",",000000000000000","-","","3874","1422700",",000000",",000000","72866,590000","2260054,800000"
"2014","BA","Gemas e Diamantes","Gemas","15377,930000","23007,772000000000000","kg","","22,830000000000002","9450833,7000000011",",000000",",000000",",000000",",000000"
"2014","BA","Não-Metálicos","Grafita","235003,000000","21354,000000000000000","t","","0","0",",000000",",000000",",000000",",000000"
"2014","BA","Metálicos","Ouro","4039260,800000","6687,407740000000000","kg","Au","0","0",",000000",",000000","20273,120000","2168451,110000"
"2014","BA","Metálicos","Manganês","16833,000000","5269,400000000000000","t","Mn","3075,3099999999999","298406,44",",000000",",000000",",000000",",000000"
"2014","BA","Não-Metálicos","Bário","4337,650000","3442,160000000000000","t","BaSO4","10076,65","2602662",",000000",",000000",",000000",",000000"
"2014","BA","Metálicos","Níquel","4279488,490000","18807,000000000000000","t"," Ni","0","0",",000000",",000000",",000000",",000000"
"2014","BA","Não-Metálicos","Geodos, Ágatas, Calcedônia, etc","826,000000","826,000000000000000","t","","804,83000000000004","999419",",000000",",000000",",000000",",000000"
"2014","BA","Não-Metálicos","Argilas","1605829,350000",",000000000000000","-","","508303,95999999996","4445860,4500000002","58457,190000","178104,180000","738336,500000","3363404,370000"
"2014","BA","Gemas e Diamantes","Diamante","5906,500000","9761,000000000000000","ct","","0","0",",000000",",000000",",000000",",000000"
"2014","BA","Não-Metálicos","Talco e outras Cargas Minerais","200867,680000",",000000000000000","-","","0","0",",000000",",000000",",000000",",000000"
"2014","BA","Não-Metálicos","Sal","612312,660000",",000000000000000","-","","0","0",",000000",",000000","612312,660000","32089878,670000"
"2014","BA","Metálicos","Cobre","3197622,530000","31192,580000000000000","t","Cu","0","0",",000000",",000000",",000000",",000000"
"2014","BA","Metálicos","Ferro","1102443,610000","563924,290000000000000","t","Fe","0","0",",000000",",000000",",000000",",000000"
"2014","BA","Não-Metálicos","Areia","1690650,430000",",000000000000000","-","","1698008,97","18423377,879999999",",000000",",000000","703,750000","8353,510000"
"2014","BA","Não-Metálicos","Areias Industriais","412963,550000",",000000000000000","-","","152076,89999999999","7062895,2699999996",",000000",",000000",",000000",",000000"
"2014","BA","Não-Metálicos","Caulim","40585,000000",",000000000000000","-","","14922,02","82894,690000000002",",000000",",000000",",000000",",000000"
"2014","BA","Não-Metálicos","Quartzo (Cristal) e outros Piezelétricos","154,950000",",000000000000000","-","","154,94999999999999","124896",",000000",",000000",",000000",",000000"
"2014","BA","Não-Metálicos","Dolomito e Magnesita","1504513,330000",",000000000000000","-","","52","38113,559999999998",",000000",",000000","14,000000","924,530000"
"2014","BA","Não-Metálicos","Rochas (Britadas) e Cascalho","10861720,930000",",000000000000000","-","","74316,910000000003","2287795,4000000004",",000000",",000000","136196,940000","83576,490000"
"2014","BA","Não-Metálicos","Fosfato","615055,380000","135529,820000000000000","t","P2O5","0","0",",000000",",000000",",000000",",000000"
"2014","BA","Não-Metálicos","Saibro","556,000000",",000000000000000","-","","556","2224",",000000",",000000",",000000",",000000"
"2014","BA","Não-Metálicos","Feldspato, Leucita e Nefelina-Sienito","26296,710000",",000000000000000","-","","25677,709999999999","2076535,96",",000000",",000000",",000000",",000000"
"2014","BA","Não-Metálicos","Gipsita",",000000",",000000000000000","-","","0","0",",000000",",000000",",000000",",000000"
"2014","BA","Não-Metálicos","Rochas Ornamentais","312189,010000",",000000000000000","-","","214982,14000000001","84367246,830000013",",000000",",000000","1756,830000","737728,180000"
"2014","BA","Metálicos","Vanádio","1021623,000000","12644,000000000000000","t","V","0","0",",000000",",000000",",000000",",000000"
"2014","BA","Não-Metálicos","Vermiculita e Perlita",",000000",",000000000000000","t","","0","0",",000000",",000000",",000000",",000000"
"2014","BA","Não-Metálicos","Rochas Ornamentais - Outras","2984,170000",",000000000000000","-","","1391,6799999999998","771293,27000000002",",000000",",000000","1193,380000","744398,400000"
"2014","BA","Metálicos","Cromo","1452117,750000","229217,290000000000000","t","Cr2O3","0","0",",000000",",000000",",000000",",000000"
"2014","CE","Energéticos","Urânio e outros Radioativos",",000000",",000000000000000","t","","0","0",",000000",",000000",",000000",",000000"
"2014","CE","Não-Metálicos","Fosfato",",000000",",000000000000000","t","P2O5","0","0",",000000",",000000",",000000",",000000"
"2014","CE","Não-Metálicos","Areias Industriais","167253,320000",",000000000000000","-","","1145,1099999999999","77002,919999999998",",000000",",000000","31,870000","175,340000"
"2014","CE","Não-Metálicos","Areia","1399216,700000",",000000000000000","-","","1394664,7100000002","16272363,329999998",",000000",",000000",",000000",",000000"
"2014","CE","Não-Metálicos","Saibro","108929,000000",",000000000000000","-","","3480","45240","9863,000000","13019,010000","95586,000000","177845,550000"
"2014","CE","Não-Metálicos","Calcário","2678288,160000",",000000000000000","-","","587035,40000000002","7806114,3600000003","153917,750000","3245075,580000","56196,660000","899746,460000"
"2014","CE","Não-Metálicos","Talco e outras Cargas Minerais","8310,000000",",000000000000000","-","","8111,3699999999999","478668,59999999998",",000000",",000000",",000000",",000000"
"2014","CE","Metálicos","Ferro","804803,770000","382048,330000000000000","t","Fe","63609,32","2085731,9299999999",",000000",",000000",",000000",",000000"
"2014","CE","Não-Metálicos","Rochas Ornamentais - Outras","53224,310000",",000000000000000","-","","30094,309999999998","1789813,74",",000000",",000000","23130,000000","2831439,680000"
"2014","CE","Não-Metálicos","Dolomito e Magnesita","148994,970000",",000000000000000","-","","132778,97","3492697,77",",000000",",000000",",000000",",000000"
"2014","CE","Não-Metálicos","Rochas Ornamentais","72722,020000",",000000000000000","-","","72273,399999999994","39420771,010000005",",000000",",000000","4228,500000","575813,000000"
"2014","CE","Não-Metálicos","Gipsita","82040,580000",",000000000000000","-","","82040,580000000002","2899514,1600000001",",000000",",000000",",000000",",000000"
"2014","CE","Não-Metálicos","Argilas","2478091,700000",",000000000000000","-","","194640,02000000002","3564494,1800000002","371025,820000","1699099,920000","1953768,920000","10152754,570000"
"2014","CE","Metálicos","Cobre",",000000",",000000000000000","t","Cu","0","0",",000000",",000000",",000000",",000000"
"2014","CE","Não-Metálicos","Rochas (Britadas) e Cascalho","6055591,480000",",000000000000000","-","","0","0",",000000",",000000",",000000",",000000"
"2014","DF","Não-Metálicos","Argilas","548317,570000",",000000000000000","-","","0","0",",000000",",000000","372076,570000","4531522,810000"
"2014","DF","Não-Metálicos","Areia","315187,750000",",000000000000000","-","","315188,90000000002","6376536,3800000008",",000000",",000000",",000000",",000000"
"2014","DF","Não-Metálicos","Rochas (Britadas) e Cascalho","169120,710000",",000000000000000","-","","2577","14864,369999999999",",000000",",000000",",000000",",000000"
"2014","DF","Não-Metálicos","Areias Industriais",",000000",",000000000000000","-","","0","0",",000000",",000000",",000000",",000000"
"2014","DF","Não-Metálicos","Calcário","10468029,860000",",000000000000000","-","","0","0",",000000",",000000","2683469,860000","52411936,140000"
"2014","ES","Não-Metálicos","Rochas Ornamentais","2598089,829000",",000000000000000","-","","2385061,0409999997","482105029,79899991","4478,944000","1246096,381000","106521,060000","14581918,974000"
"2014","ES","Não-Metálicos","Calcário","2657500,990000",",000000000000000","-","","2355726,8319999995","43385863,200999998",",000000",",000000","235859,620000","4945326,100000"
"2014","ES","Não-Metálicos","Caulim",",000000",",000000000000000","-","","0","0",",000000",",000000",",000000",",000000"
"2014","ES","Gemas e Diamantes","Gemas","4,820000",",073000000000000","kg","","4,8200000000000003","14920",",000000",",000000",",000000",",000000"
"2014","ES","Não-Metálicos","Dolomito e Magnesita","586582,350000",",000000000000000","-","","523576","5026329,5999999996",",000000",",000000","63006,350000","768993,040000"
"2014","ES","Não-Metálicos","Saibro","159678,700000",",000000000000000","-","","144203,34","472218,28000000003",",000000",",000000","18161,690000","48647,380000"
"2014","ES","Não-Metálicos","Rochas (Britadas) e Cascalho","8280873,501000",",000000000000000","-","","295212,11699999997","7951425,7200000007","389,106000","75295,899000","9159,030000","1602830,376000"
"2014","ES","Não-Metálicos","Areias Industriais","5,650000",",000000000000000","-","","5,6500000000000004","2825",",000000",",000000",",000000",",000000"
"2014","ES","Não-Metálicos","Feldspato, Leucita e Nefelina-Sienito",",000000",",000000000000000","-","","0","0",",000000",",000000",",000000",",000000"
"2014","ES","Não-Metálicos","Areia","2067892,740000","340,000000000000000","-","","2018320,6700000002","28667196,960000001","488,700000","3745,000000","55086,350000","114004,420000"
"2014","ES","Metálicos","Alumínio (Bauxita)",",000000",",000000000000000","t","Al2O3","0","0",",000000",",000000",",000000",",000000"
"2014","ES","Não-Metálicos","Argilas","804527,890000",",000000000000000","-","","375314,59999999992","4616187,1500000004","133003,060000","1569013,910000","43355,140000","1529192,760000"
"2014","GO","Metálicos","Ferro","23244,560000","13470,220000000000000","t","Fe","0","0",",000000",",000000",",000000",",000000"
"2014","GO","Não-Metálicos","Rochas (Britadas) e Cascalho","11200444,201700",",000000000000000","-","","227502,65999999997","881222,20000000007","1106,700000","13280,400000","24952,920000","75357,780000"
"2014","GO","Não-Metálicos","Amianto","5620971,330000","324487,060000000000000","t","","0","0",",000000",",000000",",000000",",000000"
"2014","GO","Não-Metálicos","Saibro","20917,080000",",000000000000000","-","","20917,079999999998","379572,20000000001",",000000",",000000",",000000",",000000"
"2014","GO","Não-Metálicos","Vermiculita e Perlita","305655,000000","101508,020000000000000","t","","0","0",",000000",",000000",",000000",",000000"
"2014","GO","Não-Metálicos","Caulim","11015,370000",",000000000000000","-","","9620","157106,97",",000000",",000000","1395,370000","9053,930000"
"2014","GO","Não-Metálicos","Rochas Ornamentais","13209,450000",",000000000000000","-","","3654,5599999999999","1511863,0800000001",",000000",",000000","6105,050000","1150790,580000"
"2014","GO","Metálicos","Ouro","20682264,610000","8147,024430000000000","kg","Au","0","0",",000000",",000000","67942,510000",",120000"
"2014","GO","Não-Metálicos","Dolomito e Magnesita","476186,060000",",000000000000000","-","","4228,8999999999996","34700,349999999999",",000000",",000000",",000000",",000000"
"2014","GO","Metálicos","Cobalto","3161719,810000","3827,760000000000000","t","Co","0","0",",000000",",000000",",000000",",000000"
"2014","GO","Metálicos","Estanho",",000000",",000000000000000","kg","Sn","0","0",",000000",",000000",",000000",",000000"
"2014","GO","Não-Metálicos","Quartzo (Cristal) e outros Piezelétricos","36,000000",",000000000000000","-","","0","0",",000000",",000000",",000000",",000000"
"2014","GO","Não-Metálicos","Areias Industriais","49994,510000",",000000000000000","-","","0","0",",000000",",000000",",000000",",000000"
"2014","GO","Metálicos","Manganês","7105,590000","1989,570000000000000","t","Mn","0","0",",000000",",000000",",000000",",000000"
"2014","GO","Metálicos","Níquel","7554217,600000","103051,740000000000000","t"," Ni","0","0",",000000",",000000",",000000",",000000"
"2014","GO","Não-Metálicos","Calcário","6629373,058300",",000000000000000","-","","82813,059999999998","1174904,9099999999",",000000",",000000",",000000",",000000"
"2014","GO","Não-Metálicos","Talco e outras Cargas Minerais","31899,260000",",000000000000000","-","","0","0",",000000",",000000","31449,260000","247517,630000"
"2014","GO","Não-Metálicos","Rochas Ornamentais - Outras",",000000",",000000000000000","-","","0","0",",000000",",000000",",000000",",000000"
"2014","GO","Metálicos","Prata","19951493,850000","3700,901140000000000","kg","Ag","0","0",",000000",",000000",",000000",",000000"
"2014","GO","Metálicos","Cobre","21990429,660000","81136,050000000000000","t","Cu","0","0",",000000",",000000",",000000",",000000"
"2014","GO","Gemas e Diamantes","Diamante","60032,650000","13,050000000000000","ct","","46832,150000000001","146799,89999999999",",000000",",000000",",000000",",000000"
"2014","GO","Metálicos","Titânio","46523,450000","39000,000000000000000","t","TiO2","42967,370000000003","3761456,02",",000000",",000000",",000000",",000000"
"2014","GO","Metálicos","Nióbio","3920752,450000","23276,885470000000000","t","Nb2O5","0","0",",000000",",000000",",000000",",000000"
"2014","GO","Não-Metálicos","Fosfato","10613948,120000","1353496,340000000000000","t","P2O5","0","0",",000000",",000000",",000000",",000000"
"2014","GO","Não-Metálicos","Argilas","1128041,570000",",000000000000000","-","","671909,09000000008","3674680,0800000001","190,000000","1580,000000","444390,480000","4657770,990000"
"2014","GO","Não-Metálicos","Areia","2284841,280000",",000000000000000","-","","1311543,4900000002","29762598,180000007",",000000",",000000",",000000",",000000"
"2014","GO","Metálicos","Alumínio (Bauxita)","576749,920000","322529,830000000000000","t","Al2O3","0","0",",000000",",000000","13043,770000","339138,260000"
"2014","MA","Não-Metálicos","Calcário","640899,920000",",000000000000000","-","","136846,28","5535179,3900000006",",000000",",000000",",000000",",000000"
"2014","MA","Não-Metálicos","Areia","1866677,090000",",000000000000000","-","","1848492,3900000001","21141987,32",",000000",",000000",",000000",",000000"
"2014","MA","Metálicos","Ferro","18962,920000","8533,310000000000000","t","Fe","18962,919999999998","379091,82000000001",",000000",",000000",",000000",",000000"
"2014","MA","Não-Metálicos","Saibro","97612,000000",",000000000000000","-","","97612","78081,600000000006",",000000",",000000",",000000",",000000"
"2014","MA","Não-Metálicos","Caulim","81683,000000",",000000000000000","-","","81683","2097589,4399999999",",000000",",000000",",000000",",000000"
"2014","MA","Metálicos","Ouro","2155554,120000","2974,664900000000000","kg","Au","0","0",",000000",",000000",",000000",",000000"
"2014","MA","Não-Metálicos","Gipsita","358219,060000",",000000000000000","-","","323864,07000000001","12108478,84",",000000",",000000","34188,990000","198965,390000"
"2014","MA","Não-Metálicos","Rochas (Britadas) e Cascalho","4322629,480000",",000000000000000","-","","67071,639999999999","1260448,7","92,360000","2436,710000",",000000",",000000"
"2014","MA","Não-Metálicos","Argilas","1145783,080000",",000000000000000","-","","107715,39999999999","406025,5","98346,580000","882083,620000","590398,100000","5188369,990000"
"2014","MG","Metálicos","Lítio","47270,000000","709,050000000000000","t","Li2O","0","0",",000000",",000000",",000000",",000000"
"2014","MG","Não-Metálicos","Enxofre",",000000",",000000000000000","t","S","0","0",",000000",",000000",",000000",",000000"
"2014","MG","Não-Metálicos","Bário","5804641,550000","1100080,070000000000000","t","BaSO4","0","0",",000000",",000000",",000000",",000000"
"2014","MG","Metálicos","Columbita-Tantalita","773447,300000","518,209690000000000","t","Ta2O5","0","0",",000000",",000000",",000000",",000000"
"2014","MG","Metálicos","Alumínio (Bauxita)","3353050,610000","1310648,100000000000000","t","Al2O3","1343409,24","37102264,480000004",",000000",",000000",",000000",",000000"
"2014","MG","Não-Metálicos","Cianita e outros minerais refratários","299,000000",",000000000000000","-","","0","0",",000000",",000000",",000000",",000000"
"2014","MG","Não-Metálicos","Minerais Industriais (Outros)",",000000",",000000000000000","-","","0","0",",000000",",000000",",000000",",000000"
"2014","MG","Gemas e Diamantes","Diamante","312589,810000","9055,190000000000000","ct","","0","0",",000000",",000000",",000000",",000000"
"2014","MG","Metálicos","Ferro","419112113,130000","221017855,720000000000000","t","Fe","22170674,050000001","689354404,93000007",",000000",",000000",",000000",",000000"
"2014","MG","Não-Metálicos","Rochas (Britadas) e Cascalho","21198946,139800",",000000000000000","-","","1578825,1500000001","37857514,369999997","62489,380000","304980,170000","30000,000000","444899,920000"
"2014","MG","Não-Metálicos","Argilas","3506716,510000",",000000000000000","-","","1095381,9599999997","16266338,959999999","153148,810000","1228659,760000","1493320,670000","12588837,600000"
"2014","MG","Não-Metálicos","Feldspato, Leucita e Nefelina-Sienito","40002,100000",",000000000000000","-","","32451,850000000002","6900403,2500000009",",000000",",000000",",000000",",000000"
"2014","MG","Não-Metálicos","Areia","6313692,690000",",000000000000000","-","","5570088,7100000009","103021769,23","7870,300000","122017,000000","7511,000000","59904,000000"
"2014","MG","Não-Metálicos","Potássio","24990,000000","3158,680000000000000","t","K2O","0","0",",000000",",000000",",000000",",000000"
"2014","MG","Metálicos","Titânio","12438597,600000","1866535,950000000000000","t","TiO2","0","0",",000000",",000000",",000000",",000000"
"2014","MG","Não-Metálicos","Talco e outras Cargas Minerais","879040,960000",",000000000000000","-","","173508,23999999999","6227969,7700000014",",000000",",000000","32979,600000","768550,290000"
"2014","MG","Não-Metálicos","Caulim","40929,770000",",000000000000000","-","","38160,970000000001","2141848,6299999999",",000000",",000000",",000000",",000000"
"2014","MG","Não-Metálicos","Mica",",000000",",000000000000000","-","","0","0",",000000",",000000",",000000",",000000"
"2014","MG","Não-Metálicos","Dolomito e Magnesita","23,000000",",000000000000000","-","","0","0",",000000",",000000",",000000",",000000"
"2014","MG","Metálicos","Níquel","56212,000000","876,210000000000000","t"," Ni","77510,070000000007","1130193,1399999999",",000000",",000000",",000000",",000000"
"2014","MG","Não-Metálicos","Calcário","51210783,880200",",000000000000000","-","","5181653,3200000003","49402570,719999999","380,070000","3420,550000","521144,240000","2834907,580000"
"2014","MG","Não-Metálicos","Rochas Ornamentais","1183863,120000",",000000000000000","-","","968420,93000000005","274221366,94","178,960000","312568,000000","167224,760000","27267219,100000"
"2014","MG","Metálicos","Cromo","35,000000","7,000000000000000","t","Cr2O3","0","0",",000000",",000000",",000000",",000000"
"2014","MG","Não-Metálicos","Areias Industriais","1092971,420000",",000000000000000","-","","157429,54000000001","11547254,369999999",",000000",",000000",",000000",",000000"
"2014","MG","Metálicos","Manganês","373476,140000","86652,160000000000000","t","Mn","52690,229999999996","7002814,7800000003",",000000",",000000",",000000",",000000"
"2014","MG","Não-Metálicos","Fosfato","22031971,880000","2229623,350000000000000","t","P2O5","0","0",",000000",",000000",",000000",",000000"
"2014","MG","Gemas e Diamantes","Gemas","230391,680000","14150,305310000000000","kg","","0","0",",000000",",000000",",000000",",000000"
"2014","MG","Não-Metálicos","Grafita","1361496,870000","90780,910000000000000","t","","0","0",",000000",",000000",",000000",",000000"
"2014","MG","Não-Metálicos","Geodos, Ágatas, Calcedônia, etc",",000000",",000000000000000","t","","0","0",",000000",",000000",",000000",",000000"
"2014","MG","Metálicos","Ouro","58614955,110000","33245,340180000000000","kg","Au","0","0",",000000",",000000",",000000",",000000"
"2014","MG","Metálicos","Zircônio",",000000",",000000000000000","t","ZrSiO4","0","0",",000000",",000000",",000000",",000000"
"2014","MG","Metálicos","Cobalto",",000000",",000000000000000","t","Co","0","0",",000000",",000000",",000000",",000000"
"2014","MG","Não-Metálicos","Rochas Ornamentais - Outras","35650,610000",",000000000000000","-","","34169,390000000007","8717104,2400000002",",000000",",000000",",000000",",000000"
"2014","MG","Não-Metálicos","Quartzo (Cristal) e outros Piezelétricos",",000000",",000000000000000","-","","0","0",",000000",",000000",",000000",",000000"
"2014","MG","Metálicos","Cádmio",",000000",",000000000000000","t","Cd","0","0",",000000",",000000",",000000",",000000"
"2014","MG","Metálicos","Chumbo","2201945,100000","19853,220000000000000","t","Pb","0","0",",000000",",000000",",000000",",000000"
"2014","MG","Metálicos","Berílio","17,300000","5,130000000000000","t","BeO","12,17","18005,5",",000000",",000000",",000000",",000000"
"2014","MG","Metálicos","Cobre",",000000",",000000000000000","t","Cu","0","0",",000000",",000000",",000000",",000000"
"2014","MG","Não-Metálicos","Saibro","312677,240000",",000000000000000","-","","100875,94","846328,33999999997",",000000",",000000","12808,000000","3557,780000"
"2014","MG","Metálicos","Prata","54730440,160000","5039,157540000000000","kg","Ag","0","0",",000000",",000000",",000000",",000000"
"2014","MG","Metálicos","Nióbio","5804641,550000","127609,433000000000000","t","Nb2O5","0","0",",000000",",000000",",000000",",000000"
"2014","MG","Metálicos","Zinco","2384977,100000","173546,120000000000000","t","Zn","0","0",",000000",",000000",",000000",",000000"
"2014","MG","Gemas e Diamantes","Gemas",",000000",",000000000000000","-","","0","0",",000000",",000000",",000000",",000000"
"2014","MG","Metálicos","Estanho","774361,300000","351531,600000000000000","kg","Sn","0","0",",000000",",000000",",000000",",000000"
"2014","MS","Não-Metálicos","Talco e outras Cargas Minerais","285313,120000",",000000000000000","-","","0","0",",000000",",000000",",000000",",000000"
"2014","MS","Não-Metálicos","Rochas Ornamentais","43,000000",",000000000000000","-","","0","0",",000000",",000000",",000000",",000000"
"2014","MS","Metálicos","Manganês","739668,000000","310734,530000000000000","t","Mn","0","0",",000000",",000000",",000000",",000000"
"2014","MS","Não-Metálicos","Saibro","231120,590000",",000000000000000","-","","236111,72999999998","1343347,3",",000000",",000000",",000000",",000000"
"2014","MS","Não-Metálicos","Areia","2859559,820000",",000000000000000","-","","1978707,47","25970033,309999995","1411,500000","20923,980000",",000000",",000000"
"2014","MS","Não-Metálicos","Areias Industriais",",000000",",000000000000000","-","","0","0",",000000",",000000",",000000",",000000"
"2014","MS","Não-Metálicos","Argilas","595251,070000",",000000000000000","-","","207928,09","1675494,8300000001",",000000",",000000",",000000",",000000"
"2014","MS","Metálicos","Ferro","9847234,740000","6000477,700000000000000","t","Fe","0","0",",000000",",000000",",000000",",000000"
"2014","MS","Não-Metálicos","Rochas (Britadas) e Cascalho","5217932,210000",",000000000000000","-","","756644,58999999997","8358565,5","12180,000000","120828,680000","13300,000000","39767,000000"
"2014","MS","Não-Metálicos","Calcário","3999521,400000",",000000000000000","-","","42536,529999999999","1222960,1500000001",",000000",",000000",",000000",",000000"
"2014","MT","Não-Metálicos","Quartzo (Cristal) e outros Piezelétricos",",000000",",000000000000000","-","","0","0",",000000",",000000",",000000",",000000"
"2014","MT","Não-Metálicos","Calcário","10363542,879000",",000000000000000","-","","42385","387652,97999999998",",000000",",000000","185655,000000","1032871,800000"
"2014","MT","Metálicos","Zinco",",000000",",000000000000000","t","Zn","0","0",",000000",",000000",",000000",",000000"
"2014","MT","Metálicos","Prata",",000000",",000000000000000","kg","Ag","0","0",",000000",",000000",",000000",",000000"
"2014","MT","Não-Metálicos","Areia","1228823,790000",",000000000000000","-","","1170300,0299999998","21945586,780000001",",000000",",000000","715,000000","16100,000000"
"2014","MT","Não-Metálicos","Talco e outras Cargas Minerais","5989,440000",",000000000000000","-","","0","0",",000000",",000000","5989,440000","137390,570000"
"2014","MT","Metálicos","Ouro","4597902,070000","5141,825070000000000","kg","Au","0","6814760,459999999",",000000",",000000",",000000",",000000"
"2014","MT","Metálicos","Manganês","31858,570000","21124,400000000000000","t","Mn","1058,5699999999999","454592,92999999999",",000000",",000000","33751,430000","3049492,900000"
"2014","MT","Não-Metálicos","Rochas (Britadas) e Cascalho","4005283,561000",",000000000000000","-","","569525,52000000002","6260161,4200000009","10,480000","10400,000000","720,000000","4000,000000"
"2014","MT","Não-Metálicos","Dolomito e Magnesita","532200,000000",",000000000000000","-","","0","0",",000000",",000000",",000000",",000000"
"2014","MT","Não-Metálicos","Areias Industriais","4,800000",",000000000000000","-","","4,8000000000000007","12339",",000000",",000000",",000000",",000000"
"2014","MT","Não-Metálicos","Argilas","610030,980000",",000000000000000","-","","55849,370000000003","530178,29000000004",",000000",",000000","268116,520000","4857397,630000"
"2014","MT","Gemas e Diamantes","Diamante","86418,700000","49684,980000000000000","ct","","0","0",",000000",",000000",",000000",",000000"
"2014","PA","Metálicos","Manganês","3066660,000000","942781,890000000000000","t","Mn","0","0",",000000",",000000",",000000",",000000"
"2014","PA","Metálicos","Prata","85987,000000","332,629650000000000","kg","Ag","0","0",",000000",",000000",",000000",",000000"
"2014","PA","Não-Metálicos","Gipsita","18680,760000",",000000000000000","-","","18680,759999999998","840634,19999999995",",000000",",000000",",000000",",000000"
"2014","PA","Metálicos","Ferro","118836630,120000","76462941,330000000000000","t","Fe","0","0",",000000",",000000",",000000",",000000"
"2014","PA","Metálicos","Estanho","3183907,950000","2601409,600000000000000","kg","Sn","0","0",",000000",",000000",",000000",",000000"
"2014","PA","Metálicos","Ouro","15388373,520000","5282,420540000000000","kg","Au","0","0",",000000",",000000",",000000",",000000"
"2014","PA","Não-Metálicos","Caulim","4379776,910000",",000000000000000","-","","192637,81","7693954,2000000002",",000000",",000000",",000000",",000000"
"2014","PA","Não-Metálicos","Argilas","668207,910000",",000000000000000","-","","308932,59000000003","5006079,8300000001",",000000",",000000","356701,120000","4963592,320000"
"2014","PA","Metálicos","Níquel","1785722,000000","33928,710000000000000","t"," Ni","0","0",",000000",",000000",",000000",",000000"
"2014","PA","Não-Metálicos","Fosfato","29571,910000","6505,820000000000000","t","P2O5","0","0",",000000",",000000",",000000",",000000"
"2014","PA","Metálicos","Cobre","34289651,520000","220415,660000000000000","t","Cu","0","0",",000000",",000000",",000000",",000000"
"2014","PA","Gemas e Diamantes","Gemas","243,290000","194623,200000000000000","kg","","0","0",",000000",",000000",",000000",",000000"
"2014","PA","Não-Metálicos","Saibro","215372,880000",",000000000000000","-","","211952,88","1134329",",000000",",000000","3420,000000","13680,000000"
"2014","PA","Não-Metálicos","Calcário","1652059,070000",",000000000000000","-","","1430388,01","51719322,239999995",",000000",",000000",",000000",",000000"
"2014","PA","Não-Metálicos","Rochas Ornamentais",",000000",",000000000000000","-","","0","0",",000000",",000000",",000000",",000000"
"2014","PA","Não-Metálicos","Areias Industriais","155065,470000",",000000000000000","-","","37872,949999999997","2185539,1699999999",",000000",",000000",",000000",",000000"
"2014","PA","Não-Metálicos","Rochas (Britadas) e Cascalho","2429013,050000",",000000000000000","-","","554411,53000000003","4252348,25",",000000",",000000","79857,800000","270700,500000"
"2014","PA","Metálicos","Alumínio (Bauxita)","45231533,350000","22146905,320000000000000","t","Al2O3","0","0",",000000",",000000",",000000",",000000"
"2014","PA","Não-Metálicos","Areia","940337,590000",",000000000000000","-","","848320,17000000004","8253093,6100000003","3537,600000","48462,000000","91536,750000","683972,550000"
"2014","PA","Metálicos","Tungstênio","358949,740000","145,530000000000000","t","WO3","0","0",",000000",",000000",",000000",",000000"
"2014","PB","Não-Metálicos","Caulim","2967,000000",",000000000000000","-","","2947","291766,95000000001",",000000",",000000",",000000",",000000"
"2014","PB","Metálicos","Zircônio","12449252,000000","14689,860000000000000","t","ZrSiO4","0","0",",000000",",000000",",000000",",000000"
"2014","PB","Metálicos","Estanho",",000000",",000000000000000","kg","Sn","0","0",",000000",",000000",",000000",",000000"
"2014","PB","Não-Metálicos","Argilas","787815,920000",",000000000000000","-","","351424,19","9070461,25",",000000",",000000","14730,000000","264120,000000"
"2014","PB","Metálicos","Titânio","312367,740000","72066,480000000000000","t","TiO2","0","0",",000000",",000000",",000000",",000000"
"2014","PB","Metálicos","Columbita-Tantalita","2075,100000","1,755000000000000","t","Ta2O5","0","0",",000000",",000000",",000000",",000000"
"2014","PB","Não-Metálicos","Rochas Ornamentais - Outras","64962,950000",",000000000000000","-","","64962,949999999997","81051,789999999994",",000000",",000000",",000000",",000000"
"2014","PB","Não-Metálicos","Rochas Ornamentais","32602,360000",",000000000000000","-","","23316,539999999997","12618937,68","2945,600000",",110000","714,590000","71159,100000"
"2014","PB","Não-Metálicos","Vermiculita e Perlita","5639,000000","1100,000000000000000","t","","5639","2883062,8799999999",",000000",",000000",",000000",",000000"
"2014","PB","Não-Metálicos","Areias Industriais","12743915,570000",",000000000000000","-","","5726,3199999999997","223978,48999999999",",000000",",000000","85789,600000","616618,500000"
"2014","PB","Não-Metálicos","Cianita e outros minerais refratários","687,870000",",000000000000000","-","","0","0",",000000",",000000",",000000",",000000"
"2014","PB","Não-Metálicos","Mica","10313,180000",",000000000000000","-","","10313,179999999998","1071519,51",",000000",",000000",",000000",",000000"
"2014","PB","Não-Metálicos","Rochas (Britadas) e Cascalho","1001848,540000",",000000000000000","-","","0","0",",000000",",000000",",000000",",000000"
"2014","PB","Não-Metálicos","Feldspato, Leucita e Nefelina-Sienito","21844,360000",",000000000000000","-","","20547,589999999997","2834869,9000000004",",000000",",000000",",000000",",000000"
"2014","PB","Não-Metálicos","Calcário","2947756,330000",",000000000000000","-","","56100,130000000005","1083843,1299999999",",000000",",000000","14085,000000","636210,000000"
"2014","PB","Não-Metálicos","Areia","1117649,130000",",000000000000000","-","","1117536,24","10548129,99",",000000",",000000",",000000",",000000"
"2014","PB","Metálicos","Tungstênio",",000000",",000000000000000","t","WO3","0","0",",000000",",000000",",000000",",000000"
"2014","PB","Não-Metálicos","Saibro","19728,770000",",000000000000000","-","","19728,77","268708,17999999999",",000000",",000000",",000000",",000000"
"2014","PE","Não-Metálicos","Rochas (Britadas) e Cascalho","9097268,660000",",000000000000000","-","","0","0",",000000",",000000",",000000",",000000"
"2014","PE","Não-Metálicos","Vermiculita e Perlita","1978,000000","744,320000000000000","t","","0","0",",000000",",000000",",000000",",000000"
"2014","PE","Metálicos","Ouro",",000000",",000000000000000","kg","Au","0","0",",000000",",000000",",000000",",000000"
"2014","PE","Não-Metálicos","Rochas Ornamentais","15272,840000",",000000000000000","-","","7955,8999999999996","5068175,5899999999",",000000",",000000",",000000",",000000"
"2014","PE","Não-Metálicos","Saibro","56142,000000",",000000000000000","-","","56142","135896,09999999998",",000000",",000000",",000000",",000000"
"2014","PE","Não-Metálicos","Fosfato",",000000",",000000000000000","t","P2O5","0","0",",000000",",000000",",000000",",000000"
"2014","PE","Não-Metálicos","Dolomito e Magnesita","425,840000",",000000000000000","-","","0","0",",000000",",000000",",000000",",000000"
"2014","PE","Não-Metálicos","Feldspato, Leucita e Nefelina-Sienito",",000000",",000000000000000","-","","0","0",",000000",",000000",",000000",",000000"
"2014","PE","Não-Metálicos","Argilas","1224304,940000",",000000000000000","-","","722152,27000000002","6645246,3200000003","14953,230000","59621,290000","74437,000000","319334,750000"
"2014","PE","Metálicos","Titânio","2000,000000","280,000000000000000","t","TiO2","2000","30000",",000000",",000000",",000000",",000000"
"2014","PE","Não-Metálicos","Areia","1063195,490000",",000000000000000","-","","1060621,49","7811960,0800000001",",000000",",000000","2474,000000","29688,000000"
"2014","PE","Não-Metálicos","Calcário","408249,670000",",000000000000000","-","","315138,44","9332541,9700000007","540,000000","20520,000000","33944,680000","261408,020000"
"2014","PE","Não-Metálicos","Caulim",",000000",",000000000000000","-","","0","0",",000000",",000000",",000000",",000000"
"2014","PE","Não-Metálicos","Areias Industriais","186882,440000",",000000000000000","-","","9525,7299999999996","59439,540000000001",",000000",",000000",",000000",",000000"
"2014","PE","Não-Metálicos","Gipsita","2943539,070000",",000000000000000","-","","2025604,9900000002","40465232,890000001",",000000",",000000","14189,970000","714463,070000"
"2014","PI","Gemas e Diamantes","Diamante",",000000",",000000000000000","ct","","0","0",",000000",",000000",",000000",",000000"
"2014","PI","Não-Metálicos","Gipsita",",000000",",000000000000000","-","","0","0",",000000",",000000",",000000",",000000"
"2014","PI","Não-Metálicos","Rochas (Britadas) e Cascalho","1168893,340000",",000000000000000","-","","137849,88999999998","4833683,129999999","27865,000000","727386,480000","34607,500000","967937,500000"
"2014","PI","Não-Metálicos","Areia","577279,230000",",000000000000000","-","","400190,59000000008","4289000,3800000008",",000000",",000000","16812,310000","71539,910000"
"2014","PI","Não-Metálicos","Argilas","514989,670000",",000000000000000","-","","271511,46999999997","4602134,1500000004","76816,000000","897612,160000","152682,870000","2160834,750000"
"2014","PI","Não-Metálicos","Rochas Ornamentais","17186,800000",",000000000000000","-","","5427,1800000000003","565032,93999999994",",000000",",000000","11515,930000","524335,050000"
"2014","PI","Não-Metálicos","Calcário","1259494,090000",",000000000000000","-","","774024","9675300,0099999998","44457,100000","1820690,700000",",000000",",000000"
"2014","PI","Não-Metálicos","Rochas Ornamentais - Outras","158,000000",",000000000000000","-","","158","4424",",000000",",000000",",000000",",000000"
"2014","PI","Não-Metálicos","Dolomito e Magnesita","12619,000000",",000000000000000","-","","0","0","12619,000000","541521,000000",",000000",",000000"
"2014","PI","Não-Metálicos","Saibro","107563,000000",",000000000000000","-","","102373","1119702,01",",000000",",000000",",000000",",000000"
"2014","PI","Gemas e Diamantes","Gemas",",000000",",400000000000000","kg","","370","37000",",000000",",000000",",000000",",000000"
"2014","PR","Metálicos","Ouro","69290,000000","393,864560000000000","kg","Au","0","0",",000000",",000000",",000000",",000000"
"2014","PR","Não-Metálicos","Saibro","1952559,840000",",000000000000000","-","","1949685,3399999999","26026570,68",",000000",",000000","2574,000000","9570,000000"
"2014","PR","Não-Metálicos","Argilas","1803400,350000",",000000000000000","-","","558807,79999999993","7795304,2199999997","59498,700000","185411,410000","570877,070000","4950330,220000"
"2014","PR","Metálicos","Prata","68490,000000","63,667650000000000","kg","Ag","0","0",",000000",",000000",",000000",",000000"
"2014","PR","Metálicos","Zinco",",000000",",000000000000000","t","Zn","0","0",",000000",",000000",",000000",",000000"
"2014","PR","Não-Metálicos","Dolomito e Magnesita","3398399,270000",",000000000000000","-","","1584422,0449999999","5976427,7600000007","1231764,420000","3973808,660000","78724,700000","732633,060000"
"2014","PR","Energéticos","Carvão Mineral","267996,200000",",000000000000000","-","","0","0",",000000",",000000",",000000",",000000"
"2014","PR","Não-Metálicos","Bário",",000000",",000000000000000","t","BaSO4","0","0",",000000",",000000",",000000",",000000"
"2014","PR","Não-Metálicos","Calcário","14020951,995000",",000000000000000","-","","1668666,25","30926075,07",",000000",",000000","434643,000000","6898310,060000"
"2014","PR","Não-Metálicos","Rochas Ornamentais - Outras","17974,850000",",000000000000000","-","","16440,799999999999","147589,70500000002",",000000",",000000","600,000000","210000,000000"
"2014","PR","Não-Metálicos","Talco e outras Cargas Minerais","395573,090000",",000000000000000","-","","223475,63999999998","10847798,109999999",",000000",",000000","11889,690000","228054,030000"
"2014","PR","Não-Metálicos","Fluorita e Criolita","55167,220000","24770,080000000000000","t","","0","0",",000000",",000000",",000000",",000000"
"2014","PR","Gemas e Diamantes","Gemas","14188,000000","1000000,000000000000000","kg","","0","0",",000000",",000000","14188,000000","274704,800000"
"2014","PR","Não-Metálicos","Caulim","97767,380000",",000000000000000","-","","77985,679999999993","4725484,5300000003",",000000",",000000","21915,800000","405442,340000"
"2014","PR","Não-Metálicos","Rochas (Britadas) e Cascalho","17123046,785000",",000000000000000","-","","651961,85499999998","5423896,0649999995","176241,610000","3457381,250000","4181,000000","31371,000000"
"2014","PR","Gemas e Diamantes","Diamante",",000000",",000000000000000","ct","","0","0",",000000",",000000",",000000",",000000"
"2014","PR","Não-Metálicos","Rochas Ornamentais","12023,110000",",000000000000000","-","","5371","637454,92999999993",",000000",",000000","1808,850000","437619,290000"
"2014","PR","Não-Metálicos","Feldspato, Leucita e Nefelina-Sienito","201423,710000",",000000000000000","-","","0","0",",000000",",000000",",000000",",000000"
"2014","PR","Não-Metálicos","Areias Industriais","84831,900000",",000000000000000","-","","12678,360000000001","756189,27999999991",",000000",",000000","2602,000000","17506,000000"
"2014","PR","Metálicos","Chumbo",",000000",",000000000000000","t","Pb","0","0",",000000",",000000",",000000",",000000"
"2014","PR","Não-Metálicos","Areia","9696822,220000",",000000000000000","-","","7163615,2200000007","134511298,93000001",",000000",",000000","12726,450000","383748,750000"
"2014","RJ","Metálicos","Zircônio",",000000",",000000000000000","t","ZrSiO4","0","0",",000000",",000000",",000000",",000000"
"2014","RJ","Não-Metálicos","Areia","9532091,540000",",000000000000000","-","","9298490,8800000008","121367485,32000002","10345,610000","206912,200000","2592,000000","25920,000000"
"2014","RJ","Não-Metálicos","Argilas","2130820,270000",",000000000000000","-","","128809,62","482577,78000000003","1412612,500000","3841670,780000","567136,150000","2521314,560000"
"2014","RJ","Metálicos","Monazita e Terras-Raras",",000000",",000000000000000","t","ETR","0","0",",000000",",000000",",000000",",000000"
"2014","RJ","Não-Metálicos","Rochas Ornamentais","9312,250000",",000000000000000","-","","9312,25","534562,40000000002",",000000",",000000",",000000",",000000"
"2014","RJ","Metálicos","Alumínio (Bauxita)",",000000",",000000000000000","t","Al2O3","0","0",",000000",",000000",",000000",",000000"
"2014","RJ","Não-Metálicos","Areias Industriais","90653,900000",",000000000000000","-","","0","0",",000000",",000000",",000000",",000000"
"2014","RJ","Não-Metálicos","Calcário","2961071,730000",",000000000000000","-","","0","0",",000000",",000000","1110219,690000","14748125,580000"
"2014","RJ","Não-Metálicos","Rochas (Britadas) e Cascalho","27969230,970000",",000000000000000","-","","0","0",",000000",",000000",",000000",",000000"
"2014","RJ","Não-Metálicos","Dolomito e Magnesita",",000000",",000000000000000","-","","0","0",",000000",",000000",",000000",",000000"
"2014","RJ","Não-Metálicos","Fluorita e Criolita","4785,000000","4785,000000000000000","t","","0","0",",000000",",000000",",000000",",000000"
"2014","RJ","Não-Metálicos","Saibro","4373617,940000",",000000000000000","-","","4397791,6399999997","12354113,370000001",",000000",",000000","17113,000000","120,000000"
"2014","RJ","Não-Metálicos","Caulim",",000000",",000000000000000","-","","0","0",",000000",",000000",",000000",",000000"
"2014","RJ","Não-Metálicos","Rochas Ornamentais - Outras","20954,060000",",000000000000000","-","","22085,849999999999","2251903,1600000001",",000000",",000000",",000000",",000000"
"2014","RJ","Metálicos","Titânio",",000000",",000000000000000","t","TiO2","0","0",",000000",",000000",",000000",",000000"
"2014","RN","Não-Metálicos","Saibro","76627,000000",",000000000000000","-","","2000","12000",",000000",",000000","74627,000000","141791,000000"
"2014","RN","Metálicos","Ferro","56132,300000","32715,940000000000000","t","Fe","97390,089999999997","8539519,4700000007",",000000",",000000",",000000",",000000"
"2014","RN","Metálicos","Ouro","22644,560000","140,486960000000000","kg","Au","0","0",",000000",",000000",",000000",",000000"
"2014","RN","Não-Metálicos","Argilas","365440,010000",",000000000000000","-","","254992","1535239,03","6604,000000","43224,000000","85759,500000","1052266,810000"
"2014","RN","Não-Metálicos","Rochas (Britadas) e Cascalho","1184718,440000",",000000000000000","-","","0","0",",000000",",000000",",000000",",000000"
"2014","RN","Gemas e Diamantes","Gemas",",000000",",000000000000000","kg","","0","0",",000000",",000000",",000000",",000000"
"2014","RN","Não-Metálicos","Diatomita","310,000000",",000000000000000","-","","307","47265",",000000",",000000",",000000",",000000"
"2014","RN","Metálicos","Columbita-Tantalita",",000000",",000000000000000","t","Ta2O5","0","0",",000000",",000000",",000000",",000000"
"2014","RN","Não-Metálicos","Calcário","2093416,970000",",000000000000000","-","","433452,30000000005","11784905,870000001",",000000",",000000","1562396,000000","13601288,250000"
"2014","RN","Não-Metálicos","Gipsita","5306,890000",",000000000000000","-","","5306,8900000000003","171412,54999999999",",000000",",000000",",000000",",000000"
"2014","RN","Não-Metálicos","Minerais Industriais (Outros)","1,500000",",001000000000000","t","","1,5","2237388,8399999999",",000000",",000000",",000000",",000000"
"2014","RN","Não-Metálicos","Areia","106450,590000",",000000000000000","-","","106450,59","621346,08999999997",",000000",",000000",",000000",",000000"
"2014","RN","Não-Metálicos","Talco e outras Cargas Minerais","18268,000000",",000000000000000","-","","18268","356225",",000000",",000000",",000000",",000000"
"2014","RN","Não-Metálicos","Rochas Ornamentais","64015,780000",",000000000000000","-","","38966,020000000004","18331960,979999997",",000000",",000000","13887,820000","2036932,380000"
"2014","RN","Não-Metálicos","Rochas Ornamentais - Outras",",010000",",000000000000000","-","","0","0",",000000",",000000",",000000",",000000"
"2014","RN","Não-Metálicos","Caulim","34500,010000",",000000000000000","-","","34500","517500",",000000",",000000",",000000",",000000"
"2014","RN","Não-Metálicos","Areias Industriais","223,400000",",000000000000000","-","","25,27","27707,830000000002",",000000",",000000",",000000",",000000"
"2014","RN","Não-Metálicos","Feldspato, Leucita e Nefelina-Sienito","15589,020000",",000000000000000","-","","1765","158850",",000000",",000000",",000000",",000000"
"2014","RN","Metálicos","Tungstênio","81391,610000","627,290000000000000","t","WO3","0","0",",000000",",000000",",000000",",000000"
"2014","RO","Metálicos","Columbita-Tantalita","623363,320000","8,770150000000000","t","Ta2O5","0","0",",000000",",000000",",000000",",000000"
"2014","RO","Gemas e Diamantes","Gemas","112469,000000","1558,100000000000000","kg","","0","0",",000000",",000000",",000000",",000000"
"2014","RO","Metálicos","Ouro","6766,000000","5,646200000000000","kg","Au","0","0",",000000",",000000",",000000",",000000"
"2014","RO","Não-Metálicos","Saibro","6840,500000",",000000000000000","-","","6840,5","69919,990000000005",",000000",",000000",",000000",",000000"
"2014","RO","Metálicos","Estanho","10779119,560000","6837346,880000000000000","kg","Sn","0","0",",000000",",000000",",000000",",000000"
"2014","RO","Metálicos","Manganês","35713,000000","6620,000000000000000","t","Mn","0","0",",000000",",000000",",000000",",000000"
"2014","RO","Não-Metálicos","Rochas Ornamentais","3767,860000",",000000000000000","-","","3767,8600000000001","1695537",",000000",",000000",",000000",",000000"
"2014","RO","Não-Metálicos","Argilas","438622,020000",",000000000000000","-","","103398,68000000001","1190198,5800000001",",000000",",000000","334624,590000","4682360,710000"
"2014","RO","Metálicos","Columbita-Tantalita","817840,590000","169,738100000000000","t","Nb2O5","0","0",",000000",",000000",",000000",",000000"
"2014","RO","Não-Metálicos","Rochas (Britadas) e Cascalho","1754574,600000",",000000000000000","-","","225608,62999999998","2459114,9799999995",",000000",",000000",",000000",",000000"
"2014","RO","Não-Metálicos","Areia","458558,480000",",000000000000000","-","","437887,00999999995","10650284,049999999",",000000",",000000",",000000",",000000"
"2014","RO","Não-Metálicos","Calcário","88392,840000",",000000000000000","-","","0","0",",000000",",000000",",000000",",000000"
"2014","RR","Não-Metálicos","Rochas Ornamentais",",000000",",000000000000000","-","","0","0",",000000",",000000",",000000",",000000"
"2014","RR","Não-Metálicos","Areia","148023,670000",",000000000000000","-","","146375,66999999998","1647720,46","1630,000000","11400,000000",",000000",",000000"
"2014","RR","Não-Metálicos","Rochas (Britadas) e Cascalho","205288,320000",",000000000000000","-","","12869","578145,60000000009",",000000",",000000","4700,000000","46800,000000"
"2014","RR","Não-Metálicos","Argilas","142202,480000",",000000000000000","-","","142202,48000000001","1172082,9299999999",",000000",",000000",",000000",",000000"
"2014","RS","Não-Metálicos","Geodos, Ágatas, Calcedônia, etc","16708,730000","16708,730000000000000","t","","17131,620000000035","71618627,729999989",",000000",",000000",",000000",",000000"
"2014","RS","Não-Metálicos","Rochas Ornamentais - Outras","532297,770000",",000000000000000","-","","445070,42999999999","24713088,680000003",",000000",",000000","59084,690000","324419,700000"
"2014","RS","Não-Metálicos","Areia","12063017,910000",",000000000000000","-","","11545871,539999999","135450442,97","325410,540000","4816074,290000","2028,000000","18252,000000"
"2014","RS","Não-Metálicos","Rochas Ornamentais","12054,420000",",000000000000000","-","","11691,42","5769765,3700000001",",000000",",000000",",000000",",000000"
"2014","RS","Não-Metálicos","Rochas (Britadas) e Cascalho","21351594,920000",",000000000000000","-","","118776,73","1143881,5","4468,000000","58158,000000","152376,570000","586373,290000"
"2014","RS","Não-Metálicos","Areias Industriais","55789,790000",",000000000000000","-","","0","0",",000000",",000000",",000000",",000000"
"2014","RS","Não-Metálicos","Calcário","5107826,590000",",000000000000000","-","","857486,73999999999","8579767,4000000004",",000000",",000000",",000000",",000000"
"2014","RS","Não-Metálicos","Argilas","2822775,430000",",000000000000000","-","","650189,83000000007","3311196,9500000002","91949,320000","245831,020000","2042502,190000","6699067,320000"
"2014","RS","Não-Metálicos","Caulim","240123,230000",",000000000000000","-","","180143,01000000001","5750660,7999999998",",000000",",000000","35755,130000","478945,690000"
"2014","RS","Energéticos","Carvão Mineral","5651261,240000",",000000000000000","-","","0","0",",000000",",000000",",000000",",000000"
"2014","RS","Não-Metálicos","Saibro","4176261,640000",",000000000000000","-","","2787763,9300000002","24407245,579999998","4172,000000","41831,000000","1375575,710000","3449722,210000"
"2014","SC","Metálicos","Alumínio (Bauxita)","8948,160000","4026,670000000000000","t","Al2O3","8948,1599999999999","178963,20000000001",",000000",",000000",",000000",",000000"
"2014","SC","Energéticos","Carvão Mineral","8281937,440000",",000000000000000","-","","13648,02","1434968,22",",000000",",000000",",000000",",000000"
"2014","SC","Não-Metálicos","Rochas Ornamentais - Outras","43816,940000",",000000000000000","-","","43358,540000000001","1636504,2200000002",",000000",",000000",",000000",",000000"
"2014","SC","Não-Metálicos","Rochas (Britadas) e Cascalho","19410634,630000",",000000000000000","-","","933235,27999999991","11172358,389999999","19652,150000","111171,280000","795369,300000","10052885,220000"
"2014","SC","Não-Metálicos","Areia","6009809,470000",",000000000000000","-","","5779425,7699999996","94318383,129999995","22436,000000","185645,000000","45183,630000","642500,840000"
"2014","SC","Não-Metálicos","Rochas Ornamentais","334001,790000",",000000000000000","-","","333781,86000000004","6011523,3700000001","60,900000","4815,000000",",000000",",000000"
"2014","SC","Não-Metálicos","Saibro","3084728,970000",",000000000000000","-","","2053246,9199999999","12730626,24","305087,140000","1502327,070000","324710,180000","1365152,460000"
"2014","SC","Não-Metálicos","Argilas","3846873,170000",",000000000000000","-","","2797389,1999999997","22480907,830000002","95094,110000","398513,320000","793776,800000","8015415,600000"
"2014","SC","Não-Metálicos","Areias Industriais","1277220,290000",",000000000000000","-","","26678,09","966336,70000000007",",000000",",000000","2557,030000","29125,600000"
"2014","SC","Não-Metálicos","Feldspato, Leucita e Nefelina-Sienito","169853,720000",",000000000000000","-","","4569,1899999999996","51209,93",",000000",",000000",",000000",",000000"
"2014","SC","Não-Metálicos","Calcário","2989159,910000",",000000000000000","-","","14345","46401,580000000002",",000000",",000000","22093,320000","1484212,860000"
"2014","SC","Não-Metálicos","Caulim","308982,520000",",000000000000000","-","","250241,94","14476176,220000001",",000000",",000000","56670,490000","1055871,590000"
"2014","SC","Energéticos","Turfa","75889,580000",",000000000000000","-","","4556,2700000000004","288460,32999999996",",000000",",000000",",000000",",000000"
"2014","SE","Não-Metálicos","Argilas","1686014,190000",",000000000000000","-","","999307,67000000004","813361,6100000001",",000000",",000000","520303,530000","6271822,450000"
"2014","SE","Não-Metálicos","Potássio","2392804,340000","492482,690000000000000","t","K2O","0","0",",000000",",000000",",000000",",000000"
"2014","SE","Não-Metálicos","Rochas Ornamentais - Outras","19803,610000",",000000000000000","-","","0","0",",000000",",000000","19803,610000","23490,000000"
"2014","SE","Não-Metálicos","Areia","403586,480000",",000000000000000","-","","403285,97999999992","3747592,4300000002",",000000",",000000",",000000",",000000"
"2014","SE","Não-Metálicos","Dolomito e Magnesita",",000000",",000000000000000","-","","0","0",",000000",",000000",",000000",",000000"
"2014","SE","Não-Metálicos","Calcário","5173870,710000",",000000000000000","-","","7447,1300000000001","545350,32999999996",",000000",",000000",",000000",",000000"
"2014","SE","Não-Metálicos","Rochas (Britadas) e Cascalho","760565,780000",",000000000000000","-","","159163,31","761378,48999999999",",000000",",000000","7000,000000","42000,000000"
"2014","SE","Não-Metálicos","Talco e outras Cargas Minerais","13719,000000",",000000000000000","-","","0","0",",000000",",000000","16191,350000","376842,460000"
"2014","SE","Não-Metálicos","Saibro","4928,740000",",000000000000000","-","","4928,7399999999998","10781,610000000001",",000000",",000000",",000000",",000000"
"2014","SP","Não-Metálicos","Argilas","15343704,860000",",000000000000000","-","","10228551,299999999","103776477,98999999","299945,760000","3916758,600000","3358922,670000","17346764,850000"
"2014","SP","Metálicos","Ferro","5191952,710000","387443,270000000000000","t","Fe","0","0",",000000",",000000",",000000",",000000"
"2014","SP","Metálicos","Alumínio (Bauxita)","704789,900000","335535,270000000000000","t","Al2O3","0","0",",000000",",000000","37,790000","991,880000"
"2014","SP","Metálicos","Zircônio",",000000",",000000000000000","t","ZrSiO4","0","0",",000000",",000000",",000000",",000000"
"2014","SP","Não-Metálicos","Feldspato, Leucita e Nefelina-Sienito","1493,170000",",000000000000000","-","","0","0",",000000",",000000",",010000",",010000"
"2014","SP","Não-Metálicos","Fosfato","5512050,600000","342230,120000000000000","t","P2O5","0","0",",000000",",000000",",000000",",000000"
"2014","SP","Não-Metálicos","Calcário","11412577,345000",",000000000000000","-","","525920,62","2162497,2999999998","400,000000","400,000000","2627127,110000","46765972,840000"
"2014","SP","Não-Metálicos","Rochas Ornamentais - Outras","3500,650000",",000000000000000","-","","3500,6499999999996","204443,28",",000000",",000000",",000000",",000000"
"2014","SP","Não-Metálicos","Rochas (Britadas) e Cascalho","86341454,595000",",000000000000000","-","","392581,96000000002","5707151,8300000001",",000000",",000000","20530,000000","671133,180000"
"2014","SP","Energéticos","Turfa","87158,580000",",000000000000000","-","","33685,410000000003","3346425,5000000005",",000000",",000000","7100,270000","82773,460000"
"2014","SP","Não-Metálicos","Areia","33752645,040000",",000000000000000","-","","21638230,07","387740721,87","1513,510000","15194,160000","83131,410000","596670,710000"
"2014","SP","Não-Metálicos","Minerais Industriais (Outros)",",000000",",000000000000000","t","","0","0",",000000",",000000",",000000",",000000"
"2014","SP","Não-Metálicos","Areias Industriais","5130875,360000",",000000000000000","-","","31050","822799,95999999996",",000000",",000000",",000000",",000000"
"2014","SP","Não-Metálicos","Saibro","353127,680000",",000000000000000","-","","329711,27999999997","3396333,4799999995","1130,000000","1130,000000",",000000",",000000"
"2014","SP","Não-Metálicos","Caulim","118810,010000",",000000000000000","-","","10611,84","187000,5",",000000",",000000",",000000",",000000"
"2014","SP","Não-Metálicos","Talco e outras Cargas Minerais","1040724,510000",",000000000000000","-","","91195,770000000019","4242955,5899999999",",000000",",000000","9470,190000","305243,290000"
"2014","SP","Não-Metálicos","Dolomito e Magnesita","381545,420000",",000000000000000","-","","1345","53800",",000000",",000000",",000000",",000000"
"2014","SP","Não-Metálicos","Calcário","5191952,710000","3535419,890000000000000","t","","0","0",",000000",",000000",",000000",",000000"
"2014","SP","Não-Metálicos","Rochas Ornamentais","37071,340000",",000000000000000","-","","37013,489999999998","5139427,3799999999",",000000",",000000",",000000",",000000"
"2014","TO","Metálicos","Ouro","65411,240000","36,491610000000000","kg","Au","0","0",",000000",",000000",",000000",",000000"
"2014","TO","Não-Metálicos","Quartzo (Cristal) e outros Piezelétricos","1,500000",",000000000000000","-","","0","0",",000000",",000000",",000000",",000000"
"2014","TO","Não-Metálicos","Minerais Industriais (Outros)","128,000000",",000000000000000","-","","0","0",",000000",",000000",",000000",",000000"
"2014","TO","Metálicos","Manganês",",000000",",000000000000000","t","Mn","0","0",",000000",",000000",",000000",",000000"
"2014","TO","Não-Metálicos","Areias Industriais",",000000",",000000000000000","-","","0","0",",000000",",000000",",000000",",000000"
"2014","TO","Não-Metálicos","Rochas (Britadas) e Cascalho","1239424,520000",",000000000000000","-","","139074,21000000002","1778684,6300000001",",000000",",000000",",000000",",000000"
"2014","TO","Não-Metálicos","Calcário","4456731,610000",",000000000000000","-","","2188,8200000000002","72459,660000000003",",000000",",000000",",000000",",000000"
"2014","TO","Não-Metálicos","Argilas","4533446,040000",",000000000000000","-","","5400","3500","28172,000000","269105,000000","4494463,300000","3126675,640000"
"2014","TO","Gemas e Diamantes","Gemas",",000000",",000000000000000","kg","","0","0",",000000",",000000",",000000",",000000"
"2014","TO","Não-Metálicos","Fosfato","526926,840000","38004,410000000000000","t","P2O5","0","0",",000000",",000000","552406,000000","17168778,480000"
"2014","TO","Não-Metálicos","Areia","241744,350000",",000000000000000","-","","195123,94999999998","4442739,1800000006",",000000",",000000","90,000000","900,000000"
"2014","TO","Metálicos","Zircônio","23741,600000","429,000000000000000","t","ZrSiO4","0","0",",000000",",000000",",000000",",000000"
"2014","TO","Não-Metálicos","Gipsita","38306,600000",",000000000000000","-","","38306,599999999999","574599",",000000",",000000",",000000",",000000"
"2015","AC","Não-Metálicos","Areia","106536,600000",",000000000000000","-","","111660,48","2605750,7999999998",",000000",",000000",",000000",",000000"
"2015","AC","Não-Metálicos","Argilas","575,000000",",000000000000000","-","","0","0",",000000",",000000","575,000000","47452,500000"
"2015","AL","Não-Metálicos","Amianto",",000000",",000000000000000","t","","0","0",",000000",",000000",",000000",",000000"
"2015","AL","Não-Metálicos","Sal","857313,000000",",000000000000000","-","","0","0",",000000",",000000","857313,000000","7287160,500000"
"2015","AL","Não-Metálicos","Calcário","672151,920000",",000000000000000","-","","7000","210000",",000000",",000000",",000000",",000000"
"2015","AL","Não-Metálicos","Rochas Ornamentais","441,900000",",000000000000000","-","","441,89999999999998","17941,5",",000000",",000000",",000000",",000000"
"2015","AL","Não-Metálicos","Argilas","452283,000000",",000000000000000","-","","293710,47999999998","3855788,6899999999","4822,000000","15846,000000","154452,440000","713743,460000"
"2015","AL","Não-Metálicos","Areia","266492,120000",",000000000000000","-","","267386,17999999999","4059971,4700000002","9,150000","3200,000000",",000000",",000000"
"2015","AL","Não-Metálicos","Rochas (Britadas) e Cascalho","1362161,060000",",000000000000000","-","","36545,129999999997","1644531,3",",000000",",000000","320,000000","21620,000000"
"2015","AL","Não-Metálicos","Saibro","503377,770000",",000000000000000","-","","65370,599999999999","138738",",000000",",000000","437525,170000","519561,160000"
"2015","AM","Não-Metálicos","Rochas (Britadas) e Cascalho","407432,000000",",000000000000000","-","","0","0",",000000",",000000","260,000000","2780,000000"
"2015","AM","Metálicos","Columbita-Tantalita","10705408,800000","168,000000000000000","t","Ta2O5","0","0",",000000",",000000",",000000",",000000"
"2015","AM","Não-Metálicos","Calcário","243987,720000",",000000000000000","-","","243987,72","5943061,2999999998",",000000",",000000",",000000",",000000"
"2015","AM","Metálicos","Estanho","10705408,800000","12592570,000000000000000","kg","Sn","0","0",",000000",",000000",",000000",",000000"
"2015","AM","Metálicos","Ferro","14090,200000","9863,140000000000000","t","Fe","14090,200000000001","412842,87",",000000",",000000",",000000",",000000"
"2015","AM","Não-Metálicos","Gipsita","2235,400000",",000000000000000","-","","2235,4000000000001","206439,19",",000000",",000000",",000000",",000000"
"2015","AM","Metálicos","Columbita-Tantalita","10705408,800000","1681,450000000000000","t","Nb2O5","0","0",",000000",",000000",",000000",",000000"
"2015","AM","Não-Metálicos","Argilas","308456,460000",",000000000000000","-","","123619,39999999999","274583,59999999998","1820,000000","21840,000000","183017,060000","1160142,890000"
"2015","AM","Metálicos","Ouro",",000000",",000000000000000","kg","Au","0","0",",000000",",000000",",000000",",000000"
"2015","AM","Não-Metálicos","Areia","8980,000000",",000000000000000","-","","230","13980","8750,000000","183750,000000",",000000",",000000"
"2015","AP","Metálicos","Estanho",",000000",",000000000000000","kg","Sn","0","0",",000000",",000000",",000000",",000000"
"2015","AP","Metálicos","Ferro","281435,000000","112644,000000000000000","t","Fe","0","0",",000000",",000000",",000000",",000000"
"2015","AP","Não-Metálicos","Argilas","39318,000000",",000000000000000","-","","5200","52000","9004,000000","90040,000000","20114,000000","120684,000000"
"2015","AP","Metálicos","Cromo","7000,000000","1563,100000000000000","t","Cr2O3","0","0",",000000",",000000",",000000",",000000"
"2015","AP","Metálicos","Ouro","4146016,570000","4076,170290000000000","kg","Au","0","0",",000000",",000000",",000000",",000000"
"2015","AP","Não-Metálicos","Caulim","426392,300000",",000000000000000","-","","0","0",",000000",",000000",",000000",",000000"
"2015","AP","Não-Metálicos","Areia","200139,720000",",000000000000000","-","","200139,72000000003","2979011",",000000",",000000",",000000",",000000"
"2015","AP","Não-Metálicos","Saibro","48000,000000",",000000000000000","-","","0","0","48000,000000","60000,000000",",000000",",000000"
"2015","AP","Não-Metálicos","Rochas (Britadas) e Cascalho","251369,530000",",000000000000000","-","","72166,109999999986","2560659,3500000001",",000000",",000000","61065,990000","3490716,030000"
"2015","BA","Não-Metálicos","Gipsita",",000000",",000000000000000","-","","0","0",",000000",",000000",",000000",",000000"
"2015","BA","Não-Metálicos","Bário","7512,730000","6819,730000000000000","t","BaSO4","7512,7299999999996","2402449,02",",000000",",000000",",000000",",000000"
"2015","BA","Gemas e Diamantes","Gemas","24185,090000","19053,707220000000000","kg","","0","0",",000000",",000000",",000000",",000000"
"2015","BA","Não-Metálicos","Fosfato","552619,100000","124615,600000000000000","t","P2O5","0","0",",000000",",000000",",000000",",000000"
"2015","BA","Metálicos","Vanádio","1025984,000000","13477,000000000000000","t","V","0","0",",000000",",000000",",000000",",000000"
"2015","BA","Metálicos","Ferro","175785,130000","89693,240000000000000","t","Fe","0","0",",000000",",000000",",000000",",000000"
"2015","BA","Não-Metálicos","Sal","618702,000000",",000000000000000","-","","0","0",",000000",",000000","618702,000000","30534144,430000"
"2015","BA","Não-Metálicos","Dolomito e Magnesita","1701725,920000",",000000000000000","-","","17","9695,7800000000007",",000000",",000000",",860000","45,170000"
"2015","BA","Metálicos","Cromo","1392021,530000","233512,520000000000000","t","Cr2O3","0","0",",000000",",000000",",000000",",000000"
"2015","BA","Não-Metálicos","Geodos, Ágatas, Calcedônia, etc","1106,000000","1106,000000000000000","t","","1090,1400000000001","1349220,8",",000000",",000000",",000000",",000000"
"2015","BA","Não-Metálicos","Talco e outras Cargas Minerais","176842,760000",",000000000000000","-","","0","0",",000000",",000000","5,830000","115,060000"
"2015","BA","Não-Metálicos","Saibro","16000,000000",",000000000000000","-","","15000","40000",",000000",",000000",",000000",",000000"
"2015","BA","Metálicos","Manganês","3872,640000","1126,700000000000000","t","Mn","2709","277294,5",",000000",",000000",",000000",",000000"
"2015","BA","Metálicos","Ouro","2654371,310000","5563,821060000000000","kg","Au","0","0",",000000",",000000",",000000",",000000"
"2015","BA","Não-Metálicos","Calcário","2134161,594000",",000000000000000","-","","175485,25","1487862,6899999999",",000000",",000000",",000000",",000000"
"2015","BA","Metálicos","Níquel","6073799,000000","28588,000000000000000","t"," Ni","0","0",",000000",",000000",",000000",",000000"
"2015","BA","Não-Metálicos","Argilas","1374653,370000",",000000000000000","-","","230195,61000000002","4083941,1100000003","43791,180000","76665,060000","745970,300000","3654387,670000"
"2015","BA","Metálicos","Cobre","2848078,060000","31482,160000000000000","t","Cu","0","0",",000000",",000000",",000000",",000000"
"2015","BA","Não-Metálicos","Areias Industriais","306101,470000",",000000000000000","-","","95467,910000000018","5242478,04",",000000",",000000","388,670000","168900,000000"
"2015","BA","Não-Metálicos","Rochas (Britadas) e Cascalho","8827645,126000",",000000000000000","-","","85232","2852532,4300000002","40000,000000","40000,000000","106875,600000","923047,010000"
"2015","BA","Não-Metálicos","Diatomita","75697,690000",",000000000000000","-","","1434","2496230,3500000001",",000000",",000000","70471,690000","2434782,100000"
"2015","BA","Não-Metálicos","Feldspato, Leucita e Nefelina-Sienito","23867,000000",",000000000000000","-","","21479,040000000001","1906815,7799999998",",000000",",000000",",000000",",000000"
"2015","BA","Não-Metálicos","Grafita","284315,000000","24706,970000000000000","t","","0","0",",000000",",000000",",000000",",000000"
"2015","BA","Não-Metálicos","Rochas Ornamentais - Outras","705,530000",",000000000000000","-","","456,44000000000005","595306,07000000007",",000000",",000000","478,330000","401828,840000"
"2015","BA","Não-Metálicos","Vermiculita e Perlita",",000000",",000000000000000","t","","0","0",",000000",",000000",",000000",",000000"
"2015","BA","Gemas e Diamantes","Diamante",",000000",",000000000000000","ct","","0","0",",000000",",000000",",000000",",000000"
"2015","BA","Não-Metálicos","Rochas Ornamentais","348493,950000",",000000000000000","-","","228438,90999999997","106266256,68000002",",000000",",000000","5942,390000","2409357,830000"
"2015","BA","Não-Metálicos","Caulim","34735,000000",",000000000000000","-","","25095","204461,25","9640,000000",",120000",",000000",",000000"
"2015","BA","Não-Metálicos","Quartzo (Cristal) e outros Piezelétricos","1524,000000",",000000000000000","-","","1524","1228398,6000000001",",000000",",000000",",000000",",000000"
"2015","BA","Não-Metálicos","Areia","1680815,240000",",000000000000000","-","","1635792,7000000002","19419445,879999999","7960,000000","159200,000000","5363,840000","74772,340000"
"2015","CE","Não-Metálicos","Gipsita","78609,700000",",000000000000000","-","","78609,699999999997","3272954,2199999997",",000000",",000000",",000000",",000000"
"2015","CE","Não-Metálicos","Talco e outras Cargas Minerais","7122,020000",",000000000000000","-","","5234,7700000000004","376199,13",",000000",",000000",",000000",",000000"
"2015","CE","Não-Metálicos","Areias Industriais","170362,410000",",000000000000000","-","","2484,3600000000001","79545,979999999996",",000000",",000000","4960,450000","17640,680000"
"2015","CE","Energéticos","Urânio e outros Radioativos",",000000",",000000000000000","t","","0","0",",000000",",000000",",000000",",000000"
"2015","CE","Não-Metálicos","Feldspato, Leucita e Nefelina-Sienito","1090,000000",",000000000000000","-","","0","0",",000000",",000000",",000000",",000000"
"2015","CE","Não-Metálicos","Rochas Ornamentais","100165,660000",",000000000000000","-","","96384,959999999992","82333522,409999982",",000000",",000000","185,240000","145801,710000"
"2015","CE","Metálicos","Manganês",",000000",",000000000000000","t","Mn","0","0",",000000",",000000",",000000",",000000"
"2015","CE","Metálicos","Cobre",",000000",",000000000000000","t","Cu","0","0",",000000",",000000",",000000",",000000"
"2015","CE","Metálicos","Ferro","284019,000000","176080,120000000000000","t","Fe","74019","1081268,0900000001",",000000",",000000",",000000",",000000"
"2015","CE","Não-Metálicos","Fosfato",",000000",",000000000000000","t","P2O5","0","0",",000000",",000000",",000000",",000000"
"2015","CE","Não-Metálicos","Rochas Ornamentais - Outras","42714,780000",",000000000000000","-","","23254,779999999999","1151771,1699999999",",000000",",000000","19460,000000","2758455,000000"
"2015","CE","Não-Metálicos","Argilas","2533254,100000",",000000000000000","-","","132070,95000000001","2336653,4200000004","283748,440000","1759625,670000","2086032,930000","11384823,990000"
"2015","CE","Não-Metálicos","Dolomito e Magnesita","167903,130000",",000000000000000","-","","144277,62999999989","3734496,3100000001",",000000",",000000",",000000",",000000"
"2015","CE","Não-Metálicos","Rochas (Britadas) e Cascalho","5048804,320000",",000000000000000","-","","0","0",",000000",",000000","47138,000000","76364,000000"
"2015","CE","Não-Metálicos","Calcário","3566126,230000",",000000000000000","-","","455454,03999999998","5725891,3700000001","152126,250000","3494808,830000","67363,360000","1082397,430000"
"2015","CE","Não-Metálicos","Areia","1387313,190000",",000000000000000","-","","1386196,1799999999","16023215,839999996","11,000000","200,000000",",000000","75162,600000"
"2015","CE","Não-Metálicos","Saibro","203402,000000",",000000000000000","-","","3600","12000","84998,000000","149287,960000","114804,000000","114804,000000"
"2015","DF","Não-Metálicos","Areia","319487,240000",",000000000000000","-","","299359,27000000002","5083322,4299999997",",000000",",000000",",000000",",000000"
"2015","DF","Não-Metálicos","Calcário","8665759,650000",",000000000000000","-","","0","0",",000000",",000000","2384061,950000","55644053,410000"
"2015","DF","Não-Metálicos","Argilas","506408,630000",",000000000000000","-","","0","0",",000000",",000000","360027,630000","4852961,330000"
"2015","DF","Não-Metálicos","Areias Industriais",",000000",",000000000000000","-","","0","0",",000000",",000000",",000000",",000000"
"2015","DF","Não-Metálicos","Rochas (Britadas) e Cascalho","46836,800000",",000000000000000","-","","200","5000",",000000",",000000",",000000",",000000"
"2015","ES","Não-Metálicos","Dolomito e Magnesita","606792,480000",",000000000000000","-","","545114","5233094,4000000004",",000000",",000000","61678,480000","771780,260000"
"2015","ES","Não-Metálicos","Argilas","433040,280000",",000000000000000","-","","220562,70999999999","3737750,6100000003","134123,550000","1146530,950000","73725,380000","1586783,500000"
"2015","ES","Gemas e Diamantes","Gemas","1,090000",",348000000000000","kg","","0","0",",000000",",000000",",000000",",000000"
"2015","ES","Não-Metálicos","Rochas (Britadas) e Cascalho","5788675,191000",",000000000000000","-","","68277,184999999998","6304217,4600000009","9747,000000","327360,000000","3673,890000","631650,915000"
"2015","ES","Não-Metálicos","Saibro","52453,560000",",000000000000000","-","","10292","67100",",000000",",000000","42022,560000","114095,480000"
"2015","ES","Não-Metálicos","Areias Industriais","5267,480000",",000000000000000","-","","5267,4799999999996","86833,889999999999",",000000",",000000",",000000",",000000"
"2015","ES","Metálicos","Alumínio (Bauxita)",",000000",",000000000000000","t","Al2O3","0","0",",000000",",000000",",000000",",000000"
"2015","ES","Não-Metálicos","Areia","1627662,460000","488,000000000000000","-","","1567577,2900000003","21590397,330000002","10918,300000","78925,000000","27406,560000","58782,340000"
"2015","ES","Não-Metálicos","Calcário","2744333,831000",",000000000000000","-","","1999447,77","30709225,172000006","125,000000","592,500000","671803,419000","10836916,720000"
"2015","ES","Não-Metálicos","Rochas Ornamentais","2529942,148000",",000000000000000","-","","2211268,8149999999","498808842,13800013","17040,650000","2391363,870000","97167,831000","14220965,365000"
"2015","GO","Gemas e Diamantes","Diamante","80010,800000","11,000000000000000","ct","","10,800000000000001","8000",",000000",",000000",",000000",",000000"
"2015","GO","Não-Metálicos","Amianto","4275025,740000","229130,000000000000000","t","","0","0",",000000",",000000",",000000",",000000"
"2015","GO","Gemas e Diamantes","Gemas",",000000",",000000000000000","-","","0","0",",000000",",000000",",000000",",000000"
"2015","GO","Metálicos","Níquel","8854199,660000","122855,440000000000000","t"," Ni","0","0",",000000",",000000",",000000",",000000"
"2015","GO","Não-Metálicos","Rochas Ornamentais","18086,220000",",000000000000000","-","","10487,409999999996","1653769,73",",000000",",000000","7590,310000","1944433,020000"
"2015","GO","Metálicos","Cobalto","3563008,150000","3254,440000000000000","t","Co","0","0",",000000",",000000",",000000",",000000"
"2015","GO","Gemas e Diamantes","Gemas",",000000",",000000000000000","kg","","0","0",",000000",",000000",",000000",",000000"
"2015","GO","Não-Metálicos","Fosfato","10349630,760000","1373340,150000000000000","t","P2O5","0","0",",000000",",000000","216,980000","10493,150000"
"2015","GO","Não-Metálicos","Bário","5709636,760000","98841,320000000000000","t","BaSO4","0","0",",000000",",000000",",000000",",000000"
"2015","GO","Não-Metálicos","Dolomito e Magnesita","583440,000000",",000000000000000","-","","0","0",",000000",",000000",",000000",",000000"
"2015","GO","Não-Metálicos","Areias Industriais","13632,970000",",000000000000000","-","","0","0",",000000",",000000",",000000",",000000"
"2015","GO","Metálicos","Nióbio","5440587,550000","34670,350040000000000","t","Nb2O5","0","0",",000000",",000000",",000000",",000000"
"2015","GO","Metálicos","Ferro",",000000",",000000000000000","t","Fe","0","0",",000000",",000000",",000000",",000000"
"2015","GO","Metálicos","Titânio","56409,520000","47200,000000000000000","t","TiO2","11125,82","11125,82",",000000",",000000",",000000",",000000"
"2015","GO","Metálicos","Prata","20467951,510000","3757,532000000000000","kg","Ag","0","0",",000000",",000000",",000000",",000000"
"2015","GO","Não-Metálicos","Caulim","7221,270000",",000000000000000","-","","5700","113272,08",",000000",",000000","1521,270000","9888,260000"
"2015","GO","Não-Metálicos","Calcário","5863104,385100",",000000000000000","-","","11337","152790",",000000",",000000",",000000",",000000"
"2015","GO","Metálicos","Cobre","19959942,510000","76127,730000000000000","t","Cu","0","0",",000000",",000000",",000000",",000000"
"2015","GO","Não-Metálicos","Argilas","826672,460000",",000000000000000","-","","429282,29999999999","2744870,1699999999","1140,000000","4032,000000","388482,960000","4720009,940000"
"2015","GO","Não-Metálicos","Areia","2305787,270000",",000000000000000","-","","1331594,3799999999","23253725,210000001","1252,000000","20724,000000",",000000",",000000"
"2015","GO","Não-Metálicos","Talco e outras Cargas Minerais","32266,390000",",000000000000000","-","","0","0",",000000",",000000","31766,390000","291462,330000"
"2015","GO","Metálicos","Manganês","11200,000000","3360,000000000000000","t","Mn","0","0",",000000",",000000",",000000",",000000"
"2015","GO","Metálicos","Alumínio (Bauxita)","532230,720000","296682,550000000000000","t","Al2O3","0","0",",000000",",000000","15288,910000","397911,870000"
"2015","GO","Não-Metálicos","Rochas (Britadas) e Cascalho","6962108,544900",",000000000000000","-","","176155,85999999999","1244445,28","2670,000000","39060,000000",",000000",",000000"
"2015","GO","Não-Metálicos","Vermiculita e Perlita","341520,000000","143685,760000000000000","t","","0","0",",000000",",000000","3270,000000","23249,700000"
"2015","GO","Não-Metálicos","Rochas Ornamentais - Outras","15,000000",",000000000000000","-","","0","0",",000000",",000000",",000000",",000000"
"2015","GO","Metálicos","Ouro","22347992,720000","12550,213910000000000","kg","Au","0","0",",000000",",000000",",000000",",000000"
"2015","GO","Não-Metálicos","Saibro","31223,560000",",000000000000000","-","","2568,4000000000001","25004,240000000002",",000000",",000000",",000000",",000000"
"2015","MA","Não-Metálicos","Areia","1268728,110000",",000000000000000","-","","1223933,0800000001","16018555,190000001","15000,000000","112950,000000","2244,430000","21041,550000"
"2015","MA","Não-Metálicos","Saibro","18000,000000",",000000000000000","-","","18000","15000",",000000",",000000",",000000",",000000"
"2015","MA","Não-Metálicos","Argilas","1325567,460000",",000000000000000","-","","49208","462773,03999999998","34697,960000","125066,230000","679834,570000","5592724,540000"
"2015","MA","Não-Metálicos","Caulim","56879,000000",",000000000000000","-","","56879","1460652,72",",000000",",000000",",000000",",000000"
"2015","MA","Metálicos","Ouro","425919,080000","761,691470000000000","kg","Au","0","0",",000000",",000000",",000000",",000000"
"2015","MA","Não-Metálicos","Gipsita","386311,260000",",000000000000000","-","","368357,85999999999","13106597,559999999",",000000",",000000",",000000",",000000"
"2015","MA","Metálicos","Ferro",",000000",",000000000000000","t","Fe","0","0",",000000",",000000",",000000",",000000"
"2015","MA","Não-Metálicos","Rochas (Britadas) e Cascalho","3725942,300000",",000000000000000","-","","110583,64","3916647,21",",000000",",000000","5040,000000","100800,000000"
"2015","MA","Não-Metálicos","Calcário","483682,130000",",000000000000000","-","","234322,13","9431747,2599999998",",000000",",000000",",000000",",000000"
"2015","MG","Não-Metálicos","Rochas (Britadas) e Cascalho","17527130,634800",",000000000000000","-","","939316,94999999995","15716465,059999999","44801,200000","185382,730000","81735,000000","902837,450000"
"2015","MG","Não-Metálicos","Cianita e outros minerais refratários","80,000000",",000000000000000","-","","0","0",",000000",",000000",",000000",",000000"
"2015","MG","Metálicos","Cádmio",",000000",",000000000000000","t","Cd","0","0",",000000",",000000",",000000",",000000"
"2015","MG","Não-Metálicos","Dolomito e Magnesita","18,000000",",000000000000000","-","","0","0",",000000",",000000",",000000",",000000"
"2015","MG","Não-Metálicos","Rochas Ornamentais","1102923,080000",",000000000000000","-","","964341,27000000002","303285450,12","2133,340000","1203831,100000","115894,910000","27183194,690000"
"2015","MG","Não-Metálicos","Grafita","1406089,680000","81452,430000000000000","t","","0","0",",000000",",000000",",000000",",000000"
"2015","MG","Metálicos","Berílio","2348,500000","117,420000000000000","t","BeO","127,31999999999999","258560",",000000",",000000",",000000",",000000"
"2015","MG","Não-Metálicos","Calcário","45957534,165200",",000000000000000","-","","5095766,75","56877384,460000008","922517,670000","1191367,010000","4283687,670000","3918210,580000"
"2015","MG","Não-Metálicos","Potássio","3200,000000","384,000000000000000","t","K2O","0","0",",000000",",000000",",000000",",000000"
"2015","MG","Gemas e Diamantes","Diamante","358945,520000","45531,190000000000000","ct","","2842,1999999999998","4421011,8499999996","600,000000","12000,000000",",000000",",000000"
"2015","MG","Metálicos","Cromo",",000000",",000000000000000","t","Cr2O3","0","0",",000000",",000000",",000000",",000000"
"2015","MG","Não-Metálicos","Feldspato, Leucita e Nefelina-Sienito","68171,940000",",000000000000000","-","","71805,860000000001","14105562,18",",000000",",000000",",000000",",000000"
"2015","MG","Metálicos","Monazita e Terras-Raras",",000000",",000000000000000","t","ETR","0","0",",000000",",000000",",000000",",000000"
"2015","MG","Metálicos","Prata","48925865,590000","6903,247220000000000","kg","Ag","0","0",",000000",",000000",",000000",",000000"
"2015","MG","Não-Metálicos","Areias Industriais","760056,380000",",000000000000000","-","","96853,560000000012","5730627,9400000004",",000000",",000000","4403,330000","4403,000000"
"2015","MG","Metálicos","Titânio","15023764,860000","2254466,160000000000000","t","TiO2","0","0",",000000",",000000",",000000",",000000"
"2015","MG","Não-Metálicos","Saibro","289380,890000",",000000000000000","-","","121823,2","1381053,7",",000000",",000000","15475,000000","11606,250000"
"2015","MG","Não-Metálicos","Talco e outras Cargas Minerais","514001,970000",",000000000000000","-","","151741,35999999999","5745878,9700000007",",000000",",000000","32655,050000","1242472,820000"
"2015","MG","Metálicos","Ferro","440563389,380000","227947946,190000000000000","t","Fe","15842723,189999999","354724385,43000007",",000000",",000000",",000000",",000000"
"2015","MG","Não-Metálicos","Areia","5388605,380000",",000000000000000","-","","4857760,0500000007","87567205,189999998","7242,200000","85231,000000","13835,050000","154779,830000"
"2015","MG","Metálicos","Zinco","2362916,900000","187729,280000000000000","t","Zn","0","0",",000000",",000000",",000000",",000000"
"2015","MG","Metálicos","Chumbo","2072007,350000","12485,770000000000000","t","Pb","0","0",",000000",",000000",",000000",",000000"
"2015","MG","Não-Metálicos","Mica","1,460000",",000000000000000","-","","1,46","4562,5",",000000",",000000",",000000",",000000"
"2015","MG","Não-Metálicos","Rochas Ornamentais - Outras","42152,280000",",000000000000000","-","","40436,629999999997","10172709,27",",000000",",000000",",000000",",000000"
"2015","MG","Gemas e Diamantes","Gemas","14,640000",",000000000000000","-","","14,640000000000001","558711,53000000003",",000000",",000000",",000000",",000000"
"2015","MG","Não-Metálicos","Quartzo (Cristal) e outros Piezelétricos","13,700000",",000000000000000","-","","13,699999999999999","21100",",000000",",000000",",000000",",000000"
"2015","MG","Metálicos","Ouro","52294890,450000","32800,553460000000000","kg","Au","0","0",",000000",",000000",",000000",",000000"
"2015","MG","Metálicos","Níquel","49550,000000","719,290000000000000","t"," Ni","59432,510000000002","1559846,29",",000000",",000000",",000000",",000000"
"2015","MG","Não-Metálicos","Fosfato","18646644,720000","1775391,100000000000000","t","P2O5","0","0",",000000",",000000",",000000",",000000"
"2015","MG","Metálicos","Manganês","129666,940000","25228,950000000000000","t","Mn","42499,419999999998","4817404,46",",000000",",000000","7750,920000","498157,290000"
"2015","MG","Metálicos","Estanho","838068,440000","477699,010000000000000","kg","Sn","0","0",",000000",",000000",",000000",",000000"
"2015","MG","Não-Metálicos","Caulim","80274,680000",",000000000000000","-","","46654,680000000008","3460997,9200000004",",000000",",000000","13437,290000","330716,500000"
"2015","MG","Metálicos","Alumínio (Bauxita)","3546508,340000","1322757,950000000000000","t","Al2O3","707003,78999999992","19174667,270000003",",000000",",000000","204691,070000","11754652,030000"
"2015","MG","Metálicos","Nióbio","4489246,000000","114978,120000000000000","t","Nb2O5","0","0",",000000",",000000",",000000",",000000"
"2015","MG","Não-Metálicos","Minerais Industriais (Outros)",",000000",",000000000000000","t","","0","0",",000000",",000000",",000000",",000000"
"2015","MG","Gemas e Diamantes","Gemas","199873,820000","21127,643690000000000","kg","","1554,9000000000001","24492211,800000001",",000000",",000000","22,440000","37229,220000"
"2015","MG","Metálicos","Lítio","32338,000000","411,000000000000000","t","Li2O","0","0",",000000",",000000",",000000",",000000"
"2015","MG","Metálicos","Zircônio",",000000",",000000000000000","t","ZrSiO4","0","0",",000000",",000000",",000000",",000000"
"2015","MG","Não-Metálicos","Argilas","3168589,770000",",000000000000000","-","","1112845,8700000001","14309104,43","245633,230000","3279813,130000","1078270,140000","13063886,980000"
"2015","MG","Não-Metálicos","Bário","4489246,000000","834821,800000000000000","t","BaSO4","0","0",",000000",",000000",",000000",",000000"
"2015","MG","Metálicos","Columbita-Tantalita","837180,440000","560,910900000000000","t","Ta2O5","0","0",",000000",",000000",",000000",",000000"
"2015","MS","Metálicos","Manganês","928559,000000","390087,640000000000000","t","Mn","0","0",",000000",",000000",",000000",",000000"
"2015","MS","Não-Metálicos","Rochas Ornamentais","20,000000",",000000000000000","-","","0","0",",000000",",000000",",000000",",000000"
"2015","MS","Não-Metálicos","Dolomito e Magnesita","1011003,700000",",000000000000000","-","","0","0",",000000",",000000",",000000",",000000"
"2015","MS","Metálicos","Ferro","8581927,780000","5212328,470000000000000","t","Fe","0","0",",000000",",000000",",000000",",000000"
"2015","MS","Não-Metálicos","Saibro","292002,860000",",000000000000000","-","","291998,73999999999","1580925,71",",000000",",000000",",000000",",000000"
"2015","MS","Não-Metálicos","Areia","2687003,030000",",000000000000000","-","","2227597,2799999998","28977391,270000003","1650,000000","14550,000000","262,000000","3500,000000"
"2015","MS","Não-Metálicos","Talco e outras Cargas Minerais","286163,000000",",000000000000000","-","","0","0",",000000",",000000",",000000",",000000"
"2015","MS","Não-Metálicos","Argilas","493439,140000",",000000000000000","-","","204704,29000000001","1656149,9299999999",",000000",",000000","1646,000000","20875,750000"
"2015","MS","Não-Metálicos","Rochas (Britadas) e Cascalho","5034691,990000",",000000000000000","-","","595806,26000000001","7468504,8500000015","750,000000","6000,000000","19789,600000","121559,000000"
"2015","MS","Não-Metálicos","Calcário","2611033,280000",",000000000000000","-","","53372,839999999997","1818887,0700000001",",000000",",000000",",000000",",000000"
"2015","MT","Não-Metálicos","Quartzo (Cristal) e outros Piezelétricos","5402,170000",",000000000000000","-","","0,67999999999999994","1270",",000000",",000000",",000000",",000000"
"2015","MT","Gemas e Diamantes","Diamante","53040,500000","15806,550000000000000","ct","","0","0",",000000",",000000",",000000",",000000"
"2015","MT","Não-Metálicos","Talco e outras Cargas Minerais","15371,350000",",000000000000000","-","","0","0",",000000",",000000","15371,350000","317077,820000"
"2015","MT","Não-Metálicos","Areia","1608794,580000",",000000000000000","-","","1410379,4899999991","26795516,140000001",",000000","75970,300000",",000000","75970,300000"
"2015","MT","Metálicos","Ouro","4540479,660000","3873,635520000000000","kg","Au","0","0",",000000",",000000",",000000",",000000"
"2015","MT","Metálicos","Manganês","36469,840000","16105,690000000000000","t","Mn","0","0",",000000",",000000","9261,040000","832493,600000"
"2015","MT","Não-Metálicos","Geodos, Ágatas, Calcedônia, etc",",000000",",000000000000000","t","","0","0",",000000",",000000",",000000",",000000"
"2015","MT","Não-Metálicos","Areias Industriais","1,130000",",000000000000000","-","","1,1299999999999999","4545",",000000",",000000",",000000",",000000"
"2015","MT","Não-Metálicos","Calcário","8518232,800000",",000000000000000","-","","346,69999999999999","8961,5",",000000",",000000","105812,270000","6195411,580000"
"2015","MT","Não-Metálicos","Dolomito e Magnesita","727200,000000",",000000000000000","-","","0","0",",000000",",000000",",000000",",000000"
"2015","MT","Não-Metálicos","Rochas (Britadas) e Cascalho","3087967,740000",",000000000000000","-","","587345,85000000009","5656433,2000000002","4211,680000","40255,840000",",000000",",000000"
"2015","MT","Não-Metálicos","Argilas","1237988,900000",",000000000000000","-","","45495,080000000002","230775,08000000002","5416,750000","54101,500000","242617,260000","4039338,330000"
"2015","PA","Metálicos","Níquel","1023905,290000","21808,840000000000000","t"," Ni","0","0",",000000",",000000",",000000",",000000"
"2015","PA","Não-Metálicos","Gipsita","12183,370000",",000000000000000","-","","12183,370000000001","548251,65000000002",",000000",",000000",",000000",",000000"
"2015","PA","Metálicos","Ouro","57547517,340000","19743,993670000000000","kg","Au","0","0",",000000",",000000",",000000",",000000"
"2015","PA","Metálicos","Alumínio (Bauxita)","45190364,280000","21622680,060000000000000","t","Al2O3","0","0",",000000",",000000",",000000",",000000"
"2015","PA","Não-Metálicos","Calcário","1656090,140000",",000000000000000","-","","1131128,9300000002","41629334,979999997",",000000",",000000",",000000",",000000"
"2015","PA","Metálicos","Manganês","3207023,600000","1113813,510000000000000","t","Mn","0","0",",000000",",000000",",000000",",000000"
"2015","PA","Não-Metálicos","Saibro","98732,730000",",000000000000000","-","","71018,729999999996","539901,92999999993",",000000",",000000","27714,000000","127200,000000"
"2015","PA","Metálicos","Estanho","2667164,120000","1933520,400000000000000","kg","Sn","0","0",",000000",",000000",",000000",",000000"
"2015","PA","Não-Metálicos","Argilas","617595,280000",",000000000000000","-","","229048,87999999998","3816557,4300000002","370,000000","370,000000","342148,220000","6346025,660000"
"2015","PA","Não-Metálicos","Fosfato","38260,380000","8440,000000000000000","t","P2O5","0","0",",000000",",000000",",000000",",000000"
"2015","PA","Não-Metálicos","Rochas Ornamentais",",000000",",000000000000000","-","","0","0",",000000",",000000",",000000",",000000"
"2015","PA","Não-Metálicos","Areias Industriais","114201,090000",",000000000000000","-","","22499,959999999999","499578,47999999998",",000000",",000000",",000000",",000000"
"2015","PA","Não-Metálicos","Rochas (Britadas) e Cascalho","2942980,610000",",000000000000000","-","","277877,80999999994","3683420,1299999999",",000000",",000000",",000000",",000000"
"2015","PA","Metálicos","Cobre","57368928,410000","394192,020000000000000","t","Cu","0","0",",000000",",000000",",000000",",000000"
"2015","PA","Gemas e Diamantes","Diamante","4000,000000","6960,320000000000000","ct","","4000","400000",",000000",",000000",",000000",",000000"
"2015","PA","Metálicos","Prata","111751,000000","497,292000000000000","kg","Ag","0","0",",000000",",000000",",000000",",000000"
"2015","PA","Não-Metálicos","Areia","773787,680000",",000000000000000","-","","599330,58000000007","6914867,0099999998","15336,000000","104938,200000","159090,000000","1279760,000000"
"2015","PA","Gemas e Diamantes","Gemas","372,860000","298269,600000000000000","kg","","0","0",",000000",",000000",",000000",",000000"
"2015","PA","Não-Metálicos","Caulim","3768544,760000",",000000000000000","-","","145810,51999999999","5823672,2699999996",",000000",",000000",",000000",",000000"
"2015","PA","Metálicos","Tungstênio","197025,960000","80,980000000000000","t","WO3","0","0",",000000",",000000",",000000",",000000"
"2015","PA","Metálicos","Ferro","140918873,630000","91748643,200000000000000","t","Fe","0","0",",000000",",000000",",000000",",000000"
"2015","PB","Não-Metálicos","Rochas (Britadas) e Cascalho","1941276,700000",",000000000000000","-","","1815","30593,080000000002",",000000",",000000","24398,010000","731940,300000"
"2015","PB","Não-Metálicos","Cianita e outros minerais refratários","2056,530000",",000000000000000","-","","0","0",",000000",",000000",",000000",",000000"
"2015","PB","Não-Metálicos","Feldspato, Leucita e Nefelina-Sienito","158162,360000",",000000000000000","-","","11761,1","3053866,8900000001",",000000",",000000",",000000",",000000"
"2015","PB","Não-Metálicos","Areias Industriais","13415479,420000",",000000000000000","-","","3787","242366,20000000001",",000000",",000000","104555,200000","808505,000000"
"2015","PB","Metálicos","Titânio","281872,340000","66345,940000000000000","t","TiO2","0","0",",000000",",000000",",000000",",000000"
"2015","PB","Não-Metálicos","Mica","1763,000000",",000000000000000","-","","1618,0799999999999","88094,330000000002",",000000",",000000","77,130000","69934,780000"
"2015","PB","Metálicos","Zircônio","13139904,000000","14000,440000000000000","t","ZrSiO4","0","0",",000000",",000000",",000000",",000000"
"2015","PB","Não-Metálicos","Saibro","1473,600000",",000000000000000","-","","1473,6000000000001","14591,01",",000000",",000000",",000000",",000000"
"2015","PB","Metálicos","Tungstênio",",000000",",000000000000000","t","WO3","0","0",",000000",",000000",",000000",",000000"
"2015","PB","Não-Metálicos","Areia","1044072,710000",",000000000000000","-","","1043189,6100000001","9377468,9800000004",",000000",",000000",",000000",",000000"
"2015","PB","Não-Metálicos","Vermiculita e Perlita","174999,990000","1000,000000000000000","t","","174999,98999999999","5348521,7000000002",",000000",",000000",",000000",",000000"
"2015","PB","Não-Metálicos","Rochas Ornamentais - Outras","75658,710000",",000000000000000","-","","75658,709999999992","955952,06999999995",",000000",",000000",",000000",",000000"
"2015","PB","Não-Metálicos","Argilas","815351,460000",",000000000000000","-","","343603,97999999998","7466161,3100000005","7040,000000","35200,000000","41064,570000","147092,480000"
"2015","PB","Não-Metálicos","Caulim","955,000000",",000000000000000","-","","955","144969",",000000",",000000",",000000",",000000"
"2015","PB","Não-Metálicos","Rochas Ornamentais","22586,150000",",000000000000000","-","","21673,540000000001","10225748,359999999","885,000000",",040000","133,120000","15242,700000"
"2015","PB","Metálicos","Columbita-Tantalita","2000,000000","2,000000000000000","t","Ta2O5","0","0",",000000",",000000",",000000",",000000"
"2015","PB","Não-Metálicos","Calcário","3654635,610000",",000000000000000","-","","868202,74000000011","14550536,110000001",",000000",",000000","19176,620000","955001,000000"
"2015","PE","Não-Metálicos","Dolomito e Magnesita","277,300000",",000000000000000","-","","0","0",",000000",",000000",",000000",",000000"
"2015","PE","Não-Metálicos","Caulim",",000000",",000000000000000","-","","0","0",",000000",",000000",",000000",",000000"
"2015","PE","Não-Metálicos","Rochas (Britadas) e Cascalho","4719699,720000",",000000000000000","-","","93","2480",",000000",",000000",",000000",",000000"
"2015","PE","Não-Metálicos","Gipsita","2614814,040000",",000000000000000","-","","1635683,2300000002","38685606,93999999",",000000",",010000","11988,260000","1254316,900000"
"2015","PE","Não-Metálicos","Saibro","457612,430000",",000000000000000","-","","33653,43","92655,87999999999",",000000",",000000","423959,000000","405617,000000"
"2015","PE","Não-Metálicos","Calcário","371589,120000",",000000000000000","-","","241423,76000000001","7156648,2599999998","620,000000","2920,000000","46733,380000","395684,900000"
"2015","PE","Não-Metálicos","Argilas","629531,230000",",000000000000000","-","","645536,03999999992","4079482,75","16130,190000","62462,850000","52157,000000","207096,820000"
"2015","PE","Não-Metálicos","Rochas Ornamentais","11604,690000",",000000000000000","-","","9752,630000000001","10875366,43",",000000",",000000",",000000",",000000"
"2015","PE","Não-Metálicos","Areias Industriais","155084,680000",",000000000000000","-","","8248,6800000000003","51471,68",",000000",",000000",",000000",",000000"
"2015","PE","Não-Metálicos","Areia","785908,760000",",000000000000000","-","","713919,34999999998","5126134,5599999996",",000000",",000000","23165,600000","183008,240000"
"2015","PE","Não-Metálicos","Fosfato",",000000",",000000000000000","t","P2O5","0","0",",000000",",000000",",000000",",000000"
"2015","PE","Metálicos","Titânio",",000000",",000000000000000","t","TiO2","0","0",",000000",",000000",",000000",",000000"
"2015","PE","Não-Metálicos","Vermiculita e Perlita","2064,000000","913,940000000000000","t","","0","0",",000000",",000000",",000000",",000000"
"2015","PI","Não-Metálicos","Calcário","844014,540000",",000000000000000","-","","537705","6721312,8700000001","3102,000000","235660,000000",",000000",",000000"
"2015","PI","Não-Metálicos","Saibro","73168,090000",",000000000000000","-","","53998,089999999997","514489,25",",000000",",000000",",000000",",000000"
"2015","PI","Não-Metálicos","Areia","261565,610000",",000000000000000","-","","247502,07999999999","3715603,6100000003",",000000",",000000","11992,640000","77567,020000"
"2015","PI","Não-Metálicos","Dolomito e Magnesita","4472,190000",",000000000000000","-","","0","0",",000000",",000000",",000000",",000000"
"2015","PI","Não-Metálicos","Gipsita",",000000",",000000000000000","-","","0","0",",000000",",000000",",000000",",000000"
"2015","PI","Metálicos","Ouro",",000000",",000000000000000","kg","Au","0","0",",000000",",000000",",000000",",000000"
"2015","PI","Gemas e Diamantes","Gemas",",140000",",000140000000000","kg","","0,14000000000000001","21000",",000000",",000000",",000000",",000000"
"2015","PI","Não-Metálicos","Argilas","396834,030000",",000000000000000","-","","190527,35000000001","1124284,6000000001","61201,530000","679632,500000","118629,090000","2113586,930000"
"2015","PI","Não-Metálicos","Rochas Ornamentais","21998,050000",",000000000000000","-","","7117,2299999999996","844299",",000000",",000000","14688,280000","560727,470000"
"2015","PI","Gemas e Diamantes","Diamante",",000000",",000000000000000","ct","","0","0",",000000",",000000",",000000",",000000"
"2015","PI","Não-Metálicos","Rochas (Britadas) e Cascalho","852418,560000",",000000000000000","-","","191593,32000000001","2565780,3300000001","4707,750000","77260,000000",",000000",",000000"
"2015","PR","Não-Metálicos","Caulim","114367,420000",",000000000000000","-","","84315,740000000005","5431789,0699999994",",000000",",000000","27150,280000","580376,750000"
"2015","PR","Não-Metálicos","Rochas (Britadas) e Cascalho","20105817,522000",",000000000000000","-","","652796,73499999999","4922859,9000000004","162290,840000","1538660,960000","421546,500000","1415509,890000"
"2015","PR","Metálicos","Chumbo",",000000",",000000000000000","t","Pb","0","0",",000000",",000000",",000000",",000000"
"2015","PR","Metálicos","Prata","62236,500000","63,667650000000000","kg","Ag","0","0",",000000",",000000",",000000",",000000"
"2015","PR","Não-Metálicos","Saibro","1934492,720000",",000000000000000","-","","1902492,7999999998","25345633,120000001","229,500000","1145,000000","24218,000000","88285,000000"
"2015","PR","Energéticos","Carvão Mineral","362305,350000",",000000000000000","-","","0","0",",000000",",000000",",000000",",000000"
"2015","PR","Não-Metálicos","Calcário","14401044,478000",",000000000000000","-","","2014311,8999999999","36111767,029999986",",120000","475552,000000","688656,110000","7004875,310000"
"2015","PR","Não-Metálicos","Areia","9259965,820000",",000000000000000","-","","6736010,6600000001","118323626,13999999",",000000",",000000","65399,120000","1464946,860000"
"2015","PR","Não-Metálicos","Talco e outras Cargas Minerais","300244,770000",",000000000000000","-","","193425,79999999999","12167797,949999999",",000000",",000000","18515,400000","1303293,760000"
"2015","PR","Metálicos","Zinco",",000000",",000000000000000","t","Zn","0","0",",000000",",000000",",000000",",000000"
"2015","PR","Não-Metálicos","Argilas","1499920,760000",",000000000000000","-","","362688,49000000005","6488701,9499999993","1500,000000","15000,000000","483953,670000","4047143,780000"
"2015","PR","Não-Metálicos","Rochas Ornamentais","14170,230000",",000000000000000","-","","3205","256978",",000000",",000000","1756,080000","354622,780000"
"2015","PR","Não-Metálicos","Bário",",000000","1,000000000000000","t","BaSO4","0","0",",000000",",000000",",000000",",000000"
"2015","PR","Não-Metálicos","Dolomito e Magnesita","2756595,380000",",000000000000000","-","","1236910,4750000001","3969389,6499999994","987682,040000","4124198,050000","252986,950000","2296447,700000"
"2015","PR","Gemas e Diamantes","Gemas","10083,800000","1000000,000000000000000","kg","","0","0",",000000",",000000","10083,800000","193887,200000"
"2015","PR","Não-Metálicos","Fluorita e Criolita","58357,370000","26196,620000000000000","t","","0","0",",000000",",000000",",000000",",000000"
"2015","PR","Não-Metálicos","Feldspato, Leucita e Nefelina-Sienito","215979,690000",",000000000000000","-","","0","0",",000000",",000000","123534,000000","7816276,000000"
"2015","PR","Metálicos","Ouro","62236,500000","353,579570000000000","kg","Au","0","0",",000000",",000000",",000000",",000000"
"2015","PR","Não-Metálicos","Rochas Ornamentais - Outras","3886,000000",",000000000000000","-","","3171","145579",",000000",",000000","700,000000","245000,000000"
"2015","PR","Não-Metálicos","Areias Industriais","70366,550000",",000000000000000","-","","12773,959999999999","326206",",000000",",000000","26011,000000","452568,290000"
"2015","RJ","Metálicos","Titânio",",000000",",000000000000000","t","TiO2","0","0",",000000",",000000",",000000",",000000"
"2015","RJ","Metálicos","Alumínio (Bauxita)",",000000",",000000000000000","t","Al2O3","0","0",",000000",",000000",",000000",",000000"
"2015","RJ","Não-Metálicos","Fluorita e Criolita","4060,000000","4060,000000000000000","t","","0","0",",000000",",000000",",000000",",000000"
"2015","RJ","Não-Metálicos","Rochas (Britadas) e Cascalho","23358652,400000",",000000000000000","-","","11704,5","465994",",000000",",000000",",000000",",000000"
"2015","RJ","Não-Metálicos","Rochas Ornamentais - Outras","26415,100000",",000000000000000","-","","25887,169999999998","2237243,9300000002",",000000",",000000",",000000",",000000"
"2015","RJ","Não-Metálicos","Areia","7902354,090000",",000000000000000","-","","7638638,6399999997","122811367,66","2017,940000","50448,500000","777,100000","4090,000000"
"2015","RJ","Não-Metálicos","Saibro","3182565,000000",",000000000000000","-","","3175274,9399999995","11301285,209999999","2437,500000","1132,500000","4850,820000","4875,810000"
"2015","RJ","Não-Metálicos","Feldspato, Leucita e Nefelina-Sienito",",000000",",000000000000000","-","","0","0",",000000",",000000",",000000",",000000"
"2015","RJ","Não-Metálicos","Calcário","3096789,450000",",000000000000000","-","","0","0",",000000",",000000",",000000",",000000"
"2015","RJ","Metálicos","Monazita e Terras-Raras",",000000",",000000000000000","t","ETR","0","0",",000000",",000000",",000000",",000000"
"2015","RJ","Não-Metálicos","Rochas Ornamentais",",000000",",000000000000000","-","","0","0",",000000",",000000",",000000",",000000"
"2015","RJ","Metálicos","Zircônio",",000000",",000000000000000","t","ZrSiO4","0","0",",000000",",000000",",000000",",000000"
"2015","RJ","Não-Metálicos","Areias Industriais","23743,590000",",000000000000000","-","","0","0",",000000",",000000",",000000",",000000"
"2015","RJ","Não-Metálicos","Argilas","1675125,730000",",000000000000000","-","","153848,85000000001","615177,40000000002","87317,500000","174527,000000","1310068,010000","4160765,450000"
"2015","RN","Não-Metálicos","Areia","177205,830000",",000000000000000","-","","177205,82999999999","1114505,3300000001",",000000",",000000",",000000",",000000"
"2015","RN","Não-Metálicos","Talco e outras Cargas Minerais","33688,000000",",000000000000000","-","","20782","389648,5",",000000",",000000",",000000",",000000"
"2015","RN","Não-Metálicos","Feldspato, Leucita e Nefelina-Sienito","10182,010000",",000000000000000","-","","0","0",",000000",",000000",",000000",",000000"
"2015","RN","Metálicos","Tungstênio","51003,220000","288,940000000000000","t","WO3","0","0",",000000",",000000",",000000",",000000"
"2015","RN","Não-Metálicos","Rochas Ornamentais","74117,010000",",000000000000000","-","","52376,229999999996","32795630,59",",000000",",000000","9757,220000","1478388,900000"
"2015","RN","Não-Metálicos","Minerais Industriais (Outros)",",140000",",000000100000000","t","","0,14000000000000001","224000",",000000",",000000",",000000",",000000"
"2015","RN","Não-Metálicos","Rochas (Britadas) e Cascalho","811397,590000",",000000000000000","-","","0","0",",000000",",000000",",000000",",000000"
"2015","RN","Não-Metálicos","Mica",",000000",",000000000000000","-","","0","0",",000000",",000000",",000000",",000000"
"2015","RN","Metálicos","Ferro","67049,590000","39818,330000000000000","t","Fe","41778,849999999999","2768167,98",",000000",",000000",",000000",",000000"
"2015","RN","Não-Metálicos","Saibro","18000,000000",",000000000000000","-","","18000","108000",",000000",",000000",",000000",",000000"
"2015","RN","Não-Metálicos","Rochas Ornamentais - Outras","299,100000",",000000000000000","-","","0","0",",000000",",000000",",000000",",000000"
"2015","RN","Não-Metálicos","Calcário","2159285,910000",",000000000000000","-","","494288,17999999999","11343639,050000001",",000000",",000000","1552973,000000","17630503,800000"
"2015","RN","Não-Metálicos","Argilas","165918,350000",",000000000000000","-","","137000","713000","3002,000000","21002,000000","16238,000000","114709,420000"
"2015","RN","Gemas e Diamantes","Gemas","512,000000",",000000000000000","kg","","0","0",",000000",",000000",",000000",",000000"
"2015","RN","Não-Metálicos","Caulim","47305,000000",",000000000000000","-","","47305","718725",",000000",",000000",",000000",",000000"
"2015","RN","Não-Metálicos","Diatomita","304,000000",",000000000000000","-","","277","42765",",000000",",000000",",000000",",000000"
"2015","RN","Não-Metálicos","Areias Industriais",",000000",",000000000000000","-","","0","0",",000000",",000000",",000000",",000000"
"2015","RN","Não-Metálicos","Gipsita","3430,290000",",000000000000000","-","","3430,29","110798,37",",000000",",000000",",000000",",000000"
"2015","RN","Metálicos","Ouro","2947,000000","18,248590000000000","kg","Au","0","0",",000000",",000000",",000000",",000000"
"2015","RN","Metálicos","Columbita-Tantalita","2170,000000","2,170000000000000","t","Ta2O5","0","0",",000000",",000000",",000000",",000000"
"2015","RO","Não-Metálicos","Rochas (Britadas) e Cascalho","1271436,940000",",000000000000000","-","","143515,70999999999","1653683,5999999999",",000000",",000000",",000000",",000000"
"2015","RO","Não-Metálicos","Argilas","235290,110000",",000000000000000","-","","42486,969999999994","467961,75","13866,000000","147730,000000","177457,140000","2822362,020000"
"2015","RO","Metálicos","Columbita-Tantalita","743150,400000","10,244000000000000","t","Ta2O5","0","0",",000000",",000000",",000000",",000000"
"2015","RO","Não-Metálicos","Rochas Ornamentais","1629,370000",",000000000000000","-","","1629,3699999999999","733213,80000000005",",000000",",000000",",000000",",000000"
"2015","RO","Metálicos","Estanho","8708801,880000","5251496,660000000000000","kg","Sn","0","0",",000000",",000000",",000000",",000000"
"2015","RO","Metálicos","Manganês","85706,150000","25711,840000000000000","t","Mn","0","0",",000000",",000000",",000000",",000000"
"2015","RO","Não-Metálicos","Calcário","332812,000000",",000000000000000","-","","0","0",",000000",",000000",",000000",",000000"
"2015","RO","Não-Metálicos","Saibro","3900,000000",",000000000000000","-","","3900","50630",",000000",",000000",",000000",",000000"
"2015","RO","Metálicos","Columbita-Tantalita","1145164,850000","254,449000000000000","t","Nb2O5","0","0",",000000",",000000",",000000",",000000"
"2015","RO","Metálicos","Ouro",",000000",",000000000000000","kg","Au","0","0",",000000",",000000",",000000",",000000"
"2015","RO","Gemas e Diamantes","Gemas","115030,000000","1882,550000000000000","kg","","0","0",",000000",",000000",",000000",",000000"
"2015","RO","Não-Metálicos","Areia","308196,230000",",000000000000000","-","","281522,12","7492994,1099999994",",000000",",000000",",000000",",000000"
"2015","RR","Não-Metálicos","Rochas (Britadas) e Cascalho","263033,640000",",000000000000000","-","","111506,95999999999","497042,81999999995",",000000",",000000","6250,000000","64150,000000"
"2015","RR","Não-Metálicos","Argilas","262019,900000",",000000000000000","-","","261019,89999999999","1949827,1000000001",",000000",",000000",",000000",",000000"
"2015","RR","Não-Metálicos","Areia","88776,910000",",000000000000000","-","","87596,910000000003","1020257,1899999999",",000000",",000000","1180,000000","8260,000000"
"2015","RS","Não-Metálicos","Calcário","4592666,130000",",000000000000000","-","","722579,47999999998","7229434,7999999998",",000000",",000000",",000000",",000000"
"2015","RS","Não-Metálicos","Areias Industriais","11845,310000",",000000000000000","-","","0","0",",000000",",000000",",000000",",000000"
"2015","RS","Não-Metálicos","Areia","12103172,510000",",000000000000000","-","","12078713,58","123837545,90000001","16415,200000","86812,000000","800,000000","100,000000"
"2015","RS","Não-Metálicos","Geodos, Ágatas, Calcedônia, etc","14459,690000","14459,690000000000000","t","","14440,289999999983","47243957,00999999",",000000",",000000",",000000",",000000"
"2015","RS","Não-Metálicos","Rochas Ornamentais - Outras","629552,280000",",000000000000000","-","","526089,64999999991","28600248,110000003","24,000000","2400,000000","85033,800000","405087,170000"
"2015","RS","Não-Metálicos","Caulim","286672,390000",",000000000000000","-","","205021,93000000002","6574890,2700000005",",000000",",000000","34803,490000","526841,090000"
"2015","RS","Não-Metálicos","Saibro","2795627,180000",",000000000000000","-","","1835955,53","15374279,529999997","111061,500000","501034,010000","840788,890000","4174388,910000"
"2015","RS","Não-Metálicos","Argilas","2094481,790000",",000000000000000","-","","815810,60999999999","8176610,9799999995","38114,210000","202668,940000","1203983,650000","4034586,010000"
"2015","RS","Energéticos","Carvão Mineral","5476283,700000",",000000000000000","-","","0","0",",000000",",000000",",000000",",000000"
"2015","RS","Não-Metálicos","Rochas Ornamentais","9118,390000",",000000000000000","-","","8757,3899999999994","4486389,0699999994",",000000",",000000",",000000",",000000"
"2015","RS","Não-Metálicos","Rochas (Britadas) e Cascalho","18494144,670000",",000000000000000","-","","124690","1470313,1000000001","30325,300000","95172,780000","215384,110000","878749,750000"
"2015","SC","Não-Metálicos","Rochas Ornamentais - Outras","46826,980000",",000000000000000","-","","46124,5","2242663,2999999998",",000000",",000000",",000000",",000000"
"2015","SC","Metálicos","Alumínio (Bauxita)","9000,000000","4050,000000000000000","t","Al2O3","9000","180000",",000000",",000000",",000000",",000000"
"2015","SC","Não-Metálicos","Calcário","2590056,180000",",000000000000000","-","","0","0",",000000",",000000","16937,280000","1635379,000000"
"2015","SC","Não-Metálicos","Areia","6157905,320000",",000000000000000","-","","5923274,5999999996","95246195,039999992","39882,200000","411313,000000","106097,020000","1934980,140000"
"2015","SC","Não-Metálicos","Feldspato, Leucita e Nefelina-Sienito","145826,050000",",000000000000000","-","","3179,6799999999998","31848,189999999999",",000000",",000000",",000000",",000000"
"2015","SC","Não-Metálicos","Rochas Ornamentais","321174,250000",",000000000000000","-","","320292,52999999991","3772860,5100000007","18,850000","1462,500000",",000000",",000000"
"2015","SC","Não-Metálicos","Saibro","2882209,950000",",000000000000000","-","","1809677,3100000001","11454391,68","250183,860000","1258694,080000","327988,960000","1707894,030000"
"2015","SC","Não-Metálicos","Areias Industriais","1205292,410000",",000000000000000","-","","25518,720000000001","1072200,9199999999",",000000",",000000",",000000",",000000"
"2015","SC","Não-Metálicos","Argilas","3844207,510000",",000000000000000","-","","2987517,6400000006","29603426,439999998","64118,970000","308024,540000","588565,400000","6764521,050000"
"2015","SC","Não-Metálicos","Caulim","311907,010000",",000000000000000","-","","235838,95999999999","16419918,120000001",",000000",",000000","57625,450000","1091766,130000"
"2015","SC","Energéticos","Carvão Mineral","7121818,440000",",000000000000000","-","","10171,030000000001","1572993,6100000001",",000000",",000000",",000000",",000000"
"2015","SC","Não-Metálicos","Rochas (Britadas) e Cascalho","18096101,490000",",000000000000000","-","","794087,38","7127688,3899999997","29418,640000","152703,720000","690568,870000","7923135,330000"
"2015","SC","Energéticos","Turfa","70858,320000",",000000000000000","-","","6874,5399999999991","444686,49000000005",",000000",",000000",",000000",",000000"
"2015","SC","Não-Metálicos","Minerais Industriais (Outros)","400,000000",",000037420000000","t","","0","0",",000000",",000000",",000000",",000000"
"2015","SE","Não-Metálicos","Argilas","1360882,310000",",000000000000000","-","","759820,63","2180558,04","5000,000000","12700,000000","444449,060000","3970595,210000"
"2015","SE","Não-Metálicos","Rochas Ornamentais - Outras","34917,960000",",000000000000000","-","","34917,959999999999","351827,44",",000000",",000000","34917,960000","351827,440000"
"2015","SE","Não-Metálicos","Dolomito e Magnesita",",000000",",000000000000000","-","","0","0",",000000",",000000",",000000",",000000"
"2015","SE","Não-Metálicos","Calcário","4307492,670000",",000000000000000","-","","173140,56","584670,56000000006",",000000",",000000",",000000",",000000"
"2015","SE","Metálicos","Ferro",",000000",",000000000000000","t","Fe","0","0",",000000",",000000",",000000",",000000"
"2015","SE","Não-Metálicos","Potássio","2247180,960000","576401,000000000000000","t","K2O","0","0",",000000",",000000",",000000",",000000"
"2015","SE","Não-Metálicos","Areia","497708,040000",",000000000000000","-","","490324,56000000011","2926357,2799999998",",000000",",000000","7380,480000","528165,000000"
"2015","SE","Não-Metálicos","Talco e outras Cargas Minerais","20860,000000",",000000000000000","-","","800","3200",",000000",",000000","15888,940000","395261,020000"
"2015","SE","Não-Metálicos","Areias Industriais","5848,450000",",000000000000000","-","","5848,4499999999998","18798,580000000002",",000000",",000000",",000000",",000000"
"2015","SE","Não-Metálicos","Rochas (Britadas) e Cascalho","955039,810000",",000000000000000","-","","397275,14000000001","1597137,23",",000000",",000000","17500,000000","2300,000000"
"2015","SE","Não-Metálicos","Saibro",",000000",",000000000000000","-","","0","0",",000000",",000000",",000000",",000000"
"2015","SP","Não-Metálicos","Areia","31896031,430000",",000000000000000","-","","19603602,740000002","365208855,50999993","1086,470000","12261,860000","85491,750000","663515,930000"
"2015","SP","Não-Metálicos","Caulim","127686,790000",",000000000000000","-","","14696,200000000001","214069,75",",000000",",000000","8056,000000","33880,000000"
"2015","SP","Não-Metálicos","Areias Industriais","4663109,950000",",000000000000000","-","","9075,6000000000004","240000,26999999999",",000000",",000000",",000000",",000000"
"2015","SP","Energéticos","Turfa","64398,540000",",000000000000000","-","","28129,540000000001","3257773,25",",000000",",000000",",000000",",000000"
"2015","SP","Não-Metálicos","Minerais Industriais (Outros)",",000000",",000000000000000","t","","0","0",",000000",",000000",",000000",",000000"
"2015","SP","Metálicos","Ferro","4885668,630000","341996,800000000000000","t","Fe","0","0",",000000",",000000",",000000",",000000"
"2015","SP","Não-Metálicos","Rochas (Britadas) e Cascalho","72986801,890000",",000000000000000","-","","896857,03000000003","9911888,910000002",",000000",",000000","22200,000000","963342,890000"
"2015","SP","Não-Metálicos","Rochas Ornamentais - Outras","2757,670000",",000000000000000","-","","2757,6700000000001","207996",",000000",",000000",",000000",",000000"
"2015","SP","Não-Metálicos","Rochas Ornamentais","26692,230000",",000000000000000","-","","26620,730000000003","4475670,1899999995",",000000",",000000",",000000",",000000"
"2015","SP","Não-Metálicos","Saibro","243941,120000",",000000000000000","-","","243694,01000000001","2778331,9900000002","1065,000000","1065,000000",",000000",",000000"
"2015","SP","Metálicos","Estanho","1358,000000","27160,000000000000000","kg","Sn","0","0",",000000",",000000",",000000",",000000"
"2015","SP","Não-Metálicos","Calcário","4885668,630000","3908534,900000000000000","t","","0","0",",000000",",000000",",000000",",000000"
"2015","SP","Não-Metálicos","Talco e outras Cargas Minerais","810260,370000",",000000000000000","-","","134111,43000000002","5337203,5500000007",",000000",",000000","1543,450000","17913,750000"
"2015","SP","Não-Metálicos","Argilas","14677737,920000",",000000000000000","-","","11664020,51","120425671,92000002","247056,470000","1848993,670000","2029146,290000","10138523,310000"
"2015","SP","Não-Metálicos","Feldspato, Leucita e Nefelina-Sienito","1482,540000",",000000000000000","-","","0","0",",000000",",000000",",000000",",000000"
"2015","SP","Metálicos","Zircônio",",000000",",000000000000000","t","ZrSiO4","0","0",",000000",",000000",",000000",",000000"
"2015","SP","Não-Metálicos","Fosfato","5127839,750000","258713,740000000000000","t","P2O5","0","0",",000000",",000000",",000000",",000000"
"2015","SP","Não-Metálicos","Calcário","12810653,680000",",000000000000000","-","","1605644,3800000004","28233595,740000002","400,000000","400,000000","3451646,520000","75291403,560000"
"2015","SP","Não-Metálicos","Dolomito e Magnesita","243597,590000",",000000000000000","-","","39020","1709018,4000000001",",000000",",000000",",000000",",000000"
"2015","SP","Metálicos","Alumínio (Bauxita)","826913,140000","345511,110000000000000","t","Al2O3","0","0",",000000",",000000","189714,970000","3715334,510000"
"2015","TO","Não-Metálicos","Calcário","3832873,120000",",000000000000000","-","","40373,209999999999","762745,29000000004","171,000000","6301,930000",",000000",",000000"
"2015","TO","Não-Metálicos","Areias Industriais","82695,750000",",000000000000000","-","","82690,800000000003","2784377",",000000",",000000",",000000",",000000"
"2015","TO","Não-Metálicos","Saibro","10291,730000",",000000000000000","-","","10291,73","155022,44",",000000",",000000",",000000",",000000"
"2015","TO","Não-Metálicos","Gipsita","65472,900000",",000000000000000","-","","65472,900000000001","1121857,6000000001",",000000",",000000",",000000",",000000"
"2015","TO","Não-Metálicos","Minerais Industriais (Outros)","75,000000",",000000000000000","-","","0","0",",000000",",000000",",000000",",000000"
"2015","TO","Metálicos","Ouro","30979,600000","32,337000000000000","kg","Au","0","0",",000000",",000000",",000000",",000000"
"2015","TO","Não-Metálicos","Argilas","196811,670000",",000000000000000","-","","6724","104222","27653,820000","173267,650000","38049,030000","599267,700000"
"2015","TO","Não-Metálicos","Rochas (Britadas) e Cascalho","808639,570000",",000000000000000","-","","17792,220000000001","733224,28000000003",",000000",",000000","2988,000000","21314,520000"
"2015","TO","Não-Metálicos","Areia","339783,660000",",000000000000000","-","","252503,95999999999","4808660,6400000006","72,000000","102,000000","2550,000000","12750,000000"
"2015","TO","Não-Metálicos","Fosfato","89992,610000","9434,470000000000000","t","P2O5","0","0","766,000000","34171,000000",",000000",",000000"
"2015","TO","Não-Metálicos","Dolomito e Magnesita","77500,000000",",000000000000000","-","","0","0",",000000",",000000",",000000",",000000"
"2015","TO","Não-Metálicos","Talco e outras Cargas Minerais",",000000",",000000000000000","-","","119,59","28138,200000000001",",000000",",000000",",000000",",000000"
"2016","AC","Não-Metálicos","Argilas","119550,000000",",000000000000000","-","","118656","1483265,6100000001",",000000",",000000","550,000000","52415,000000"
"2016","AC","Não-Metálicos","Rochas (Britadas) e Cascalho","24645,640000",",000000000000000","-","","24645,639999999999","408647,64000000001",",000000",",000000",",000000",",000000"
"2016","AC","Não-Metálicos","Areia","121185,120000",",000000000000000","-","","117180,12","2965898,4699999997",",000000",",000000",",000000",",000000"
"2016","AL","Não-Metálicos","Saibro","88330,000000",",000000000000000","-","","88278,600000000006","129899,75",",000000",",000000",",000000",",000000"
"2016","AL","Não-Metálicos","Rochas Ornamentais - Outras","5211,900000",",000000000000000","-","","5211,8999999999996","418299,66999999998",",000000",",000000",",000000",",000000"
"2016","AL","Não-Metálicos","Talco e outras Cargas Minerais","750,000000",",000000000000000","-","","0","0",",000000",",000000","233,630000","5373,490000"
"2016","AL","Não-Metálicos","Calcário","551336,510000",",000000000000000","-","","5641","169230",",000000",",000000",",000000",",000000"
"2016","AL","Não-Metálicos","Argilas","293159,880000",",000000000000000","-","","141120,47999999998","1913848,2300000002","925,000000","3894,250000","131916,000000","636278,610000"
"2016","AL","Não-Metálicos","Rochas (Britadas) e Cascalho","1211523,140000",",000000000000000","-","","13456,559999999999","1477991,8999999999",",000000",",000000","38752,000000","54501,200000"
"2016","AL","Não-Metálicos","Rochas Ornamentais","528,430000",",000000000000000","-","","528,42999999999995","53807,290000000001",",000000",",000000",",000000",",000000"
"2016","AL","Não-Metálicos","Areia","213505,920000",",000000000000000","-","","209409,94","3166678,7999999993",",000000",",000000","2361,600000","7896,600000"
"2016","AL","Não-Metálicos","Sal","817852,000000",",000000000000000","-","","0","0",",000000",",000000","817852,000000","9946274,440000"
"2016","AM","Não-Metálicos","Saibro","104892,700000",",000000000000000","-","","104892,7","104900,96000000001",",000000",",000000",",000000",",000000"
"2016","AM","Metálicos","Ferro","4641,500000","3249,050000000000000","t","Fe","4641,5","135995,95000000001",",000000",",000000",",000000",",000000"
"2016","AM","Não-Metálicos","Rochas (Britadas) e Cascalho","515155,980000",",000000000000000","-","","2924,5300000000002","256238,35000000001",",000000",",000000",",000000",",000000"
"2016","AM","Não-Metálicos","Calcário","19918,180000",",000000000000000","-","","19918,18","468276,40000000002",",000000",",000000",",000000",",000000"
"2016","AM","Metálicos","Columbita-Tantalita","6012674,000000","1000,000000000000000","t","Nb2O5","0","0",",000000",",000000",",000000",",000000"
"2016","AM","Não-Metálicos","Areia","19441,910000",",000000000000000","-","","19441,91","260614,55000000002",",000000",",000000",",000000",",000000"
"2016","AM","Metálicos","Columbita-Tantalita","6012674,000000","120,000000000000000","t","Ta2O5","0","0",",000000",",000000",",000000",",000000"
"2016","AM","Metálicos","Estanho","6012674,000000","7100000,000000000000000","kg","Sn","0","0",",000000",",000000",",000000",",000000"
"2016","AM","Metálicos","Ouro",",000000",",000000000000000","kg","Au","0","0",",000000",",000000",",000000",",000000"
"2016","AM","Não-Metálicos","Gipsita","2813,020000",",000000000000000","-","","2813,02","259782,39999999999",",000000",",000000",",000000",",000000"
"2016","AM","Não-Metálicos","Argilas","108730,940000",",000000000000000","-","","0","0",",000000",",000000","108730,940000","692711,890000"
"2016","AP","Metálicos","Estanho",",000000",",000000000000000","kg","Sn","0","0",",000000",",000000",",000000",",000000"
"2016","AP","Metálicos","Ouro","3066585,700000","4589,953490000000000","kg","Au","0","0",",000000",",000000",",000000",",000000"
"2016","AP","Não-Metálicos","Argilas","10382,000000",",000000000000000","-","","4000","40000","6382,000000","309520,000000",",000000",",000000"
"2016","AP","Não-Metálicos","Rochas (Britadas) e Cascalho","108338,950000",",000000000000000","-","","33311,009999999995","1150745",",000000",",000000",",000000",",000000"
"2016","AP","Não-Metálicos","Areia","214615,880000",",000000000000000","-","","214461,37999999998","2981568,7000000002",",000000",",000000",",000000",",000000"
"2016","AP","Metálicos","Cromo","6990,000000","1583,000000000000000","t","Cr2O3","0","0",",000000",",000000",",000000",",000000"
"2016","AP","Não-Metálicos","Caulim","360543,040000",",000000000000000","-","","0","0",",000000",",000000",",000000",",000000"
"2016","AP","Metálicos","Ferro","2000,000000","900,000000000000000","t","Fe","0","0",",000000",",000000",",000000",",000000"
"2016","AP","Não-Metálicos","Saibro","8677,000000",",000000000000000","-","","8677","38031,880000000005",",000000",",000000",",000000",",000000"
"2016","BA","Não-Metálicos","Rochas Ornamentais - Outras","8752,490000",",000000000000000","-","","6982,3000000000002","334945,60999999999",",000000",",000000","353,840000","413279,270000"
"2016","BA","Não-Metálicos","Fosfato","478073,900000","109001,250000000000000","t","P2O5","0","0",",000000",",000000",",000000",",000000"
"2016","BA","Não-Metálicos","Argilas","1118363,930000",",000000000000000","-","","204095,76999999999","4239177,9900000002","56656,910000","160265,790000","650296,110000","2745201,360000"
"2016","BA","Metálicos","Ouro","3018889,790000","6281,058850000000000","kg","Au","0","0",",000000",",000000",",000000",",000000"
"2016","BA","Metálicos","Cobre","807739,010000","5700,990000000000000","t","Cu","0","0",",000000",",000000",",000000",",000000"
"2016","BA","Não-Metálicos","Bário","33812,000000","28536,200000000000000","t","BaSO4","17541,099999999999","4683739,0099999998",",000000",",000000","8654,470000",",000000"
"2016","BA","Não-Metálicos","Quartzo (Cristal) e outros Piezelétricos","1180,900000",",000000000000000","-","","1180,9000000000001","833917,69999999995",",000000",",000000",",000000",",000000"
"2016","BA","Não-Metálicos","Minerais Industriais (Outros)","8,000000",",000240000000000","t","","0","0",",000000",",000000",",000000",",000000"
"2016","BA","Gemas e Diamantes","Gemas","19797,630000","9697,034000000000000","kg","","0","0",",000000",",000000",",000000",",000000"
"2016","BA","Metálicos","Manganês","5786,040000","1881,250000000000000","t","Mn","7186,7799999999988","1026326,4799999999",",000000",",000000",",000000",",000000"
"2016","BA","Gemas e Diamantes","Diamante","765576,440000","116994,800000000000000","ct","","0","0",",000000",",000000",",000000",",000000"
"2016","BA","Não-Metálicos","Dolomito e Magnesita","1643212,770000",",000000000000000","-","","63","48541,519999999997",",000000",",000000",",000000",",000000"
"2016","BA","Não-Metálicos","Talco e outras Cargas Minerais","200010,250000",",000000000000000","-","","0","0",",000000",",000000",",000000",",000000"
"2016","BA","Não-Metálicos","Caulim","6540,000000",",000000000000000","-","","6540","116085",",000000",",000000",",000000",",000000"
"2016","BA","Não-Metálicos","Diatomita","4793,000000",",000000000000000","-","","0","0",",000000",",000000",",000000",",000000"
"2016","BA","Metálicos","Cromo","1172743,650000","192752,140000000000000","t","Cr2O3","0","0",",000000",",000000",",000000",",000000"
"2016","BA","Não-Metálicos","Sal","592462,160000",",000000000000000","-","","0","0",",000000",",000000","592462,160000","38612600,730000"
"2016","BA","Não-Metálicos","Rochas (Britadas) e Cascalho","7498571,330000",",000000000000000","-","","120188,45","873595,67999999993",",000000",",000000","524406,130000","1463714,440000"
"2016","BA","Não-Metálicos","Areias Industriais","217681,610000",",000000000000000","-","","38506,160000000003","3393473,3900000001",",000000",",000000","602,000000","176660,000000"
"2016","BA","Não-Metálicos","Saibro","37260,000000",",000000000000000","-","","5760","34272","31500,000000","39375,000000",",000000",",000000"
"2016","BA","Não-Metálicos","Grafita","261999,000000","22154,910000000000000","t","","0","0",",000000",",000000",",000000",",000000"
"2016","BA","Não-Metálicos","Areia","1818359,110000",",000000000000000","-","","1774704,6599999999","19487554,860000003","12126,600000","26948,000000",",000000",",000000"
"2016","BA","Metálicos","Níquel","966406,000000","4928,000000000000000","t"," Ni","0","0",",000000",",000000",",000000",",000000"
"2016","BA","Não-Metálicos","Rochas Ornamentais","334484,560000",",000000000000000","-","","223058,46999999994","155708073,55000001","33,660000","127503,510000","19754,810000","12122526,220000"
"2016","BA","Não-Metálicos","Feldspato, Leucita e Nefelina-Sienito","15188,580000",",000000000000000","-","","14539,540000000001","1532976,1499999999",",000000",",000000",",000000",",000000"
"2016","BA","Não-Metálicos","Geodos, Ágatas, Calcedônia, etc","1469,000000","1469,000000000000000","t","","1352,5599999999999","2778824",",000000",",000000",",000000",",000000"
"2016","BA","Metálicos","Ferro","70474,000000","36557,030000000000000","t","Fe","0","0",",000000",",000000",",000000",",000000"
"2016","BA","Não-Metálicos","Calcário","1691481,660000",",000000000000000","-","","211389,11000000002","2155995,3100000001",",000000",",000000",",000000",",000000"
"2016","BA","Metálicos","Vanádio","1044767,000000","16636,000000000000000","t","V","0","0",",000000",",000000",",000000",",000000"
"2016","CE","Não-Metálicos","Gipsita","77466,660000",",000000000000000","-","","77466,660000000003","3486369,8699999996",",000000",",000000",",000000",",000000"
"2016","CE","Não-Metálicos","Feldspato, Leucita e Nefelina-Sienito","310,000000",",000000000000000","-","","0","0",",000000",",000000",",000000",",000000"
"2016","CE","Não-Metálicos","Calcário","4730950,550000",",000000000000000","-","","609870,32000000007","5648187,6099999994","417159,150000","9978786,580000",",000000",",000000"
"2016","CE","Não-Metálicos","Argilas","2059339,390000",",000000000000000","-","","147442,51000000001","1819802,6399999999","274387,680000","2046753,880000","1623166,930000","11233597,040000"
"2016","CE","Metálicos","Manganês","2500,000000","850,000000000000000","t","Mn","2500","809600",",000000",",000000",",000000",",000000"
"2016","CE","Não-Metálicos","Areias Industriais","203670,640000",",000000000000000","-","","8924,2000000000007","1043584,6900000001",",000000",",000000","15877,400000","67990,500000"
"2016","CE","Não-Metálicos","Saibro","339288,060000",",000000000000000","-","","11085","63500","294107,060000","367628,000000","34096,000000","34096,000000"
"2016","CE","Não-Metálicos","Talco e outras Cargas Minerais","14238,000000",",000000000000000","-","","14155,77","1170912,0900000001",",000000",",000000",",000000",",000000"
"2016","CE","Metálicos","Ferro","3406,000000","2101,840000000000000","t","Fe","3406","618862,21999999997",",000000",",000000",",000000",",000000"
"2016","CE","Não-Metálicos","Dolomito e Magnesita","168227,500000",",000000000000000","-","","163129,04999999999","5164070,5599999996",",000000",",000000",",000000",",000000"
"2016","CE","Não-Metálicos","Rochas Ornamentais","81191,060000",",000000000000000","-","","67246,509999999995","69867574,280000001",",000000",",000000","662,350000","327576,550000"
"2016","CE","Não-Metálicos","Rochas Ornamentais - Outras","46268,570000",",000000000000000","-","","29030,200000000001","2232018,6900000004",",000000",",000000","17238,370000","2442332,260000"
"2016","CE","Não-Metálicos","Rochas (Britadas) e Cascalho","5170545,590000",",000000000000000","-","","0","0",",000000",",000000","121501,700000","279450,640000"
"2016","CE","Não-Metálicos","Areia","775608,990000",",000000000000000","-","","750284,85999999999","10623986,73","9387,500000","46100,000000","1740,000000","11745,000000"
"2016","DF","Não-Metálicos","Calcário","6662224,090000",",000000000000000","-","","0","0",",000000",",000000","1551950,170000","49219575,780000"
"2016","DF","Não-Metálicos","Areia","277187,870000",",000000000000000","-","","261097,48999999999","5276297,4400000004",",000000",",000000",",000000",",000000"
"2016","DF","Não-Metálicos","Argilas","255694,450000",",000000000000000","-","","0","0",",000000",",000000","151838,450000","2780464,170000"
"2016","DF","Não-Metálicos","Rochas (Britadas) e Cascalho","144855,340000",",000000000000000","-","","4000","20304,560000000001",",000000",",000000",",000000",",000000"
"2016","DF","Não-Metálicos","Areias Industriais",",000000",",000000000000000","-","","0","0",",000000",",000000",",000000",",000000"
"2016","ES","Gemas e Diamantes","Gemas",",140000","3,294990000000000","kg","","0","0",",000000",",000000",",000000",",000000"
"2016","ES","Não-Metálicos","Dolomito e Magnesita","395315,970000",",000000000000000","-","","395315,96999999997","3817521,9300000002",",000000",",000000",",000000",",000000"
"2016","ES","Não-Metálicos","Saibro","313222,030000",",000000000000000","-","","277097,74000000005","547844,35000000009","80,000000","1300,000000","32786,700000","93075,330000"
"2016","ES","Não-Metálicos","Calcário","2568868,254000",",000000000000000","-","","1896762,7852000003","29499840,046800002","1935,000000","101280,270000","595652,810800","12199317,180000"
"2016","ES","Não-Metálicos","Feldspato, Leucita e Nefelina-Sienito","3629,550000",",000000000000000","-","","3629,5500000000002","244821,01000000001",",000000",",000000",",000000",",000000"
"2016","ES","Não-Metálicos","Rochas Ornamentais","2567600,156000",",000000000000000","-","","2341468,3248000001","489728444,52320004","13228,000000","2434284,760000","100965,509200","17314001,490000"
"2016","ES","Não-Metálicos","Areia","1208965,120000","15,000000000000000","-","","1181882,3399999999","17112571,099999998",",000000",",000000","4873,210000","11645,480000"
"2016","ES","Não-Metálicos","Rochas (Britadas) e Cascalho","5985921,420000",",000000000000000","-","","0","0",",000000",",000000",",000000",",000000"
"2016","ES","Não-Metálicos","Argilas","298983,710000",",000000000000000","-","","148474,72999999998","2614394,8199999998","121903,060000","851113,410000","73373,350000","1805588,310000"
"2016","GO","Não-Metálicos","Rochas Ornamentais","469648,300000",",000000000000000","-","","456410,55000000005","3947814,1700000004",",000000",",000000","12885,030000","4171612,220000"
"2016","GO","Metálicos","Titânio",",000000",",000000000000000","t","TiO2","0","0",",000000",",000000",",000000",",000000"
"2016","GO","Gemas e Diamantes","Diamante","6270,000000","40,480000000000000","ct","","0","0",",000000",",000000",",000000",",000000"
"2016","GO","Não-Metálicos","Dolomito e Magnesita","487124,680000",",000000000000000","-","","0","0",",000000",",000000",",000000",",000000"
"2016","GO","Não-Metálicos","Areia","1609217,420000",",000000000000000","-","","956634,77999999991","22371621,079999994",",000000",",000000",",000000",",000000"
"2016","GO","Metálicos","Prata","14440035,050000","2448,752520000000000","kg","Ag","0","0",",000000",",000000",",000000",",000000"
"2016","GO","Não-Metálicos","Saibro","9371,810000",",000000000000000","-","","3280","21153,599999999999",",000000",",000000",",000000",",000000"
"2016","GO","Metálicos","Cobalto","7479,080000","10,920000000000000","t","Co","0","0",",000000",",000000",",000000",",000000"
"2016","GO","Não-Metálicos","Bário","5594133,750000","76640,170000000000000","t","BaSO4","0","0",",000000",",000000",",000000",",000000"
"2016","GO","Não-Metálicos","Vermiculita e Perlita","467377,000000","211958,480000000000000","t","","0","0",",000000",",000000","3420,000000","30510,000000"
"2016","GO","Metálicos","Ouro","16137528,500000","10093,411000000000000","kg","Au","0","0",",000000",",000000",",000000",",000000"
"2016","GO","Metálicos","Ferro","24022,980000","13693,100000000000000","t","Fe","0","0",",000000",",000000",",000000",",000000"
"2016","GO","Não-Metálicos","Talco e outras Cargas Minerais","4706,000000",",000000000000000","-","","0","0",",000000",",000000","3906,000000","33724,340000"
"2016","GO","Metálicos","Cobre","17089013,050000","64080,630000000000000","t","Cu","0","0",",000000",",000000",",000000",",000000"
"2016","GO","Metálicos","Níquel","5900005,940000","94606,840000000000000","t"," Ni","0","0",",000000",",000000",",000000",",000000"
"2016","GO","Não-Metálicos","Argilas","477815,870000",",000000000000000","-","","181462,67000000001","535857,92999999993","30925,000000","565771,000000","240710,600000","2188921,780000"
"2016","GO","Não-Metálicos","Calcário","6672509,152800",",000000000000000","-","","16721,830000000002","269417,09999999998",",000000",",000000",",000000",",000000"
"2016","GO","Metálicos","Alumínio (Bauxita)","736510,100000","391826,650000000000000","t","Al2O3","780,11000000000001","30088,84",",000000",",000000","22339,410000","580824,660000"
"2016","GO","Gemas e Diamantes","Gemas",",300000",",000100000000000","kg","","0,29999999999999999","60000",",000000",",000000",",000000",",000000"
"2016","GO","Metálicos","Manganês",",000000",",000000000000000","t","Mn","0","0",",000000",",000000",",000000",",000000"
"2016","GO","Não-Metálicos","Caulim","894,000000",",000000000000000","-","","580","17316,48",",000000",",000000","314,000000","2041,000000"
"2016","GO","Não-Metálicos","Areias Industriais","1548,230000",",000000000000000","-","","0","0",",000000",",000000","1548,230000","31126,420000"
"2016","GO","Metálicos","Nióbio","6295065,720000","48870,002990000000000","t","Nb2O5","0","0",",000000",",000000",",000000",",000000"
"2016","GO","Não-Metálicos","Rochas Ornamentais - Outras","50,000000",",000000000000000","-","","0","0",",000000",",000000",",000000",",000000"
"2016","GO","Não-Metálicos","Rochas (Britadas) e Cascalho","6802392,807200",",000000000000000","-","","120682,83","812331,87000000011","6779,500000","188356,010000",",000000",",000000"
"2016","GO","Não-Metálicos","Fosfato","10097365,120000","1366931,390000000000000","t","P2O5","0","0",",000000",",000000",",000000",",000000"
"2016","GO","Não-Metálicos","Amianto","3151806,050000","211171,000000000000000","t","","0","0",",000000",",000000",",000000",",000000"
"2016","MA","Não-Metálicos","Gipsita","386633,000000",",000000000000000","-","","343563,20000000001","13955022,58",",000000",",000000","26032,850000","444564,950000"
"2016","MA","Não-Metálicos","Areia","1054772,130000",",000000000000000","-","","1025625,0199999999","11741431,73","7433,010000","55949,860000",",000000",",000000"
"2016","MA","Não-Metálicos","Rochas (Britadas) e Cascalho","3775692,810000",",000000000000000","-","","69300,059999999998","1884878,7200000002","278,340000","9936,160000",",000000",",000000"
"2016","MA","Não-Metálicos","Caulim","41362,000000",",000000000000000","-","","41362","1062176,1599999999",",000000",",000000",",000000",",000000"
"2016","MA","Não-Metálicos","Calcário","331211,030000",",000000000000000","-","","272554,03000000003","10255820,5",",000000",",000000",",000000",",000000"
"2016","MA","Não-Metálicos","Argilas","1199144,380000",",000000000000000","-","","454058","3946784,9399999999","107050,050000","594057,380000","455042,510000","4400608,960000"
"2016","MA","Metálicos","Ouro",",000000",",000000000000000","kg","Au","0","0",",000000",",000000",",000000",",000000"
"2016","MG","Não-Metálicos","Rochas Ornamentais - Outras","28043,440000",",000000000000000","-","","29313,269999999997","8245933,1800000016",",000000",",000000",",000000",",000000"
"2016","MG","Metálicos","Zinco","2414052,010000","135510,150000000000000","t","Zn","0","0",",000000",",000000",",000000",",000000"
"2016","MG","Não-Metálicos","Saibro","345690,360000",",000000000000000","-","","164955,41","1571663,5700000001","421,080000","8640,870000","16739,280000","32503,280000"
"2016","MG","Não-Metálicos","Cianita e outros minerais refratários","42,000000",",000000000000000","-","","0","0",",000000",",000000",",000000",",000000"
"2016","MG","Não-Metálicos","Calcário","44027595,536000",",000000000000000","-","","4648804,3799999999","51302093,309999995","1329856,600000","6308814,130000","3305452,120000","2686517,860000"
"2016","MG","Metálicos","Columbita-Tantalita","702805,440000","491,963810000000000","t","Ta2O5","0","0",",000000",",000000",",000000",",000000"
"2016","MG","Não-Metálicos","Quartzo (Cristal) e outros Piezelétricos","4215,910000",",000000000000000","-","","2440,1700000000001","558845,40000000002",",000000",",000000",",000000",",000000"
"2016","MG","Metálicos","Nióbio","3297810,000000","90535,420000000000000","t","Nb2O5","0","0",",000000",",000000",",000000",",000000"
"2016","MG","Metálicos","Ouro","52342465,410000","30735,702720000000000","kg","Au","0","0",",000000",",000000",",000000",",000000"
"2016","MG","Metálicos","Prata","47235040,560000","6278,399400000000000","kg","Ag","0","0",",000000",",000000",",000000",",000000"
"2016","MG","Não-Metálicos","Dolomito e Magnesita","15,000000",",000000000000000","-","","0","0",",000000",",000000",",000000",",000000"
"2016","MG","Não-Metálicos","Feldspato, Leucita e Nefelina-Sienito","76241,830000","24,750000000000000","-","","60719,960000000006","14538815,609999999",",000000",",000000","4743,840000","314857,560000"
"2016","MG","Metálicos","Lítio","44572,000000","595,320000000000000","t","Li2O","0","0",",000000",",000000",",000000",",000000"
"2016","MG","Não-Metálicos","Caulim","137309,190000",",000000000000000","-","","132156,19","15025984,83",",000000",",000000","8501,030000","196785,700000"
"2016","MG","Metálicos","Titânio","8567242,000000","1285600,330000000000000","t","TiO2","0","0",",000000",",000000",",000000",",000000"
"2016","MG","Metálicos","Zircônio",",000000",",000000000000000","t","ZrSiO4","0","0",",000000",",000000",",000000",",000000"
"2016","MG","Não-Metálicos","Areias Industriais","1242423,530000",",000000000000000","-","","365815,84999999998","23973507,180000007",",000000",",000000",",000000",",000000"
"2016","MG","Não-Metálicos","Areia","5007262,600000",",000000000000000","-","","4377302,5","84149896,450000003","33808,800000","1306693,570000","34469,650000","730588,880000"
"2016","MG","Metálicos","Berílio","1985,000000","192,000000000000000","t","BeO","615,13999999999999","83270",",000000",",000000",",000000",",000000"
"2016","MG","Metálicos","Ferro","384471056,650000","197016584,810000000000000","t","Fe","3691452,6699999995","129282859,30000001",",000000",",000000","18781,570000","262941,980000"
"2016","MG","Não-Metálicos","Mica",",000000",",000000000000000","-","","0","0",",000000",",000000",",000000",",000000"
"2016","MG","Metálicos","Níquel",",000000",",000000000000000","t"," Ni","0","0",",000000",",000000",",000000",",000000"
"2016","MG","Não-Metálicos","Rochas (Britadas) e Cascalho","17150611,454000",",000000000000000","-","","1151902,49","15671677,630000003","99718,000000","279337,980000","49844,080000","571320,580000"
"2016","MG","Gemas e Diamantes","Diamante","400252,380000","3787,490000000000000","ct","","44468","1342999,4299999999","750,000000","15000,000000","43000,000000","1202999,430000"
"2016","MG","Metálicos","Alumínio (Bauxita)","3130731,330000","1251880,740000000000000","t","Al2O3","565634,38000000012","17206838,219999999",",000000",",000000","127164,660000","7965689,140000"
"2016","MG","Metálicos","Cromo",",000000",",000000000000000","t","Cr2O3","0","0",",000000",",000000",",000000",",000000"
"2016","MG","Não-Metálicos","Bário","3297810,000000","631788,870000000000000","t","BaSO4","0","0",",000000",",000000",",000000",",000000"
"2016","MG","Metálicos","Manganês","170815,600000","30439,980000000000000","t","Mn","75948,280000000013","8661229,3500000015",",000000",",000000",",000000",",000000"
"2016","MG","Não-Metálicos","Fosfato","17884495,110000","1715692,230000000000000","t","P2O5","17506,240000000002","3167893,9399999999",",000000",",000000",",000000",",000000"
"2016","MG","Metálicos","Estanho","710880,440000","426528,270000000000000","kg","Sn","0","0",",000000",",000000",",000000",",000000"
"2016","MG","Não-Metálicos","Talco e outras Cargas Minerais","406798,790000",",000000000000000","-","","168343,34","8666285,1900000013",",000000",",000000","10537,110000","188695,710000"
"2016","MG","Gemas e Diamantes","Gemas","289003,430000","5115,802170000000000","kg","","24846,989999999998","23564185,460000001",",000000",",000000","20973,600000",",270000"
"2016","MG","Metálicos","Chumbo","2235370,010000","11588,550000000000000","t","Pb","0","0",",000000",",000000",",000000",",000000"
"2016","MG","Não-Metálicos","Rochas Ornamentais","1105554,470000",",000000000000000","-","","878248,44000000006","296585464,04000002","797,150000","749353,860000","143444,400000","31438523,670000"
"2016","MG","Não-Metálicos","Argilas","3218331,320000",",000000000000000","-","","1558746,79","16891569,329999998","92236,670000","1589284,080000","808415,210000","6686382,820000"
"2016","MG","Não-Metálicos","Grafita","1208606,220000","75317,180000000000000","t","","0","0",",000000",",000000",",000000",",000000"
"2016","MG","Não-Metálicos","Potássio","250,000000","30,000000000000000","t","K2O","4747,3100000000004","142419,29999999999",",000000",",000000",",000000",",000000"
"2016","MG","Metálicos","Cádmio",",000000",",000000000000000","t","Cd","0","0",",000000",",000000",",000000",",000000"
"2016","MS","Metálicos","Ferro","4864337,680000","2964869,710000000000000","t","Fe","0","0",",000000",",000000",",000000",",000000"
"2016","MS","Não-Metálicos","Rochas Ornamentais",",000000",",000000000000000","-","","0","0",",000000",",000000",",000000",",000000"
"2016","MS","Não-Metálicos","Areia","2424228,070000",",000000000000000","-","","1808408,7800000003","24432588,579999998","5247,000000","42978,860000","22990,500000","247088,500000"
"2016","MS","Não-Metálicos","Rochas (Britadas) e Cascalho","5106407,890000",",000000000000000","-","","627235,60999999999","10319549,52","18158,050000","116742,640000",",000000",",000000"
"2016","MS","Não-Metálicos","Argilas","359608,000000",",000000000000000","-","","137936,57000000001","1742697,9399999999",",000000",",000000",",000000",",000000"
"2016","MS","Não-Metálicos","Calcário","3706037,720000",",000000000000000","-","","131786,94","3814603,2400000002",",000000",",000000","447573,820000","8759280,710000"
"2016","MS","Não-Metálicos","Talco e outras Cargas Minerais","197094,000000",",000000000000000","-","","0","0",",000000",",000000",",000000",",000000"
"2016","MS","Não-Metálicos","Saibro","216717,160000",",000000000000000","-","","219506,92000000001","1567615,1400000004",",000000",",000000",",000000",",000000"
"2016","MS","Metálicos","Manganês","794675,000000","333842,760000000000000","t","Mn","0","0",",000000",",000000",",000000",",000000"
"2016","MT","Metálicos","Estanho","173500,000000","193458,000000000000000","kg","Sn","0","0",",000000",",000000",",000000",",000000"
"2016","MT","Metálicos","Ouro","3306241,190000","3058,592110000000000","kg","Au","0","0",",000000",",000000",",000000","191359,360000"
"2016","MT","Gemas e Diamantes","Diamante","154386,000000","52945,390000000000000","ct","","0","0",",000000",",000000",",000000",",000000"
"2016","MT","Não-Metálicos","Argilas","903632,620000",",000000000000000","-","","107961,13","2084098,26","3000,000000","681816,000000","143521,890000","2784396,910000"
"2016","MT","Não-Metálicos","Areia","1328981,297700",",000000000000000","-","","1302662,0377","24029468,4639",",000000",",000000",",000000",",000000"
"2016","MT","Não-Metálicos","Quartzo (Cristal) e outros Piezelétricos","2,640000",",000000000000000","-","","2,6400000000000001","10120",",000000",",000000",",000000",",000000"
"2016","MT","Não-Metálicos","Talco e outras Cargas Minerais","12133,250000",",000000000000000","-","","0","0",",000000",",000000","12133,250000","41584,660000"
"2016","MT","Não-Metálicos","Areias Industriais","1,300000",",000000000000000","-","","1,3","7300",",000000",",000000",",000000",",000000"
"2016","MT","Metálicos","Manganês","45750,000000","26683,600000000000000","t","Mn","0","0",",000000",",000000","52258,660000","4703279,400000"
"2016","MT","Não-Metálicos","Dolomito e Magnesita","915252,000000",",000000000000000","-","","0","0",",000000",",000000",",000000",",000000"
"2016","MT","Não-Metálicos","Calcário","8425095,190000",",000000000000000","-","","30608,669999999998","82706,490000000005",",000000",",000000","828054,390000","20274835,960000"
"2016","MT","Não-Metálicos","Rochas (Britadas) e Cascalho","3192497,402300",",000000000000000","-","","330155,17230000003","4677643,1460999986","43225,000000","144000,000000","58643,000000","383346,940000"
"2016","PA","Metálicos","Prata","117535,770000","618,191100000000000","kg","Ag","0","0",",000000",",000000",",000000",",000000"
"2016","PA","Não-Metálicos","Areia","679509,020000",",000000000000000","-","","546152","5668905,2799999993","900,000000","6000,000000","146319,000000","1137164,000000"
"2016","PA","Metálicos","Manganês","3204194,760000","1141684,320000000000000","t","Mn","0","0",",000000",",000000",",000000",",000000"
"2016","PA","Gemas e Diamantes","Diamante","7000,000000","6775,860000000000000","ct","","0","0",",000000",",000000",",000000",",000000"
"2016","PA","Metálicos","Estanho","2705271,250000","2208948,340000000000000","kg","Sn","0","0",",000000",",000000",",000000",",000000"
"2016","PA","Não-Metálicos","Argilas","528778,960000",",000000000000000","-","","183322,60999999999","2556605,02",",000000",",000000","309098,440000","5970185,840000"
"2016","PA","Não-Metálicos","Rochas (Britadas) e Cascalho","2016553,010000",",000000000000000","-","","301672,44","3674934,9700000002",",000000",",000000",",000000",",000000"
"2016","PA","Gemas e Diamantes","Gemas","473,920000","379144,000000000000000","kg","","473,92000000000002","519086,90000000002",",000000",",000000",",000000",",000000"
"2016","PA","Não-Metálicos","Gipsita","11278,330000",",000000000000000","-","","11278,33","507524,84999999998",",000000",",000000",",000000",",000000"
"2016","PA","Metálicos","Ferro","164545615,200000","107197570,630000000000000","t","Fe","0","0",",000000",",000000",",000000",",000000"
"2016","PA","Não-Metálicos","Caulim","2830254,240000",",000000000000000","-","","125688,14999999999","5019984,6900000004",",000000",",000000",",000000",",000000"
"2016","PA","Não-Metálicos","Saibro","46012,910000",",000000000000000","-","","36442,910000000003","236420,42999999999",",000000",",000000","9570,000000","51040,000000"
"2016","PA","Não-Metálicos","Fosfato","105394,000000","22870,500000000000000","t","P2O5","0","0",",000000",",000000",",000000",",000000"
"2016","PA","Metálicos","Alumínio (Bauxita)","46767625,300000","22312211,600000000000000","t","Al2O3","0","0",",000000",",000000",",000000",",000000"
"2016","PA","Metálicos","Tungstênio",",000000",",000000000000000","t","WO3","0","0",",000000",",000000",",000000",",000000"
"2016","PA","Metálicos","Ouro","71914892,120000","22953,532770000000000","kg","Au","0","0",",000000",",000000",",000000",",000000"
"2016","PA","Não-Metálicos","Calcário","1899581,450000",",000000000000000","-","","784366,68999999994","28230141,850000001",",000000",",000000",",000000",",000000"
"2016","PA","Não-Metálicos","Areias Industriais","44802,900000",",000000000000000","-","","5391,96","933916,19999999995",",000000",",000000",",000000",",000000"
"2016","PA","Metálicos","Cobre","72077188,460000","473270,260000000000000","t","Cu","0","0",",000000",",000000",",000000",",000000"
"2016","PA","Metálicos","Níquel","1710449,600000","34993,270000000000000","t"," Ni","0","0",",000000",",000000",",000000",",000000"
"2016","PB","Gemas e Diamantes","Gemas","24,080000","2002,100000000000000","kg","","0,02","6000",",000000",",000000",",000000",",000000"
"2016","PB","Não-Metálicos","Cianita e outros minerais refratários","3255,420000",",000000000000000","-","","0","0",",000000",",000000",",000000",",000000"
"2016","PB","Não-Metálicos","Areia","1056119,050000",",000000000000000","-","","1055211,0399999998","7435567,75",",010000","7644,000000","15,000000","15,000000"
"2016","PB","Metálicos","Zircônio","37860,220000","12876,540000000000000","t","ZrSiO4","0","0",",000000",",000000",",000000",",000000"
"2016","PB","Não-Metálicos","Rochas (Britadas) e Cascalho","1435111,470000",",000000000000000","-","","218980,64999999999","5429811,3799999999",",000000",",000000",",000000",",000000"
"2016","PB","Não-Metálicos","Argilas","645206,120000",",000000000000000","-","","265460,79999999999","6466333,0299999993","5851,000000","76063,000000","5965,000000","29825,000000"
"2016","PB","Não-Metálicos","Minerais Industriais (Outros)",",010000",",000000000000000","-","","0","0",",000000",",000000",",000000",",000000"
"2016","PB","Não-Metálicos","Rochas Ornamentais","17100,730000",",000000000000000","-","","13558,9","10693544,66","2363,000000",",100000","724,390000","82945,500000"
"2016","PB","Metálicos","Columbita-Tantalita",",140000",",140000000000000","t","Ta2O5","0","0",",000000",",000000",",000000",",000000"
"2016","PB","Não-Metálicos","Rochas Ornamentais - Outras","23022,420000",",000000000000000","-","","23022,419999999998","72676",",000000",",000000",",000000",",000000"
"2016","PB","Não-Metálicos","Areias Industriais","12256366,180000",",000000000000000","-","","4045,3000000000002","211866",",000000",",000000","57933,600000","470925,000000"
"2016","PB","Metálicos","Titânio","262327,660000","62228,550000000000000","t","TiO2","0","0",",000000",",000000",",000000",",000000"
"2016","PB","Não-Metálicos","Feldspato, Leucita e Nefelina-Sienito","187577,530000",",000000000000000","-","","44298,75","3992400,8399999999",",000000",",000000",",000000",",000000"
"2016","PB","Não-Metálicos","Vermiculita e Perlita","64780,000000",",000000000000000","t","","64780","3467481,6400000001",",000000",",000000",",000000",",000000"
"2016","PB","Não-Metálicos","Mica","1375,900000",",000000000000000","-","","1115,76","474061,94999999995",",000000",",000000","151,140000","155570,900000"
"2016","PB","Não-Metálicos","Saibro","8962,190000",",000000000000000","-","","8962,1900000000005","53991,879999999997",",000000",",000000",",000000",",000000"
"2016","PB","Não-Metálicos","Caulim","984,000000",",000000000000000","-","","984","149295,29999999999",",000000",",000000",",000000",",000000"
"2016","PB","Não-Metálicos","Calcário","4959073,870000",",000000000000000","-","","2237986,1899999999","39247163,969999999",",000000",",000000","14740,250000","786980,820000"
"2016","PE","Não-Metálicos","Calcário","231758,180000",",000000000000000","-","","168830,57000000001","4740307,6500000004","1001,000000","24519,080000","23810,470000","193938,880000"
"2016","PE","Não-Metálicos","Areias Industriais","264008,010000",",000000000000000","-","","146511,99000000002","5250945,4699999997",",000000",",000000",",000000",",000000"
"2016","PE","Não-Metálicos","Dolomito e Magnesita","156,820000",",000000000000000","-","","156,81999999999999","23282,299999999999",",000000",",000000",",000000",",000000"
"2016","PE","Não-Metálicos","Saibro","123426,630000",",000000000000000","-","","24683,549999999999","51845,639999999999","98743,080000","123427,000000",",000000",",000000"
"2016","PE","Não-Metálicos","Caulim",",000000",",000000000000000","-","","0","0",",000000",",000000",",000000",",000000"
"2016","PE","Não-Metálicos","Rochas Ornamentais","14915,300000",",000000000000000","-","","14560,290000000001","15110865,6",",000000",",000000",",000000",",000000"
"2016","PE","Não-Metálicos","Vermiculita e Perlita","1769,000000","736,440000000000000","t","","0","0",",000000",",000000",",000000",",000000"
"2016","PE","Não-Metálicos","Argilas","522576,730000",",000000000000000","-","","349144,02000000002","6033621,370000001","27372,400000","61049,290000","66345,000000","303040,310000"
"2016","PE","Não-Metálicos","Areia","692678,480000",",000000000000000","-","","678494,70999999996","4631157,5800000001","5074,000000","11281,720000",",000000",",000000"
"2016","PE","Não-Metálicos","Rochas (Britadas) e Cascalho","3574919,100000",",000000000000000","-","","0","0",",000000",",000000","11399,810000","284994,940000"
"2016","PE","Não-Metálicos","Gipsita","2088230,840000",",000000000000000","-","","1181747,48","24645713,440000005",",000000",",000000","8881,860000","209705,850000"
"2016","PI","Não-Metálicos","Rochas (Britadas) e Cascalho","867399,060000",",000000000000000","-","","56164,619999999995","902436,85999999999","20398,150000","244299,550000","33708,400000","766854,190000"
"2016","PI","Não-Metálicos","Argilas","266097,210000",",000000000000000","-","","156559,91","1086902,8899999999","35106,860000","482647,940000","79902,400000","1900083,910000"
"2016","PI","Não-Metálicos","Calcário","441648,570000",",000000000000000","-","","206409","2580112,5",",000000",",000000","5440,000000","466438,500000"
"2016","PI","Gemas e Diamantes","Gemas",",080000",",000160000000000","kg","","0","0",",000000",",000000",",000000",",000000"
"2016","PI","Metálicos","Níquel","17421,420000","73,170000000000000","t"," Ni","0","0",",000000",",000000",",000000",",000000"
"2016","PI","Não-Metálicos","Rochas Ornamentais","19440,530000",",000000000000000","-","","16973,119999999999","2797351,5800000001",",000000",",000000",",000000",",000000"
"2016","PI","Não-Metálicos","Saibro","109659,000000",",000000000000000","-","","79581","404887,65000000002","31248,000000","39060,000000",",000000",",000000"
"2016","PI","Não-Metálicos","Dolomito e Magnesita","5081,950000",",000000000000000","-","","0","0",",000000",",000000",",000000",",000000"
"2016","PI","Não-Metálicos","Areia","239724,430000",",000000000000000","-","","211270,11999999997","3451653,0599999996","12780,000000","58532,400000","630,000000","11340,000000"
"2016","PR","Não-Metálicos","Saibro","1643273,350000",",000000000000000","-","","1581127,3899999999","18210327,160000004","10479,700000","160036,000000","29896,000000","119265,000000"
"2016","PR","Gemas e Diamantes","Gemas","10310,400000","2000000,000000000000000","kg","","0","0",",000000",",000000","10310,400000","178708,800000"
"2016","PR","Não-Metálicos","Fluorita e Criolita","57284,130000","22255,560000000000000","t","","0","0",",000000",",000000",",000000",",000000"
"2016","PR","Não-Metálicos","Rochas (Britadas) e Cascalho","17941535,965000",",000000000000000","-","","835935,77000000002","6765037,8300000001","46151,000000","614714,730000","855796,500000","3233044,300000"
"2016","PR","Não-Metálicos","Calcário","15202611,285000",",000000000000000","-","","3178184,3200000003","60779052,43999999",",240000","318402,960000","486348,010000","4361892,160000"
"2016","PR","Metálicos","Ouro","69069,660000","341,916980000000000","kg","Au","0","0",",000000",",000000",",000000",",000000"
"2016","PR","Não-Metálicos","Rochas Ornamentais - Outras","12205,200000",",000000000000000","-","","11266,200000000001","452814,57000000001","389,000000","6413,800000","550,000000","192500,000000"
"2016","PR","Não-Metálicos","Areia","7366567,370000",",000000000000000","-","","5145792,3399999999","101750954,45999998",",000000",",000000","95143,140000","1838381,990000"
"2016","PR","Energéticos","Carvão Mineral","209696,060000",",000000000000000","-","","0","0",",000000",",000000",",000000",",000000"
"2016","PR","Não-Metálicos","Argilas","1445590,680000",",000000000000000","-","","295860,15000000002","6068599,4700000007","52967,270000","103649,950000","439562,680000","3861725,740000"
"2016","PR","Não-Metálicos","Dolomito e Magnesita","2665250,050000",",000000000000000","-","","1015344,7","3776139,3999999999","1177641,170000","4064113,030000","182701,960000","2200887,620000"
"2016","PR","Metálicos","Prata","69069,660000","56,416300000000000","kg","Ag","0","0",",000000",",000000",",000000",",000000"
"2016","PR","Não-Metálicos","Areias Industriais","76087,770000",",000000000000000","-","","40395,459999999999","747915,98999999999",",000000",",000000","22499,000000","399292,400000"
"2016","PR","Não-Metálicos","Feldspato, Leucita e Nefelina-Sienito","140002,000000",",000000000000000","-","","0","0",",000000",",000000","64439,000000","4188535,000000"
"2016","PR","Não-Metálicos","Caulim","82263,580000",",000000000000000","-","","62416,940000000002","4692114,1799999997",",000000",",000000","16805,460000","413380,720000"
"2016","PR","Não-Metálicos","Talco e outras Cargas Minerais","274813,700000",",000000000000000","-","","136109,40000000005","10017251,440000001",",000000",",000000","14246,100000","877330,180000"
"2016","PR","Não-Metálicos","Rochas Ornamentais","25725,130000",",000000000000000","-","","9617","640287,5",",000000",",000000","11467,650000","689742,180000"
"2016","RJ","Não-Metálicos","Argilas","2163243,220000",",000000000000000","-","","905077,02000000002","2890431,6000000001","2845,830000","284144,130000","1217813,760000","3789176,970000"
"2016","RJ","Não-Metálicos","Dolomito e Magnesita","40,000000",",000000000000000","-","","0","0",",000000",",000000",",000000",",000000"
"2016","RJ","Não-Metálicos","Rochas Ornamentais - Outras","44305,180000",",000000000000000","-","","42775,889999999999","1818418,1499999999",",000000",",000000","1054,020000","96820,000000"
"2016","RJ","Não-Metálicos","Areia","5685223,000000",",000000000000000","-","","5503293,1100000003","90943440,169999987","18,000000","18,000000",",000000",",000000"
"2016","RJ","Não-Metálicos","Calcário","2735278,860000",",000000000000000","-","","0","0",",000000",",000000","1004620,470000","10704461,170000"
"2016","RJ","Não-Metálicos","Rochas (Britadas) e Cascalho","17497526,340000",",000000000000000","-","","240000","1315200",",000000",",000000","305851,550000","2466602,840000"
"2016","RJ","Não-Metálicos","Fluorita e Criolita",",000000",",000000000000000","t","","0","0",",000000",",000000",",000000",",000000"
"2016","RJ","Não-Metálicos","Saibro","2164105,490000",",000000000000000","-","","2160973,4399999999","7107379,1300000008",",000000",",000000","2081,000000","12,000000"
"2016","RJ","Não-Metálicos","Areias Industriais","7267,750000",",000000000000000","-","","7267,75","137296,76000000001",",000000",",000000",",000000",",000000"
"2016","RJ","Não-Metálicos","Rochas Ornamentais","115,820000",",000000000000000","-","","115,81999999999999","43431,800000000003",",000000",",000000",",000000",",000000"
"2016","RN","Não-Metálicos","Rochas Ornamentais - Outras","2215,580000",",000000000000000","-","","2073,5900000000001","1947353,79",",000000",",000000",",000000",",000000"
"2016","RN","Não-Metálicos","Calcário","1948790,570000",",000000000000000","-","","290055,19","7773434,129999999",",000000",",000000","1563261,050000","29043307,560000"
"2016","RN","Não-Metálicos","Diatomita","347,000000",",000000000000000","-","","327","50265",",000000",",000000",",000000",",000000"
"2016","RN","Não-Metálicos","Caulim","49949,000000",",000000000000000","-","","49575","809025",",000000",",000000",",000000",",000000"
"2016","RN","Não-Metálicos","Rochas Ornamentais","79249,760000",",000000000000000","-","","65327,379999999997","32969738,769999996",",000000",",000000","7630,110000","1403510,540000"
"2016","RN","Não-Metálicos","Gipsita","1284,600000",",000000000000000","-","","1284,5999999999999","41492,580000000002",",000000",",000000",",000000",",000000"
"2016","RN","Não-Metálicos","Minerais Industriais (Outros)","169,400000",",062560000000000","t","","0","0",",000000",",000000",",000000",",000000"
"2016","RN","Não-Metálicos","Feldspato, Leucita e Nefelina-Sienito","10744,610000",",000000000000000","-","","4538,6499999999996","716694,10999999999",",000000",",000000",",000000",",000000"
"2016","RN","Metálicos","Tungstênio","49201,420000","411,920000000000000","t","WO3","0","0",",000000",",000000",",000000",",000000"
"2016","RN","Não-Metálicos","Areias Industriais","280,000000",",000000000000000","-","","280","3920",",000000",",000000",",000000",",000000"
"2016","RN","Metálicos","Ouro","131,000000",",000000000000000","kg","Au","0","0",",000000",",000000",",000000",",000000"
"2016","RN","Não-Metálicos","Talco e outras Cargas Minerais","21354,000000",",000000000000000","-","","21354","416403",",000000",",000000",",000000",",000000"
"2016","RN","Metálicos","Ferro","74771,430000","43242,710000000000000","t","Fe","22116,050000000003","1325146,8700000001",",000000",",000000",",000000",",000000"
"2016","RN","Não-Metálicos","Saibro","175719,230000",",000000000000000","-","","61663","186456","114056,230000","711759,270000",",000000",",000000"
"2016","RN","Não-Metálicos","Areia","131168,130000",",000000000000000","-","","130844,13","648887,52000000002",",000000",",000000",",000000",",000000"
"2016","RN","Não-Metálicos","Rochas (Britadas) e Cascalho","899803,160000",",000000000000000","-","","86","5160",",000000",",000000",",000000",",000000"
"2016","RN","Metálicos","Columbita-Tantalita","500,000000",",050000000000000","t","Ta2O5","0","0",",000000",",000000",",000000",",000000"
"2016","RN","Não-Metálicos","Argilas","163302,180000",",000000000000000","-","","135055,54999999999","627607,15999999992","3000,000000","24000,000000","22259,000000","127759,000000"
"2016","RO","Metálicos","Columbita-Tantalita","739295,200000","8,000000000000000","t","Ta2O5","0","0",",000000",",000000",",000000",",000000"
"2016","RO","Não-Metálicos","Calcário","356283,000000",",000000000000000","-","","0","0",",000000",",000000",",000000",",000000"
"2016","RO","Metálicos","Manganês","99745,000000","29923,000000000000000","t","Mn","0","0",",000000",",000000",",000000",",000000"
"2016","RO","Não-Metálicos","Areia","232113,260000",",000000000000000","-","","214719,81","5592360,7200000007",",000000",",000000",",000000",",000000"
"2016","RO","Não-Metálicos","Rochas Ornamentais","2268,210000",",000000000000000","-","","2268,21","785619,15000000002",",000000",",000000",",000000",",000000"
"2016","RO","Metálicos","Columbita-Tantalita","2035793,080000","417,993000000000000","t","Nb2O5","0","0",",000000",",000000",",000000",",000000"
"2016","RO","Não-Metálicos","Saibro",",000000",",000000000000000","-","","0","0",",000000",",000000",",000000",",000000"
"2016","RO","Metálicos","Ouro",",000000",",000000000000000","kg","Au","0","0",",000000",",000000",",000000",",000000"
"2016","RO","Não-Metálicos","Argilas","267295,120000",",000000000000000","-","","72716,720000000001","852122,08000000007",",000000",",000000","192413,900000","3717735,750000"
"2016","RO","Metálicos","Estanho","13009364,700000","7507823,340000000000000","kg","Sn","0","0",",000000",",000000",",000000",",000000"
"2016","RO","Não-Metálicos","Rochas (Britadas) e Cascalho","1187085,360000",",000000000000000","-","","159027,62","2109643,7999999998",",000000",",000000",",000000",",000000"
"2016","RR","Não-Metálicos","Saibro","11016,000000",",000000000000000","-","","11016","82032",",000000",",000000",",000000",",000000"
"2016","RR","Não-Metálicos","Argilas","253970,330000",",000000000000000","-","","253970,33000000002","739773,59999999998",",000000",",000000",",000000",",000000"
"2016","RR","Não-Metálicos","Areia","109396,010000",",000000000000000","-","","109396,01000000001","1212421,77",",000000",",000000",",000000",",000000"
"2016","RR","Não-Metálicos","Rochas (Britadas) e Cascalho","392314,870000",",000000000000000","-","","202313,25999999998","808771,71999999997",",000000",",000000","4810,000000","49050,000000"
"2016","RS","Não-Metálicos","Geodos, Ágatas, Calcedônia, etc","11611,660000","11611,660000000000000","t","","11508,280000000112","42262061,369999997",",000000",",000000",",000000",",000000"
"2016","RS","Não-Metálicos","Saibro","2718205,390000",",000000000000000","-","","1562512,6500000001","17331145,120000001","263397,000000","1285306,750000","882497,700000","5160392,040000"
"2016","RS","Não-Metálicos","Caulim","321619,390000",",000000000000000","-","","236413,68000000002","8533198,5199999996",",000000",",000000","35095,790000","509323,330000"
"2016","RS","Não-Metálicos","Areias Industriais","28470,340000",",000000000000000","-","","0","0",",000000",",000000",",000000",",000000"
"2016","RS","Não-Metálicos","Rochas Ornamentais - Outras","589780,600000",",000000000000000","-","","511986,16999999998","27737048,670000002","4200,000000","4000,000000","29196,680000","338254,700000"
"2016","RS","Não-Metálicos","Rochas (Britadas) e Cascalho","18202559,710000",",000000000000000","-","","473705,41000000003","6221084,0499999989","5378,000000","17500,000000","402042,560000","2727565,560000"
"2016","RS","Não-Metálicos","Argilas","2380852,930000",",000000000000000","-","","750368,57000000007","8319027,2199999997","53097,900000","297433,460000","1543389,170000","4953203,140000"
"2016","RS","Não-Metálicos","Talco e outras Cargas Minerais","358,710000",",000000000000000","-","","358,70999999999998","115325,5",",000000",",000000",",000000",",000000"
"2016","RS","Não-Metálicos","Areia","9877173,920000",",000000000000000","-","","9672717,379999999","107024651,39","4680,200000","30087,000000","202038,760000","2165944,910000"
"2016","RS","Não-Metálicos","Calcário","4123939,810000",",000000000000000","-","","681152,15999999992","6843776,3999999994",",000000",",000000",",000000",",000000"
"2016","RS","Não-Metálicos","Rochas Ornamentais","7533,340000",",000000000000000","-","","5925,3400000000001","4092210,25","900,000000","365400,000000",",000000",",000000"
"2016","RS","Energéticos","Carvão Mineral","4664190,590000",",000000000000000","-","","0","0",",000000",",000000",",000000",",000000"
"2016","SC","Energéticos","Carvão Mineral","6273195,250000",",000000000000000","-","","13348,709999999999","1723160,8",",000000",",000000",",000000",",000000"
"2016","SC","Não-Metálicos","Feldspato, Leucita e Nefelina-Sienito","89736,220000",",000000000000000","-","","365","3650",",000000",",000000",",000000",",000000"
"2016","SC","Metálicos","Alumínio (Bauxita)","4244,280000","1909,920000000000000","t","Al2O3","4214,2799999999997","110000",",000000",",000000",",000000",",000000"
"2016","SC","Não-Metálicos","Argilas","3579666,250000",",000000000000000","-","","2645626,0200000005","27983843,019999996","178031,670000","2814846,190000","678619,450000","7237674,390000"
"2016","SC","Energéticos","Turfa","44784,040000",",000000000000000","-","","6691,71","383213,28999999998",",000000",",000000",",000000",",000000"
"2016","SC","Não-Metálicos","Areias Industriais","1101045,640000",",000000000000000","-","","3087,2200000000003","183054,94","2060,000000","24720,000000",",000000",",000000"
"2016","SC","Não-Metálicos","Calcário","2707779,700000",",000000000000000","-","","0","0",",000000",",000000","23933,450000","1954561,500000"
"2016","SC","Não-Metálicos","Areia","5916002,290000",",000000000000000","-","","5557701,9900000002","95705135,640000001","177125,910000","494072,030000","83140,570000","1272691,380000"
"2016","SC","Não-Metálicos","Rochas Ornamentais","367771,310000",",000000000000000","-","","368100,97999999998","5496142,9000000004","55,100000","6650,000000",",000000",",000000"
"2016","SC","Não-Metálicos","Rochas Ornamentais - Outras","61022,610000",",000000000000000","-","","59778,769999999997","2586703,25",",000000",",000000",",000000",",000000"
"2016","SC","Não-Metálicos","Saibro","2627946,830000",",000000000000000","-","","1716607,05","12273766,609999999","250295,300000","1098564,240000","219974,350000","1096197,620000"
"2016","SC","Não-Metálicos","Caulim","282288,920000",",000000000000000","-","","236112,79000000001","15722024,75",",000000",",000000","46774,900000","872019,100000"
"2016","SC","Não-Metálicos","Rochas (Britadas) e Cascalho","18204749,410000",",000000000000000","-","","1009201,4699999999","9012627,6000000015","40543,260000","375152,650000","600008,310000","7541130,140000"
"2016","SE","Não-Metálicos","Argilas","1581360,590000",",000000000000000","-","","378748,88","2582993,1500000004",",000000",",000000","855156,950000","6822086,840000"
"2016","SE","Não-Metálicos","Areia","332462,490000",",000000000000000","-","","333248,97000000003","2737290,8199999998",",000000",",000000",",000000",",000000"
"2016","SE","Não-Metálicos","Areias Industriais","25779,360000",",000000000000000","-","","25779,360000000001","101610,85000000001",",000000",",000000",",000000",",000000"
"2016","SE","Não-Metálicos","Calcário","3551531,410000",",000000000000000","-","","175733,54999999999","924476,95999999996",",000000",",000000","34917,960000","351827,440000"
"2016","SE","Não-Metálicos","Rochas (Britadas) e Cascalho","371321,040000",",000000000000000","-","","153655,58000000002","751339,41999999993",",000000",",000000",",000000",",000000"
"2016","SE","Não-Metálicos","Talco e outras Cargas Minerais","5310,000000",",000000000000000","-","","0","0",",000000",",000000","11507,410000","213531,300000"
"2016","SE","Não-Metálicos","Saibro","1600,000000",",000000000000000","-","","1600","20000",",000000",",000000",",000000",",000000"
"2016","SE","Não-Metálicos","Potássio","2350810,170000","563724,270000000000000","t","K2O","0","0",",000000",",000000",",000000",",000000"
"2016","SP","Não-Metálicos","Rochas Ornamentais - Outras","2103,000000",",000000000000000","-","","2103","172795",",000000",",000000",",000000",",000000"
"2016","SP","Não-Metálicos","Argilas","12860739,920000",",000000000000000","-","","9631735,6500000004","104993779,24000001","400640,580000","2401323,480000","1732259,280000","9450212,940000"
"2016","SP","Metálicos","Zircônio",",000000",",000000000000000","t","ZrSiO4","0","0",",000000",",000000",",000000",",000000"
"2016","SP","Não-Metálicos","Areias Industriais","5704360,620000",",000000000000000","-","","186384,78","5132766,6100000003",",000000",",000000",",000000",",000000"
"2016","SP","Não-Metálicos","Feldspato, Leucita e Nefelina-Sienito","1190,990000",",000000000000000","-","","0","0",",000000",",000000",",000000",",000000"
"2016","SP","Não-Metálicos","Calcário","12377558,300000",",000000000000000","-","","622271,505","2886276,9799999995","400,000000","400,000000","1833224,600000","37977583,000000"
"2016","SP","Não-Metálicos","Calcário","4524368,610000","3619494,890000000000000","t","","0","0",",000000",",000000",",000000",",000000"
"2016","SP","Metálicos","Estanho","5480,000000","5478,000000000000000","kg","Sn","0","0",",000000",",000000",",000000",",000000"
"2016","SP","Metálicos","Ferro","4524368,610000","316705,800000000000000","t","Fe","0","0",",000000",",000000",",000000",",000000"
"2016","SP","Não-Metálicos","Minerais Industriais (Outros)",",000000",",000000000000000","t","","0","0",",000000",",000000",",000000",",000000"
"2016","SP","Não-Metálicos","Fosfato","4596384,160000","242883,720000000000000","t","P2O5","0","0",",000000",",000000",",000000",",000000"
"2016","SP","Não-Metálicos","Talco e outras Cargas Minerais","910796,870000",",000000000000000","-","","271743,13","9327956,8999999985",",000000",",000000",",000000",",000000"
"2016","SP","Não-Metálicos","Caulim","100500,020000",",000000000000000","-","","12849","217300,79999999999",",000000",",000000","8710,000000","39190,000000"
"2016","SP","Energéticos","Turfa","34012,490000",",000000000000000","-","","30190,93","4240774,9199999999",",000000",",000000",",000000",",000000"
"2016","SP","Não-Metálicos","Saibro","501746,320000",",000000000000000","-","","498161,82000000007","4329976,54","1394,000000","1394,000000",",000000",",000000"
"2016","SP","Metálicos","Alumínio (Bauxita)","1246332,310000","530557,450000000000000","t","Al2O3","0","0",",000000",",000000","137264,780000","2723950,450000"
"2016","SP","Não-Metálicos","Rochas Ornamentais","20267,510000",",000000000000000","-","","20174,32","3568082,6200000001",",000000",",000000",",000000",",000000"
"2016","SP","Não-Metálicos","Areia","26568275,350000",",000000000000000","-","","15305056,450000003","331358716,63","789,830000","6777,750000","91832,890000","675154,410000"
"2016","SP","Não-Metálicos","Rochas (Britadas) e Cascalho","58498652,660000",",000000000000000","-","","1358816,71","27217706,23","2896,000000","14480,000000","11210,000000","492078,590000"
"2016","SP","Não-Metálicos","Dolomito e Magnesita","267161,130000",",000000000000000","-","","4450,2550000000001","29653,490000000002",",000000",",000000",",000000",",000000"
"2016","TO","Não-Metálicos","Argilas","157128,790000",",000000000000000","-","","12569","518180,88","120396,930000","826398,160000","26618,670000","484164,980000"
"2016","TO","Metálicos","Zircônio",",000000",",000000000000000","t","ZrSiO4","0","0",",000000",",000000",",000000",",000000"
"2016","TO","Não-Metálicos","Areias Industriais","103810,370000",",000000000000000","-","","103810,37","3549983",",000000",",000000",",000000",",000000"
"2016","TO","Não-Metálicos","Saibro","126,400000",",000000000000000","-","","126,40000000000001","1672,24",",000000",",000000",",000000",",000000"
"2016","TO","Não-Metálicos","Rochas (Britadas) e Cascalho","499356,730000",",000000000000000","-","","38133,540000000001","806273,47999999998",",000000",",000000","614,400000","4718,590000"
"2016","TO","Metálicos","Ouro","13284,690000","30,644740000000000","kg","Au","0","0",",000000",",000000",",000000",",000000"
"2016","TO","Não-Metálicos","Fosfato","34904,360000","4420,690000000000000","t","P2O5","0","0",",000000",",000000",",000000",",000000"
"2016","TO","Não-Metálicos","Talco e outras Cargas Minerais","250,000000",",000000000000000","-","","404,63","92660,399999999994",",000000",",000000",",000000",",000000"
"2016","TO","Não-Metálicos","Areia","159178,040000",",000000000000000","-","","132498,06","2830469,3899999997",",000000",",000000",",000000",",000000"
"2016","TO","Não-Metálicos","Minerais Industriais (Outros)","34,180000",",000000000000000","-","","24","735000",",000000",",000000",",000000",",000000"
"2016","TO","Não-Metálicos","Calcário","3526258,540000",",000000000000000","-","","59735,970000000001","597358,18000000005",",000000",",000000",",000000",",000000"
"2016","TO","Não-Metálicos","Gipsita","38682,700000",",000000000000000","-","","38682,699999999997","618923,19999999995",",000000",",000000",",000000",",000000"
"2017","AC","Não-Metálicos","Areia","72998,150000",",000000000000000","-","","72729,149999999994","1747209,47",",000000",",000000",",000000",",000000"
"2017","AC","Não-Metálicos","Argilas","63779,090000",",000000000000000","-","","63373,089999999997","799999,33999999997",",000000",",000000","750,000000","65925,000000"
"2017","AC","Não-Metálicos","Rochas (Britadas) e Cascalho",",000000",",000000000000000","-","","0","0",",000000",",000000",",000000",",000000"
"2017","AL","Não-Metálicos","Argilas","167442,570000",",000000000000000","-","","97313,039999999994","1465783,75","10537,400000","43308,200000","50885,200000","236295,040000"
"2017","AL","Não-Metálicos","Saibro","14638,000000",",000000000000000","-","","14639","65379,199999999997",",000000",",000000",",000000",",000000"
"2017","AL","Não-Metálicos","Sal","763725,710000",",000000000000000","-","","0","0",",000000",",000000","763725,710000","9267159,430000"
"2017","AL","Não-Metálicos","Areia","189836,310000",",000000000000000","-","","188875,53","3043071,9299999997",",000000",",000000",",000000",",000000"
"2017","AL","Metálicos","Cobre",",000000",",000000000000000","t","Cu","0","0",",000000",",000000",",000000",",000000"
"2017","AL","Não-Metálicos","Rochas Ornamentais - Outras","2373,200000",",000000000000000","-","","2373,1999999999998","292951,22000000003",",000000",",000000",",000000",",000000"
"2017","AL","Não-Metálicos","Amianto",",000000",",000000000000000","t","","0","0",",000000",",000000",",000000",",000000"
"2017","AL","Não-Metálicos","Talco e outras Cargas Minerais","12060,000000",",000000000000000","-","","0","0",",000000",",000000","3072,550000","70668,650000"
"2017","AL","Não-Metálicos","Calcário","225952,500000",",000000000000000","-","","2000","60000",",000000",",000000",",000000",",000000"
"2017","AL","Não-Metálicos","Rochas (Britadas) e Cascalho","1174908,630000",",000000000000000","-","","2577,5","22232,48",",000000",",000000","192,390000","8000,380000"
"2017","AM","Não-Metálicos","Gipsita","3303,050000",",000000000000000","-","","3303,0500000000002","305036,66999999998",",000000",",000000",",000000",",000000"
"2017","AM","Metálicos","Ouro",",000000",",000000000000000","kg","Au","0","0",",000000",",000000",",000000",",000000"
"2017","AM","Não-Metálicos","Areia","13636,030000",",000000000000000","-","","12961,030000000001","294701,53999999998",",000000",",000000","675,000000","22800,000000"
"2017","AM","Metálicos","Ferro","5913,180000","4139,230000000000000","t","Fe","5913,1800000000003","173256,17000000001",",000000",",000000",",000000",",000000"
"2017","AM","Metálicos","Columbita-Tantalita","6494374,620000","2403,210000000000000","t","Nb2O5","0","0",",000000",",000000",",000000",",000000"
"2017","AM","Metálicos","Estanho","6494374,620000","7244646,500000000000000","kg","Sn","0","0",",000000",",000000",",000000",",000000"
"2017","AM","Não-Metálicos","Saibro","63553,660000",",000000000000000","-","","63553,660000000003","204688,69",",000000",",000000",",000000",",000000"
"2017","AM","Não-Metálicos","Argilas","66729,400000",",000000000000000","-","","0","0",",000000",",000000","66729,400000","651344,620000"
"2017","AM","Não-Metálicos","Calcário","1000,000000",",000000000000000","-","","1000","23510",",000000",",000000",",000000",",000000"
"2017","AM","Não-Metálicos","Rochas (Britadas) e Cascalho","490811,810000",",000000000000000","-","","2928,4000000000001","259312,89999999999",",000000",",000000",",000000",",000000"
"2017","AM","Metálicos","Columbita-Tantalita","6494374,620000","267,023000000000000","t","Ta2O5","0","0",",000000",",000000",",000000",",000000"
"2017","AP","Não-Metálicos","Caulim","391986,840000",",000000000000000","-","","0","0",",000000",",000000",",000000",",000000"
"2017","AP","Metálicos","Cromo",",000000",",000000000000000","t","Cr2O3","0","0",",000000",",000000",",000000",",000000"
"2017","AP","Metálicos","Ouro","3021802,290000","3733,124830000000000","kg","Au","0","0",",000000",",000000",",000000",",000000"
"2017","AP","Metálicos","Ferro",",000000",",000000000000000","t","Fe","0","0",",000000",",000000",",000000",",000000"
"2017","AP","Não-Metálicos","Argilas","9691,500000",",000000000000000","-","","0","0","9691,500000","852246,000000",",000000",",000000"
"2017","AP","Não-Metálicos","Saibro","33456,600000",",000000000000000","-","","33456,599999999999","189040",",000000",",000000",",000000",",000000"
"2017","AP","Metálicos","Manganês",",000000",",000000000000000","t","Mn","0","0",",000000",",000000",",000000",",000000"
"2017","AP","Metálicos","Columbita-Tantalita",",000000",",000000000000000","t","Ta2O5","0","0",",000000",",000000",",000000",",000000"
"2017","AP","Não-Metálicos","Areia","205390,150000",",000000000000000","-","","205390,14999999997","2391767,25",",000000",",000000",",000000",",000000"
"2017","AP","Metálicos","Estanho","3,000000","3000,000000000000000","kg","Sn","3","60000",",000000",",000000",",000000",",000000"
"2017","AP","Não-Metálicos","Rochas (Britadas) e Cascalho","92611,360000",",000000000000000","-","","12948,77","554753,5",",000000",",000000",",000000",",000000"
"2017","BA","Não-Metálicos","Areia","1945873,380000",",000000000000000","-","","1867411,5899999999","23498539,299999997","17948,950000","65169,430000",",000000",",000000"
"2017","BA","Não-Metálicos","Areias Industriais","292361,520000",",000000000000000","-","","53062,620000000003","4513310,46",",000000",",000000","2611,000000","724280,000000"
"2017","BA","Metálicos","Cromo","1445136,850000","246297,450000000000000","t","Cr2O3","0","0",",000000",",000000",",000000",",000000"
"2017","BA","Metálicos","Vanádio","1165950,000000","19143,000000000000000","t","V","0","0",",000000",",000000",",000000",",000000"
"2017","BA","Metálicos","Chumbo",",000000",",000000000000000","t","Pb","0","0",",000000",",000000",",000000",",000000"
"2017","BA","Não-Metálicos","Saibro","408852,760000",",000000000000000","-","","136046","150628","52642,400000","58492,000000","332679,360000","416058,500000"
"2017","BA","Gemas e Diamantes","Diamante","1040240,000000","230941,200000000000000","ct","","0","0",",000000",",000000",",000000",",000000"
"2017","BA","Metálicos","Berílio","8,500000",",040000000000000","t","BeO","0","0",",000000",",000000",",000000",",000000"
"2017","BA","Metálicos","Cobre","1774871,890000","23254,980000000000000","t","Cu","0","0",",000000",",000000",",000000",",000000"
"2017","BA","Metálicos","Ouro","3273576,030000","6612,574280000000000","kg","Au","0","0",",000000",",000000",",000000",",000000"
"2017","BA","Não-Metálicos","Quartzo (Cristal) e outros Piezelétricos","407,550000",",000000000000000","-","","407,55000000000001","245589,5",",000000",",000000",",000000",",000000"
"2017","BA","Não-Metálicos","Grafita","187416,000000","35047,000000000000000","t","","60000","720000",",000000",",000000",",000000",",000000"
"2017","BA","Metálicos","Manganês","10660,000000","4295,400000000000000","t","Mn","7864,1499999999996","864914,85999999999",",000000",",000000",",000000",",000000"
"2017","BA","Não-Metálicos","Talco e outras Cargas Minerais","202472,260000",",000000000000000","-","","0","0",",000000",",000000",",000000",",000000"
"2017","BA","Não-Metálicos","Rochas Ornamentais - Outras","25600,830000",",000000000000000","-","","2774,4899999999998","1661265,7899999998",",000000",",000000","1274,310000","1599135,490000"
"2017","BA","Não-Metálicos","Feldspato, Leucita e Nefelina-Sienito","12227,820000",",000000000000000","-","","11626,099999999999","1307592,3400000001",",000000",",000000",",000000",",000000"
"2017","BA","Não-Metálicos","Gipsita",",000000",",000000000000000","-","","0","0",",000000",",000000",",000000",",000000"
"2017","BA","Não-Metálicos","Argilas","1420463,250000",",000000000000000","-","","333814,19","5136836,1800000006","26377,260000","94219,820000","743949,380000","2760316,410000"
"2017","BA","Gemas e Diamantes","Gemas","32669,100000","54145,010000000000000","kg","","194,92000000000002","9795795,3099999987",",000000",",000000",",000000",",000000"
"2017","BA","Não-Metálicos","Sal","617820,350000",",000000000000000","-","","0","0",",000000",",000000","617820,350000","39872128,600000"
"2017","BA","Não-Metálicos","Fosfato","507404,420000","114528,000000000000000","t","P2O5","0","0",",000000",",000000",",000000",",000000"
"2017","BA","Não-Metálicos","Rochas (Britadas) e Cascalho","7218078,700000",",000000000000000","-","","91595,739999999991","259829,72","29297,400000","191898,020000","124564,800000","325114,110000"
"2017","BA","Não-Metálicos","Calcário","1736716,790000",",000000000000000","-","","172811,94","1446249,8900000001",",000000",",000000",",000000",",000000"
"2017","BA","Não-Metálicos","Diatomita","29794,720000",",000000000000000","-","","10404,280000000001","145967,92000000001",",000000",",000000","4971,680000","3720,220000"
"2017","BA","Metálicos","Ferro","36459,370000","23509,550000000000000","t","Fe","0","0",",000000",",000000",",000000",",000000"
"2017","BA","Não-Metálicos","Bário","29466,670000","2602,490000000000000","t","BaSO4","22393,799999999999","6963150,5200000005",",000000",",000000",",000000",",000000"
"2017","BA","Não-Metálicos","Geodos, Ágatas, Calcedônia, etc","1528,000000","1528,000000000000000","t","","1568,3599999999999","2534205",",000000",",000000",",000000",",000000"
"2017","BA","Não-Metálicos","Rochas Ornamentais","340558,450000",",000000000000000","-","","232465,72","147136266,94999999",",000000",",000000","14099,950000","8583825,150000"
"2017","BA","Não-Metálicos","Dolomito e Magnesita","1735202,760000",",000000000000000","-","","18","10976,93",",000000",",000000",",000000",",000000"
"2017","BA","Não-Metálicos","Caulim","27382,000000",",000000000000000","-","","27382","486030",",000000",",000000",",000000",",000000"
"2017","CE","Não-Metálicos","Areias Industriais","105346,890000",",000000000000000","-","","39804,660000000003","3638640,6899999999",",000000",",000000","21512,520000","125135,990000"
"2017","CE","Não-Metálicos","Areia","559043,760000",",000000000000000","-","","548717,79000000004","6223204,6400000006",",000000",",000000","15920,000000","72169,200000"
"2017","CE","Não-Metálicos","Gipsita","65312,180000",",000000000000000","-","","65312,18","2923557,3499999996",",000000",",000000",",000000",",000000"
"2017","CE","Não-Metálicos","Quartzo (Cristal) e outros Piezelétricos","27,780000",",000000000000000","-","","27,780000000000001","81024",",000000",",000000",",000000",",000000"
"2017","CE","Metálicos","Cobre",",000000",",000000000000000","t","Cu","0","0",",000000",",000000",",000000",",000000"
"2017","CE","Não-Metálicos","Rochas Ornamentais - Outras","31787,350000",",000000000000000","-","","8797,9500000000007","7367747,1099999994",",000000",",000000","22989,400000","3364958,480000"
"2017","CE","Não-Metálicos","Saibro","38732,000000",",000000000000000","-","","38732","107270",",000000",",000000",",000000",",000000"
"2017","CE","Não-Metálicos","Rochas Ornamentais","81401,800000",",000000000000000","-","","66158,419999999998","63731903,24000001",",000000",",000000","209,550000","192441,550000"
"2017","CE","Não-Metálicos","Mica",",000000",",000000000000000","-","","0","0",",000000",",000000",",000000",",000000"
"2017","CE","Não-Metálicos","Talco e outras Cargas Minerais","4930,000000",",000000000000000","-","","4930,6700000000001","364482,29000000004",",000000",",000000",",000000",",000000"
"2017","CE","Metálicos","Manganês","45867,000000","11338,320000000000000","t","Mn","40689","8481612,8699999992",",000000",",000000",",000000",",000000"
"2017","CE","Não-Metálicos","Dolomito e Magnesita","136326,830000",",000000000000000","-","","136326,82999999999","4005745,7600000002",",000000",",000000",",000000",",000000"
"2017","CE","Não-Metálicos","Rochas (Britadas) e Cascalho","2845144,470000",",000000000000000","-","","0","0",",000000",",000000",",000000",",000000"
"2017","CE","Não-Metálicos","Argilas","1369862,530000",",000000000000000","-","","271183,65999999997","2700971,1200000001","73220,970000","1492026,240000","1098589,560000","5379611,390000"
"2017","CE","Não-Metálicos","Calcário","4894792,300000",",000000000000000","-","","458642,21999999997","4875531,9300000006",",000000",",000000",",000000","116220,000000"
"2017","CE","Não-Metálicos","Fosfato",",000000",",000000000000000","t","P2O5","0","0",",000000",",000000",",000000",",000000"
"2017","CE","Metálicos","Ferro","3613,270000","2229,750000000000000","t","Fe","0","0",",000000",",000000",",000000",",000000"
"2017","DF","Não-Metálicos","Areias Industriais",",000000",",000000000000000","-","","0","0",",000000",",000000",",000000",",000000"
"2017","DF","Não-Metálicos","Argilas","212493,610000",",000000000000000","-","","0","0",",000000",",000000","105462,610000","1841547,730000"
"2017","DF","Não-Metálicos","Areia","333233,960000",",000000000000000","-","","61797,959999999999","1390842,02",",000000",",000000",",000000",",000000"
"2017","DF","Não-Metálicos","Rochas (Britadas) e Cascalho","107709,830000",",000000000000000","-","","3000","15228,42",",000000",",000000",",000000",",000000"
"2017","DF","Não-Metálicos","Calcário","4205158,120000",",000000000000000","-","","0","0",",000000",",000000","1488071,570000","54969316,220000"
"2017","ES","Não-Metálicos","Argilas","406449,270000",",000000000000000","-","","217665","2476327,5600000001","135862,890000","1108285,770000","29168,200000","268269,670000"
"2017","ES","Não-Metálicos","Rochas (Britadas) e Cascalho","4554312,672554",",000000000000000","-","","11551,681038000001","268151,84600700001",",000000",",000000","1314,552537","127075,755429"
"2017","ES","Não-Metálicos","Feldspato, Leucita e Nefelina-Sienito","3287,960000",",000000000000000","-","","3027,1199999999999","136220,39999999999",",000000",",000000",",000000",",000000"
"2017","ES","Não-Metálicos","Calcário","2314060,195000",",000000000000000","-","","1868359,2470000002","26314650,910000004","2725,000000","817,500000","377507,000000","8638362,120000"
"2017","ES","Não-Metálicos","Rochas Ornamentais","2424236,262446",",000000000000000","-","","2344965,2419619998","491933686,78399295",",000000",",000000","223974,977463","14488144,624571"
"2017","ES","Não-Metálicos","Dolomito e Magnesita","187652,130000",",000000000000000","-","","187652,13","1800939,9399999999",",000000",",000000",",000000",",000000"
"2017","ES","Não-Metálicos","Saibro","90140,420000",",000000000000000","-","","54191,110000000001","554204,73999999999","24533,310000","80901,520000",",000000",",000000"
"2017","ES","Metálicos","Alumínio (Bauxita)",",000000",",000000000000000","t","Al2O3","0","0",",000000",",000000",",000000",",000000"
"2017","ES","Não-Metálicos","Areia","1293067,310000","12,000000000000000","-","","1273270,5999999999","15961961,08","4923,430000","26570,100000",",000000",",000000"
"2017","GO","Metálicos","Cobre","33410949,620000","94485,520000000000000","t","Cu","0","0",",000000",",000000",",000000",",000000"
"2017","GO","Não-Metálicos","Rochas Ornamentais - Outras","4767,500000",",000000000000000","-","","4752,5","32104,150000000001",",000000",",000000",",000000",",000000"
"2017","GO","Metálicos","Prata","34334773,620000","208,523170000000000","kg","Ag","0","0",",000000",",000000",",000000",",000000"
"2017","GO","Não-Metálicos","Dolomito e Magnesita","583701,780000",",000000000000000","-","","0","0",",000000",",000000",",000000",",000000"
"2017","GO","Metálicos","Alumínio (Bauxita)","827800,200000","445987,350000000000000","t","Al2O3","0","0",",000000",",000000","16604,390000","431714,730000"
"2017","GO","Não-Metálicos","Argilas","411562,490000",",000000000000000","-","","228192,55000000002","670451,09999999998",",000000",",000000","156575,790000","1160203,660000"
"2017","GO","Metálicos","Cobalto","9146,000000","28,150000000000000","t","Co","9091,5699999999997","234177,14999999999",",000000",",000000",",000000",",000000"
"2017","GO","Metálicos","Titânio","22774,880000","6548,650000000000000","t","TiO2","22774,879999999997","2003827,9000000001",",000000",",000000",",000000",",000000"
"2017","GO","Metálicos","Estanho","2909,500000","2092,200000000000000","kg","Sn","0","0",",000000",",000000",",000000",",000000"
"2017","GO","Não-Metálicos","Calcário","7290708,696700",",000000000000000","-","","213379,72","9617428,4799999986",",000000",",000000",",000000",",000000"
"2017","GO","Metálicos","Nióbio","12507211,760000","61062,383580000000000","t","Nb2O5","0","0",",000000",",000000",",000000",",000000"
"2017","GO","Metálicos","Níquel","6289441,250000","92101,720000000000000","t"," Ni","9091,5699999999997","234177,14999999999",",000000",",000000",",000000",",000000"
"2017","GO","Gemas e Diamantes","Gemas","873,940000","96,957140000000000","kg","","873,94000000000005","888840",",000000",",000000",",000000",",000000"
"2017","GO","Não-Metálicos","Areias Industriais","5030,000000",",000000000000000","-","","0","0",",000000",",000000",",000000",",000000"
"2017","GO","Não-Metálicos","Fosfato","10090244,080000","1330642,150000000000000","t","P2O5","0","0",",000000",",000000",",000000",",000000"
"2017","GO","Não-Metálicos","Areia","1483889,750000",",000000000000000","-","","909662,8600000001","23364720,559999999",",000000",",000000",",000000",",000000"
"2017","GO","Não-Metálicos","Amianto","1995618,970000","160448,000000000000000","t","","0","0",",000000",",000000",",000000",",000000"
"2017","GO","Metálicos","Manganês","1242,120000","497,000000000000000","t","Mn","1242,1199999999999","448699,34000000003",",000000",",000000",",000000",",000000"
"2017","GO","Não-Metálicos","Saibro","8688,730000",",000000000000000","-","","7300","43800",",000000",",000000",",000000",",000000"
"2017","GO","Não-Metálicos","Vermiculita e Perlita","380343,000000","113997,000000000000000","t","","0","0",",000000",",000000","3320,000000","29880,000000"
"2017","GO","Metálicos","Ouro","36023677,390000","15224,295940000000000","kg","Au","0","0",",000000",",000000",",000000",",000000"
"2017","GO","Não-Metálicos","Rochas Ornamentais","25779,500000",",000000000000000","-","","10554,35","5080739,4399999995",",000000",",000000","9544,020000","2379236,650000"
"2017","GO","Não-Metálicos","Rochas (Britadas) e Cascalho","4955758,173300",",000000000000000","-","","160654,07000000001","944146,34000000008","12931,240000","207566,030000","1462,000000","1462,000000"
"2017","GO","Metálicos","Ferro",",000000",",000000000000000","t","Fe","0","0",",000000",",000000",",000000",",000000"
"2017","GO","Não-Metálicos","Bário","9317095,770000","160494,280000000000000","t","BaSO4","0","0",",000000",",000000",",000000",",000000"
"2017","GO","Não-Metálicos","Talco e outras Cargas Minerais","600,000000",",000000000000000","-","","0","0",",000000",",000000",",000000",",000000"
"2017","MA","Não-Metálicos","Gipsita","365875,950000",",000000000000000","-","","345878,90999999997","14409546,119999999",",000000",",000000",",000000",",000000"
"2017","MA","Não-Metálicos","Saibro","510587,000000",",000000000000000","-","","0","0","510587,000000","638234,250000",",000000",",000000"
"2017","MA","Metálicos","Ferro","45236,530000","20356,430000000000000","t","Fe","0","0",",000000",",000000",",000000",",000000"
"2017","MA","Não-Metálicos","Areia","972334,710000",",000000000000000","-","","914595,55000000016","11830434,630000001","16468,690000","67268,350000",",000000",",000000"
"2017","MA","Não-Metálicos","Rochas (Britadas) e Cascalho","3584577,330000",",000000000000000","-","","49659,18","2458946,5699999998",",000000",",000000",",000000",",000000"
"2017","MA","Não-Metálicos","Calcário","352563,850000",",000000000000000","-","","220144,12999999998","8921906,4299999997",",000000",",000000","18545,720000","278185,800000"
"2017","MA","Não-Metálicos","Caulim","38196,000000",",000000000000000","-","","38196","980873,28000000003",",000000",",000000",",000000",",000000"
"2017","MA","Metálicos","Ouro",",000000",",000000000000000","kg","Au","0","0",",000000",",000000",",000000",",000000"
"2017","MA","Não-Metálicos","Argilas","1286541,910000",",000000000000000","-","","287842,87","1359646,8799999999","68718,000000","240039,000000","408308,870000","4165545,090000"
"2017","MG","Não-Metálicos","Caulim","150581,790000",",000000000000000","-","","141552,57999999999","15645705,010000002",",000000",",000000","10918,880000","250558,890000"
"2017","MG","Metálicos","Chumbo","2425977,010000","13030,530000000000000","t","Pb","0","0",",000000",",000000",",000000",",000000"
"2017","MG","Metálicos","Ferro","404690154,770000","203969761,110000000000000","t","Fe","3510141,8400000003","84244028,089999989",",000000",",000000",",000000",",000000"
"2017","MG","Metálicos","Nióbio","3032878,000000","78553,630000000000000","t","Nb2O5","0","0",",000000",",000000",",000000",",000000"
"2017","MG","Metálicos","Cromo","10,000000","2,000000000000000","t","Cr2O3","0","0",",000000",",000000",",000000",",000000"
"2017","MG","Não-Metálicos","Rochas Ornamentais - Outras","21212,812000",",000000000000000","-","","15136,302","8815400,3100000005",",000000",",000000","6866,240000","1749894,810000"
"2017","MG","Não-Metálicos","Talco e outras Cargas Minerais","471112,060000",",000000000000000","-","","208405,54999999999","7927747,120000001",",000000",",000000","6202,540000","241088,040000"
"2017","MG","Metálicos","Níquel",",000000",",000000000000000","t"," Ni","0","0",",000000",",000000",",000000",",000000"
"2017","MG","Não-Metálicos","Argilas","3549486,460000",",000000000000000","-","","2114875,5299999998","18279066,080000006","201271,590000","2163206,480000","806476,960000","7949482,110000"
"2017","MG","Metálicos","Prata","28371205,040000","3680,803370000000000","kg","Ag","0","0",",000000",",000000",",000000",",000000"
"2017","MG","Não-Metálicos","Calcário","42023362,041200",",000000000000000","-","","4761778,7000000011","49244013,329999998","3272862,740000","2767998,770000","1376607,910000","34392310,660000"
"2017","MG","Não-Metálicos","Quartzo (Cristal) e outros Piezelétricos","313,170000",",000000000000000","-","","313,17000000000002","1017173,9",",000000",",000000",",000000",",000000"
"2017","MG","Não-Metálicos","Mica","2,210000",",000000000000000","-","","2,21","26600",",000000",",000000",",000000",",000000"
"2017","MG","Não-Metálicos","Saibro","247627,580000",",000000000000000","-","","86446,119999999995","825645",",000000",",000000","36834,000000","27625,500000"
"2017","MG","Não-Metálicos","Areias Industriais","1263006,270000",",000000000000000","-","","347443,81999999995","18292123,610000003",",000000",",000000",",000000",",000000"
"2017","MG","Não-Metálicos","Grafita","1351980,110000","91328,740000000000000","t","","0","0",",000000",",000000",",000000",",000000"
"2017","MG","Não-Metálicos","Dolomito e Magnesita","15,000000",",000000000000000","-","","0","0",",000000",",000000",",000000",",000000"
"2017","MG","Não-Metálicos","Areia","4854158,020000",",000000000000000","-","","4336323,5999999987","88354106,340000004","79268,650000","172614,640000","12326,830000","124804,840000"
"2017","MG","Não-Metálicos","Feldspato, Leucita e Nefelina-Sienito","79307,550000",",000000000000000","-","","65433,589999999997","14138921,039999999",",000000",",000000","5249,220000","334005,560000"
"2017","MG","Não-Metálicos","Potássio","13159,130000","1321,720000000000000","t","K2O","1854,2","145191,79999999999",",000000",",000000",",000000",",000000"
"2017","MG","Metálicos","Ouro","33371797,330000","28598,540820000000000","kg","Au","0","0",",000000",",000000",",000000",",000000"
"2017","MG","Não-Metálicos","Rochas (Britadas) e Cascalho","17380034,986800",",000000000000000","-","","791994,65800000005","9368435,4739999995","11075,000000","80261,600000","32458,160000","600190,240000"
"2017","MG","Metálicos","Estanho","159361,350000","119521,010000000000000","kg","Sn","0","0",",000000",",000000",",000000",",000000"
"2017","MG","Metálicos","Manganês","368018,280000","82370,980000000000000","t","Mn","47888,019999999997","1188343,1899999999",",000000",",000000",",000000",",000000"
"2017","MG","Metálicos","Berílio","60,000000",",600000000000000","t","BeO","53","13465",",000000",",000000",",000000",",000000"
"2017","MG","Gemas e Diamantes","Gemas","191443,580000","3770,541380000000000","kg","","24625,080000000002","49995542,370000005",",000000",",000000",",000000",",000000"
"2017","MG","Metálicos","Titânio","1943046,000000","291573,480000000000000","t","TiO2","0","0",",000000",",000000",",000000",",000000"
"2017","MG","Metálicos","Zinco","2425977,010000","187523,770000000000000","t","Zn","0","0",",000000",",000000",",000000",",000000"
"2017","MG","Gemas e Diamantes","Diamante","389076,650000","46411,440000000000000","ct","","0","0",",000000",",000000",",000000",",000000"
"2017","MG","Não-Metálicos","Rochas Ornamentais","1315921,760000",",000000000000000","-","","1488615,5600000001","287753071,52599996",",000000",",000000","142866,180000","29606003,640000"
"2017","MG","Metálicos","Columbita-Tantalita","158982,470000","75,035800000000000","t","Ta2O5","0","0",",000000",",000000",",000000",",000000"
"2017","MG","Metálicos","Alumínio (Bauxita)","2620668,230000","1056207,300000000000000","t","Al2O3","483455,84000000008","12881252,119999997",",000000",",000000","328500,000000","23308367,890000"
"2017","MG","Não-Metálicos","Cianita e outros minerais refratários","243,010000",",000000000000000","-","","0","0",",000000",",000000",",000000",",000000"
"2017","MG","Não-Metálicos","Fosfato","20027549,880000","1934713,450000000000000","t","P2O5","57675,910000000003","11430438,460000001",",000000",",000000","3121516,370000","172210462,550000"
"2017","MG","Metálicos","Zircônio",",000000",",000000000000000","t","ZrSiO4","0","0",",000000",",000000",",000000",",000000"
"2017","MG","Metálicos","Monazita e Terras-Raras",",000000",",000000000000000","t","ETR","0","0",",000000",",000000",",000000",",000000"
"2017","MG","Metálicos","Lítio","58417,000000","741,880000000000000","t","Li2O","0","0",",000000",",000000",",000000",",000000"
"2017","MG","Não-Metálicos","Bário","3032878,000000","569698,340000000000000","t","BaSO4","0","0",",000000",",000000",",000000",",000000"
"2017","MS","Metálicos","Manganês","814263,000000","356891,470000000000000","t","Mn","0","0",",000000",",000000",",000000",",000000"
"2017","MS","Não-Metálicos","Calcário","3917833,060000",",000000000000000","-","","142255,54000000001","2704634,77",",000000",",000000",",000000",",000000"
"2017","MS","Metálicos","Ferro","5020294,840000","3094735,560000000000000","t","Fe","0","0",",000000",",000000",",000000",",000000"
"2017","MS","Não-Metálicos","Talco e outras Cargas Minerais","143428,170000",",000000000000000","-","","0","0",",000000",",000000",",000000",",000000"
"2017","MS","Não-Metálicos","Rochas (Britadas) e Cascalho","4333917,600000",",000000000000000","-","","500930,36999999988","9161297,870000001","9458,000000","44373,800000","9100,000000","39250,000000"
"2017","MS","Não-Metálicos","Areia","2161256,210000",",000000000000000","-","","1737933,0199999998","23642488,969999995","510,000000","5156,100000",",000000",",000000"
"2017","MS","Não-Metálicos","Saibro","148719,570000",",000000000000000","-","","155559,75","1111719,04",",000000",",000000",",000000",",000000"
"2017","MS","Não-Metálicos","Fosfato","25,200000","3,550000000000000","t","P2O5","25,199999999999999","3780",",000000",",000000",",000000",",000000"
"2017","MS","Não-Metálicos","Rochas Ornamentais",",000000",",000000000000000","-","","0","0",",000000",",000000",",000000",",000000"
"2017","MS","Não-Metálicos","Argilas","299842,610000",",000000000000000","-","","148529,60000000001","1742882,78",",000000",",000000",",000000",",000000"
"2017","MT","Gemas e Diamantes","Diamante","127981,000000","23265,260000000000000","ct","","0","0",",000000",",000000",",000000",",000000"
"2017","MT","Não-Metálicos","Calcário","8763382,600000",",000000000000000","-","","2067,04","61957,419999999998",",000000",",000000","835762,920000","19544862,060000"
"2017","MT","Não-Metálicos","Talco e outras Cargas Minerais","36119,480000",",000000000000000","-","","0","0",",000000",",000000","36119,480000","502729,210000"
"2017","MT","Não-Metálicos","Argilas","999209,190000",",000000000000000","-","","115700,68999999999","2038310,7","15455,510000","369480,250000","157374,150000","3136897,360000"
"2017","MT","Metálicos","Estanho","360600,000000","430658,000000000000000","kg","Sn","0","0",",000000",",000000",",000000",",000000"
"2017","MT","Não-Metálicos","Quartzo (Cristal) e outros Piezelétricos",",370000",",000000000000000","-","","0,37","1044",",000000",",000000",",000000",",000000"
"2017","MT","Não-Metálicos","Dolomito e Magnesita","1506799,500000",",000000000000000","-","","0","0",",000000",",000000",",000000",",000000"
"2017","MT","Não-Metálicos","Rochas Ornamentais","3349,120000",",000000000000000","-","","2388,3000000000002","58688,5",",000000",",000000",",000000",",000000"
"2017","MT","Metálicos","Ouro","3076811,340000","1245,398940000000000","kg","Au","0","0",",000000",",000000",",000000",",000000"
"2017","MT","Metálicos","Manganês","39600,000000","14929,200000000000000","t","Mn","0","0",",000000",",000000","37413,000000","3367170,000000"
"2017","MT","Não-Metálicos","Areia","1227359,690000",",000000000000000","-","","1073704,3800000001","25521458,84",",000000",",000000",",000000",",000000"
"2017","MT","Metálicos","Zinco","320,000000","18,370000000000000","t","Zn","71,25","21375",",000000",",000000",",000000",",000000"
"2017","MT","Metálicos","Chumbo","320,000000","53,760000000000000","t","Pb","71,25","21375",",000000",",000000",",000000",",000000"
"2017","MT","Não-Metálicos","Rochas (Britadas) e Cascalho","3591101,130000",",000000000000000","-","","275562,07000000001","3661146,1900000004","87200,000000","252000,000000","192776,000000","1152427,000000"
"2017","MT","Não-Metálicos","Areias Industriais","5128,400000",",000000000000000","-","","5128,3999999999996","45180,5",",000000",",000000",",000000",",000000"
"2017","PA","Metálicos","Alumínio (Bauxita)","45570808,180000","21747256,560000000000000","t","Al2O3","0","0",",000000",",000000",",000000",",000000"
"2017","PA","Metálicos","Ouro","19831028,530000","4277,834860000000000","kg","Au","0","0",",000000",",000000",",000000",",000000"
"2017","PA","Não-Metálicos","Argilas","455866,770000",",000000000000000","-","","618943,32999999984","2173672,9100000001","1600,000000","20129,000000","273282,420000","4832190,700000"
"2017","PA","Não-Metálicos","Caulim","3553389,400000",",000000000000000","-","","105236,64","4203151,5300000003",",000000",",000000",",000000",",000000"
"2017","PA","Metálicos","Prata","107985,000000","202,500000000000000","kg","Ag","0","0",",000000",",000000",",000000",",000000"
"2017","PA","Não-Metálicos","Areia","725053,600000",",000000000000000","-","","617320,79000000004","6425525,4799999995","21300,000000",",120000","80939,000000","591255,000000"
"2017","PA","Não-Metálicos","Rochas (Britadas) e Cascalho","1375901,290000",",000000000000000","-","","165815,13999999998","5042775,0099999988","24401,000000","35,120000",",000000",",000000"
"2017","PA","Metálicos","Níquel","964215,070000","19868,290000000000000","t"," Ni","0","0",",000000",",000000",",000000",",000000"
"2017","PA","Não-Metálicos","Fosfato","140448,980000","28511,140000000000000","t","P2O5","0","0",",000000",",000000",",000000",",000000"
"2017","PA","Metálicos","Manganês","3988645,790000","1412337,460000000000000","t","Mn","0","0",",000000",",000000",",000000",",000000"
"2017","PA","Metálicos","Cobre","76154411,630000","499193,440000000000000","t","Cu","0","0",",000000",",000000",",000000",",000000"
"2017","PA","Metálicos","Ferro","168495286,000000","110293917,450000000000000","t","Fe","0","0",",000000",",000000",",000000",",000000"
"2017","PA","Não-Metálicos","Gipsita","8074,340000",",000000000000000","-","","8074,3400000000001","362345,29999999999",",000000",",000000",",000000",",000000"
"2017","PA","Não-Metálicos","Saibro","43541,700000",",000000000000000","-","","43541,699999999997","524597,09999999998",",000000",",000000",",000000",",000000"
"2017","PA","Não-Metálicos","Areias Industriais","86468,660000",",000000000000000","-","","1663","217487",",000000",",000000",",000000",",000000"
"2017","PA","Metálicos","Estanho","3952752,470000","2800983,290000000000000","kg","Sn","0","0",",000000",",000000",",000000",",000000"
"2017","PA","Não-Metálicos","Calcário","2143324,060000",",000000000000000","-","","700421,15000000002","25196682,93",",000000",",000000",",010000",",010000"
"2017","PA","Gemas e Diamantes","Gemas","210,100000","168068,000000000000000","kg","","210,09999999999999","525052,40000000002",",000000",",000000",",000000",",000000"
"2017","PA","Gemas e Diamantes","Diamante","1500,000000","173,000000000000000","ct","","0","0",",000000",",000000",",000000",",000000"
"2017","PB","Não-Metálicos","Areia","533750,160000",",000000000000000","-","","533740,16000000003","5028376,9900000002",",000000",",000000",",000000",",000000"
"2017","PB","Metálicos","Ouro",",000000",",000000000000000","kg","Au","0","0",",000000",",000000",",000000",",000000"
"2017","PB","Não-Metálicos","Argilas","855514,490000",",000000000000000","-","","312217,01000000001","7687721,5800000001","6040,000000","30200,000000",",000000",",000000"
"2017","PB","Não-Metálicos","Cianita e outros minerais refratários","1070,570000",",000000000000000","-","","0","0",",000000",",000000",",000000",",000000"
"2017","PB","Gemas e Diamantes","Gemas",",000000",",000000000000000","-","","0","0",",000000",",000000",",000000",",000000"
"2017","PB","Metálicos","Columbita-Tantalita",",740000",",340000000000000","t","Nb2O5","0","0",",000000",",000000",",000000",",000000"
"2017","PB","Metálicos","Titânio","278402,220000","63796,090000000000000","t","TiO2","0","0",",000000",",000000",",000000",",000000"
"2017","PB","Não-Metálicos","Dolomito e Magnesita","11207,200000",",000000000000000","-","","11207,200000000001","174141,20000000001",",000000",",000000",",000000",",000000"
"2017","PB","Não-Metálicos","Quartzo (Cristal) e outros Piezelétricos","8,500000",",000000000000000","-","","0","0",",000000",",000000",",000000",",000000"
"2017","PB","Não-Metálicos","Calcário","4614761,620000",",000000000000000","-","","1958283,6000000001","29969925,75","1330,000000","53200,000000","12001,270000","156016,590000"
"2017","PB","Não-Metálicos","Rochas Ornamentais - Outras","24966,950000",",000000000000000","-","","24966,949999999997","292290,59999999998",",000000",",000000",",000000",",000000"
"2017","PB","Não-Metálicos","Caulim","1457,500000",",000000000000000","-","","1457,5","221248,5",",000000",",000000",",000000",",000000"
"2017","PB","Não-Metálicos","Rochas Ornamentais","19604,510000",",000000000000000","-","","10472,17","10494442,26","2560,000000",",010000","1347,120000","221169,080000"
"2017","PB","Não-Metálicos","Mica","2557,500000",",000000000000000","-","","2263,7399999999998","495419,54999999999",",000000",",000000",",000000",",000000"
"2017","PB","Gemas e Diamantes","Gemas","4,900000","3200,760000000000000","kg","","4,1999999999999996E-2","4200",",000000",",000000",",000000",",000000"
"2017","PB","Não-Metálicos","Saibro","6956,800000",",000000000000000","-","","6956,8000000000002","36218,720000000001",",000000",",000000",",000000",",000000"
"2017","PB","Não-Metálicos","Vermiculita e Perlita","4982,100000",",000000000000000","t","","4982,1000000000004","3284878,77",",000000",",000000",",000000",",000000"
"2017","PB","Não-Metálicos","Minerais Industriais (Outros)",",000000",",000000000000000","-","","0","0",",000000",",000000",",000000",",000000"
"2017","PB","Não-Metálicos","Minerais Industriais (Outros)","2,100000",",001140000000000","t","","1,7999999999999999E-2","1800",",000000",",000000",",000000",",000000"
"2017","PB","Não-Metálicos","Areias Industriais","12049653,120000",",000000000000000","-","","173909,52000000002","1867851,2",",000000",",000000","35984,000000","461453,000000"
"2017","PB","Não-Metálicos","Rochas (Britadas) e Cascalho","669633,390000",",000000000000000","-","","53399,470000000001","1148088,6200000001",",000000",",000000",",000000",",000000"
"2017","PB","Metálicos","Zircônio","41270,640000","11959,390000000000000","t","ZrSiO4","0","0",",000000",",000000",",000000",",000000"
"2017","PB","Metálicos","Columbita-Tantalita","1,880000","1,110000000000000","t","Ta2O5","0","0",",000000",",000000",",000000",",000000"
"2017","PB","Não-Metálicos","Feldspato, Leucita e Nefelina-Sienito","179908,990000",",000000000000000","-","","48324,490000000005","3325653,5",",000000",",000000",",000000",",000000"
"2017","PB","Metálicos","Estanho","1,100000","650,000000000000000","kg","Sn","0","0",",000000",",000000",",000000",",000000"
"2017","PE","Metálicos","Ouro",",000000",",000000000000000","kg","Au","0","0",",000000",",000000",",000000",",000000"
"2017","PE","Não-Metálicos","Areia","642578,690000",",000000000000000","-","","596489,09000000008","4625098,9299999997","35164,600000","86256,000000",",000000",",000000"
"2017","PE","Não-Metálicos","Rochas (Britadas) e Cascalho","3919816,350000",",000000000000000","-","","28491","1129450",",000000",",000000",",000000",",000000"
"2017","PE","Não-Metálicos","Saibro","59174,420000",",000000000000000","-","","36260,420000000006","332688",",000000",",000000","22464,000000","22464,000000"
"2017","PE","Não-Metálicos","Rochas Ornamentais - Outras",",000000",",000000000000000","-","","0","0",",000000",",000000",",000000",",000000"
"2017","PE","Não-Metálicos","Caulim",",000000",",000000000000000","-","","0","0",",000000",",000000",",000000",",000000"
"2017","PE","Não-Metálicos","Areias Industriais","253265,600000",",000000000000000","-","","171113,10000000001","7147268,6000000006",",000000",",000000",",000000",",000000"
"2017","PE","Metálicos","Titânio",",000000",",000000000000000","t","TiO2","0","0",",000000",",000000",",000000",",000000"
"2017","PE","Não-Metálicos","Gipsita","1684372,670000",",000000000000000","-","","982052,76000000001","22140654,109999996",",000000",",000000","8302,000000","207555,000000"
"2017","PE","Não-Metálicos","Dolomito e Magnesita","133,600000",",000000000000000","-","","133,59999999999999","20526,040000000001",",000000",",000000",",000000",",000000"
"2017","PE","Não-Metálicos","Calcário","103273,160000",",000000000000000","-","","18243,639999999999","556032,83000000007","332,000000","3320,000000","36858,110000","499300,420000"
"2017","PE","Não-Metálicos","Vermiculita e Perlita","1345,000000","534,230000000000000","t","","0","0",",000000",",000000",",000000",",000000"
"2017","PE","Não-Metálicos","Rochas Ornamentais","72060,000000",",000000000000000","-","","17007,140000000003","13224278,810000001",",000000",",000000",",000000",",000000"
"2017","PE","Não-Metálicos","Argilas","513301,610000",",000000000000000","-","","360252,69999999995","8368670,3899999997","3117,660000","33265,430000","94853,880000","433431,560000"
"2017","PI","Não-Metálicos","Gipsita",",000000",",000000000000000","-","","0","0",",000000",",000000",",000000",",000000"
"2017","PI","Metálicos","Níquel",",000000",",000000000000000","t"," Ni","0","0",",000000",",000000",",000000",",000000"
"2017","PI","Não-Metálicos","Argilas","240456,770000",",000000000000000","-","","158669,75","1060662,22","4928,000000","7930,070000","79162,830000","1543208,110000"
"2017","PI","Não-Metálicos","Rochas Ornamentais","20001,510000",",000000000000000","-","","14316,92","1008276,6299999999",",000000",",000000","5865,210000","356760,720000"
"2017","PI","Não-Metálicos","Saibro","78863,000000",",000000000000000","-","","25704,599999999999","202292,5","51799,400000","57113,000000",",000000",",000000"
"2017","PI","Não-Metálicos","Rochas (Britadas) e Cascalho","917233,910000",",000000000000000","-","","40250,279999999999","966750,5","32894,000000","537239,400000","52554,320000","909236,300000"
"2017","PI","Não-Metálicos","Dolomito e Magnesita","7402,046100",",000000000000000","-","","0","0",",000000",",000000",",000000",",000000"
"2017","PI","Não-Metálicos","Areia","172735,410000",",000000000000000","-","","191538,70000000001","3436999,04","23500,760000","58751,900000","662,100000","8619,910000"
"2017","PI","Gemas e Diamantes","Gemas",",040000",",000040000000000","kg","","4,0000000000000001E-2","59600",",000000",",000000",",000000",",000000"
"2017","PI","Não-Metálicos","Calcário","335651,523900",",000000000000000","-","","9570","124125",",000000",",000000",",000000",",000000"
"2017","PR","Não-Metálicos","Feldspato, Leucita e Nefelina-Sienito","109787,310000",",000000000000000","-","","41075","3524266",",000000",",000000",",000000",",000000"
"2017","PR","Não-Metálicos","Areia","7564208,690000",",000000000000000","-","","5516693,4100000001","93859700,75",",000000",",000000",",000000",",000000"
"2017","PR","Não-Metálicos","Fluorita e Criolita","67320,700000","22022,140000000000000","t","","0","0",",000000",",000000",",000000",",000000"
"2017","PR","Gemas e Diamantes","Gemas","4512,400000","4512400,000000000000000","kg","","0","0",",000000",",000000","4512,400000","90248,000000"
"2017","PR","Não-Metálicos","Argilas","1254691,000000",",000000000000000","-","","351574,41000000003","5154706,9100000001","81246,810000","446563,440000","345051,250000","2738339,280000"
"2017","PR","Energéticos","Carvão Mineral","361935,650000",",000000000000000","-","","0","0",",000000",",000000",",000000",",000000"
"2017","PR","Metálicos","Ouro","79892,970000","355,514210000000000","kg","Au","0","0",",000000",",000000",",000000",",000000"
"2017","PR","Não-Metálicos","Bário",",000000",",000000000000000","t","BaSO4","0","0",",000000",",000000",",000000",",000000"
"2017","PR","Não-Metálicos","Dolomito e Magnesita","1519968,130000",",000000000000000","-","","1028823,54","5596190,5700000003",",000000",",000000","109124,870000","1583447,830000"
"2017","PR","Metálicos","Chumbo",",000000",",000000000000000","t","Pb","0","0",",000000",",000000",",000000",",000000"
"2017","PR","Metálicos","Zinco",",000000",",000000000000000","t","Zn","0","0",",000000",",000000",",000000",",000000"
"2017","PR","Não-Metálicos","Caulim","43853,210000",",000000000000000","-","","28759,740000000002","2247789,8399999999",",000000",",000000","14933,890000","511354,020000"
"2017","PR","Não-Metálicos","Calcário","10469359,570400",",000000000000000","-","","1434774,45","19934816,59","1241041,760000","4523600,640000","476774,110000","5709565,970000"
"2017","PR","Não-Metálicos","Talco e outras Cargas Minerais","572695,860000",",000000000000000","-","","165857,57000000001","12805833,969999999",",000000",",000000","10329,900000","163212,420000"
"2017","PR","Não-Metálicos","Rochas Ornamentais - Outras","9809,500000",",000000000000000","-","","8765","125901,34","194,500000","3209,250000","301,000000","182729,780000"
"2017","PR","Não-Metálicos","Rochas (Britadas) e Cascalho","18386130,234600",",000000000000000","-","","668579,77500000002","8576277,7399999984","153445,640000","1309117,620000","990859,580000","4093108,970000"
"2017","PR","Não-Metálicos","Rochas Ornamentais","26264,130000",",000000000000000","-","","9357,1399999999994","2040161,0099999998",",000000",",000000","628,600000","134669,410000"
"2017","PR","Metálicos","Prata","79892,970000","58,659850000000000","kg","Ag","0","0",",000000",",000000",",000000",",000000"
"2017","PR","Não-Metálicos","Areias Industriais","19275,365000",",000000000000000","-","","19059,364999999998","800455,26000000001","60,000000","420,000000","156,000000","6676,800000"
"2017","PR","Não-Metálicos","Saibro","1369280,180000",",000000000000000","-","","1252385,3599999999","15770183,829999998","38983,000000","753504,500000","31570,000000","123995,000000"
"2017","RJ","Metálicos","Titânio",",000000",",000000000000000","t","TiO2","0","0",",000000",",000000",",000000",",000000"
"2017","RJ","Não-Metálicos","Argilas","1742545,380000",",000000000000000","-","","201326,66","749068,88",",000000",",000000","1489151,720000","4095106,060000"
"2017","RJ","Não-Metálicos","Fluorita e Criolita",",000000",",000000000000000","t","","0","0",",000000",",000000",",000000",",000000"
"2017","RJ","Não-Metálicos","Rochas (Britadas) e Cascalho","11667725,600000",",000000000000000","-","","149756,32000000001","984743,60000000009",",000000",",000000",",000000",",000000"
"2017","RJ","Não-Metálicos","Calcário","2299559,090000",",000000000000000","-","","0","0",",000000",",000000","553838,190000","7183281,800000"
"2017","RJ","Não-Metálicos","Caulim",",000000",",000000000000000","-","","0","0",",000000",",000000",",000000",",000000"
"2017","RJ","Metálicos","Alumínio (Bauxita)",",000000",",000000000000000","t","Al2O3","0","0",",000000",",000000",",000000",",000000"
"2017","RJ","Não-Metálicos","Rochas Ornamentais - Outras","57614,290000",",000000000000000","-","","55804,929999999993","2957281,7399999998",",000000",",000000","1566,360000","31615,030000"
"2017","RJ","Não-Metálicos","Rochas Ornamentais","4029,300000",",000000000000000","-","","4029,3000000000002","2248778,6099999999",",000000",",000000",",000000",",000000"
"2017","RJ","Não-Metálicos","Areia","4122671,630000",",000000000000000","-","","4060868,7499999995","62144668,479999997",",000000",",000000",",000000",",000000"
"2017","RJ","Não-Metálicos","Saibro","2609158,920000",",000000000000000","-","","2573217,3700000001","8884206,0299999993",",000000",",000000","1782,000000","12,000000"
"2017","RJ","Não-Metálicos","Areias Industriais",",000000",",000000000000000","-","","6423,96","123061,67",",000000",",000000",",000000",",000000"
"2017","RN","Não-Metálicos","Areias Industriais","31247,880000",",000000000000000","-","","31247,880000000001","551282,47999999998",",000000",",000000",",000000",",000000"
"2017","RN","Não-Metálicos","Quartzo (Cristal) e outros Piezelétricos",",000000",",000000000000000","-","","0","0",",000000",",000000",",000000",",000000"
"2017","RN","Não-Metálicos","Diatomita","397,000000",",000000000000000","-","","377","65125",",000000",",000000",",000000",",000000"
"2017","RN","Não-Metálicos","Dolomito e Magnesita","29330,450000",",000000000000000","-","","0","0",",000000",",000000",",000000",",000000"
"2017","RN","Não-Metálicos","Feldspato, Leucita e Nefelina-Sienito","14164,830000",",000000000000000","-","","7640,1100000000006","1869595,5600000001",",000000",",000000",",000000",",000000"
"2017","RN","Não-Metálicos","Saibro","113200,000000",",000000000000000","-","","113200","226400",",000000",",000000",",000000",",000000"
"2017","RN","Não-Metálicos","Talco e outras Cargas Minerais","23063,000000",",000000000000000","-","","23063","449728,5",",000000",",000000",",000000",",000000"
"2017","RN","Metálicos","Ferro","72772,270000","43443,020000000000000","t","Fe","47373,139999999999","2771820,3300000001",",000000",",000000",",000000",",000000"
"2017","RN","Não-Metálicos","Rochas (Britadas) e Cascalho","785295,850000",",000000000000000","-","","110","6600",",000000",",000000","11815,000000","11815,000000"
"2017","RN","Não-Metálicos","Caulim","58120,000000",",000000000000000","-","","58143","967630",",000000",",000000",",000000",",000000"
"2017","RN","Metálicos","Ouro","12512,500000","45,774770000000000","kg","Au","0","0",",000000",",000000",",000000",",000000"
"2017","RN","Não-Metálicos","Calcário","1491982,830000",",000000000000000","-","","489922,90999999997","8312473,96",",000000",",000000",",000000",",000000"
"2017","RN","Não-Metálicos","Rochas Ornamentais","54163,990000",",000000000000000","-","","47554,989999999998","26159506,890000001",",000000",",000000","3995,720000","729327,100000"
"2017","RN","Não-Metálicos","Argilas","177791,640000",",000000000000000","-","","130215,39999999999","622923,78000000003","7500,000000","63750,000000","36077,000000","187150,390000"
"2017","RN","Não-Metálicos","Gipsita","2809,240000",",000000000000000","-","","2809,2399999999998","90738,449999999997",",000000",",000000",",000000",",000000"
"2017","RN","Metálicos","Columbita-Tantalita","400,000000",",040000000000000","t","Ta2O5","0","0",",000000",",000000",",000000",",000000"
"2017","RN","Não-Metálicos","Areia","121768,700000",",000000000000000","-","","121768,7","653405,89000000001",",000000",",000000",",000000",",000000"
"2017","RN","Metálicos","Tungstênio","53205,030000","481,560000000000000","t","WO3","0","0",",000000",",000000",",000000",",000000"
"2017","RN","Não-Metálicos","Rochas Ornamentais - Outras","10852,400000",",000000000000000","-","","10246,870000000001","6317024,3999999994",",000000",",000000",",000000",",000000"
"2017","RN","Gemas e Diamantes","Gemas","2046,000000","37,548640000000000","kg","","0","0",",000000",",000000",",000000",",000000"
"2017","RN","Não-Metálicos","Mica",",000000",",000000000000000","-","","0","0",",000000",",000000",",000000",",000000"
"2017","RO","Metálicos","Chumbo","84604,970000","2995,010000000000000","t","Pb","26254,009999999998","27170906,149999999",",000000",",000000",",000000",",000000"
"2017","RO","Metálicos","Manganês","537260,420000","51577,000000000000000","t","Mn","0","0",",000000",",000000",",000000",",000000"
"2017","RO","Não-Metálicos","Rochas (Britadas) e Cascalho","1148474,360000",",000000000000000","-","","143660,62999999998","2003673,25",",000000",",000000",",000000",",000000"
"2017","RO","Não-Metálicos","Argilas","276298,410000",",000000000000000","-","","83571,600000000006","1051858,74","2528,000000","26056,000000","188023,060000","2994600,970000"
"2017","RO","Metálicos","Ouro",",000000",",000000000000000","kg","Au","0","0",",000000",",000000",",000000",",000000"
"2017","RO","Metálicos","Estanho","9792415,480000","6600755,310000000000000","kg","Sn","0","0",",000000",",000000",",000000",",000000"
"2017","RO","Metálicos","Cobre","4000,000000","4,800000000000000","t","Cu","0","0",",000000",",000000",",000000",",000000"
"2017","RO","Não-Metálicos","Calcário","384357,360000",",000000000000000","-","","0","0",",000000",",000000",",000000",",000000"
"2017","RO","Não-Metálicos","Saibro",",000000",",000000000000000","-","","0","0",",000000",",000000",",000000",",000000"
"2017","RO","Metálicos","Columbita-Tantalita","588746,450000","5,300000000000000","t","Ta2O5","0","0",",000000",",000000",",000000",",000000"
"2017","RO","Não-Metálicos","Areia","233496,660000",",000000000000000","-","","210975,99000000017","5517252,2599999998",",000000",",000000",",000000",",000000"
"2017","RO","Metálicos","Zinco","84604,970000","11311,680000000000000","t","Zn","26254,009999999998","27170906,149999999",",000000",",000000",",000000",",000000"
"2017","RO","Não-Metálicos","Rochas Ornamentais","2050,000000",",000000000000000","-","","2050","559103",",000000",",000000",",000000",",000000"
"2017","RO","Metálicos","Columbita-Tantalita","1540842,450000","304,440440000000000","t","Nb2O5","0","0",",000000",",000000",",000000",",000000"
"2017","RR","Não-Metálicos","Rochas Ornamentais","681,860000",",000000000000000","-","","681,86000000000001","77484,25",",000000",",000000",",000000",",000000"
"2017","RR","Não-Metálicos","Areia","224073,320000",",000000000000000","-","","224073,3199999991","2988569,48",",000000",",000000",",000000",",000000"
"2017","RR","Metálicos","Ouro",",000000",",000000000000000","kg","Au","340","170000",",000000",",000000",",000000",",000000"
"2017","RR","Não-Metálicos","Argilas","254950,490000",",000000000000000","-","","254950,49000000002","743339,75",",000000",",000000",",000000",",000000"
"2017","RR","Não-Metálicos","Saibro","4819,200000",",000000000000000","-","","4819,1999999999998","4819,1999999999998",",000000",",000000",",000000",",000000"
"2017","RR","Não-Metálicos","Rochas (Britadas) e Cascalho","256736,540000",",000000000000000","-","","11271,540000000025","108914,26000000004",",000000",",000000","2565,000000","15390,000000"
"2017","RS","Não-Metálicos","Caulim","299036,130000",",000000000000000","-","","157129,16999999998","5719661,25",",000000",",000000","45326,140000","727788,640000"
"2017","RS","Não-Metálicos","Areia","9490742,380000",",000000000000000","-","","9176960,4199999999","103415512,50000001","250985,370000","3478581,980000","7493,640000","22010,040000"
"2017","RS","Não-Metálicos","Geodos, Ágatas, Calcedônia, etc","12978,630000","12976,132500000000000","t","","12968,990000000002","51652308,760000005",",000000",",000000",",000000",",000000"
"2017","RS","Não-Metálicos","Talco e outras Cargas Minerais","534,650000",",000000000000000","-","","534,64999999999998","63104,57",",000000",",000000",",000000",",000000"
"2017","RS","Não-Metálicos","Calcário","4319115,920000",",000000000000000","-","","910947,67000000004","1506898,3399999999",",000000",",000000",",000000",",000000"
"2017","RS","Não-Metálicos","Rochas (Britadas) e Cascalho","17844676,960000",",000000000000000","-","","477231,54999999993","6656054,0800000001","3678,030000","25500,030000","132356,630000","858642,430000"
"2017","RS","Não-Metálicos","Saibro","2312790,300000",",000000000000000","-","","1289999,0700000003","13857940,159999998","9045,400000","52832,120000","811319,280000","5033186,180000"
"2017","RS","Não-Metálicos","Areias Industriais","29370,580000",",000000000000000","-","","0","0",",000000",",000000",",000000",",000000"
"2017","RS","Não-Metálicos","Rochas Ornamentais - Outras","506951,590000",",000000000000000","-","","463346,47999999998","26398041,769999996",",000000",",000000","13742,250000","205541,270000"
"2017","RS","Não-Metálicos","Argilas","2814126,890000",",000000000000000","-","","759156,7300000001","9272399,5999999996","53234,740000","220647,800000","1954894,070000","7071906,040000"
"2017","RS","Energéticos","Carvão Mineral","3488153,070000",",000000000000000","-","","0","0",",000000",",000000",",000000",",000000"
"2017","RS","Não-Metálicos","Rochas Ornamentais","6829,130000",",000000000000000","-","","6676,8999999999996","3887491,52",",000000",",000000",",000000",",000000"
"2017","SC","Não-Metálicos","Feldspato, Leucita e Nefelina-Sienito","143780,180000",",000000000000000","-","","0","0",",000000",",000000","479,000000","4790,000000"
"2017","SC","Não-Metálicos","Areia","6185871,430000",",000000000000000","-","","5741241,0800000001","87815704,939999998","43453,830000","618062,000000","235541,650000","2357465,610000"
"2017","SC","Não-Metálicos","Rochas (Britadas) e Cascalho","17619058,440000",",000000000000000","-","","651380,80000000005","7503944,5200000005","91119,550000","484871,120000","581457,570000","6813895,300000"
"2017","SC","Energéticos","Turfa","40285,870000",",000000000000000","-","","21632,169999999998","932766,21999999997",",000000",",000000",",000000",",000000"
"2017","SC","Não-Metálicos","Saibro","2489991,850000",",000000000000000","-","","1446643,5600000001","9849944,2000000011","382545,330000","1784216,910000","268973,770000","1241418,200000"
"2017","SC","Energéticos","Carvão Mineral","6370921,390000",",000000000000000","-","","24870,16","1204676,1599999999",",000000",",000000",",000000",",000000"
"2017","SC","Não-Metálicos","Argilas","3392552,460000",",000000000000000","-","","2307879,2399999998","26727846,920000002","139783,200000","910375,650000","771194,150000","9692124,550000"
"2017","SC","Não-Metálicos","Rochas Ornamentais - Outras","77077,680000",",000000000000000","-","","73678","3089352,9299999997","67,500000","7894,120000",",000000",",000000"
"2017","SC","Não-Metálicos","Caulim","415150,650000",",000000000000000","-","","347632,97999999998","13667891,810000001",",000000",",000000","43441,520000","897843,760000"
"2017","SC","Não-Metálicos","Rochas Ornamentais","241650,260000",",000000000000000","-","","241124,97999999998","4404167,4100000001","145,640000","25113,000000",",000000",",000000"
"2017","SC","Não-Metálicos","Areias Industriais","1069872,090000",",000000000000000","-","","944","100153,04000000001","43,000000","1290,000000","10848,900000","108489,000000"
"2017","SC","Não-Metálicos","Calcário","2437610,600000",",000000000000000","-","","0","0",",000000",",000000","20093,970000","1965746,660000"
"2017","SC","Metálicos","Alumínio (Bauxita)","14989,000000","6745,050000000000000","t","Al2O3","14989","362371,75",",000000",",000000",",000000",",000000"
"2017","SE","Não-Metálicos","Saibro","22972,430000",",000000000000000","-","","22972,43","50417,860000000001",",000000",",000000",",000000",",000000"
"2017","SE","Não-Metálicos","Rochas Ornamentais - Outras","35211,660000",",000000000000000","-","","351827,44","351827,44",",000000",",000000","35211,660000","351827,440000"
"2017","SE","Não-Metálicos","Areia","259396,920000",",000000000000000","-","","259396,92000000001","2226521,8899999997","1985,000000","18050,000000",",000000",",000000"
"2017","SE","Não-Metálicos","Argilas","1270374,300000",",000000000000000","-","","406465,62","2365328,5300000003",",000000",",000000","660151,700000","5263428,410000"
"2017","SE","Não-Metálicos","Rochas (Britadas) e Cascalho","476470,000000",",000000000000000","-","","210736,32000000001","1121994,3700000001",",000000",",000000",",000000",",000000"
"2017","SE","Não-Metálicos","Calcário","3636471,050000",",000000000000000","-","","111988","232436,44",",000000",",000000",",000000",",000000"
"2017","SE","Não-Metálicos","Talco e outras Cargas Minerais","25613,000000",",000000000000000","-","","0","0",",000000",",000000","22387,340000","243491,330000"
"2017","SE","Não-Metálicos","Potássio","2229897,880000","561265,290000000000000","t","K2O","0","0",",000000",",000000",",000000",",000000"
"2017","SE","Não-Metálicos","Areias Industriais","1000,000000",",000000000000000","-","","1000","8000",",000000",",000000",",000000",",000000"
"2017","SP","Não-Metálicos","Rochas Ornamentais","20605,110000",",000000000000000","-","","20867,399999999998","2998698,6200000001",",000000",",000000",",000000",",000000"
"2017","SP","Metálicos","Zircônio",",000000",",000000000000000","t","ZrSiO4","0","0",",000000",",000000",",000000",",000000"
"2017","SP","Não-Metálicos","Areias Industriais","4423022,050000",",000000000000000","-","","224208,95000000001","7561159,4199999999",",000000",",000000",",000000",",000000"
"2017","SP","Não-Metálicos","Calcário","12461271,177500",",000000000000000","-","","739592,49250000005","4944445,4300000006","450,000000","450,000000","2428041,580000","66688002,610000"
"2017","SP","Não-Metálicos","Caulim","155000,710000",",000000000000000","-","","11936,5","249220,5",",000000",",000000","11850,000000","59250,000000"
"2017","SP","Não-Metálicos","Feldspato, Leucita e Nefelina-Sienito","1389,300000",",000000000000000","-","","0","0",",000000",",000000",",000000",",000000"
"2017","SP","Não-Metálicos","Fosfato","9673032,640000","3486379,470000000000000","t","P2O5","0","0",",000000",",000000",",000000",",000000"
"2017","SP","Não-Metálicos","Minerais Industriais (Outros)",",000000",",000000000000000","t","","0","0",",000000",",000000",",000000",",000000"
"2017","SP","Não-Metálicos","Dolomito e Magnesita","221109,952500",",000000000000000","-","","2661,0774999999999","27580,709999999999",",000000",",000000",",000000",",000000"
"2017","SP","Não-Metálicos","Saibro","289022,540000",",000000000000000","-","","287567,31000000006","2646455,4500000002","1414,000000","1414,000000",",000000",",000000"
"2017","SP","Metálicos","Ferro","4850497,740000","317662,900000000000000","t","Fe","0","0",",000000",",000000",",000000",",000000"
"2017","SP","Não-Metálicos","Areia","24524392,830000",",000000000000000","-","","13769229,319999997","311454119,63000005","847,170000","7261,600000","90511,180000","664419,500000"
"2017","SP","Metálicos","Alumínio (Bauxita)","680674,250000","273501,770000000000000","t","Al2O3","248370,88999999998","7381967,6100000003",",000000",",000000",",000000",",000000"
"2017","SP","Não-Metálicos","Argilas","11423564,940000",",000000000000000","-","","8341455,419999999","107043305,00999999","366289,020000","2150581,430000","1702548,570000","9718138,820000"
"2017","SP","Energéticos","Turfa","59751,820000",",000000000000000","-","","35017,82","5494906,3400000008",",000000",",000000",",000000",",000000"
"2017","SP","Não-Metálicos","Rochas Ornamentais - Outras","31239,980000",",000000000000000","-","","31221,879999999997","246806,39999999999",",000000",",000000",",000000",",000000"
"2017","SP","Não-Metálicos","Rochas (Britadas) e Cascalho","58300354,150000",",000000000000000","-","","742438,28999999992","16325833,399999999","56388,000000","281940,000000","15240,000000","13146,890000"
"2017","SP","Não-Metálicos","Talco e outras Cargas Minerais","1015160,340000",",000000000000000","-","","405091,35999999999","10371857,52",",000000",",000000","532,170000","532,170000"
"2017","TO","Não-Metálicos","Talco e outras Cargas Minerais","2283,610000",",000000000000000","-","","43,579999999999998","9981",",000000",",000000",",000000",",000000"
"2017","TO","Não-Metálicos","Minerais Industriais (Outros)","73,750000",",000000000000000","-","","35","350000",",000000",",000000",",000000",",000000"
"2017","TO","Não-Metálicos","Fosfato","1319970,860000","88769,400000000000000","t","P2O5","0","0",",000000",",000000",",000000",",000000"
"2017","TO","Metálicos","Ouro","18537,410000","22,008590000000000","kg","Au","0","0",",000000",",000000",",000000",",000000"
"2017","TO","Não-Metálicos","Areia","222452,600000",",000000000000000","-","","203716,07999999999","4096113,1500000004",",000000",",000000",",000000",",000000"
"2017","TO","Não-Metálicos","Calcário","4073766,030000",",000000000000000","-","","94693,440000000002","946934,40000000002",",000000",",000000",",000000",",000000"
"2017","TO","Não-Metálicos","Saibro","1903,800000",",000000000000000","-","","1903,8","36748,160000000003",",000000",",000000",",000000",",000000"
"2017","TO","Não-Metálicos","Gipsita","46608,920000",",000000000000000","-","","46608,919999999998","745707,52000000002",",000000",",000000",",000000",",000000"
"2017","TO","Não-Metálicos","Rochas (Britadas) e Cascalho","757323,110000",",000000000000000","-","","114901,95999999999","2617514,9599999995",",000000",",000000",",000000",",000000"
"2017","TO","Não-Metálicos","Argilas","2918520,560000",",000000000000000","-","","2712469,27","1897071,3700000001","136387,240000","1157599,510000","28571,020000","466933,000000"
"2017","TO","Não-Metálicos","Areias Industriais","82000,000000",",000000000000000","-","","0","0",",000000",",000000",",000000",",000000"
"2018","AC","Não-Metálicos","Rochas (Britadas) e Cascalho",",000000",",000000000000000","-","","0","0",",000000",",000000",",000000",",000000"
"2018","AC","Não-Metálicos","Argilas","21440,000000",",000000000000000","-","","7478,9499999999998","31086,779999999999",",000000",",000000","10658,790000","124116,250000"
"2018","AC","Não-Metálicos","Areia","78038,940000",",000000000000000","-","","70194,450000000012","879731,89000000001",",000000",",000000",",000000",",000000"
"2018","AL","Não-Metálicos","Sal","598868,870000",",000000000000000","-","","0","0",",000000",",000000","598868,870000","7266762,070000"
"2018","AL","Não-Metálicos","Calcário","245960,980000",",000000000000000","-","","0","0",",000000",",000000",",000000",",000000"
"2018","AL","Não-Metálicos","Amianto",",000000",",000000000000000","t","","0","0",",000000",",000000",",000000",",000000"
"2018","AL","Não-Metálicos","Argilas","343656,030000",",000000000000000","-","","147734,66","1843862,6299999999",",000000",",000000","177424,450000","771323,810000"
"2018","AL","Não-Metálicos","Rochas (Britadas) e Cascalho","1367844,660000",",000000000000000","-","","126213,93999999999","2058040,3400000001",",000000",",000000","171,000000","8159,570000"
"2018","AL","Não-Metálicos","Rochas Ornamentais - Outras","1111,650000",",000000000000000","-","","1111,6500000000001","153451,19",",000000",",000000",",000000",",000000"
"2018","AL","Não-Metálicos","Saibro","29119,000000",",000000000000000","-","","27442,5","99947,399999999994",",000000",",000000","1584,000000","4158,880000"
"2018","AL","Não-Metálicos","Areia","268911,510000",",000000000000000","-","","269329,03000000003","5604063,9299999997",",000000",",000000",",000000",",000000"
"2018","AM","Metálicos","Estanho","6130428,130000","8582599,380000000000000","kg","Sn","0","0",",000000",",000000",",000000",",000000"
"2018","AM","Não-Metálicos","Calcário","1880,000000",",000000000000000","-","","1880","44198,800000000003",",000000",",000000",",000000",",000000"
"2018","AM","Metálicos","Columbita-Tantalita","6130428,130000","12873,899070000000000","t","Nb2O5","0","0",",000000",",000000",",000000",",000000"
"2018","AM","Não-Metálicos","Rochas (Britadas) e Cascalho","816466,550000",",000000000000000","-","","900","76500",",000000",",000000","23800,000000","285600,000000"
"2018","AM","Não-Metálicos","Argilas","209241,530000",",000000000000000","-","","147193,64000000001","299267",",000000",",000000","62047,890000","634445,620000"
"2018","AM","Não-Metálicos","Areia","26613,760000",",000000000000000","-","","26183,760000000002","623479,35999999999",",000000",",000000","430,000000","14000,000000"
"2018","AP","Não-Metálicos","Saibro","11669,400000",",000000000000000","-","","11669,4","32300,150000000001",",000000",",000000",",000000",",000000"
"2018","AP","Metálicos","Ouro","2897925,510000","4163,160660000000000","kg","Au","0","0",",000000",",000000",",000000",",000000"
"2018","AP","Metálicos","Columbita-Tantalita",",000000",",000000000000000","t","Ta2O5","0","0",",000000",",000000",",000000",",000000"
"2018","AP","Metálicos","Estanho","4,000000","4000,000000000000000","kg","Sn","4","80000",",000000",",000000",",000000",",000000"
"2018","AP","Metálicos","Manganês",",000000",",000000000000000","t","Mn","0","0",",000000",",000000",",000000",",000000"
"2018","AP","Não-Metálicos","Rochas (Britadas) e Cascalho","146538,380000",",000000000000000","-","","14221,900000000001","573233",",000000",",000000",",000000",",000000"
"2018","AP","Não-Metálicos","Areia","113967,010000",",000000000000000","-","","113888,01000000001","2539289,8200000003",",000000",",000000",",000000",",000000"
"2018","AP","Metálicos","Ferro",",000000",",000000000000000","t","Fe","0","0",",000000",",000000",",000000",",000000"
"2018","AP","Metálicos","Cromo","139480,000000","30685,000000000000000","t","Cr2O3","0","0",",000000",",000000",",000000",",000000"
"2018","AP","Não-Metálicos","Caulim","427492,080000",",000000000000000","-","","0","0","427492,080000",",120000","427492,080000",",120000"
"2018","AP","Não-Metálicos","Argilas","19342,000000",",000000000000000","-","","0","0","19342,000000","1808929,860000",",000000",",000000"
"2018","BA","Não-Metálicos","Fosfato","479030,550000","107001,650000000000000","t","P2O5","0","0",",000000",",000000",",000000",",000000"
"2018","BA","Não-Metálicos","Quartzo (Cristal) e outros Piezelétricos","4332,000000",",000000000000000","-","","4286,8000000000002","4912885,3399999999",",000000",",000000",",000000",",000000"
"2018","BA","Não-Metálicos","Dolomito e Magnesita","1667448,180000",",000000000000000","-","","56","37463,370000000003",",000000",",000000",",000000",",000000"
"2018","BA","Não-Metálicos","Bário","18447,710000","17378,240000000000000","t","BaSO4","12817,41","4037800,5600000001",",000000",",000000",",000000",",000000"
"2018","BA","Gemas e Diamantes","Gemas","46513,980000","130426,270000000000000","kg","","280,75","12624397,49",",000000",",000000",",000000",",000000"
"2018","BA","Metálicos","Cobre","2278980,240000","35458,310000000000000","t","Cu","0","0",",000000",",000000",",000000",",000000"
"2018","BA","Não-Metálicos","Diatomita","20162,250000",",000000000000000","-","","0","0",",000000",",000000","20939,610000","865108,590000"
"2018","BA","Não-Metálicos","Gipsita",",000000",",000000000000000","-","","0","0",",000000",",000000",",000000",",000000"
"2018","BA","Não-Metálicos","Areias Industriais","436332,390000",",000000000000000","-","","66198,380000000005","5740482,1300000008",",000000",",000000",",000000",",000000"
"2018","BA","Não-Metálicos","Caulim","25000,000000",",000000000000000","-","","25000","443750",",000000",",000000",",000000",",000000"
"2018","BA","Metálicos","Berílio","8,500000",",040000000000000","t","BeO","0","0",",000000",",000000",",000000",",000000"
"2018","BA","Não-Metálicos","Geodos, Ágatas, Calcedônia, etc","620,000000",",620000000000000","t","","581,00999999999999","2028602,1499999999",",000000",",000000",",000000",",000000"
"2018","BA","Metálicos","Ferro","90650,400000","42294,420000000000000","t","Fe","0","0",",000000",",000000",",000000",",000000"
"2018","BA","Não-Metálicos","Saibro","118435,900000",",000000000000000","-","","149822,79999999999","188929,44",",000000",",000000","3908,000000","4885,000000"
"2018","BA","Não-Metálicos","Sal","628463,080000",",000000000000000","-","","0","0",",000000",",000000","628463,080000","46631910,150000"
"2018","BA","Metálicos","Vanádio","822795,000000","13905,240000000000000","t","V","0","0",",000000",",000000",",000000",",000000"
"2018","BA","Não-Metálicos","Talco e outras Cargas Minerais","34917,520000",",000000000000000","-","","0","0",",000000",",000000",",000000",",000000"
"2018","BA","Gemas e Diamantes","Diamante","1120167,290000","204873,510000000000000","ct","","0","0",",000000",",000000",",000000",",000000"
"2018","BA","Não-Metálicos","Calcário","1809548,880000",",000000000000000","-","","171949,78","1579797,1600000001",",000000",",000000",",000000",",000000"
"2018","BA","Não-Metálicos","Rochas Ornamentais","377688,040000",",000000000000000","-","","222225,73000000019","141537248,51999998","49,660000","7398,000000","1623,540000","3906539,370000"
"2018","BA","Metálicos","Ouro","3483426,460000","7062,429230000000000","kg","Au","0","0",",000000",",000000",",000000",",000000"
"2018","BA","Não-Metálicos","Argilas","1462379,460000",",000000000000000","-","","174949,40000000002","2026973","28886,680000","1241613,470000","944726,390000","4047483,820000"
"2018","BA","Não-Metálicos","Rochas (Britadas) e Cascalho","7836265,800000",",000000000000000","-","","187893,72999999998","2064768,9700000002",",000000",",000000","239378,600000","2845534,610000"
"2018","BA","Não-Metálicos","Rochas Ornamentais - Outras","15603,270000",",000000000000000","-","","11964,950000000001","3437899,4699999997",",000000",",000000",",000000",",000000"
"2018","BA","Metálicos","Manganês","11002,000000","3791,150000000000000","t","Mn","10522,130000000001","1085896,7",",000000",",000000",",000000",",000000"
"2018","BA","Não-Metálicos","Areia","1930663,920000",",000000000000000","-","","1700398,5600000001","22716463,040000007",",000000",",000000","25745,500000","108199,820000"
"2018","BA","Metálicos","Cromo","1356944,990000","244889,210000000000000","t","Cr2O3","0","0",",000000",",000000",",000000",",000000"
"2018","BA","Não-Metálicos","Grafita","362216,000000","23364,000000000000000","t","","362216","4346592",",000000",",000000",",000000",",000000"
"2018","BA","Não-Metálicos","Feldspato, Leucita e Nefelina-Sienito","5600,940000",",000000000000000","-","","4175,5299999999997","553093",",000000",",000000",",000000",",000000"
"2018","BA","Metálicos","Titânio","538,000000",",800000000000000","t","TiO2","533,59000000000003","2661014,1000000001",",000000",",000000",",000000",",000000"
"2018","CE","Não-Metálicos","Rochas (Britadas) e Cascalho","4424468,540000",",000000000000000","-","","1000","15000",",000000",",000000",",000000",",000000"
"2018","CE","Não-Metálicos","Saibro","1990,000000",",000000000000000","-","","1990","13640",",000000",",000000",",000000",",000000"
"2018","CE","Não-Metálicos","Rochas Ornamentais","118332,670000",",000000000000000","-","","79589,429999999993","101255044,73",",000000",",000000","2084,130000","1208743,310000"
"2018","CE","Não-Metálicos","Areia","544059,050000",",000000000000000","-","","619450,62999999989","5431295,6400000015",",000000",",000000",",000000",",000000"
"2018","CE","Não-Metálicos","Mica",",000000",",000000000000000","-","","0","0",",000000",",000000",",000000",",000000"
"2018","CE","Não-Metálicos","Rochas Ornamentais - Outras","28345,230000",",000000000000000","-","","12075,34","5654683,9699999997",",000000",",000000","15005,000000","2126958,750000"
"2018","CE","Não-Metálicos","Dolomito e Magnesita","192818,610000",",000000000000000","-","","191818,60999999999","5459365,6900000004",",000000",",000000","1000,000000","13213,500000"
"2018","CE","Não-Metálicos","Gipsita","69146,570000",",000000000000000","-","","69146,570000000007","2355583",",000000",",000000",",000000",",000000"
"2018","CE","Metálicos","Ferro","3360,680000","2073,120000000000000","t","Fe","0","0",",000000",",000000",",000000",",000000"
"2018","CE","Não-Metálicos","Fosfato",",000000",",000000000000000","t","P2O5","0","0",",000000",",000000",",000000",",000000"
"2018","CE","Não-Metálicos","Areias Industriais","45113,990000",",000000000000000","-","","0","0",",000000",",000000","18826,420000","115984,430000"
"2018","CE","Não-Metálicos","Talco e outras Cargas Minerais","10720,000000",",000000000000000","-","","10676,17","935465,78000000003",",000000",",000000",",000000",",000000"
"2018","CE","Não-Metálicos","Calcário","4680277,690000",",000000000000000","-","","163567,72999999998","1071662,5600000001",",000000",",000000",",000000",",000000"
"2018","CE","Não-Metálicos","Argilas","1958403,890000",",000000000000000","-","","263865,49000000005","1849689,8199999998","130273,550000","2244505,370000","1610276,980000","10622428,350000"
"2018","CE","Metálicos","Manganês","234750,000000","31508,740000000000000","t","Mn","0","0",",000000",",000000",",000000",",000000"
"2018","DF","Não-Metálicos","Areia","392800,000000",",000000000000000","-","","73132,490000000005","1754020,6399999999",",000000",",000000",",000000",",000000"
"2018","DF","Não-Metálicos","Areias Industriais",",000000",",000000000000000","-","","0","0",",000000",",000000",",000000",",000000"
"2018","DF","Não-Metálicos","Argilas","156294,140000",",000000000000000","-","","0","0",",000000",",000000",",000000",",000000"
"2018","DF","Não-Metálicos","Rochas (Britadas) e Cascalho","201869,000000",",000000000000000","-","","16896","96057,440000000002",",000000",",000000",",000000",",000000"
"2018","DF","Não-Metálicos","Calcário","3679203,380000",",000000000000000","-","","0","0",",000000",",000000",",000000",",000000"
"2018","DF","Não-Metálicos","Dolomito e Magnesita","1556677,000000",",000000000000000","-","","0","0",",000000",",000000",",000000",",000000"
"2018","ES","Metálicos","Alumínio (Bauxita)",",000000",",000000000000000","t","Al2O3","0","0",",000000",",000000",",000000",",000000"
"2018","ES","Não-Metálicos","Calcário","1886548,935000",",000000000000000","-","","1637583,9610000004","20967801,747000001",",000000",",000000","200089,309000","994229,020000"
"2018","ES","Não-Metálicos","Areias Industriais","13903,410000",",000000000000000","-","","13889,870000000001","556019,81999999995","13,540000","473,760000",",000000",",000000"
"2018","ES","Não-Metálicos","Rochas Ornamentais","2224149,886943",",000000000000000","-","","2092114,0817770003","505865418,28254801","2985,900000","1474376,920000","34413,040166","5664988,838651"
"2018","ES","Não-Metálicos","Argilas","430557,820000",",000000000000000","-","","226869,56","4180211,6099999999","152311,240000","1059241,250000","40437,360000","306725,040000"
"2018","ES","Metálicos","Titânio","562,000000","562,000000000000000","t","TiO2","562","7900",",000000",",000000",",000000",",000000"
"2018","ES","Não-Metálicos","Areia","1447899,470000",",000000000000000","-","","1382516,78","16890365,709999997","5339,700000","48386,800000","900,000000","3010,000000"
"2018","ES","Não-Metálicos","Rochas Ornamentais - Outras","3535,830000",",000000000000000","-","","4728,7399999999998","2251250,02",",000000",",000000",",000000",",000000"
"2018","ES","Não-Metálicos","Rochas (Britadas) e Cascalho","4244115,028057",",000000000000000","-","","28086,467222999996","1740652,5904519998",",000000",",000000","15342,660834","132532,411349"
"2018","ES","Não-Metálicos","Feldspato, Leucita e Nefelina-Sienito","1920,000000",",000000000000000","-","","1920","4800",",000000",",000000",",000000",",000000"
"2018","ES","Não-Metálicos","Saibro","109283,480000",",000000000000000","-","","71696,119999999995","519145,16000000003","29523,360000","42277,370000",",000000",",000000"
"2018","GO","Metálicos","Ferro","15591,960000","8952,900000000000000","t","Fe","0","0",",000000",",000000",",000000",",000000"
"2018","GO","Metálicos","Titânio","278,970000","114,840000000000000","t","TiO2","278,97000000000003","34993,580000000002",",000000",",000000",",000000",",000000"
"2018","GO","Metálicos","Prata","820917,000000","152,009740000000000","kg","Ag","0","0",",000000",",000000",",000000",",000000"
"2018","GO","Não-Metálicos","Areias Industriais","8811,520000",",000000000000000","-","","8811,5200000000004","17623,040000000001",",000000",",000000",",000000",",000000"
"2018","GO","Metálicos","Níquel","4675605,940000","67697,700000000000000","t"," Ni","0","0",",000000",",000000",",000000",",000000"
"2018","GO","Metálicos","Nióbio","14525045,420000","66184,240400000000000","t","Nb2O5","0","0",",000000",",000000",",000000",",000000"
"2018","GO","Não-Metálicos","Dolomito e Magnesita","607999,870000",",000000000000000","-","","0","0",",000000",",000000",",000000",",000000"
"2018","GO","Metálicos","Estanho",",000000",",000000000000000","kg","Sn","0","0",",000000",",000000",",000000",",000000"
"2018","GO","Não-Metálicos","Fosfato","16012706,980000","2219206,030000000000000","t","P2O5","0","0",",000000",",000000",",000000",",000000"
"2018","GO","Não-Metálicos","Saibro","10216,610000",",000000000000000","-","","0","0",",000000",",000000",",000000",",000000"
"2018","GO","Não-Metálicos","Rochas Ornamentais - Outras","20,000000",",000000000000000","-","","0","0",",000000",",000000",",000000",",000000"
"2018","GO","Não-Metálicos","Rochas (Britadas) e Cascalho","7172205,083900",",000000000000000","-","","93055,059999999983","633811,58999999997","29619,030000","46591,740000","20883,400000","70095,000000"
"2018","GO","Não-Metálicos","Amianto","1723517,840000","130470,000000000000000","t","","0","0",",000000",",000000",",000000",",000000"
"2018","GO","Metálicos","Ouro","37026652,650000","13670,702960000000000","kg","Au","0","0",",000000",",000000",",000000",",000000"
"2018","GO","Metálicos","Manganês","112898,560000","44212,990000000000000","t","Mn","17108,740000000002","7427247,6400000006",",000000",",000000","740,000000","740,000000"
"2018","GO","Não-Metálicos","Bário","6144806,800000","52845,330000000000000","t","BaSO4","0","0",",000000",",000000",",000000",",000000"
"2018","GO","Metálicos","Cobre","34549625,560000","88352,470000000000000","t","Cu","0","0",",000000",",000000",",000000",",000000"
"2018","GO","Metálicos","Alumínio (Bauxita)","1236659,900000","655887,500000000000000","t","Al2O3","0","0",",000000",",000000","32827,950000","853552,700000"
"2018","GO","Não-Metálicos","Calcário","8399124,176100",",000000000000000","-","","106728,07000000001","4382435,9900000002",",000000",",000000",",000000",",000000"
"2018","GO","Não-Metálicos","Rochas Ornamentais","39967,540000",",000000000000000","-","","32232,780000000002","18419083,379999999",",000000",",000000","4943,730000","1582777,070000"
"2018","GO","Não-Metálicos","Talco e outras Cargas Minerais","700,000000",",000000000000000","-","","0","0",",000000",",000000",",000000",",000000"
"2018","GO","Gemas e Diamantes","Gemas","2513,750000","325,086290000000000","kg","","1693,75","2307660,5099999998",",000000",",000000",",000000",",000000"
"2018","GO","Não-Metálicos","Areia","1736413,650000",",000000000000000","-","","1227989,6699999999","25446255,57",",000000",",000000","840,000000","15134,500000"
"2018","GO","Não-Metálicos","Argilas","357873,960000",",000000000000000","-","","108084,15999999999","423473,01000000001","27760,000000","56136,000000","167336,630000","1375334,480000"
"2018","GO","Não-Metálicos","Vermiculita e Perlita","53305,000000","46757,200000000000000","t","","46757,199999999997","56676321,25",",120000","1903314,950000","2258,000000","66446,640000"
"2018","MA","Não-Metálicos","Calcário","165340,010000",",000000000000000","-","","13508,33","507313,95000000001",",000000",",000000","121312,070000","6673013,430000"
"2018","MA","Metálicos","Ferro","6857,460000","3428,730000000000000","t","Fe","0","0",",000000",",000000",",000000",",000000"
"2018","MA","Metálicos","Ouro","753184,540000","825,992810000000000","kg","Au","0","0",",000000",",000000",",000000",",000000"
"2018","MA","Não-Metálicos","Argilas","625358,860000",",000000000000000","-","","78295,300000000003","351711,81999999995","63058,490000","942487,100000","449662,090000","2943005,830000"
"2018","MA","Não-Metálicos","Gipsita","493895,730000",",000000000000000","-","","87099,520000000004","1654886,51",",000000",",000000",",000000",",000000"
"2018","MA","Não-Metálicos","Rochas (Britadas) e Cascalho","2850748,030000",",000000000000000","-","","37947,959999999999","1871249,01","15629,750000","224549,270000",",000000",",000000"
"2018","MA","Não-Metálicos","Areia","1109865,730000",",000000000000000","-","","1001860,4099999999","11796753,91","17746,960000","254398,820000","26287,000000","113769,000000"
"2018","MA","Não-Metálicos","Saibro","329052,600000",",000000000000000","-","","50224,599999999999","246132,69",",000000",",000000","278828,000000","348546,800000"
"2018","MG","Não-Metálicos","Rochas (Britadas) e Cascalho","17684964,743500",",000000000000000","-","","1003726,6099999999","11612974,040000003","53537,300000","595565,090000","57567,610000","262673,000000"
"2018","MG","Não-Metálicos","Potássio","105452,000000","10396,660000000000000","t","K2O","86104,089999999997","1469440,6099999999",",000000",",000000",",000000",",000000"
"2018","MG","Não-Metálicos","Quartzo (Cristal) e outros Piezelétricos","467,940000",",000000000000000","-","","467,94","199425",",000000",",000000",",000000",",000000"
"2018","MG","Não-Metálicos","Rochas Ornamentais","1000681,360000",",000000000000000","-","","891411,21999999986","345537339,40000004",",000000",",000000","102388,160000","26349801,730000"
"2018","MG","Não-Metálicos","Areia","4710032,600000",",000000000000000","-","","4204803,4799999995","88696574,609999985","4078,500000","26745,000000","5654,470000","91488,820000"
"2018","MG","Gemas e Diamantes","Diamante","391827,840000","53830,850000000000000","ct","","0","0","17520,000000","17520,000000",",000000",",000000"
"2018","MG","Metálicos","Níquel",",000000",",000000000000000","t"," Ni","0","0",",000000",",000000",",000000",",000000"
"2018","MG","Não-Metálicos","Fosfato","25268014,770000","2201696,210000000000000","t","P2O5","111237,42","22183306,16",",000000",",000000","5161328,950000","276398677,500000"
"2018","MG","Não-Metálicos","Grafita","1499066,310000","94810,680000000000000","t","","0","0",",000000",",000000",",000000",",000000"
"2018","MG","Metálicos","Prata","49077179,590000","6519,618070000000000","kg","Ag","0","0",",000000",",000000",",000000",",000000"
"2018","MG","Metálicos","Cromo",",000000",",000000000000000","t","Cr2O3","0","0",",000000",",000000",",000000",",000000"
"2018","MG","Metálicos","Manganês","391382,370000","96897,870000000000000","t","Mn","31171,16","11710443,57",",000000",",000000","19017,810000","5279591,590000"
"2018","MG","Não-Metálicos","Bário","4708692,000000","884837,540000000000000","t","BaSO4","0","0",",000000",",000000",",000000",",000000"
"2018","MG","Não-Metálicos","Enxofre",",000000",",000000000000000","t","S","0","0",",000000",",000000",",000000",",000000"
"2018","MG","Não-Metálicos","Feldspato, Leucita e Nefelina-Sienito","52856,230000",",000000000000000","-","","48932,559999999998","16518817,43",",000000",",000000",",000000",",000000"
"2018","MG","Não-Metálicos","Caulim","165979,810000",",000000000000000","-","","158929,51999999999","19747514,949999996",",000000",",000000","1189,800000","27349,300000"
"2018","MG","Não-Metálicos","Cianita e outros minerais refratários","352,000000",",000000000000000","-","","0","0",",000000",",000000",",000000",",000000"
"2018","MG","Não-Metálicos","Minerais Industriais (Outros)",",000000",",000000000000000","-","","0","0",",000000",",000000",",000000",",000000"
"2018","MG","Metálicos","Berílio","30,000000",",000000000000000","t","BeO","0,02","137607,98000000001",",000000",",000000",",000000",",000000"
"2018","MG","Metálicos","Chumbo","2375381,180000","10686,360000000000000","t","Pb","0","0",",000000",",000000",",000000",",000000"
"2018","MG","Gemas e Diamantes","Gemas","180247,190000","7329,036960000000000","kg","","85,450000000000003","13949534,359999999",",000000",",000000",",000000",",000000"
"2018","MG","Metálicos","Nióbio","4708692,000000","121971,000070000000000","t","Nb2O5","0","0",",000000",",000000",",000000",",000000"
"2018","MG","Metálicos","Ferro","366001568,130000","185907950,750000000000000","t","Fe","5681055,4899999993","126298211,34",",000000",",000000",",000000",",000000"
"2018","MG","Metálicos","Zircônio",",000000",",000000000000000","t","ZrSiO4","0","0",",000000",",000000",",000000",",000000"
"2018","MG","Metálicos","Monazita e Terras-Raras",",000000",",000000000000000","t","ETR","0","0",",000000",",000000",",000000",",000000"
"2018","MG","Não-Metálicos","Rochas Ornamentais - Outras","25094,260000",",000000000000000","-","","16020,52","8201874,7999999998",",000000",",000000","4656,620000","1812061,810000"
"2018","MG","Não-Metálicos","Calcário","42480302,066500",",000000000000000","-","","5334062,8499999996","48278622,049999997","723920,280000","2247465,930000","464069,840000","5129963,830000"
"2018","MG","Metálicos","Estanho","819804,810000","327921,930000000000000","kg","Sn","0","0",",000000",",000000",",000000",",000000"
"2018","MG","Metálicos","Lítio","871782,110000","8880,400000000000000","t","Li2O","0","0",",000000",",000000",",000000",",000000"
"2018","MG","Não-Metálicos","Talco e outras Cargas Minerais","511620,600000",",000000000000000","-","","227223,32999999999","10226818,930000002",",000000",",000000","57231,490000","2070689,130000"
"2018","MG","Metálicos","Zinco","2375381,060000","188803,370000000000000","t","Zn","0","0",",000000",",000000",",000000",",000000"
"2018","MG","Metálicos","Alumínio (Bauxita)","2560215,620000","842981,930000000000000","t","Al2O3","689534,78000000003","18637948,68",",000000",",000000","301672,420000","28360741,050000"
"2018","MG","Não-Metálicos","Areias Industriais","1083493,600000",",000000000000000","-","","375363,94999999995","37055242,780000001",",000000",",000000","44323,110000","5583454,390000"
"2018","MG","Metálicos","Ouro","53266571,010000","31708,405710000000000","kg","Au","0","0",",000000",",000000",",000000",",000000"
"2018","MG","Não-Metálicos","Dolomito e Magnesita","18,000000",",000000000000000","-","","0","0",",000000",",000000",",000000",",000000"
"2018","MG","Não-Metálicos","Argilas","2844184,830000",",000000000000000","-","","976315,79999999993","19450462,949999999","378284,240000","1247674,550000","564182,290000","5250442,800000"
"2018","MG","Metálicos","Titânio","6874056,220000","1027925,810000000000000","t","TiO2","0","0",",000000",",000000",",000000",",000000"
"2018","MG","Metálicos","Columbita-Tantalita","819073,510000","245,722050000000000","t","Ta2O5","0","0",",000000",",000000",",000000",",000000"
"2018","MG","Não-Metálicos","Mica","20,000000",",000000000000000","-","","20","40000",",000000",",000000",",000000",",000000"
"2018","MG","Não-Metálicos","Saibro","199623,190000",",000000000000000","-","","65938,549999999988","1046666,5",",000000",",000000","53319,000000","39989,250000"
"2018","MS","Metálicos","Manganês","814110,000000","347543,560000000000000","t","Mn","0","0",",000000",",000000",",000000",",000000"
"2018","MS","Metálicos","Ferro","6057854,430000","3701933,990000000000000","t","Fe","469684,54999999999","1864628,3300000001",",000000",",000000",",000000",",000000"
"2018","MS","Não-Metálicos","Argilas","367343,950000",",000000000000000","-","","155781,88","1640530,4199999999",",000000",",000000",",000000",",000000"
"2018","MS","Não-Metálicos","Areia","2310762,140000",",000000000000000","-","","1849591,2400000002","25667751,100000005","9076,000000","172820,000000",",000000",",000000"
"2018","MS","Não-Metálicos","Rochas Ornamentais","331,000000",",000000000000000","-","","64,650000000000006","220880,54999999999",",000000",",000000",",000000",",000000"
"2018","MS","Não-Metálicos","Calcário","4653185,560000",",000000000000000","-","","62504,230000000003","2610327,71",",000000",",000000",",000000",",000000"
"2018","MS","Não-Metálicos","Fosfato","16927,000000","584,000000000000000","t","P2O5","0","0",",000000",",000000",",000000",",000000"
"2018","MS","Não-Metálicos","Rochas (Britadas) e Cascalho","4368681,640000",",000000000000000","-","","405188,12999999995","4973818,1099999994","22800,000000",",050000","19800,000000","93396,000000"
"2018","MS","Não-Metálicos","Talco e outras Cargas Minerais","111368,050000",",000000000000000","-","","0","0",",000000",",000000",",000000",",000000"
"2018","MS","Não-Metálicos","Saibro","294298,180000",",000000000000000","-","","293077,54000000004","2104825,8900000001",",000000",",000000","7287,000000","170661,540000"
"2018","MT","Não-Metálicos","Rochas (Britadas) e Cascalho","3742959,450000",",000000000000000","-","","521466,73000000004","7477523,4100000001",",000000",",000000","197436,770000","1968530,940000"
"2018","MT","Não-Metálicos","Dolomito e Magnesita","1880567,540000",",000000000000000","-","","0","0",",000000",",000000",",000000",",000000"
"2018","MT","Metálicos","Ouro","3365240,780000","4837,735810000000000","kg","Au","0","0",",000000",",000000",",000000",",000000"
"2018","MT","Metálicos","Zinco",",000000",",000000000000000","t","Zn","0","0",",000000",",000000",",000000",",000000"
"2018","MT","Metálicos","Titânio","104,020000","72,000000000000000","t","TiO2","104,02","5201",",000000",",000000",",000000",",000000"
"2018","MT","Não-Metálicos","Argilas","2209099,300000",",000000000000000","-","","110217,03","1770669,9099999999","3484,000000","59150,400000","1179896,150000","149623,650000"
"2018","MT","Não-Metálicos","Rochas Ornamentais - Outras",",000000",",000000000000000","-","","0","0",",000000",",000000",",000000",",000000"
"2018","MT","Metálicos","Estanho","210555,000000","277992,460000000000000","kg","Sn","0","0",",000000",",000000",",000000",",000000"
"2018","MT","Não-Metálicos","Areias Industriais","38827,980000",",000000000000000","-","","38010,520000000004","839364,35000000009",",000000",",000000",",000000",",000000"
"2018","MT","Não-Metálicos","Talco e outras Cargas Minerais","56209,860000",",000000000000000","-","","0","0",",000000",",000000","56209,860000","563080,860000"
"2018","MT","Metálicos","Manganês","97500,000000","38068,500000000000000","t","Mn","0","0",",000000",",000000","41068,050000","6724714,500000"
"2018","MT","Metálicos","Chumbo",",000000",",000000000000000","t","Pb","0","0",",000000",",000000",",000000",",000000"
"2018","MT","Não-Metálicos","Rochas Ornamentais","1406,750000",",000000000000000","-","","1406,75","86035",",000000",",000000",",000000",",000000"
"2018","MT","Não-Metálicos","Calcário","10524733,350000",",000000000000000","-","","235893,31","13865508,050000001",",000000",",000000","1151858,460000","18595112,080000"
"2018","MT","Não-Metálicos","Areia","1181021,360000",",000000000000000","-","","1139747,1799999999","28005898,640000004",",000000",",000000",",000000",",000000"
"2018","MT","Gemas e Diamantes","Diamante","129270,990000","30828,750000000000000","ct","","0","0",",000000",",000000",",000000",",000000"
"2018","PA","Metálicos","Ferro","196558953,000000","128144815,990000000000000","t","Fe","0","0",",000000",",000000",",000000",",000000"
"2018","PA","Não-Metálicos","Fosfato","154543,980000","31372,430000000000000","t","P2O5","0","0",",000000",",000000",",000000",",000000"
"2018","PA","Não-Metálicos","Calcário","2314902,770000",",000000000000000","-","","276030","9806095,5",",000000",",000000",",010000",",010000"
"2018","PA","Não-Metálicos","Caulim","3111822,440000",",000000000000000","-","","69231,839999999997","2765119,73",",000000",",000000",",000000",",000000"
"2018","PA","Não-Metálicos","Rochas (Britadas) e Cascalho","1714558,330000",",000000000000000","-","","313688,59000000003","8942947,4299999997","21700,000000",",120000","154979,500000","2940278,900000"
"2018","PA","Metálicos","Alumínio (Bauxita)","37342967,530000","17600196,360000000000000","t","Al2O3","0","0",",000000",",000000",",000000",",000000"
"2018","PA","Não-Metálicos","Argilas","496642,160000",",000000000000000","-","","146642,41","996963,07999999996","716,580000","171996,320000","296771,760000","6770861,240000"
"2018","PA","Não-Metálicos","Feldspato, Leucita e Nefelina-Sienito",",000000",",000000000000000","-","","0","0",",000000",",000000",",000000",",000000"
"2018","PA","Gemas e Diamantes","Gemas","284,330000","227469,600000000000000","kg","","284,32999999999998","417769,59999999998",",000000",",000000",",000000",",000000"
"2018","PA","Não-Metálicos","Gipsita","3634,480000",",000000000000000","-","","3634,48","163551,60000000001",",000000",",000000",",000000",",000000"
"2018","PA","Metálicos","Estanho","4453253,310000","3382149,790000000000000","kg","Sn","588597,39000000001","45037480,879999995",",000000",",000000",",000000",",000000"
"2018","PA","Metálicos","Ouro","73080184,950000","22763,967490000000000","kg","Au","0,32999999999999996","26359308,199999999",",000000",",000000",",000000",",000000"
"2018","PA","Gemas e Diamantes","Diamante",",000000",",000000000000000","ct","","0","0",",000000",",000000",",000000",",000000"
"2018","PA","Não-Metálicos","Areia","881583,330000",",000000000000000","-","","633246,50000000012","8806496,3000000007","67356,000000","277087,120000","233115,660000","1251287,500000"
"2018","PA","Não-Metálicos","Areias Industriais","68758,340000",",000000000000000","-","","0","0",",000000",",000000",",000000",",000000"
"2018","PA","Metálicos","Cobre","68971706,610000","636776,470000000000000","t","Cu","0","0",",000000",",000000",",000000",",000000"
"2018","PA","Metálicos","Prata","1045784,170000","706,351730000000000","kg","Ag","0","0",",000000",",000000",",000000",",000000"
"2018","PA","Não-Metálicos","Saibro","256349,470000",",000000000000000","-","","256349,47","1077597,6299999999",",000000",",000000",",000000",",000000"
"2018","PA","Metálicos","Níquel",",000000",",000000000000000","t"," Ni","0","0",",000000",",000000",",000000",",000000"
"2018","PA","Metálicos","Tungstênio",",000000",",000000000000000","t","WO3","0","0",",000000",",000000",",000000",",000000"
"2018","PA","Metálicos","Manganês","3974983,520000","1246467,590000000000000","t","Mn","12700","1943000",",000000",",000000",",000000",",000000"
"2018","PB","Metálicos","Zircônio","42871,400000","10948,450000000000000","t","ZrSiO4","0","0",",000000",",000000",",000000",",000000"
"2018","PB","Metálicos","Columbita-Tantalita","6,350000","1,450000000000000","t","Ta2O5","4,3300000000000001","222400,34000000003",",000000",",000000",",000000",",000000"
"2018","PB","Não-Metálicos","Quartzo (Cristal) e outros Piezelétricos","80,400000",",000000000000000","-","","75,966200000000001","7584,4210000000003",",000000",",000000",",000000",",000000"
"2018","PB","Não-Metálicos","Mica","2351,230000",",000000000000000","-","","2370,6700000000001","1253378,04",",000000",",000000",",000000",",000000"
"2018","PB","Gemas e Diamantes","Gemas",",320000","2,192000000000000","kg","","0,01","10850",",000000",",000000",",000000",",000000"
"2018","PB","Não-Metálicos","Caulim","2689,000000",",000000000000000","-","","2689","315390,20000000001",",000000",",000000",",000000",",000000"
"2018","PB","Metálicos","Columbita-Tantalita",",550000",",300000000000000","t","Nb2O5","0","0",",000000",",000000",",000000",",000000"
"2018","PB","Não-Metálicos","Rochas (Britadas) e Cascalho","970109,170000",",000000000000000","-","","24017,400000000001","316374,09999999998",",000000",",000000","29316,800000","585739,000000"
"2018","PB","Não-Metálicos","Calcário","5468059,530000",",000000000000000","-","","2285965","22277077,890000001",",000000",",000000","15233,670000","198038,000000"
"2018","PB","Não-Metálicos","Rochas Ornamentais - Outras","11144,320000",",000000000000000","-","","11134,320000000002","370780,84000000003",",000000",",000000",",000000",",000000"
"2018","PB","Não-Metálicos","Saibro","326,200000",",000000000000000","-","","326,19999999999999","3510",",000000",",000000",",000000",",000000"
"2018","PB","Não-Metálicos","Minerais Industriais (Outros)",",000000",",000000000000000","-","","0","0",",000000",",000000",",000000",",000000"
"2018","PB","Gemas e Diamantes","Gemas","80,400000",",000000000000000","-","","75,966200000000001","7584,4210000000003",",000000",",000000",",000000",",000000"
"2018","PB","Não-Metálicos","Rochas Ornamentais","12109,240000",",000000000000000","-","","12266,360000000001","11309818,640000001","1975,000000",",020000",",000000",",000000"
"2018","PB","Não-Metálicos","Vermiculita e Perlita","3695,250000",",000000000000000","t","","3695,25","2809277,2600000002",",000000",",000000",",000000",",000000"
"2018","PB","Não-Metálicos","Feldspato, Leucita e Nefelina-Sienito","240865,790000",",000000000000000","-","","89957,429999999993","7466545,54",",000000",",000000",",000000",",000000"
"2018","PB","Não-Metálicos","Cianita e outros minerais refratários","1147,310000",",000000000000000","-","","0","0",",000000",",000000",",000000",",000000"
"2018","PB","Não-Metálicos","Argilas","730321,750000",",000000000000000","-","","282987,61999999994","7419034,629999999",",000000",",000000","8150,000000","26250,000000"
"2018","PB","Metálicos","Ouro",",000000",",000000000000000","kg","Au","0","0",",000000",",000000",",000000",",000000"
"2018","PB","Não-Metálicos","Areia","516490,880000",",000000000000000","-","","516436,88000000006","5315653,8700000001",",000000",",000000",",000000",",000000"
"2018","PB","Não-Metálicos","Areias Industriais","12465619,000000",",000000000000000","-","","120078,3676","1988217,098",",000000",",000000","41921,980000","340707,590000"
"2018","PB","Metálicos","Titânio","302573,300000","68701,300000000000000","t","TiO2","0","0",",000000",",000000",",000000",",000000"
"2018","PB","Metálicos","Estanho",",000000",",000000000000000","kg","Sn","0","0",",000000",",000000",",000000",",000000"
"2018","PB","Não-Metálicos","Dolomito e Magnesita","14087,000000",",000000000000000","-","","14087","210088",",000000",",000000",",000000",",000000"
"2018","PE","Não-Metálicos","Rochas Ornamentais - Outras",",000000",",000000000000000","-","","0","0",",000000",",000000",",000000",",000000"
"2018","PE","Não-Metálicos","Saibro","23815,000000",",000000000000000","-","","23815","72261",",000000",",000000",",000000",",000000"
"2018","PE","Metálicos","Ouro","2583,000000","2,780780000000000","kg","Au","0","0",",000000",",000000",",000000",",000000"
"2018","PE","Metálicos","Titânio",",000000",",000000000000000","t","TiO2","0","0",",000000",",000000",",000000",",000000"
"2018","PE","Não-Metálicos","Vermiculita e Perlita","1325,000000","375,290000000000000","t","","0","0","1298,000000","525521,000000",",000000",",000000"
"2018","PE","Não-Metálicos","Areias Industriais","215090,000000",",000000000000000","-","","163544,45000000001","4955091,1500000004",",000000",",000000",",000000",",000000"
"2018","PE","Não-Metálicos","Gipsita","2035288,960000",",000000000000000","-","","1330479,7899999998","48384180,239999995",",000000",",000000","5603,200000","123778,000000"
"2018","PE","Não-Metálicos","Calcário","122187,030000",",000000000000000","-","","0","0","345,000000","3450,000000","68896,310000","911801,240000"
"2018","PE","Não-Metálicos","Areia","756659,590000",",000000000000000","-","","702469,54000000004","6569325,1999999983",",000000",",000000","41958,000000","118932,990000"
"2018","PE","Não-Metálicos","Rochas Ornamentais","66920,000000",",000000000000000","-","","9765,3199999999997","10491600,42",",000000",",000000",",000000",",000000"
"2018","PE","Não-Metálicos","Dolomito e Magnesita","117,930000",",000000000000000","-","","117,93000000000001","18537,919999999998",",000000",",000000",",000000",",000000"
"2018","PE","Não-Metálicos","Rochas (Britadas) e Cascalho","4201341,650000",",000000000000000","-","","111367,57000000001","473112,88",",000000",",000000","118992,780000","623563,790000"
"2018","PE","Não-Metálicos","Argilas","564880,980000",",000000000000000","-","","409794,97999999998","4587311,2599999998","20982,890000","51229,590000","92168,610000","368556,020000"
"2018","PI","Não-Metálicos","Calcário","414123,040000",",000000000000000","-","","300","7500",",000000",",000000",",000000",",000000"
"2018","PI","Não-Metálicos","Rochas (Britadas) e Cascalho","1130298,820000",",000000000000000","-","","10806,58","151009,32999999999",",000000",",000000","53298,520000","1681874,870000"
"2018","PI","Não-Metálicos","Saibro","102309,000000",",000000000000000","-","","86696,100000000006","469729,5","1860,000000","9300,000000",",000000",",000000"
"2018","PI","Gemas e Diamantes","Gemas","32,810000","4,120040000000000","kg","","4,0000000000000001E-2","149990",",000000",",000000",",000000",",000000"
"2018","PI","Não-Metálicos","Areia","219318,120000",",000000000000000","-","","174117,39000000001","2102186,46","25935,600000","133203,800000","45325,780000","129207,140000"
"2018","PI","Não-Metálicos","Rochas Ornamentais","2311,110000",",000000000000000","-","","3371,9400000000005","1873925,9399999999",",000000",",000000","52,500000","9625,000000"
"2018","PI","Não-Metálicos","Argilas","216352,650000",",000000000000000","-","","131985,5","849929,83999999997","1375,000000","16305,000000","81085,170000","1417367,820000"
"2018","PI","Não-Metálicos","Dolomito e Magnesita","37979,270000",",000000000000000","-","","0","0",",000000",",000000",",000000",",000000"
"2018","PR","Não-Metálicos","Talco e outras Cargas Minerais","656196,000000",",000000000000000","-","","202607,51000000001","14906149,870000001",",000000",",000000","37497,600000","528149,700000"
"2018","PR","Metálicos","Chumbo",",000000",",000000000000000","t","Pb","0","0",",000000",",000000",",000000",",000000"
"2018","PR","Não-Metálicos","Calcário","14430180,529000",",000000000000000","-","","1799141,0527999997","50677644,013499998",",000000",",000000","518398,225000","5968664,980000"
"2018","PR","Metálicos","Ouro","87839,070000","322,338400000000000","kg","Au","0","0",",000000",",000000",",000000",",000000"
"2018","PR","Não-Metálicos","Bário","30,000000","27,750000000000000","t","BaSO4","0","0",",000000",",000000",",000000",",000000"
"2018","PR","Energéticos","Carvão Mineral","390230,310000",",000000000000000","-","","0","0",",000000",",000000",",000000",",000000"
"2018","PR","Gemas e Diamantes","Gemas","4142,000000","4142000,000000000000000","kg","","0","0",",000000",",000000","4142,000000","82840,000000"
"2018","PR","Não-Metálicos","Feldspato, Leucita e Nefelina-Sienito","109468,000000",",000000000000000","-","","30921","2385642",",000000",",000000",",000000",",000000"
"2018","PR","Não-Metálicos","Areias Industriais","17904,930000",",000000000000000","-","","16225,93","1176960,6099999999",",000000",",000000","151,000000","6795,000000"
"2018","PR","Não-Metálicos","Argilas","1082507,750000",",000000000000000","-","","386095,58000000007","4981446,8200000003","77398,330000","227328,430000","396279,910000","3043482,140000"
"2018","PR","Não-Metálicos","Areia","7939192,190000",",000000000000000","-","","5389079,9800000004","89286318,209999993",",000000",",000000",",000000",",000000"
"2018","PR","Metálicos","Zinco",",000000",",000000000000000","t","Zn","0","0",",000000",",000000",",000000",",000000"
"2018","PR","Não-Metálicos","Dolomito e Magnesita","2498177,440000",",000000000000000","-","","824950,6399999999","5404649,8399999999","1306466,130000","4217124,850000","190238,560000","2274298,190000"
"2018","PR","Não-Metálicos","Rochas Ornamentais","32237,635000",",000000000000000","-","","16143","3703432,6925000004","106,300000","82914,000000","1801,135000","417746,970000"
"2018","PR","Não-Metálicos","Rochas (Britadas) e Cascalho","18677146,436000",",000000000000000","-","","868676,84719999996","8589749,0040000007","1103395,850000","4966117,350000","92285,300000","975779,150000"
"2018","PR","Não-Metálicos","Saibro","1256371,460000",",000000000000000","-","","1126085,4099999999","14740766,290000001","54520,000000","880900,000000","30489,790000","236631,000000"
"2018","PR","Não-Metálicos","Fluorita e Criolita","71294,050000","23895,170000000000000","t","","0","0",",000000",",000000",",000000",",000000"
"2018","PR","Não-Metálicos","Caulim","76501,760000",",000000000000000","-","","59110,76999999999","5599609,3100000005",",000000",",000000","13647,040000","428433,020000"
"2018","PR","Energéticos","Turfa","6482,360000",",000000000000000","-","","0","0",",000000",",000000","6482,360000","64823,600000"
"2018","PR","Metálicos","Prata","87839,070000","53,185840000000000","kg","Ag","0","0",",000000",",000000",",000000",",000000"
"2018","PR","Não-Metálicos","Rochas Ornamentais - Outras","16438,500000",",000000000000000","-","","14216,5","818362,98999999999",",000000",",000000","2201,000000","422747,410000"
"2018","RJ","Não-Metálicos","Caulim",",000000",",000000000000000","-","","0","0",",000000",",000000",",000000",",000000"
"2018","RJ","Metálicos","Alumínio (Bauxita)",",000000",",000000000000000","t","Al2O3","0","0",",000000",",000000",",000000",",000000"
"2018","RJ","Metálicos","Titânio",",000000",",000000000000000","t","TiO2","0","0",",000000",",000000",",000000",",000000"
"2018","RJ","Não-Metálicos","Fluorita e Criolita",",000000",",000000000000000","t","","0","0",",000000",",000000",",000000",",000000"
"2018","RJ","Não-Metálicos","Argilas","1641587,600000",",000000000000000","-","","281814,39999999997","1675917,03",",000000",",000000","1286933,430000","3440109,310000"
"2018","RJ","Não-Metálicos","Calcário","2331961,460000",",000000000000000","-","","0","0",",000000",",000000","584796,920000","8592354,920000"
"2018","RJ","Não-Metálicos","Areia","3552888,940000",",000000000000000","-","","3365262,5500000003","54820187,030000001","14,000000","210,000000",",000000",",000000"
"2018","RJ","Não-Metálicos","Feldspato, Leucita e Nefelina-Sienito","11623,880000",",000000000000000","-","","11623,879999999999","327007,17999999999",",000000",",000000",",000000",",000000"
"2018","RJ","Não-Metálicos","Areias Industriais",",000000",",000000000000000","-","","4751,6700000000001","115978,45",",000000",",000000",",000000",",000000"
"2018","RJ","Não-Metálicos","Rochas Ornamentais - Outras","63047,410000",",000000000000000","-","","44006,849999999999","2620330,3799999999","16252,770000","566534,100000","16252,770000","566534,100000"
"2018","RJ","Não-Metálicos","Rochas (Britadas) e Cascalho","11932344,090000",",000000000000000","-","","0","0",",000000",",000000","87315,690000","704175,480000"
"2018","RJ","Não-Metálicos","Rochas Ornamentais","3860,900000",",000000000000000","-","","3009,4000000000001","1764204,5299999998",",000000",",000000","851,480000","108706,310000"
"2018","RJ","Não-Metálicos","Saibro","8667210,860000",",000000000000000","-","","8665237,8599999994","3798598,2700000005",",000000",",000000","1973,000000","12,000000"
"2018","RN","Não-Metálicos","Argilas","414093,280000",",000000000000000","-","","346087,08999999997","2701686,3599999999","12000,000000","120000,000000","46939,930000","192833,960000"
"2018","RN","Não-Metálicos","Caulim","3410,000000",",000000000000000","-","","2995","572807,48999999999",",000000",",000000",",000000",",000000"
"2018","RN","Metálicos","Ferro","6495,700000","2609,970000000000000","t","Fe","6495,6999999999998","105230,34",",000000",",000000",",000000",",000000"
"2018","RN","Não-Metálicos","Feldspato, Leucita e Nefelina-Sienito","48753,590000",",000000000000000","-","","40356,139999999999","4190718,3700000001",",000000",",000000",",000000",",000000"
"2018","RN","Não-Metálicos","Rochas Ornamentais - Outras","9445,250000",",000000000000000","-","","12083,619999999999","8731351,0399999991",",000000",",000000",",000000",",000000"
"2018","RN","Não-Metálicos","Rochas Ornamentais","61565,631000",",000000000000000","-","","41773,993000000002","25351502,656499993",",000000",",000000","5781,800000","1273920,440000"
"2018","RN","Não-Metálicos","Talco e outras Cargas Minerais","18696,000000",",000000000000000","-","","18696","364572",",000000",",000000",",000000",",000000"
"2018","RN","Não-Metálicos","Areias Industriais","35982,320000",",000000000000000","-","","35082,32","879764,18999999994",",000000",",000000",",000000",",000000"
"2018","RN","Não-Metálicos","Gipsita","2336,820000",",000000000000000","-","","2336,8200000000002","75479,289999999994",",000000",",000000",",000000",",000000"
"2018","RN","Não-Metálicos","Diatomita","400,000000",",000000000000000","-","","357","61725",",000000",",000000",",000000",",000000"
"2018","RN","Não-Metálicos","Dolomito e Magnesita","24413,060000",",000000000000000","-","","0","0",",000000",",000000",",000000",",000000"
"2018","RN","Não-Metálicos","Calcário","2250624,289000",",000000000000000","-","","655750,11699999997","11669199,5835",",000000",",000000","1570059,130000","26713144,680000"
"2018","RN","Não-Metálicos","Saibro","38267,400000",",000000000000000","-","","38267,400000000001","75505,320000000007",",000000",",000000",",000000",",000000"
"2018","RN","Não-Metálicos","Mica",",000000",",000000000000000","-","","0","0",",000000",",000000",",000000",",000000"
"2018","RN","Gemas e Diamantes","Gemas","1164,000000","122,287650000000000","kg","","0","0",",000000",",000000",",000000",",000000"
"2018","RN","Metálicos","Ouro","2356,500000","8,877200000000000","kg","Au","0","0",",000000",",000000",",000000",",000000"
"2018","RN","Metálicos","Columbita-Tantalita","360,000000",",036000000000000","t","Ta2O5","0","0",",000000",",000000",",000000",",000000"
"2018","RN","Não-Metálicos","Rochas (Britadas) e Cascalho","865156,880000",",000000000000000","-","","20007,200000000001","340122,40000000002",",000000",",000000",",000000",",000000"
"2018","RN","Não-Metálicos","Areia","173825,660000",",000000000000000","-","","173443,16","1439001,2799999998",",000000",",000000",",000000",",000000"
"2018","RN","Metálicos","Tungstênio","60159,070000","271,330000000000000","t","WO3","0","0",",000000",",000000",",000000",",000000"
"2018","RO","Metálicos","Estanho","13111348,270000","7143993,350000000000000","kg","Sn","620105","27670640,800000001",",000000",",000000",",000000",",000000"
"2018","RO","Metálicos","Titânio","2037283,200000","11,240000000000000","t","TiO2","0","0",",000000",",000000",",000000",",000000"
"2018","RO","Metálicos","Manganês","37209,780000","17136,840000000000000","t","Mn","0","0",",000000",",000000",",000000",",000000"
"2018","RO","Não-Metálicos","Saibro","939,000000",",000000000000000","-","","0","0",",000000",",000000",",000000",",000000"
"2018","RO","Não-Metálicos","Rochas Ornamentais","16417,900000",",000000000000000","-","","15778,200000000001","352847",",000000",",000000",",000000",",000000"
"2018","RO","Gemas e Diamantes","Gemas",",000000",",000000000000000","kg","","0","0",",000000",",000000",",000000",",000000"
"2018","RO","Não-Metálicos","Areia","225608,560000",",000000000000000","-","","189028,55000000002","5681606,2300000004","1291,110000","42897,000000",",000000",",000000"
"2018","RO","Metálicos","Zinco","37978,000000","5300,000000000000000","t","Zn","85746,949999999997","96069112,340000004",",000000",",000000",",000000",",000000"
"2018","RO","Não-Metálicos","Calcário","425236,000000",",000000000000000","-","","0","0",",000000",",000000",",000000",",000000"
"2018","RO","Metálicos","Columbita-Tantalita","2675426,680000","483,832650000000000","t","Nb2O5","0","0",",000000",",000000",",000000",",000000"
"2018","RO","Metálicos","Columbita-Tantalita","101864,160000",",608000000000000","t","Ta2O5","0","0",",000000",",000000",",000000",",000000"
"2018","RO","Não-Metálicos","Rochas (Britadas) e Cascalho","1661653,750000",",000000000000000","-","","276797,17999999999","2818123,8300000001",",000000",",000000","115414,000000","195391,900000"
"2018","RO","Não-Metálicos","Argilas","338331,220000",",000000000000000","-","","104944,95","1164205,04",",000000",",000000","232408,250000","3481556,260000"
"2018","RO","Metálicos","Ouro",",000000",",000000000000000","kg","Au","0","0",",000000",",000000",",000000",",000000"
"2018","RR","Não-Metálicos","Rochas (Britadas) e Cascalho","260364,070000",",000000000000000","-","","134464,23000000001","782171,29999999981",",000000",",000000","4095,000000","24520,000000"
"2018","RR","Não-Metálicos","Rochas Ornamentais","582,300000",",000000000000000","-","","0","0",",000000",",000000","582,300000","38941,730000"
"2018","RR","Não-Metálicos","Areia","276158,910000",",000000000000000","-","","274240,90999999928","3320306,5999999987",",000000",",000000",",000000",",000000"
"2018","RR","Não-Metálicos","Argilas","408475,210000",",000000000000000","-","","408415,21000000002","792416,04000000004",",000000",",000000",",000000",",000000"
"2018","RR","Não-Metálicos","Saibro","11376,000000",",000000000000000","-","","11376","11376",",000000",",000000",",000000",",000000"
"2018","RS","Não-Metálicos","Areia","9057835,474300",",000000000000000","-","","8743098,1243000012","101160641,36400001","284076,030000","4317054,440000","4351,000000","3751,000000"
"2018","RS","Energéticos","Carvão Mineral","3629375,760000",",000000000000000","-","","0","0",",000000",",000000",",000000",",000000"
"2018","RS","Não-Metálicos","Geodos, Ágatas, Calcedônia, etc","9726,600000","8973,601000000000000","t","","9469,5999999999985","43919122,009999998",",000000",",000000",",000000",",000000"
"2018","RS","Não-Metálicos","Rochas Ornamentais","10643,490000",",000000000000000","-","","10224","5660012,2300000004",",000000",",000000",",000000",",000000"
"2018","RS","Não-Metálicos","Caulim","259514,800000",",000000000000000","-","","114540,55","4401085,8099999996",",000000",",000000","77010,220000","1201916,220000"
"2018","RS","Não-Metálicos","Talco e outras Cargas Minerais","1046,070000",",000000000000000","-","","1046,0699999999999","49084,150000000001",",000000",",000000",",000000",",000000"
"2018","RS","Não-Metálicos","Calcário","4725052,880000",",000000000000000","-","","1725457,5999999999","23442259,509999998",",000000",",000000",",000000",",000000"
"2018","RS","Não-Metálicos","Saibro","2775438,803000",",000000000000000","-","","1184794,7649999999","11441379,8144","99048,600000","338085,800000","805405,780000","4395534,750000"
"2018","RS","Não-Metálicos","Areias Industriais","55290,195700",",000000000000000","-","","1160,9957000000002","314065,01599999995",",000000",",000000",",000000",",000000"
"2018","RS","Não-Metálicos","Rochas (Britadas) e Cascalho","16232122,583395",",000000000000000","-","","762454,98010000004","12296077,13133","32916,000000","176550,080000","514928,120000","1835465,820000"
"2018","RS","Não-Metálicos","Argilas","2492882,291000",",000000000000000","-","","1102752,6189999999","14427143,09","269633,630000","1188237,340000","1318342,640000","6474972,580000"
"2018","RS","Não-Metálicos","Rochas Ornamentais - Outras","900668,462605",",000000000000000","-","","636033,34589999996","27088338,474270001","750,000000","750,000000","10542,170000","450825,270000"
"2018","SC","Não-Metálicos","Areias Industriais","1158149,930000",",000000000000000","-","","5327,4899999999998","601461,69999999995","32,000000","418,000000","5421,000000","63580,100000"
"2018","SC","Não-Metálicos","Rochas Ornamentais - Outras","59926,680000",",000000000000000","-","","53590,819999999992","2661163,8199999998",",000000",",000000",",000000",",000000"
"2018","SC","Energéticos","Turfa","39465,500000",",000000000000000","-","","22677,169999999998","837932,88",",000000",",000000",",000000",",000000"
"2018","SC","Energéticos","Carvão Mineral","6246295,590000",",000000000000000","-","","19705,900000000001","1033627,15",",000000",",000000",",000000",",000000"
"2018","SC","Não-Metálicos","Rochas Ornamentais","208603,370000",",000000000000000","-","","210102,04000000001","5984790,5499999998","195,960000","31494,010000",",000000",",000000"
"2018","SC","Não-Metálicos","Caulim","418416,170000",",000000000000000","-","","344396,65000000002","13908343,5",",000000",",000000","28446,740000","458124,640000"
"2018","SC","Não-Metálicos","Calcário","2642629,110000",",000000000000000","-","","0","0",",000000",",000000","20436,000000","1975367,890000"
"2018","SC","Não-Metálicos","Feldspato, Leucita e Nefelina-Sienito","147429,830000",",000000000000000","-","","0","0",",000000",",000000",",000000",",000000"
"2018","SC","Não-Metálicos","Argilas","3798833,040000",",000000000000000","-","","2568406,5800000001","24976103,090000004","93434,850000","518035,890000","950057,100000","14088078,150000"
"2018","SC","Não-Metálicos","Areia","5568845,350000",",000000000000000","-","","5038376,8899999997","89510314,180000007","19453,380000","304216,000000","82890,940000","1311938,750000"
"2018","SC","Não-Metálicos","Rochas (Britadas) e Cascalho","19049204,040000",",000000000000000","-","","646330,52000000014","10079528,589999998","101560,020000","677367,610000","1122925,330000","12162052,470000"
"2018","SC","Metálicos","Alumínio (Bauxita)","24543,720000","11044,680000000000000","t","Al2O3","24543,720000000001","456828,65000000002",",000000",",000000",",000000",",000000"
"2018","SC","Não-Metálicos","Saibro","3015639,090000",",000000000000000","-","","1549933,8299999998","10340727,26","466070,780000","1549822,330000","478301,760000","2290797,300000"
"2018","SE","Não-Metálicos","Talco e outras Cargas Minerais","35220,000000",",000000000000000","-","","0","0",",000000",",000000","36341,770000","285610,610000"
"2018","SE","Não-Metálicos","Potássio","1581885,840000","409550,230000000000000","t","K2O","0","0",",000000",",000000",",000000",",000000"
"2018","SE","Não-Metálicos","Argilas","1359000,640000",",000000000000000","-","","690225,55999999994","3291351,9500000002",",000000",",000000","581155,160000","9197039,680000"
"2018","SE","Não-Metálicos","Areias Industriais","9649,000000",",000000000000000","-","","9649","192030",",000000",",000000",",000000",",000000"
"2018","SE","Não-Metálicos","Areia","251567,510000",",000000000000000","-","","251567,51000000001","2195222,4100000001",",000000",",000000",",000000",",000000"
"2018","SE","Não-Metálicos","Rochas (Britadas) e Cascalho","1333810,930000",",000000000000000","-","","481012,56000000006","2254639,3700000001",",000000",",000000",",000000",",000000"
"2018","SE","Não-Metálicos","Calcário","3513999,800000",",000000000000000","-","","5640,1999999999998","151005,57000000001",",000000",",000000",",000000",",000000"
"2018","SE","Não-Metálicos","Saibro","106936,160000",",000000000000000","-","","106936,15999999642","99469,98000000001",",000000",",000000",",000000",",000000"
"2018","SP","Não-Metálicos","Minerais Industriais (Outros)",",000000",",000000000000000","t","","0","0",",000000",",000000",",000000",",000000"
"2018","SP","Metálicos","Ferro","4563177,620000","340413,100000000000000","t","Fe","0","0",",000000",",000000",",000000",",000000"
"2018","SP","Não-Metálicos","Rochas Ornamentais - Outras","1416,400000",",000000000000000","-","","1416,4000000000001","93532,5",",000000",",000000",",000000",",000000"
"2018","SP","Metálicos","Alumínio (Bauxita)","806135,110000","327725,480000000000000","t","Al2O3","386418,08000000007","13955612,5",",000000",",000000",",000000",",000000"
"2018","SP","Não-Metálicos","Rochas Ornamentais","27252,880000",",000000000000000","-","","27433,169999999998","3080698,1400000001",",000000",",000000",",000000",",000000"
"2018","SP","Não-Metálicos","Dolomito e Magnesita","365342,605000",",000000000000000","-","","3403,4225000000001","35716,169999999998",",000000",",000000",",000000",",000000"
"2018","SP","Não-Metálicos","Areias Industriais","4982889,310000",",000000000000000","-","","286379,92000000004","8983193,2600000016",",000000",",000000",",000000",",000000"
"2018","SP","Energéticos","Turfa","75236,160000",",000000000000000","-","","34350,159999999996","6238452,8899999997",",000000",",000000",",000000",",000000"
"2018","SP","Metálicos","Estanho",",000000",",000000000000000","kg","Sn","0","0",",000000",",000000",",000000",",000000"
"2018","SP","Não-Metálicos","Fosfato","9416503,530000","3346089,780000000000000","t","P2O5","0","0",",000000",",000000",",000000",",000000"
"2018","SP","Não-Metálicos","Argilas","10739623,150000",",000000000000000","-","","7551641,7299999986","101405107,97000001","309164,960000","1601997,460000","1693243,870000","13748957,080000"
"2018","SP","Não-Metálicos","Talco e outras Cargas Minerais","1939022,070000",",000000000000000","-","","321172,95000000001","8812632,2200000007",",000000",",000000","595,710000","595,710000"
"2018","SP","Metálicos","Zircônio",",000000",",000000000000000","t","ZrSiO4","0","0",",000000",",000000",",000000",",000000"
"2018","SP","Não-Metálicos","Caulim","103661,580000",",000000000000000","-","","9833,2299999999996","242786,69",",000000",",000000","9320,000000","46600,000000"
"2018","SP","Não-Metálicos","Rochas (Britadas) e Cascalho","58552744,970000",",000000000000000","-","","526837,46999999997","6057191,5800000001","20,000000","3980,960000","6400,000000","64000,000000"
"2018","SP","Não-Metálicos","Saibro","677377,020000",",000000000000000","-","","664089,92000000004","5060637,5099999998",",000000",",000000",",000000",",000000"
"2018","SP","Não-Metálicos","Areia","23387069,010000",",000000000000000","-","","13650046,019999998","304485192,69999993","1210,000000","53527,860000","52273,770000","557081,730000"
"2018","SP","Não-Metálicos","Calcário","11084547,595000",",000000000000000","-","","698832,54749999999","6832357,1799999997","488,000000","488,000000","3016929,890000","100922291,450000"
"2018","SP","Não-Metálicos","Feldspato, Leucita e Nefelina-Sienito","1481,500000",",000000000000000","-","","0","0",",000000",",000000",",000000",",000000"
"2018","TO","Não-Metálicos","Rochas Ornamentais - Outras","3880,000000",",000000000000000","-","","3105","151722",",000000",",000000","3105,000000","151722,000000"
"2018","TO","Não-Metálicos","Gipsita","61699,170000",",000000000000000","-","","61699,169999999998","987186,71999999997",",000000",",000000",",000000",",000000"
"2018","TO","Não-Metálicos","Saibro","2578,000000",",000000000000000","-","","2578","46897,300000000003",",000000",",000000",",000000",",000000"
"2018","TO","Não-Metálicos","Minerais Industriais (Outros)","19,120000",",000000000000000","-","","0","0",",000000",",000000",",000000",",000000"
"2018","TO","Não-Metálicos","Talco e outras Cargas Minerais","2040,000000",",000000000000000","-","","0","0",",000000",",000000",",000000",",000000"
"2018","TO","Não-Metálicos","Calcário","3685638,940000",",000000000000000","-","","97254,130000000005","972541,09999999998",",000000",",000000",",000000",",000000"
"2018","TO","Não-Metálicos","Rochas Ornamentais","45,000000",",000000000000000","-","","0","0",",000000",",000000",",000000",",000000"
"2018","TO","Não-Metálicos","Argilas","1851060,960000",",000000000000000","-","","1326301,3999999999","1945130,99","168724,960000","1278099,250000","313739,300000","177309,940000"
"2018","TO","Metálicos","Ouro",",000000",",000000000000000","kg","Au","0","0",",000000",",000000",",000000",",000000"
"2018","TO","Não-Metálicos","Areias Industriais","383,320000",",000000000000000","-","","383,31999999999999","88728",",000000",",000000",",000000",",000000"
"2018","TO","Não-Metálicos","Rochas (Britadas) e Cascalho","437496,620000",",000000000000000","-","","33952,529999999999","2111754,5100000002",",000000",",000000",",000000",",000000"
"2018","TO","Não-Metálicos","Fosfato","2441343,140000","143565,020000000000000","t","P2O5","0","0",",000000",",000000",",000000",",000000"
"2018","TO","Não-Metálicos","Dolomito e Magnesita","1205348,070000",",000000000000000","-","","0","0",",000000",",000000",",000000",",000000"
"2018","TO","Não-Metálicos","Areia","174574,670000",",000000000000000","-","","147726,01999999999","3171564,5100000002",",000000",",000000",",000000",",000000"
"2018","TO","Não-Metálicos","Quartzo (Cristal) e outros Piezelétricos","509,000000",",000000000000000","-","","469,29000000000002","283545,91999999998",",000000",",000000",",000000",",000000"
"2019","AC","Não-Metálicos","Rochas (Britadas) e Cascalho",",000000",",000000000000000","-","","0","0",",000000",",000000",",000000",",000000"
"2019","AC","Não-Metálicos","Areia","58212,540000",",000000000000000","-","","46762,839999999997","961717,47999999998",",000000",",000000","3062,000000","24496,000000"
"2019","AC","Não-Metálicos","Argilas","39900,000000",",000000000000000","-","","39178,800000000003","76865",",000000",",000000",",000000",",000000"
"2019","AL","Não-Metálicos","Rochas Ornamentais - Outras","1515,340000",",000000000000000","-","","1515,3400000000001","658053,39999999991",",000000",",000000",",000000",",000000"
"2019","AL","Não-Metálicos","Saibro","17060,930000",",000000000000000","-","","13290","35148,800000000003",",000000",",000000","3752,930000","75539,200000"
"2019","AL","Não-Metálicos","Argilas","365937,090000",",000000000000000","-","","205974,59000000003","3428807,6299999999",",000000",",000000","148143,380000","1063157,930000"
"2019","AL","Não-Metálicos","Areia","159107,150000",",000000000000000","-","","146223,75999999998","3226739,8699999996","10000,000000","80000,000000",",000000",",000000"
"2019","AL","Não-Metálicos","Calcário","584872,310000",",000000000000000","-","","0","0",",000000",",000000",",000000",",000000"
"2019","AL","Não-Metálicos","Sal","182954,320000",",000000000000000","-","","0","0",",000000",",000000","182954,320000","2219994,270000"
"2019","AL","Não-Metálicos","Rochas Ornamentais","215,230000",",000000000000000","-","","0","0",",000000",",000000",",000000",",000000"
"2019","AL","Não-Metálicos","Rochas (Britadas) e Cascalho","1501810,130000",",000000000000000","-","","127929,02","4764215,1500000004",",000000",",000000",",000000",",000000"
"2019","AL","Não-Metálicos","Amianto",",000000",",000000000000000","t","","0","0",",000000",",000000",",000000",",000000"
"2019","AM","Metálicos","Ouro",",000000",",000000000000000","kg","Au","0","0",",000000",",000000",",000000",",000000"
"2019","AM","Não-Metálicos","Calcário","1000,000000",",000000000000000","-","","1000","23510",",000000",",000000",",000000",",000000"
"2019","AM","Metálicos","Estanho","5948820,750000","8328349,050000000000000","kg","Sn","0","0",",000000",",000000",",000000",",000000"
"2019","AM","Não-Metálicos","Areia","15824,470000",",000000000000000","-","","15544,469999999999","387554,89000000001",",000000",",000000","280,000000","8000,000000"
"2019","AM","Não-Metálicos","Argilas","80532,550000",",000000000000000","-","","55927","209800",",000000",",000000","24605,550000","345807,520000"
"2019","AM","Não-Metálicos","Rochas (Britadas) e Cascalho","870149,090000",",000000000000000","-","","1228,6300000000001","126070",",000000",",000000","47100,000000","565200,000000"
"2019","AM","Metálicos","Columbita-Tantalita","5948820,750000","12492,523570000000000","t","Nb2O5","0","0",",000000",",000000",",000000",",000000"
"2019","AM","Não-Metálicos","Saibro","66006,840000",",000000000000000","-","","66006,839999999997","110011,10000000001",",000000",",000000",",000000",",000000"
"2019","AP","Metálicos","Ferro",",000000",",000000000000000","t","Fe","0","0",",000000",",000000",",000000",",000000"
"2019","AP","Metálicos","Ouro","2678520,080000","4328,996990000000000","kg","Au","0","0",",000000",",000000",",000000",",000000"
"2019","AP","Metálicos","Estanho",",000000",",000000000000000","kg","Sn","0","0",",000000",",000000",",000000",",000000"
"2019","AP","Não-Metálicos","Argilas","18691,000000",",000000000000000","-","","1200","6000","17491,000000","1692562,280000",",000000",",000000"
"2019","AP","Não-Metálicos","Rochas (Britadas) e Cascalho","185164,650000",",000000000000000","-","","55064,050000000003","1614022,49",",000000",",000000",",000000",",000000"
"2019","AP","Não-Metálicos","Areia","178148,750000",",000000000000000","-","","178148,75","2160358",",000000",",000000",",000000",",000000"
"2019","AP","Metálicos","Manganês",",000000",",000000000000000","t","Mn","0","0",",000000",",000000",",000000",",000000"
"2019","AP","Não-Metálicos","Caulim","323287,200000",",000000000000000","-","","0","0","323287,200000","12,000000","323287,200000","12,000000"
"2019","AP","Metálicos","Cromo",",000000",",000000000000000","t","Cr2O3","0","0",",000000",",000000",",000000",",000000"
"2019","AP","Não-Metálicos","Saibro","3550,000000",",000000000000000","-","","3550","7300",",000000",",000000",",000000",",000000"
"2019","BA","Não-Metálicos","Bário","26092,430000","16011,910000000000000","t","BaSO4","14643,43","4341340,6599999992",",000000",",000000","5807,640000","5286354,520000"
"2019","BA","Não-Metálicos","Rochas Ornamentais","327917,630000",",000000000000000","-","","218030,84","174158392,81999999",",000000",",000000","2613,160000","3592794,840000"
"2019","BA","Metálicos","Ferro","7860,960000","4323,520000000000000","t","Fe","0","0",",000000",",000000",",000000",",000000"
"2019","BA","Não-Metálicos","Talco e outras Cargas Minerais","65015,460000",",000000000000000","-","","40370,730000000003","69301899,439999998","160031,600000",",120000","160031,600000",",120000"
"2019","BA","Não-Metálicos","Rochas Ornamentais - Outras","20094,280000",",000000000000000","-","","19393,32","11813238,350000001",",000000",",000000",",000000",",000000"
"2019","BA","Não-Metálicos","Quartzo (Cristal) e outros Piezelétricos","963,930000",",000000000000000","-","","963,93000000000006","518807,09999999998",",000000",",000000",",000000",",000000"
"2019","BA","Não-Metálicos","Saibro","186566,400000",",000000000000000","-","","1214,4000000000001","10150",",000000",",000000","185352,000000","197457,970000"
"2019","BA","Metálicos","Níquel","652639,180000","3276,250000000000000","t"," Ni","0","0",",000000",",000000",",000000",",000000"
"2019","BA","Não-Metálicos","Gipsita",",000000",",000000000000000","-","","0","0",",000000",",000000",",000000",",000000"
"2019","BA","Não-Metálicos","Areia","1861546,190000",",000000000000000","-","","1732233,6000000001","22936541,109999999",",000000",",000000","39046,000000","206788,000000"
"2019","BA","Metálicos","Manganês","5437,960000","1500,000000000000000","t","Mn","5437,96","883322,5",",000000",",000000",",000000",",000000"
"2019","BA","Não-Metálicos","Diatomita","17323,420000",",000000000000000","-","","0","0",",000000",",000000","17499,170000","836454,940000"
"2019","BA","Metálicos","Vanádio","1156016,000000","15490,610000000000000","t","V","0","0",",000000",",000000",",000000",",000000"
"2019","BA","Metálicos","Titânio","588,200000","588,200000000000000","t","TiO2","587,54999999999995","2657258,9300000002",",000000",",000000",",000000",",000000"
"2019","BA","Metálicos","Cobre","2450624,340000","47355,350000000000000","t","Cu","0","0",",000000",",000000",",000000",",000000"
"2019","BA","Não-Metálicos","Caulim","25956,600000",",000000000000000","-","","25956,599999999999","423993,5",",000000",",000000",",000000",",000000"
"2019","BA","Não-Metálicos","Feldspato, Leucita e Nefelina-Sienito","1031,340000",",000000000000000","-","","906,34000000000003","90634",",000000",",000000",",000000",",000000"
"2019","BA","Metálicos","Cromo","1237549,120000","216176,200000000000000","t","Cr2O3","0","0",",000000",",000000",",000000",",000000"
"2019","BA","Não-Metálicos","Areias Industriais","3501158,700000",",000000000000000","-","","3062429,4199999995","5416507,9399999995",",000000",",000000","1100,000000","4080,000000"
"2019","BA","Não-Metálicos","Argilas","1651006,670000",",000000000000000","-","","330683,28999999998","4772436,8100000005","39145,080000","126408,340000","1090000,540000","4831570,610000"
"2019","BA","Não-Metálicos","Fosfato","790795,480000","261443,620000000000000","t","P2O5","0","0","790795,480000","6019535,210000",",000000",",000000"
"2019","BA","Metálicos","Berílio","9,400000",",050000000000000","t","BeO","0","0",",000000",",000000",",000000",",000000"
"2019","BA","Gemas e Diamantes","Diamante","994050,250000","140562,550000000000000","ct","","0","0",",000000",",000000",",000000",",000000"
"2019","BA","Não-Metálicos","Calcário","2052274,610000",",000000000000000","-","","167328,10000000001","875823,44999999995",",000000",",000000",",000000",",000000"
"2019","BA","Gemas e Diamantes","Gemas","56031,000000","687250,040000000000000","kg","","718,56999999999994","12860488,420000002",",000000",",000000",",000000",",000000"
"2019","BA","Não-Metálicos","Sal","517512,350000",",000000000000000","-","","0","0",",000000",",000000","517512,350000","46267676,440000"
"2019","BA","Não-Metálicos","Dolomito e Magnesita","1248184,060000",",000000000000000","-","","60","30739,16",",000000",",000000",",000000",",000000"
"2019","BA","Metálicos","Ouro","3655799,510000","7912,210110000000000","kg","Au","0","0",",000000",",000000",",000000",",000000"
"2019","BA","Não-Metálicos","Rochas (Britadas) e Cascalho","8288749,710000",",000000000000000","-","","685322,78000000003","12142189,759999998",",000000",",000000","225070,220000","2435707,570000"
"2019","BA","Não-Metálicos","Grafita","364887,910000","33934,580000000000000","t","","364887,90999999997","4378654,8200000003",",000000",",000000",",000000",",000000"
"2019","CE","Não-Metálicos","Talco e outras Cargas Minerais","36720,000000",",000000000000000","-","","9358,1000000000004","769480,31999999983",",000000",",000000",",000000",",000000"
"2019","CE","Não-Metálicos","Rochas Ornamentais - Outras","35480,160000",",000000000000000","-","","11651,709999999999","5412690,3999999994",",000000",",000000","24244,860000","3456832,000000"
"2019","CE","Não-Metálicos","Gipsita","56355,900000",",000000000000000","-","","56355,900000000001","1711285,25",",000000",",000000",",000000",",000000"
"2019","CE","Não-Metálicos","Areias Industriais","38542,000000",",000000000000000","-","","0","0",",000000",",000000","13482,310000","21701,450000"
"2019","CE","Não-Metálicos","Feldspato, Leucita e Nefelina-Sienito","134,321000",",000000000000000","-","","30,320999999999998","16086,043",",000000",",000000",",000000",",000000"
"2019","CE","Metálicos","Ferro","3928,000000","2423,000000000000000","t","Fe","0","0",",000000",",000000",",000000",",000000"
"2019","CE","Não-Metálicos","Dolomito e Magnesita","3179753,520000",",000000000000000","-","","233753","7305127,25",",000000",",000000",",000000",",000000"
"2019","CE","Não-Metálicos","Rochas Ornamentais","137257,170000",",000000000000000","-","","90997,199999999983","130076391,20000002",",000000",",000000",",000000",",000000"
"2019","CE","Não-Metálicos","Saibro","5458,000000",",000000000000000","-","","5458","293856",",000000",",000000",",000000",",000000"
"2019","CE","Não-Metálicos","Areia","730422,390000",",000000000000000","-","","674056,39000000001","15355835,399999999",",000000",",000000","260,000000","455,000000"
"2019","CE","Não-Metálicos","Calcário","5003884,310000",",000000000000000","-","","59756,649999999994","912471,56000000006",",000000",",000000",",000000",",000000"
"2019","CE","Não-Metálicos","Mica",",000000",",000000000000000","-","","0","0",",000000",",000000",",000000",",000000"
"2019","CE","Metálicos","Manganês","304084,000000","80647,400000000000000","t","Mn","0","0",",000000",",000000",",000000",",000000"
"2019","CE","Não-Metálicos","Quartzo (Cristal) e outros Piezelétricos","272,889000",",000000000000000","-","","272,88900000000001","144774,38699999999",",000000",",000000",",000000",",000000"
"2019","CE","Não-Metálicos","Rochas (Britadas) e Cascalho","4085463,090000",",000000000000000","-","","1650","8250",",000000",",000000",",000000",",000000"
"2019","CE","Não-Metálicos","Fosfato",",000000",",000000000000000","t","P2O5","0","0",",000000",",000000",",000000",",000000"
"2019","CE","Não-Metálicos","Argilas","1683025,890000",",000000000000000","-","","357983,07000000007","3281923,6500000004","313186,080000","2502523,770000","1032734,530000","4498952,460000"
"2019","DF","Não-Metálicos","Dolomito e Magnesita","1995022,000000",",000000000000000","-","","0","0",",000000",",000000",",000000",",000000"
"2019","DF","Não-Metálicos","Areia","503722,100000",",000000000000000","-","","17648,400000000001","437650,72999999998",",000000",",000000",",000000",",000000"
"2019","DF","Não-Metálicos","Argilas","273975,480000",",000000000000000","-","","0","0",",000000",",000000",",000000",",000000"
"2019","DF","Não-Metálicos","Rochas (Britadas) e Cascalho","100088,090000",",000000000000000","-","","36609,599999999999","267937,46999999997",",000000",",000000",",000000",",000000"
"2019","DF","Não-Metálicos","Calcário","3617334,640000",",000000000000000","-","","0","0",",000000",",000000",",000000",",000000"
"2019","DF","Não-Metálicos","Areias Industriais","303446,000000",",000000000000000","-","","285917","1262625",",000000",",000000",",000000",",000000"
"2019","ES","Não-Metálicos","Dolomito e Magnesita","57996,650000",",000000000000000","-","","55141","529353,59999999998",",000000",",000000","2855,650000","37409,130000"
"2019","ES","Não-Metálicos","Areia","1595680,760000",",000000000000000","-","","1821654,5100000002","20526753,880000003","29275,340000","61336,150000","1509,000000","7032,000000"
"2019","ES","Não-Metálicos","Saibro","157329,430000",",000000000000000","-","","106567,84","811898,57000000007","50605,790000","50605,790000",",000000",",000000"
"2019","ES","Não-Metálicos","Feldspato, Leucita e Nefelina-Sienito","12094,720000",",000000000000000","-","","12094,720000000001","85375,789999999994",",000000",",000000",",000000",",000000"
"2019","ES","Metálicos","Alumínio (Bauxita)","1940,000000","839,480000000000000","t","Al2O3","0","0",",000000",",000000","1940,000000","50440,000000"
"2019","ES","Metálicos","Zircônio",",000000",",000000000000000","t","ZrSiO4","0","0",",000000",",000000","2600,000000","46800,000000"
"2019","ES","Não-Metálicos","Rochas Ornamentais - Outras","3875,750000",",000000000000000","-","","3865,25","657958,59999999998",",000000",",000000",",000000",",000000"
"2019","ES","Não-Metálicos","Rochas Ornamentais","2177665,632908",",000000000000000","-","","2067099,942551","525688120,573627","2258,630000","270790,680000","96832,757457","28418527,424622"
"2019","ES","Não-Metálicos","Rochas (Britadas) e Cascalho","5615068,694092",",000000000000000","-","","16714,191949","680891,74167300004",",000000",",000000","60481,072143","25389,219078"
"2019","ES","Não-Metálicos","Areias Industriais","862,600000",",000000000000000","-","","487,60000000000002","8670",",000000",",000000",",000000",",000000"
"2019","ES","Não-Metálicos","Argilas","4459241,960000",",000000000000000","-","","4232731,9100000001","6103856,8799999999","195064,300000","1369508,900000","46822,540000","463113,860000"
"2019","ES","Gemas e Diamantes","Gemas",",100000",",100000000000000","kg","","0","0",",000000",",000000",",000000",",000000"
"2019","ES","Metálicos","Titânio","290,000000","290,000000000000000","t","TiO2","290","4000",",000000",",000000",",000000",",000000"
"2019","ES","Não-Metálicos","Calcário","2179120,523000",",000000000000000","-","","2000982,1554999996","33984362,364699997","92415,800000","184831,600000","77702,250400","835292,906300"
"2019","GO","Metálicos","Ouro","39982624,310000","13877,707250000000000","kg","Au","0","0",",000000",",000000",",000000",",000000"
"2019","GO","Não-Metálicos","Argilas","413474,540000",",000000000000000","-","","185593,77999999997","1949863,8800000001","90,000000","900,000000","173755,920000","1672729,250000"
"2019","GO","Não-Metálicos","Bário","5828529,530000","91961,750000000000000","t","BaSO4","0","0",",000000",",000000",",000000",",000000"
"2019","GO","Não-Metálicos","Saibro","13082,870000",",000000000000000","-","","312","4867,1999999999998",",000000",",000000",",000000",",000000"
"2019","GO","Metálicos","Cobre","37672514,290000","94169,190000000000000","t","Cu","0","0",",000000",",000000",",000000",",000000"
"2019","GO","Não-Metálicos","Rochas Ornamentais - Outras",",000000",",000000000000000","-","","0","0",",000000",",000000",",000000",",000000"
"2019","GO","Não-Metálicos","Dolomito e Magnesita","42840,450000",",000000000000000","-","","0","0",",000000",",000000",",000000",",000000"
"2019","GO","Não-Metálicos","Talco e outras Cargas Minerais","6000,000000",",000000000000000","-","","0","0",",000000",",000000",",000000",",000000"
"2019","GO","Metálicos","Níquel","4563878,720000","68301,570000000000000","t"," Ni","17437,880000000001","587078,23999999999",",000000",",000000",",000000",",000000"
"2019","GO","Não-Metálicos","Rochas (Britadas) e Cascalho","8128710,904900",",000000000000000","-","","183041,88","1758332,46","10743,000000","42044,070000","4090,710000","15280,020000"
"2019","GO","Não-Metálicos","Rochas Ornamentais","39506,380000",",000000000000000","-","","27649,549999999999","21621257,759999998",",000000",",000000","4481,980000","2054256,520000"
"2019","GO","Não-Metálicos","Calcário","12680556,915100",",000000000000000","-","","1931972,3700000001","7618795,7700000005",",000000",",000000",",000000",",000000"
"2019","GO","Não-Metálicos","Vermiculita e Perlita","439549,000000","113997,000000000000000","t","","0","0",",000000",",000000","3500,000000","31500,000000"
"2019","GO","Metálicos","Ferro",",000000",",000000000000000","t","Fe","0","0",",000000",",000000",",000000",",000000"
"2019","GO","Metálicos","Estanho",",000000",",000000000000000","kg","Sn","0","0",",000000",",000000",",000000",",000000"
"2019","GO","Gemas e Diamantes","Gemas","1382,800000","231,231940000000000","kg","","1282,8","2013010,3100000001",",000000",",000000",",000000",",000000"
"2019","GO","Gemas e Diamantes","Diamante",",000000",",000000000000000","ct","","0","0",",000000",",000000",",000000",",000000"
"2019","GO","Metálicos","Alumínio (Bauxita)","1570809,340000","834973,310000000000000","t","Al2O3","0","0",",000000",",000000","40934,810000","1064305,280000"
"2019","GO","Metálicos","Titânio","30941,180000",",000000000000000","t","TiO2","0","0",",000000",",000000",",000000",",000000"
"2019","GO","Não-Metálicos","Areia","2057815,620000",",000000000000000","-","","1511080,7399999998","33103960,93",",000000",",000000","475,000000","7600,000000"
"2019","GO","Metálicos","Nióbio","14275515,030000","71689,965430000000000","t","Nb2O5","0","0",",000000",",000000",",000000",",000000"
"2019","GO","Não-Metálicos","Fosfato","10756403,430000","1398080,740000000000000","t","P2O5","0","0",",000000",",000000",",000000",",000000"
"2019","GO","Não-Metálicos","Areias Industriais","100,000000",",000000000000000","-","","0","0",",000000",",000000",",000000",",000000"
"2019","GO","Metálicos","Prata","916057,000000","161,126670000000000","kg","Ag","0","0",",000000",",000000",",000000",",000000"
"2019","GO","Não-Metálicos","Amianto","199319,000000","150,880000000000000","t","","0","0",",000000",",000000",",000000",",000000"
"2019","GO","Metálicos","Manganês","24781,100000","9232,700000000000000","t","Mn","5089,5299999999997","1039119,21",",000000",",000000",",000000",",000000"
"2019","MA","Não-Metálicos","Areias Industriais","500,000000",",000000000000000","-","","250","8000",",000000",",000000","250,000000","8000,000000"
"2019","MA","Não-Metálicos","Saibro","78303,170000",",000000000000000","-","","3058,1700000000001","85628,669999999998",",000000",",000000","75245,000000","94058,000000"
"2019","MA","Não-Metálicos","Argilas","744330,930000",",000000000000000","-","","157835,53","386008,52999999997","39405,890000","287477,150000","567456,590000","5069035,480000"
"2019","MA","Não-Metálicos","Areia","938172,810000",",000000000000000","-","","944191,15000000002","10659343,139999999","3944,200000","62726,860000","18748,000000","91448,000000"
"2019","MA","Metálicos","Ouro","1862927,150000","719,617600000000000","kg","Au","0","0",",000000",",000000",",000000",",000000"
"2019","MA","Não-Metálicos","Gipsita","485685,780000",",000000000000000","-","","71761,050000000003","1363459,95",",000000",",000000",",000000",",000000"
"2019","MA","Não-Metálicos","Calcário","77943,740000",",000000000000000","-","","5162,71","376794,97999999998",",000000",",000000",",000000",",000000"
"2019","MA","Não-Metálicos","Rochas (Britadas) e Cascalho","3087385,290000",",000000000000000","-","","522773,59000000003","11826869,410000002","150,000000","4500,000000",",000000",",000000"
"2019","MG","Metálicos","Estanho","527710,450000","211084,180000000000000","kg","Sn","0","0",",000000",",000000",",000000",",000000"
"2019","MG","Metálicos","Chumbo","2459621,220000","10444,280000000000000","t","Pb","0","0",",000000",",000000",",000000",",000000"
"2019","MG","Não-Metálicos","Areias Industriais","898569,647500",",000000000000000","-","","325827,60199999996","34593946,382000007",",000000",",000000","262,140000","25387,000000"
"2019","MG","Não-Metálicos","Areia","5607526,780000",",000000000000000","-","","4973339,2499999991","116904113,45","8151,010000","66091,840000","17611,310000","342032,700000"
"2019","MG","Não-Metálicos","Rochas (Britadas) e Cascalho","19711031,357000",",000000000000000","-","","2664839,7199999997","44267657,29999999","38109,100000","180068,000000","158994,720000","360324,780000"
"2019","MG","Metálicos","Columbita-Tantalita","527293,450000","158,188040000000000","t","Ta2O5","0","0",",000000",",000000",",000000",",000000"
"2019","MG","Não-Metálicos","Caulim","16838,030000",",000000000000000","-","","12705,18","1149811,95",",000000",",000000",",000000",",000000"
"2019","MG","Metálicos","Alumínio (Bauxita)","2486094,260000","1004111,310000000000000","t","Al2O3","707605,58000000007","21782524,140000004",",000000",",000000","300549,550000","13872664,140000"
"2019","MG","Não-Metálicos","Grafita","1384799,950000","91435,250000000000000","t","","0","0",",000000",",000000",",000000",",000000"
"2019","MG","Não-Metálicos","Rochas Ornamentais - Outras","44754,270000",",000000000000000","-","","32447,839999999997","10609980,339999998",",000000",",000000","10229,520000","2515080,000000"
"2019","MG","Não-Metálicos","Saibro","235275,590000",",000000000000000","-","","62553,080000000002","853718,41999999993","400,000000","400,000000","59587,000000","178899,000000"
"2019","MG","Não-Metálicos","Fosfato","15966558,460000","1302200,470000000000000","t","P2O5","192589,75","31348461,149999999",",000000",",000000","2009388,000000","26650983,490000"
"2019","MG","Metálicos","Zinco","2613485,980000","191200,620000000000000","t","Zn","0","0",",000000",",000000",",000000",",000000"
"2019","MG","Não-Metálicos","Mica","20,000000",",000000000000000","-","","20","40000",",000000",",000000",",000000",",000000"
"2019","MG","Metálicos","Lítio","591722,450000","6097,550000000000000","t","Li2O","0","0",",000000",",000000",",000000",",000000"
"2019","MG","Não-Metálicos","Bário","7398340,000000","1183734,400000000000000","t","BaSO4","0","0",",000000",",000000",",000000",",000000"
"2019","MG","Não-Metálicos","Calcário","42384682,783000",",000000000000000","-","","7025490,7999999998","55860485,380000003","1203442,760000","3371342,870000","298889,820000","2448220,480000"
"2019","MG","Não-Metálicos","Rochas Ornamentais","1346814,980000",",000000000000000","-","","1169323,8499999999","366415982,75999993","778,960000","127495,600000","90972,030000","21373453,140000"
"2019","MG","Não-Metálicos","Argilas","2935028,610000",",000000000000000","-","","1184839,7300000002","20607457,940000001","234643,200000","1393134,560000","781525,900000","7805687,320000"
"2019","MG","Não-Metálicos","Potássio","79717,580000","7595,010000000000000","t","K2O","73830,630000000005","1366941,0600000001",",000000",",000000","6020,910000","210731,850000"
"2019","MG","Não-Metálicos","Feldspato, Leucita e Nefelina-Sienito","185753,202000",",000000000000000","-","","180648,46600000001","13661138,839",",000000",",000000",",000000",",000000"
"2019","MG","Não-Metálicos","Dolomito e Magnesita","2442656,180000",",000000000000000","-","","0","0",",000000",",000000",",000000",",000000"
"2019","MG","Metálicos","Titânio","9557531,920000","9554531,250000000000000","t","TiO2","0","0",",000000",",000000",",000000",",000000"
"2019","MG","Metálicos","Ouro","55577953,550000","34355,735990000000000","kg","Au","0","40200",",000000",",000000",",000000",",000000"
"2019","MG","Não-Metálicos","Talco e outras Cargas Minerais","448631,780000",",000000000000000","-","","146241,13","7528977,54",",000000",",000000","54645,060000","1991442,290000"
"2019","MG","Metálicos","Zircônio",",000000",",000000000000000","t","ZrSiO4","0","0",",000000",",000000",",000000",",000000"
"2019","MG","Metálicos","Manganês","548046,680000","136277,920000000000000","t","Mn","36695,730000000003","11357318,5",",000000",",000000","23558,770000","4690037,960000"
"2019","MG","Gemas e Diamantes","Diamante","405135,940000","3047,220000000000000","ct","","6384,3100000000004","1906504,0900000001","16410,880000","16410,880000","27942,800000","151972,320000"
"2019","MG","Não-Metálicos","Minerais Industriais (Outros)",",000000",",000000000000000","t","","0","0",",000000",",000000",",000000",",000000"
"2019","MG","Gemas e Diamantes","Gemas","84797,270000","1838,106670000000000","kg","","5,5299999999999994","23330901,489999998","1,000000","1,000000",",000000",",000000"
"2019","MG","Não-Metálicos","Enxofre","1308071,850000","86332,810000000000000","t","S","0","0",",000000",",000000",",000000",",000000"
"2019","MG","Gemas e Diamantes","Gemas",",000000",",000000000000000","-","","0","0",",000000",",000000",",000000",",000000"
"2019","MG","Metálicos","Nióbio","7398340,000000","192668,750000000000000","t","Nb2O5","0","0",",000000",",000000",",000000",",000000"
"2019","MG","Metálicos","Prata","2870056,350000","959,003760000000000","kg","Ag","0","0",",000000",",000000",",000000",",000000"
"2019","MG","Não-Metálicos","Cianita e outros minerais refratários","302,000000",",000000000000000","-","","0","0",",000000",",000000",",000000",",000000"
"2019","MG","Metálicos","Níquel","1598,000000","16,800000000000000","t"," Ni","0","0",",000000",",000000",",000000",",000000"
"2019","MG","Metálicos","Ferro","311052694,510000","146080377,740000000000000","t","Fe","4893905,6399999997","194439664,23999998",",000000",",000000","437104,490000","13523661,350000"
"2019","MG","Não-Metálicos","Quartzo (Cristal) e outros Piezelétricos","4846,690500",",000000000000000","-","","1,4020000000000004","11856,489",",000000",",000000",",000000",",000000"
"2019","MS","Metálicos","Ferro","6400328,790000","3910924,380000000000000","t","Fe","704692,31000000006","5523879,5",",000000",",000000",",000000",",000000"
"2019","MS","Não-Metálicos","Areia","2391919,610000",",000000000000000","-","","1993919,8600000001","27762053,48","14521,800000","247060,000000",",000000",",000000"
"2019","MS","Não-Metálicos","Calcário","5752604,652300",",000000000000000","-","","80190,050000000003","3508807,29",",000000",",000000",",000000",",000000"
"2019","MS","Metálicos","Manganês","494653,200000","211167,450000000000000","t","Mn","0","0",",000000",",000000",",000000",",000000"
"2019","MS","Não-Metálicos","Rochas (Britadas) e Cascalho","4690249,757700",",000000000000000","-","","305158,69","4894933,1200000001","42592,600000","21021,680000","20050,000000","96641,000000"
"2019","MS","Não-Metálicos","Talco e outras Cargas Minerais","114515,080000",",000000000000000","-","","0","0",",000000",",000000",",000000",",000000"
"2019","MS","Não-Metálicos","Saibro","269844,380000",",000000000000000","-","","272349,87","2956442,5900000008",",000000",",000000",",000000",",000000"
"2019","MS","Não-Metálicos","Argilas","359220,550000",",000000000000000","-","","156109,53","1621275",",000000",",000000",",000000",",000000"
"2019","MS","Não-Metálicos","Rochas Ornamentais","3066,950000",",000000000000000","-","","607,83000000000004","2048721,02",",000000",",000000","914,740000","393533,620000"
"2019","MS","Não-Metálicos","Fosfato","75139,000000","583,650000000000000","t","P2O5","0","0",",000000",",000000",",000000",",000000"
"2019","MT","Metálicos","Manganês","28500,000000","19038,000000000000000","t","Mn","0","0",",000000",",000000","28992,700000","5218686,000000"
"2019","MT","Metálicos","Ouro","2807061,410000","3141,666200000000000","kg","Au","161,44","25859100,809999999",",000000",",000000","137934,350000","187157,850000"
"2019","MT","Metálicos","Estanho","480400,000000","479286,000000000000000","kg","Sn","0","0",",000000",",000000",",000000",",000000"
"2019","MT","Não-Metálicos","Calcário","12050726,890000",",000000000000000","-","","313769,31000000006","17811244,940000001","1085223,950000","25478603,370000","1085223,950000","25478603,370000"
"2019","MT","Não-Metálicos","Areia","1648818,400000",",000000000000000","-","","1736825,6200000001","33093916,529999997","11,000000","11,000000","1474,000000","63382,000000"
"2019","MT","Metálicos","Cobre",",000000",",000000000000000","t","Cu","0","0",",000000",",000000",",000000",",000000"
"2019","MT","Não-Metálicos","Areias Industriais","12840,130000",",000000000000000","-","","12953,299999999999","564873,58000000007",",000000",",000000",",000000",",000000"
"2019","MT","Não-Metálicos","Dolomito e Magnesita","1022423,830000",",000000000000000","-","","0","0",",000000",",000000",",000000",",000000"
"2019","MT","Gemas e Diamantes","Diamante","125882,930000","21972,880000000000000","ct","","0","0",",000000",",000000",",000000",",000000"
"2019","MT","Não-Metálicos","Rochas Ornamentais","30,000000",",000000000000000","-","","0","0",",000000",",000000",",000000",",000000"
"2019","MT","Não-Metálicos","Rochas (Britadas) e Cascalho","4771333,200000",",000000000000000","-","","1014518,04","13300344,210000001","350840,940000","3029628,200000","14545,500000","1179030,000000"
"2019","MT","Não-Metálicos","Argilas","607807,960000",",000000000000000","-","","927315,50999999989","1294468,5399999998","45244,150000","158761,000000","210915,850000","4022659,250000"
"2019","PA","Metálicos","Ferro","190461558,370000","124857413,410000000000000","t","Fe","93058,950000000012","20392822,16",",000000",",000000",",000000",",000000"
"2019","PA","Não-Metálicos","Rochas (Britadas) e Cascalho","1669476,020000",",000000000000000","-","","212953,84000000003","6898045,1799999997",",000000",",000000",",000000",",000000"
"2019","PA","Não-Metálicos","Gipsita",",000000",",000000000000000","-","","0","0",",000000",",000000",",000000",",000000"
"2019","PA","Não-Metálicos","Argilas","445110,690000",",000000000000000","-","","143452,92000000001","1190248,79","4050,000000","53060,000000","230383,750000","6237787,180000"
"2019","PA","Metálicos","Cobre","62024137,190000","442524,430000000000000","t","Cu","0","0",",000000",",000000",",000000",",000000"
"2019","PA","Metálicos","Ouro","64063653,980000","28522,018430000000000","kg","Au","13945,799999999999","2131246,5099999998","645,000000","94165,000000",",000000",",000000"
"2019","PA","Metálicos","Tungstênio",",000000",",000000000000000","t","WO3","0","0",",000000",",000000",",000000",",000000"
"2019","PA","Metálicos","Alumínio (Bauxita)","34273681,930000","17260413,770000000000000","t","Al2O3","0","0",",000000",",000000",",000000",",000000"
"2019","PA","Gemas e Diamantes","Gemas","527,390000","421904,000000000000000","kg","","527,38999999999999","541405,5",",000000",",000000",",000000",",000000"
"2019","PA","Metálicos","Níquel","245239,590000","4904,800000000000000","t"," Ni","0","0",",000000",",000000",",000000",",000000"
"2019","PA","Não-Metálicos","Fosfato","130853,000000","26824,860000000000000","t","P2O5","0","0",",000000",",000000",",000000",",000000"
"2019","PA","Gemas e Diamantes","Diamante",",000000",",000000000000000","ct","","0","0",",000000",",000000",",000000",",000000"
"2019","PA","Não-Metálicos","Areia","907684,840000",",000000000000000","-","","870812,93000000005","11402869,929999998",",000000",",000000","50310,000000","4203157,000000"
"2019","PA","Metálicos","Manganês","4324365,640000","1363199,760000000000000","t","Mn","23732,239999999998","6827368,9499999993",",000000",",000000",",000000",",000000"
"2019","PA","Metálicos","Estanho","7565393,970000","4879736,440000000000000","kg","Sn","0","0",",000000",",000000",",000000",",000000"
"2019","PA","Não-Metálicos","Areias Industriais",",000000",",000000000000000","-","","0","0",",000000",",000000",",000000",",000000"
"2019","PA","Não-Metálicos","Rochas Ornamentais - Outras","846,570000",",000000000000000","-","","214,94999999999999","683206,75",",000000",",000000",",000000",",000000"
"2019","PA","Não-Metálicos","Caulim","2988027,910000",",000000000000000","-","","28470,889999999999","1137127,26",",000000",",000000",",000000",",000000"
"2019","PA","Metálicos","Prata","581249,980000","536,849190000000000","kg","Ag","0","0",",000000",",000000",",000000",",000000"
"2019","PA","Não-Metálicos","Calcário","2684689,370000",",000000000000000","-","","533713,09999999998","25776030,23",",000000",",000000",",000000",",000000"
"2019","PA","Não-Metálicos","Saibro","221599,580000",",000000000000000","-","","221599,58000000002","1099433,8300000001",",000000",",000000",",000000",",000000"
"2019","PB","Não-Metálicos","Dolomito e Magnesita",",000000",",000000000000000","-","","0","0",",000000",",000000",",000000",",000000"
"2019","PB","Metálicos","Columbita-Tantalita","3743,470000",",500000000000000","t","Nb2O5","0","0",",000000",",000000",",000000",",000000"
"2019","PB","Não-Metálicos","Areia","700725,380000",",000000000000000","-","","699686,37999999989","6818418,2199999997",",000000",",000000",",000000",",000000"
"2019","PB","Não-Metálicos","Saibro","639,600000",",000000000000000","-","","639,60000000000002","19110,91",",000000",",000000",",000000",",000000"
"2019","PB","Não-Metálicos","Vermiculita e Perlita","2486153,900000",",000000000000000","t","","2486153,8999999999","3710858,8799999999",",000000",",000000",",000000",",000000"
"2019","PB","Não-Metálicos","Talco e outras Cargas Minerais","22000,000000",",000000000000000","-","","19144","373258",",000000",",000000",",000000",",000000"
"2019","PB","Não-Metálicos","Mica","3210,860000",",000000000000000","-","","3201,1200000000003","1356558,8799999999",",000000",",000000",",000000",",000000"
"2019","PB","Não-Metálicos","Feldspato, Leucita e Nefelina-Sienito","171141,940000",",000000000000000","-","","81657,100000000006","9165845,5199999996",",000000",",000000",",000000",",000000"
"2019","PB","Não-Metálicos","Areias Industriais","12418157,513100",",000000000000000","-","","111956,60310000001","2000589,0026999998",",000000",",000000","32828,560000","305206,070000"
"2019","PB","Metálicos","Columbita-Tantalita","4,300000","1,175000000000000","t","Ta2O5","5,1600000000000001","257528,17999999999",",000000",",000000",",000000",",000000"
"2019","PB","Não-Metálicos","Rochas Ornamentais - Outras","11167,900000",",000000000000000","-","","9913,7700000000004","426374,04999999999",",000000",",000000",",000000",",000000"
"2019","PB","Metálicos","Tungstênio",",000000",",000000000000000","t","WO3","0","0",",000000",",000000",",000000",",000000"
"2019","PB","Não-Metálicos","Cianita e outros minerais refratários","1486,700000",",000000000000000","-","","0","0",",000000",",000000",",000000",",000000"
"2019","PB","Metálicos","Zircônio","40344,490000","25931,170000000000000","t","ZrSiO4","0","0",",000000",",000000",",000000",",000000"
"2019","PB","Não-Metálicos","Caulim","1646,500000",",000000000000000","-","","1646,5","249938,70000000001",",000000",",000000",",000000",",000000"
"2019","PB","Não-Metálicos","Rochas (Britadas) e Cascalho","882433,490000",",000000000000000","-","","114","24910",",000000",",000000",",000000",",000000"
"2019","PB","Não-Metálicos","Rochas Ornamentais","14973,380000",",000000000000000","-","","9781,8199999999997","20627441,48",",000000",",000000","3312,940000","544021,720000"
"2019","PB","Não-Metálicos","Quartzo (Cristal) e outros Piezelétricos","30,476900",",000000000000000","-","","30,476900000000001","4029,3973000000001",",000000",",000000",",000000",",000000"
"2019","PB","Metálicos","Estanho","4069,200000","920,000000000000000","kg","Sn","0","0",",000000",",000000",",000000",",000000"
"2019","PB","Não-Metálicos","Argilas","533899,970000",",000000000000000","-","","639754,42999999993","8690398,2300000004",",000000",",000000","84464,460000","1512707,030000"
"2019","PB","Metálicos","Titânio","315588,560000","88213,850000000000000","t","TiO2","0","0",",000000",",000000",",000000",",000000"
"2019","PB","Não-Metálicos","Calcário","5310787,260000",",000000000000000","-","","2202444","23465596,800000001","525,000000","341,250000","29980,270000","488014,000000"
"2019","PB","Metálicos","Ouro",",000000",",000000000000000","kg","Au","0","0",",000000",",000000",",000000",",000000"
"2019","PE","Não-Metálicos","Caulim",",000000",",000000000000000","-","","0","0",",000000",",000000",",000000",",000000"
"2019","PE","Não-Metálicos","Calcário","140490,980000",",000000000000000","-","","22734,239999999998","400822,83000000002","357,000000","3570,000000","63643,300000","827363,000000"
"2019","PE","Não-Metálicos","Rochas Ornamentais","67060,000000",",000000000000000","-","","6019","7403963,8399999999",",000000",",000000",",000000",",000000"
"2019","PE","Não-Metálicos","Areias Industriais","119656,760000",",000000000000000","-","","119656,75999999999","2754306,4700000002",",000000",",000000",",000000",",000000"
"2019","PE","Não-Metálicos","Vermiculita e Perlita","713,000000","344,090000000000000","t","","0","0","904,000000","433449,000000",",000000",",000000"
"2019","PE","Não-Metálicos","Argilas","514314,440000",",000000000000000","-","","268751,46999999997","3220179,0299999998","18117,000000","18117,000000","192034,540000","2080640,660000"
"2019","PE","Não-Metálicos","Areia","1047696,440000",",000000000000000","-","","970835,32000000007","10021929,01",",000000",",000000","78523,100000","230952,000000"
"2019","PE","Metálicos","Ouro","3020,000000","2,555160000000000","kg","Au","0","0",",000000",",000000",",000000",",000000"
"2019","PE","Não-Metálicos","Rochas (Britadas) e Cascalho","4538248,230000",",000000000000000","-","","14514,5","830700,46999999997",",000000",",000000","85976,000000","85976,000000"
"2019","PE","Não-Metálicos","Gipsita","2228278,600000",",000000000000000","-","","1139764,0699999998","35948977,979999997",",000000",",000000",",000000",",000000"
"2019","PE","Não-Metálicos","Saibro","1580,000000",",000000000000000","-","","1580","1580",",000000",",000000",",000000",",000000"
"2019","PI","Não-Metálicos","Calcário","736851,760000",",000000000000000","-","","7907,25","614504,77000000002","50000,000000","3342862,320000",",000000",",000000"
"2019","PI","Não-Metálicos","Areia","255436,210000",",000000000000000","-","","149040,17999999999","2305296,8900000001","22820,000000","155552,270000","93369,000000","216678,250000"
"2019","PI","Gemas e Diamantes","Gemas","649,650000","4,680050000000000","kg","","7,0000000000000007E-2","182000",",000000",",000000",",000000",",000000"
"2019","PI","Não-Metálicos","Rochas (Britadas) e Cascalho","1272417,670000",",000000000000000","-","","76658,720000000001","812939,4800000001","135409,290000","893508,740000","111883,060000","3295191,560000"
"2019","PI","Não-Metálicos","Dolomito e Magnesita","98469,890000",",000000000000000","-","","0","0",",000000",",000000",",000000",",000000"
"2019","PI","Não-Metálicos","Argilas","225169,030000",",000000000000000","-","","146312,45000000001","1115715","5437,430000","112967,410000","44367,130000","706636,840000"
"2019","PI","Não-Metálicos","Saibro","113677,660000",",000000000000000","-","","11851,200000000001","70000,660000000003",",000000",",000000","64071,000000","94530,000000"
"2019","PI","Não-Metálicos","Rochas Ornamentais","58864,990000",",000000000000000","-","","58450,300000000003","684498,79000000004",",000000",",000000","60,000000","11000,000000"
"2019","PR","Não-Metálicos","Argilas","1115027,620000",",000000000000000","-","","408972,22999999998","5805752,3099999996","62654,370000","481806,690000","421404,530000","2995001,610000"
"2019","PR","Não-Metálicos","Areia","8352849,350000",",000000000000000","-","","5774423,3099999996","99935447,880000025",",000000",",000000","904,000000","45200,000000"
"2019","PR","Não-Metálicos","Dolomito e Magnesita","2820493,560000",",000000000000000","-","","1199782,6300000001","7455616,8600000003","1425679,740000","5274576,630000","43847,040000","587150,860000"
"2019","PR","Metálicos","Chumbo",",000000",",000000000000000","t","Pb","0","0",",000000",",000000",",000000",",000000"
"2019","PR","Energéticos","Carvão Mineral","301558,450000",",000000000000000","-","","0","0",",000000",",000000",",000000",",000000"
"2019","PR","Não-Metálicos","Calcário","14945533,895000",",000000000000000","-","","2449693,0649999999","70481744,515000001","117900,410000","1885127,820000","487811,060000","5284192,600000"
"2019","PR","Não-Metálicos","Feldspato, Leucita e Nefelina-Sienito","131010,000000",",000000000000000","-","","34405","2511565",",000000",",000000",",000000",",000000"
"2019","PR","Metálicos","Prata","88588,780000","48,870150000000000","kg","Ag","0","0",",000000",",000000",",000000",",000000"
"2019","PR","Não-Metálicos","Bário","400,000000","350,000000000000000","t","BaSO4","0","0",",000000",",000000",",000000",",000000"
"2019","PR","Não-Metálicos","Talco e outras Cargas Minerais","996302,050000",",000000000000000","-","","163564,67999999999","14017047,83",",000000",",000000","85217,620000","964470,420000"
"2019","PR","Não-Metálicos","Caulim","104283,900000",",000000000000000","-","","87297,590000000011","5218000,4299999997",",000000",",000000","13582,530000","286351,790000"
"2019","PR","Não-Metálicos","Fluorita e Criolita","74208,230000","33364,020000000000000","t","","0","0",",000000",",000000",",000000",",000000"
"2019","PR","Não-Metálicos","Areias Industriais","51359,680000",",000000000000000","-","","16397,66","609275,59000000008",",000000",",000000","552,000000","20742,850000"
"2019","PR","Não-Metálicos","Rochas Ornamentais - Outras","91787,870000",",000000000000000","-","","91787,869999999995","916002,93999999994",",000000",",000000",",000000",",000000"
"2019","PR","Não-Metálicos","Rochas (Britadas) e Cascalho","22220598,370000",",000000000000000","-","","1383491,0600000001","28092222,77","2172875,550000","18253577,500000","137414,550000","726052,510000"
"2019","PR","Não-Metálicos","Rochas Ornamentais","29447,535000",",000000000000000","-","","8487,1350000000002","3046969,5150000001",",000000",",000000","1883,280000","481928,840000"
"2019","PR","Gemas e Diamantes","Diamante",",000000",",000000000000000","ct","","0","0",",000000",",000000",",000000",",000000"
"2019","PR","Metálicos","Zinco",",000000",",000000000000000","t","Zn","0","0",",000000",",000000",",000000",",000000"
"2019","PR","Gemas e Diamantes","Gemas","4628,060000","4260060,000000000000000","kg","","0","0",",000000",",000000","4628,060000","90620,000000"
"2019","PR","Não-Metálicos","Geodos, Ágatas, Calcedônia, etc",",000000",",000000000000000","t","","0","0",",000000",",000000",",000000",",000000"
"2019","PR","Metálicos","Ouro","88588,780000","296,182710000000000","kg","Au","0","0",",000000",",000000",",000000",",000000"
"2019","PR","Não-Metálicos","Saibro","1203208,610000",",000000000000000","-","","980415,61999999988","12670991,82","26604,000000","300838,000000","58089,000000","517252,000000"
"2019","RJ","Não-Metálicos","Fluorita e Criolita","2000,000000","2000,000000000000000","t","","0","0",",000000",",000000",",000000",",000000"
"2019","RJ","Não-Metálicos","Rochas Ornamentais","5062,030000",",000000000000000","-","","3552,3200000000002","1328871,3200000001",",000000",",000000",",000000",",000000"
"2019","RJ","Não-Metálicos","Areias Industriais","15794,750000",",000000000000000","-","","18585,610000000001","353052,14000000001",",000000",",000000",",000000",",000000"
"2019","RJ","Não-Metálicos","Feldspato, Leucita e Nefelina-Sienito","10189,300000",",000000000000000","-","","2689,3000000000002","187202",",000000",",000000",",000000",",000000"
"2019","RJ","Não-Metálicos","Caulim",",000000",",000000000000000","-","","0","0",",000000",",000000",",000000",",000000"
"2019","RJ","Metálicos","Titânio",",000000",",000000000000000","t","TiO2","0","0",",000000",",000000",",000000",",000000"
"2019","RJ","Não-Metálicos","Areia","3753239,550000",",000000000000000","-","","3635317,2200000002","59192024,139999993","15,000000","230,000000",",000000",",000000"
"2019","RJ","Não-Metálicos","Rochas Ornamentais - Outras","51013,840000",",000000000000000","-","","33239,160000000003","2201605,3899999997",",000000",",000000","16354,940000","842355,160000"
"2019","RJ","Não-Metálicos","Saibro","1505809,160000",",000000000000000","-","","1498703,1599999999","7007922,129999999","268,000000","731,500000","3098,000000","743,500000"
"2019","RJ","Não-Metálicos","Argilas","1894591,470000",",000000000000000","-","","166507,87","911412","30243,420000","106106,870000","1674736,500000","3883961,950000"
"2019","RJ","Metálicos","Alumínio (Bauxita)",",000000",",000000000000000","t","Al2O3","0","0",",000000",",000000",",000000",",000000"
"2019","RJ","Não-Metálicos","Rochas (Britadas) e Cascalho","12071806,450000",",000000000000000","-","","97981,139999999999","4215861,5",",000000",",000000",",000000",",000000"
"2019","RJ","Não-Metálicos","Calcário","2333788,970000",",000000000000000","-","","0","0",",000000",",000000","540131,570000","7871994,400000"
"2019","RN","Não-Metálicos","Rochas Ornamentais - Outras","7949,760000",",000000000000000","-","","7053,96","5532026,2199999997",",000000",",000000",",000000",",000000"
"2019","RN","Não-Metálicos","Rochas Ornamentais","60258,230000",",000000000000000","-","","42023,260000000002","21265505,110000003",",000000",",000000","10344,920000","2735598,060000"
"2019","RN","Metálicos","Tungstênio","64379,590000","430,190000000000000","t","WO3","0","0",",000000",",000000",",000000",",000000"
"2019","RN","Não-Metálicos","Talco e outras Cargas Minerais","15750,000000",",000000000000000","-","","0","0",",000000",",000000","13282,000000","258999,000000"
"2019","RN","Metálicos","Columbita-Tantalita","100,000000",",010000000000000","t","Ta2O5","0","0",",000000",",000000",",000000",",000000"
"2019","RN","Não-Metálicos","Dolomito e Magnesita","33517,110000",",000000000000000","-","","0","0",",000000",",000000",",000000",",000000"
"2019","RN","Não-Metálicos","Areia","165013,620000",",000000000000000","-","","155841,12","1487437,2500000002",",000000",",000000",",000000",",000000"
"2019","RN","Não-Metálicos","Calcário","2130577,690000",",000000000000000","-","","116102,54000000001","2820270,4900000002",",000000",",000000","215528,030000","6062803,490000"
"2019","RN","Não-Metálicos","Caulim","92586,000000",",000000000000000","-","","92585,639999999999","4359176,04",",000000",",000000",",000000",",000000"
"2019","RN","Gemas e Diamantes","Gemas","11741,000000","27,976230000000000","kg","","5","14960",",000000",",000000",",000000",",000000"
"2019","RN","Não-Metálicos","Mica",",000000",",000000000000000","-","","0","0",",000000",",000000",",000000",",000000"
"2019","RN","Não-Metálicos","Diatomita","350,000000",",000000000000000","-","","327","56625",",000000",",000000",",000000",",000000"
"2019","RN","Não-Metálicos","Feldspato, Leucita e Nefelina-Sienito","79862,030000",",000000000000000","-","","76615,759999999995","8439786,9900000002",",000000",",000000",",000000",",000000"
"2019","RN","Metálicos","Ferro","580,650000","233,300000000000000","t","Fe","580,64999999999998","9406,5300000000007",",000000",",000000",",000000",",000000"
"2019","RN","Não-Metálicos","Areias Industriais","14658,050000",",000000000000000","-","","14595,240000000002","723003,84000000008",",000000",",000000",",000000",",000000"
"2019","RN","Não-Metálicos","Gipsita",",000000",",000000000000000","-","","0","0",",000000",",000000",",000000",",000000"
"2019","RN","Não-Metálicos","Argilas","229500,560000",",000000000000000","-","","125602,87000000001","157774,56","18969,060000","169703,330000","75799,260000","922502,620000"
"2019","RN","Não-Metálicos","Saibro","222959,520000",",000000000000000","-","","20063,52","34524,360000000001",",000000",",000000","202896,000000","253620,000000"
"2019","RN","Não-Metálicos","Rochas (Britadas) e Cascalho","490517,390000",",000000000000000","-","","0","0",",000000",",000000","130309,400000","8,000000"
"2019","RO","Metálicos","Columbita-Tantalita","1941651,290000","310,524770500000000","t","Nb2O5","0","0",",000000",",000000",",000000",",000000"
"2019","RO","Metálicos","Ouro",",000000",",000000000000000","kg","Au","0","0",",000000",",000000",",000000",",000000"
"2019","RO","Metálicos","Titânio","1726214,400000","31,890000000000000","t","TiO2","0","0",",000000",",000000",",000000",",000000"
"2019","RO","Metálicos","Zinco","32823,000000","4582,090000000000000","t","Zn","14984,76","14625865,25",",000000",",000000",",000000",",000000"
"2019","RO","Metálicos","Columbita-Tantalita","86310,720000",",669619500000000","t","Ta2O5","0","0",",000000",",000000",",000000",",000000"
"2019","RO","Metálicos","Estanho","13355676,190000","5809176,500000000000000","kg","Sn","0","0",",000000",",000000",",000000",",000000"
"2019","RO","Gemas e Diamantes","Gemas","57200,000000","4,989230000000000","kg","","0","0",",000000",",000000",",000000",",000000"
"2019","RO","Não-Metálicos","Areia","172906,050000",",000000000000000","-","","154654,23999999999","4779327,2299999995",",000000",",000000",",000000",",000000"
"2019","RO","Não-Metálicos","Calcário","420959,200000",",000000000000000","-","","0","0",",000000",",000000","48482,000000","182459,000000"
"2019","RO","Não-Metálicos","Argilas","212865,740000",",000000000000000","-","","56028","640443,79000000004",",000000",",000000","154587,740000","2709737,460000"
"2019","RO","Metálicos","Manganês","29885,660000","13762,340000000000000","t","Mn","0","0",",000000",",000000",",000000",",000000"
"2019","RO","Não-Metálicos","Rochas (Britadas) e Cascalho","1621345,140000",",000000000000000","-","","551328,79000000004","8584498,1500000004",",000000",",000000","4698,630000","383727,560000"
"2019","RO","Não-Metálicos","Saibro","7339,500000",",000000000000000","-","","0","0",",000000",",000000",",000000",",000000"
"2019","RR","Não-Metálicos","Argilas","592138,120000",",000000000000000","-","","592138,12","1230538,9199999999",",000000",",000000",",000000",",000000"
"2019","RR","Não-Metálicos","Rochas Ornamentais","439,040000",",000000000000000","-","","0","0",",000000",",000000","439,040000","49867,500000"
"2019","RR","Não-Metálicos","Rochas (Britadas) e Cascalho","348003,210000",",000000000000000","-","","173328,70999999999","803199,8899999999",",000000",",000000",",000000",",000000"
"2019","RR","Não-Metálicos","Areia","181028,620000",",000000000000000","-","","157195,85999999999","1901413,0300000003",",000000",",000000",",000000",",000000"
"2019","RS","Não-Metálicos","Rochas Ornamentais - Outras","904786,857470",",000000000000000","-","","805715,5427600001","35151112,524179995","209,000000","17290,000000","15022,360000","370752,850000"
"2019","RS","Não-Metálicos","Rochas Ornamentais","9655,750000",",000000000000000","-","","10142,32","6040943,9499999993",",000000",",000000",",000000",",000000"
"2019","RS","Não-Metálicos","Areia","9682556,867100",",000000000000000","-","","9466550,1670999974","117269167,03490002","3181,100000","3580,760000","268565,100000","3669597,810000"
"2019","RS","Não-Metálicos","Rochas (Britadas) e Cascalho","18813837,780530",",000000000000000","-","","819041,08524000004","13766463,53582","127958,160000","762995,740000","471575,930000","4385135,050000"
"2019","RS","Não-Metálicos","Geodos, Ágatas, Calcedônia, etc","12072,320000","9971,574500000000000","t","","11963,34","47827570,799999997",",000000",",000000",",000000",",000000"
"2019","RS","Não-Metálicos","Saibro","2642761,462000",",000000000000000","-","","1203485,0620000002","15037156,289999997","138956,400000","595515,960000","518615,420000","3591717,380000"
"2019","RS","Não-Metálicos","Areias Industriais","50179,292900",",000000000000000","-","","43740,0429","1022917,7350999999",",000000",",000000",",000000",",000000"
"2019","RS","Não-Metálicos","Caulim","239347,220000",",000000000000000","-","","70741,580000000002","2770991,8100000001",",000000",",000000","89145,130000","1435890,640000"
"2019","RS","Não-Metálicos","Talco e outras Cargas Minerais","1703,710000",",000000000000000","-","","1703,71","86066,789999999994",",000000",",000000",",000000",",000000"
"2019","RS","Não-Metálicos","Argilas","3998860,440000",",000000000000000","-","","1395519,99","11783529,040000001","9959,910000","1016460,100000","2600779,820000","9238962,710000"
"2019","RS","Energéticos","Carvão Mineral","4759405,760000",",000000000000000","-","","0","0",",000000",",000000",",000000",",000000"
"2019","RS","Não-Metálicos","Calcário","4633035,880000",",000000000000000","-","","1885188,0699999998","28489900,489999998",",000000",",000000",",000000",",000000"
"2019","SC","Energéticos","Turfa","40300,430000",",000000000000000","-","","3862,6300000000001","754177,5",",000000",",000000",",000000",",000000"
"2019","SC","Não-Metálicos","Caulim","283269,580000",",000000000000000","-","","232514,15000000002","10821920,73",",000000",",000000","11667,120000","199016,700000"
"2019","SC","Não-Metálicos","Feldspato, Leucita e Nefelina-Sienito","142517,840000",",000000000000000","-","","0","0",",000000",",000000",",000000",",000000"
"2019","SC","Metálicos","Alumínio (Bauxita)","29446,270000","13250,820000000000000","t","Al2O3","29446,27","742606,84999999998",",000000",",000000",",000000",",000000"
"2019","SC","Não-Metálicos","Minerais Industriais (Outros)",",200000",",013000010000000","t","","0","0",",200000","2000,000000",",000000",",000000"
"2019","SC","Não-Metálicos","Saibro","3237468,760000",",000000000000000","-","","1846653,28","14666571,51","294519,710000","1588425,500000","426246,020000","2005434,640000"
"2019","SC","Energéticos","Carvão Mineral","5594814,320000",",000000000000000","-","","3664,8899999999999","199037,81",",000000",",000000",",000000",",000000"
"2019","SC","Não-Metálicos","Rochas Ornamentais - Outras","78587,160000",",000000000000000","-","","65930,830000000002","3463856,3400000008",",000000",",000000",",000000",",000000"
"2019","SC","Não-Metálicos","Rochas Ornamentais","239015,170000",",000000000000000","-","","237616,95999999999","6244200,5200000005",",000000",",000000",",000000",",000000"
"2019","SC","Não-Metálicos","Calcário","1888914,420000",",000000000000000","-","","175834,95999999999","772022,17999999993",",000000",",000000","34590,330000","1407983,620000"
"2019","SC","Não-Metálicos","Argilas","4283466,190000",",000000000000000","-","","2932102,71","30954668,419999998","162935,740000","770147,900000","954558,460000","12845832,680000"
"2019","SC","Não-Metálicos","Areia","6241514,950000",",000000000000000","-","","5521772,21","105290917,95","10210,000000","107748,050000","90316,030000","1598527,350000"
"2019","SC","Não-Metálicos","Areias Industriais","1219720,420000",",000000000000000","-","","2767,7200000000003","160016,06","12,000000","264,000000",",000000",",000000"
"2019","SC","Não-Metálicos","Rochas (Britadas) e Cascalho","23373968,970000",",000000000000000","-","","1305324,6800000002","26256379,330000002","256815,910000","2074788,110000","672445,660000","8191007,460000"
"2019","SC","Não-Metálicos","Fluorita e Criolita",",000000",",000000000000000","t","","0","0",",000000",",000000",",000000",",000000"
"2019","SE","Não-Metálicos","Talco e outras Cargas Minerais","43370,000000",",000000000000000","-","","0","0",",000000",",000000","28512,260000","393245,700000"
"2019","SE","Não-Metálicos","Rochas (Britadas) e Cascalho","730739,580000",",000000000000000","-","","145733,31","1273772,46",",000000",",000000",",000000",",000000"
"2019","SE","Não-Metálicos","Argilas","801246,030000",",000000000000000","-","","551245,82999999996","5112159,8599999994","11542,150000","34626,740000","144476,250000","772422,890000"
"2019","SE","Não-Metálicos","Potássio","1890555,290000","482847,830000000000000","t","K2O","0","0",",000000",",000000",",000000",",000000"
"2019","SE","Não-Metálicos","Saibro","40123,240000",",000000000000000","-","","40123,239999999998","160966,63",",000000",",000000",",000000",",000000"
"2019","SE","Não-Metálicos","Areias Industriais","48911,670000",",000000000000000","-","","10114,200000000001","232710",",000000",",000000",",000000",",000000"
"2019","SE","Não-Metálicos","Calcário","3496321,670000",",000000000000000","-","","58320,660000000003","232431,53000000003",",000000",",000000",",000000",",000000"
"2019","SE","Não-Metálicos","Areia","273368,970000",",000000000000000","-","","273368,97000000003","2799064,8300000001",",000000",",000000",",000000",",000000"
"2019","SP","Metálicos","Zircônio",",000000",",000000000000000","t","ZrSiO4","0","0",",000000",",000000",",000000",",000000"
"2019","SP","Não-Metálicos","Calcário","10802191,757300",",000000000000000","-","","468134,05300000001","2248952,2445","482,000000","482,000000","3477320,730000","107466435,240000"
"2019","SP","Não-Metálicos","Talco e outras Cargas Minerais","2431549,390000",",000000000000000","-","","838717,00000000012","25850370,899999999",",000000",",000000","76,000000","684,000000"
"2019","SP","Energéticos","Turfa","52289,250000",",000000000000000","-","","36455,25","7078836,0700000003",",000000",",000000",",000000",",000000"
"2019","SP","Não-Metálicos","Fosfato","2743106,040000","135213,530000000000000","t","P2O5","36406,769999999997","145649,06",",000000",",000000",",000000",",000000"
"2019","SP","Não-Metálicos","Saibro","253648,380000",",000000000000000","-","","273446,08999999997","2994820,7599999998","1630,000000","1630,000000","4642,450000","24923,800000"
"2019","SP","Não-Metálicos","Dolomito e Magnesita","1169528,720000",",000000000000000","-","","244981,19700000001","3134295,9255000004",",000000",",000000",",000000",",000000"
"2019","SP","Não-Metálicos","Areias Industriais","5680620,500000",",000000000000000","-","","593726,61500000011","12182841,044000002",",000000",",000000",",000000",",000000"
"2019","SP","Não-Metálicos","Rochas Ornamentais","43753,390000",",000000000000000","-","","20298,565000000002","3000685,8060000003",",000000",",000000","23320,000000","10115,000000"
"2019","SP","Não-Metálicos","Argilas","12794802,690000",",000000000000000","-","","9114936,9999999981","121516822,81999996","326126,970000","2094899,500000","1831854,730000","11028245,340000"
"2019","SP","Não-Metálicos","Feldspato, Leucita e Nefelina-Sienito","1754,750000",",000000000000000","-","","22","1480",",000000",",000000",",000000",",000000"
"2019","SP","Metálicos","Ferro","2519531,490000","181042,000000000000000","t","Fe","36406,769999999997","145649,06",",000000",",000000",",000000",",000000"
"2019","SP","Metálicos","Cobre",",000000",",000000000000000","t","Cu","0","0",",000000",",000000",",000000",",000000"
"2019","SP","Não-Metálicos","Caulim","123987,030000",",000000000000000","-","","13670,380000000001","250961",",000000",",000000",",000000",",000000"
"2019","SP","Não-Metálicos","Areia","25983701,170000",",000000000000000","-","","13656638,350000001","325016202,69","43065,790000","70539,730000","97479,210000","667582,780000"
"2019","SP","Não-Metálicos","Rochas (Britadas) e Cascalho","61859351,062700",",000000000000000","-","","1113054,99","23137620,530000001","10740,000000","23049,850000","480913,030000","10067140,020000"
"2019","SP","Metálicos","Alumínio (Bauxita)","842458,060000","349137,750000000000000","t","Al2O3","504826,03000000003","17047898,59",",000000",",000000",",000000",",000000"
"2019","SP","Não-Metálicos","Rochas Ornamentais - Outras","7026,910000",",000000000000000","-","","7144,9099999999999","384561,59999999998",",000000",",000000",",000000",",000000"
"2019","SP","Não-Metálicos","Minerais Industriais (Outros)",",000000",",000000000000000","t","","0","0",",000000",",000000",",000000",",000000"
"2019","SP","Metálicos","Estanho",",000000",",000000000000000","kg","Sn","0","0",",000000",",000000",",000000",",000000"
"2019","TO","Não-Metálicos","Calcário","4024371,006000",",000000000000000","-","","0","0",",000000",",000000",",000000",",000000"
"2019","TO","Metálicos","Manganês",",000000",",000000000000000","t","Mn","0","0",",000000",",000000",",000000",",000000"
"2019","TO","Não-Metálicos","Fosfato","663515,020000","43945,130000000000000","t","P2O5","0","0",",000000",",000000",",000000",",000000"
"2019","TO","Não-Metálicos","Areia","339367,970000",",000000000000000","-","","256868,68000000002","5983421,54",",000000",",000000",",000000",",000000"
"2019","TO","Não-Metálicos","Quartzo (Cristal) e outros Piezelétricos","611,090000",",000000000000000","-","","530,13999999999999","483563,42999999999",",000000",",000000",",000000",",000000"
"2019","TO","Metálicos","Ouro","31,520000",",000680000000000","kg","Au","0","0",",000000",",000000",",000000",",000000"
"2019","TO","Não-Metálicos","Argilas","297372,590000",",000000000000000","-","","821810,34999999998","1000118,3300000001","122599,110000","904030,900000","9379,500000","137034,400000"
"2019","TO","Não-Metálicos","Saibro","134,400000",",000000000000000","-","","134,40000000000001","2352",",000000",",000000",",000000",",000000"
"2019","TO","Não-Metálicos","Dolomito e Magnesita","1363783,510000",",000000000000000","-","","0","0",",000000",",000000",",000000",",000000"
"2019","TO","Não-Metálicos","Rochas Ornamentais - Outras","2462,650000",",000000000000000","-","","2126,8899999999999","973372,16000000003",",000000",",000000",",000000",",000000"
"2019","TO","Não-Metálicos","Gipsita","72333,820000",",000000000000000","-","","72333,820000000007","1157341,1200000001",",010000",",010000",",000000",",000000"
"2019","TO","Não-Metálicos","Minerais Industriais (Outros)","84,000000",",000000000000000","-","","0","0",",000000",",000000",",000000",",000000"
"2019","TO","Não-Metálicos","Rochas (Britadas) e Cascalho","669016,424000",",000000000000000","-","","54181,889999999999","2101051,75",",000000",",000000","21521,240000",",010000"
"2019","TO","Não-Metálicos","Areias Industriais","73566,990000",",000000000000000","-","","406,44999999999999","37780",",000000",",000000",",000000",",000000"
"2019","TO","Não-Metálicos","Rochas Ornamentais","40,000000",",000000000000000","-","","0","0",",000000",",000000",",000000",",000000"
"2019","TO","Gemas e Diamantes","Gemas",",020000",",000250000000000","kg","","0,02","14454,48",",000000",",000000",",000000",",000000"
"2019","TO","Não-Metálicos","Talco e outras Cargas Minerais",",000000",",000000000000000","-","","70,079999999999998","121110,48",",000000",",000000",",000000",",000000"
"2020","AC","Não-Metálicos","Rochas (Britadas) e Cascalho",",000000",",000000000000000","-","","0","0",",000000",",000000",",000000",",000000"
"2020","AC","Não-Metálicos","Argilas","14700,000000",",000000000000000","-","","12803,880000000001","698249,16999999993",",000000",",000000",",000000",",000000"
"2020","AC","Não-Metálicos","Areia","148745,250000",",000000000000000","-","","131096,88","3865743,1200000001",",000000",",000000","11340,000000","59472,000000"
"2020","AL","Não-Metálicos","Argilas","1019609,000000",",000000000000000","-","","656641,02000000002","2577339,0499999998",",000000",",000000","337473,580000","980030,950000"
"2020","AL","Não-Metálicos","Rochas Ornamentais - Outras","336,370000",",000000000000000","-","","336,37","184378,79999999999",",000000",",000000",",000000",",000000"
"2020","AL","Não-Metálicos","Amianto",",000000",",000000000000000","t","","0","0",",000000",",000000",",000000",",000000"
"2020","AL","Não-Metálicos","Rochas (Britadas) e Cascalho","1623505,290000",",000000000000000","-","","1001477,8","9519422,1600000001","27990,740000","1083599,590000",",000000",",000000"
"2020","AL","Não-Metálicos","Areia","264186,200000",",000000000000000","-","","264259,60999999999","6204946,8300000001",",000000",",000000",",000000",",000000"
"2020","AL","Não-Metálicos","Talco e outras Cargas Minerais","3850,000000",",000000000000000","-","","0","0",",000000",",000000",",000000",",000000"
"2020","AL","Não-Metálicos","Saibro","12891,420000",",000000000000000","-","","7344","26438,400000000001",",000000",",000000","5529,420000","117679,920000"
"2020","AL","Não-Metálicos","Calcário","777298,530000",",000000000000000","-","","0","0",",000000",",000000",",000000",",000000"
"2020","AL","Não-Metálicos","Sal",",000000",",000000000000000","-","","0","0",",000000",",000000","1267,690000","15382,320000"
"2020","AL","Metálicos","Cobre",",000000",",000000000000000","t","Cu","0","0",",000000",",000000",",000000",",000000"
"2020","AL","Não-Metálicos","Areias Industriais","425,960000",",000000000000000","-","","425,95999999999998","205867,26999999999",",000000",",000000",",000000",",000000"
"2020","AL","Não-Metálicos","Rochas Ornamentais","167599,780000",",000000000000000","-","","0","0",",000000",",000000",",000000",",000000"
"2020","AM","Metálicos","Ouro","108339,580000",",000000000000000","kg","Au","29957082,48","29957082,48","10,000000","20969957,740000","10,000000","8987124,740000"
"2020","AM","Não-Metálicos","Saibro","23911,400000",",000000000000000","-","","23911,400000000001","121934,53999999999",",000000",",000000",",000000",",000000"
"2020","AM","Metálicos","Estanho","5906451,210000","8269031,710000000000000","kg","Sn","0","0",",000000",",000000",",000000",",000000"
"2020","AM","Não-Metálicos","Calcário","1000,000000",",000000000000000","-","","1000","1000",",000000",",000000",",000000",",000000"
"2020","AM","Metálicos","Columbita-Tantalita","5906451,210000","12403,547540000000000","t","Nb2O5","0","0",",000000",",000000",",000000",",000000"
"2020","AM","Não-Metálicos","Gipsita",",000000",",000000000000000","-","","0","0",",000000",",000000",",000000",",000000"
"2020","AM","Metálicos","Ferro",",000000",",000000000000000","t","Fe","0","0",",000000",",000000",",000000",",000000"
"2020","AM","Não-Metálicos","Areia","18997,280000",",000000000000000","-","","16897,279999999999","469173,71999999997",",000000",",000000","2100,000000","76500,000000"
"2020","AM","Não-Metálicos","Rochas (Britadas) e Cascalho","999891,340000",",000000000000000","-","","3139,8099999999999","314093,59999999998",",000000",",000000","41200,000000","494400,000000"
"2020","AM","Não-Metálicos","Argilas","279686,450000",",000000000000000","-","","175898,73999999999","306612,20000000001",",000000",",000000","103787,710000","1438591,730000"
"2020","AM","Não-Metálicos","Potássio",",000000",",000000000000000","t","K2O","0","0",",000000",",000000",",000000",",000000"
"2020","AP","Metálicos","Ferro",",000000",",000000000000000","t","Fe","0","0",",000000",",000000",",000000",",000000"
"2020","AP","Metálicos","Ouro","1971765,410000","4452,271840000000000","kg","Au","0","0",",000000",",000000",",000000",",000000"
"2020","AP","Metálicos","Manganês",",000000",",000000000000000","t","Mn","0","0",",000000",",000000",",000000",",000000"
"2020","AP","Metálicos","Cromo",",000000",",000000000000000","t","Cr2O3","0","0",",000000",",000000",",000000",",000000"
"2020","AP","Não-Metálicos","Saibro","46236,000000",",000000000000000","-","","46236","188010",",000000",",000000",",000000",",000000"
"2020","AP","Não-Metálicos","Caulim","406593,770000",",000000000000000","-","","0","0","406593,770000","12,000000","406593,770000","12,000000"
"2020","AP","Não-Metálicos","Argilas","21613,000000",",000000000000000","-","","0","0","21613,000000","4371282,940000",",000000",",000000"
"2020","AP","Não-Metálicos","Areia","405167,220000",",000000000000000","-","","405167,21999999997","5175641,96",",000000",",000000",",000000",",000000"
"2020","AP","Não-Metálicos","Rochas (Britadas) e Cascalho","354507,520000",",000000000000000","-","","62685,130000000005","2861748,77",",000000",",000000",",000000",",000000"
"2020","AP","Metálicos","Estanho",",000000",",000000000000000","kg","Sn","0","0",",000000",",000000",",000000",",000000"
"2020","BA","Não-Metálicos","Bário","21753,000000","20021,000000000000000","t","BaSO4","21538","6194736,4199999999",",000000",",000000",",000000",",000000"
"2020","BA","Metálicos","Ouro","3778112,210000","8263,102350000000000","kg","Au","0","0",",000000",",000000",",000000",",000000"
"2020","BA","Metálicos","Vanádio","1087518,000000","14028,980000000000000","t","V","0","0",",000000",",000000",",000000",",000000"
"2020","BA","Gemas e Diamantes","Gemas","58988,280000","292290,000000000000000","kg","","592,29999999999995","8708175,0800000001",",000000",",000000",",000000",",000000"
"2020","BA","Não-Metálicos","Rochas (Britadas) e Cascalho","12012410,970000",",000000000000000","-","","946122,9800000001","19454897,009999998","14447,160000","10,000000","389022,010000","1078631,350000"
"2020","BA","Não-Metálicos","Areias Industriais","465201,820000",",000000000000000","-","","95022,949999999997","54092572,670000009","1,200000","17004,000000","1,200000","17004,000000"
"2020","BA","Metálicos","Manganês","3571,270000","985,000000000000000","t","Mn","3571,27","487398,79999999999",",000000",",000000",",000000",",000000"
"2020","BA","Não-Metálicos","Feldspato, Leucita e Nefelina-Sienito","15153,930000",",000000000000000","-","","15083,93","4720008,6899999995",",000000",",000000",",000000",",000000"
"2020","BA","Não-Metálicos","Sal","463062,330000",",000000000000000","-","","0","0",",000000",",000000","463062,330000","38723832,140000"
"2020","BA","Não-Metálicos","Calcário","2563952,630000",",000000000000000","-","","198830,56","1477096,22",",000000",",000000",",000000",",000000"
"2020","BA","Gemas e Diamantes","Diamante","746845,180000","115392,350000000000000","ct","","0","0",",000000",",000000",",000000",",000000"
"2020","BA","Não-Metálicos","Grafita","220000,000000","20460,000000000000000","t","","220000","2640000",",000000",",000000",",000000",",000000"
"2020","BA","Não-Metálicos","Talco e outras Cargas Minerais","152630,080000",",000000000000000","-","","0","0",",000000",",000000",",000000",",000000"
"2020","BA","Não-Metálicos","Caulim","25680,310000",",000000000000000","-","","14630","256827",",000000",",000000","11050,310000","171279,810000"
"2020","BA","Não-Metálicos","Rochas Ornamentais - Outras","9406,740000",",000000000000000","-","","9073,7200000000012","10986266,760000002",",000000",",000000",",000000",",000000"
"2020","BA","Não-Metálicos","Dolomito e Magnesita","1464768,510000",",000000000000000","-","","1330,6600000000001","242580,91999999998",",000000",",000000",",000000",",000000"
"2020","BA","Metálicos","Cromo","1328500,600000","229778,720000000000000","t","Cr2O3","0","0",",000000",",000000",",000000",",000000"
"2020","BA","Metálicos","Níquel","3676517,000000","18456,110000000000000","t"," Ni","0","0",",000000",",000000",",000000",",000000"
"2020","BA","Não-Metálicos","Geodos, Ágatas, Calcedônia, etc","793,930000",",002000000000000","t","","793,92999999999995","2684211,79",",000000",",000000",",000000",",000000"
"2020","BA","Metálicos","Cobre","2318162,860000","48891,510000000000000","t","Cu","0","0",",000000",",000000",",000000",",000000"
"2020","BA","Metálicos","Titânio","519,910000","415,000000000000000","t","TiO2","519,90999999999997","2284923,1000000001",",000000",",000000",",000000",",000000"
"2020","BA","Não-Metálicos","Areia","2031716,090000",",000000000000000","-","","1959461,0899999999","25755898,289999999","1641,000000","32126,000000","6482,000000","43829,500000"
"2020","BA","Metálicos","Ferro","440182,780000","258292,960000000000000","t","Fe","0","0",",000000",",000000",",000000",",000000"
"2020","BA","Metálicos","Berílio","10,000000",",030000000000000","t","BeO","0","0",",000000",",000000",",000000",",000000"
"2020","BA","Não-Metálicos","Rochas Ornamentais","288357,320000",",000000000000000","-","","235322,06000000003","278735245,54000008",",000000",",000000","1718,150000","2435341,800000"
"2020","BA","Não-Metálicos","Argilas","1429233,930000",",000000000000000","-","","372166,65999999997","5085586","129296,370000","2770627,790000","903618,890000","3588399,090000"
"2020","BA","Não-Metálicos","Gipsita",",000000",",000000000000000","-","","0","0",",000000",",000000",",000000",",000000"
"2020","BA","Não-Metálicos","Saibro","199720,000000",",000000000000000","-","","2882","27592,689999999999",",000000",",000000","196838,000000","246844,000000"
"2020","BA","Não-Metálicos","Quartzo (Cristal) e outros Piezelétricos","339,670000",",000000000000000","-","","339,67000000000002","126029",",000000",",000000",",000000",",000000"
"2020","BA","Não-Metálicos","Fosfato","140884,050000","46491,990000000000000","t","P2O5","0","0",",000000",",000000",",000000",",000000"
"2020","BA","Não-Metálicos","Diatomita","35203,660000",",000000000000000","-","","0","0",",000000",",000000","24374,200000","2951489,530000"
"2020","CE","Metálicos","Ferro","55833,680000","35120,710000000000000","t","Fe","55833,68","17684605,27",",000000",",000000",",000000",",000000"
"2020","CE","Não-Metálicos","Rochas (Britadas) e Cascalho","4025276,290000",",000000000000000","-","","448902","1143907,0900000001",",000000",",000000","1000,000000","1000,000000"
"2020","CE","Não-Metálicos","Talco e outras Cargas Minerais","25933,000000",",000000000000000","-","","12275,68","904687,40000000002",",000000",",000000",",000000",",000000"
"2020","CE","Não-Metálicos","Saibro","26265,200000",",000000000000000","-","","26385,200000000001","517562,59999999998",",000000",",000000",",000000",",000000"
"2020","CE","Não-Metálicos","Areias Industriais","31620,550000",",000000000000000","-","","24186,549999999999","1210827,5",",000000",",000000","7434,000000","1734,550000"
"2020","CE","Não-Metálicos","Calcário","4572695,130000",",000000000000000","-","","79599,709999999992","3614990,6200000001","1562464,430000","1714169,440000","157622,200000","79441,120000"
"2020","CE","Não-Metálicos","Mica",",000000",",000000000000000","-","","0","0",",000000",",000000",",000000",",000000"
"2020","CE","Metálicos","Cobre",",000000",",000000000000000","t","Cu","0","0",",000000",",000000",",000000",",000000"
"2020","CE","Não-Metálicos","Feldspato, Leucita e Nefelina-Sienito","110,000000",",000000000000000","-","","0","0",",000000",",000000",",000000",",000000"
"2020","CE","Metálicos","Manganês","372166,000000","92485,090000000000000","t","Mn","0","0",",000000",",000000",",000000",",000000"
"2020","CE","Não-Metálicos","Areia","655347,240000",",000000000000000","-","","721040,73999999999","9639546,1700000018","3090,000000","61800,000000","6278,000000","55557,000000"
"2020","CE","Não-Metálicos","Fosfato",",000000",",000000000000000","t","P2O5","0","0",",000000",",000000",",000000",",000000"
"2020","CE","Não-Metálicos","Rochas Ornamentais - Outras","39389,560000",",000000000000000","-","","254336,69","6232200,5",",000000",",000000","25106,810000","1048546,000000"
"2020","CE","Não-Metálicos","Gipsita","39358,280000",",000000000000000","-","","39358,279999999999","1337508,7400000002",",000000",",000000",",000000",",000000"
"2020","CE","Não-Metálicos","Argilas","1462477,450000",",000000000000000","-","","515411,91999999998","3072853,2799999998","87566,130000","588586,890000","1055545,330000","5315363,370000"
"2020","CE","Não-Metálicos","Dolomito e Magnesita","204368,560000",",000000000000000","-","","203368,56","7505254,2800000003",",000000",",000000",",000000",",000000"
"2020","CE","Não-Metálicos","Rochas Ornamentais","142915,050000",",000000000000000","-","","211791,27000000002","177287597,37",",000000",",000000","5283,930000","3316658,800000"
"2020","DF","Não-Metálicos","Argilas","112561,410000",",000000000000000","-","","0","0",",000000",",000000",",000000",",000000"
"2020","DF","Não-Metálicos","Rochas (Britadas) e Cascalho","45913,570000",",000000000000000","-","","45913,57","329366,15999999997",",000000",",000000",",000000",",000000"
"2020","DF","Não-Metálicos","Areia","301034,000000",",000000000000000","-","","1548","43740",",000000",",000000",",000000",",000000"
"2020","DF","Não-Metálicos","Calcário","4756182,080000",",000000000000000","-","","0","0",",000000",",000000",",000000",",000000"
"2020","DF","Não-Metálicos","Areias Industriais","126906,770000",",000000000000000","-","","55802,43","195309,26000000001",",000000",",000000",",000000",",000000"
"2020","DF","Não-Metálicos","Dolomito e Magnesita","1986985,300000",",000000000000000","-","","0","0",",000000",",000000",",000000",",000000"
"2020","ES","Não-Metálicos","Rochas Ornamentais - Outras","81631,020000",",000000000000000","-","","71563,200000000012","7239569,9799999995",",000000",",000000",",000000",",000000"
"2020","ES","Não-Metálicos","Feldspato, Leucita e Nefelina-Sienito","5632,700000",",000000000000000","-","","5632,6999999999998","202089,62",",000000",",000000",",000000",",000000"
"2020","ES","Não-Metálicos","Saibro","150426,144000",",000000000000000","-","","146348,144","1299501,4910000002",",000000",",000000",",000000",",000000"
"2020","ES","Não-Metálicos","Areias Industriais","14574,580000",",000000000000000","-","","1116405,9400000002","134148,48999999999",",000000",",000000",",000000",",000000"
"2020","ES","Não-Metálicos","Areia","2081120,780000",",000000000000000","-","","2048920,0700000003","32386219,260000002","3396,350000","31926,440000","521,500000","3928,000000"
"2020","ES","Metálicos","Titânio","185,600000","98,000000000000000","t","TiO2","185,59999999999999","2480",",000000",",000000",",000000",",000000"
"2020","ES","Não-Metálicos","Argilas","498708,026000",",000000000000000","-","","266798,86599999998","8664672,6490000002","102754,120000","1014389,710000","121857,060000","838634,590000"
"2020","ES","Não-Metálicos","Rochas Ornamentais","3315034,284127",",000000000000000","-","","3158059,5323270001","668790646,28396809",",000000",",000000","103577,042400","62283322,473300"
"2020","ES","Não-Metálicos","Rochas (Britadas) e Cascalho","6486659,095373",",000000000000000","-","","552606,51187299995","4934866,7165319994",",000000",",000000",",000000",",000000"
"2020","ES","Metálicos","Alumínio (Bauxita)","2050,000000","1172,310000000000000","t","Al2O3","0","0",",000000",",000000","1553,000000","40378,000000"
"2020","ES","Não-Metálicos","Calcário","2296323,480500",",000000000000000","-","","2232226,5858","47166580,059500001",",000000",",000000","26436,037600","365617,156700"
"2020","ES","Não-Metálicos","Dolomito e Magnesita","64513,520000",",000000000000000","-","","0","0",",000000",",000000","64513,520000","902228,940000"
"2020","GO","Não-Metálicos","Dolomito e Magnesita","58561,490000",",000000000000000","-","","0","0",",000000",",000000",",000000",",000000"
"2020","GO","Metálicos","Manganês","400494,610000","173988,000000000000000","t","Mn","155,83000000000001","47068,489999999998",",000000",",000000",",000000",",000000"
"2020","GO","Não-Metálicos","Areias Industriais",",000000",",000000000000000","-","","0","0",",000000",",000000",",000000",",000000"
"2020","GO","Metálicos","Ferro",",000000",",000000000000000","t","Fe","0","0",",000000",",000000",",000000",",000000"
"2020","GO","Gemas e Diamantes","Gemas","9,600000",",000000000000000","-","","9,5999999999999996","12379,32",",000000",",000000",",000000",",000000"
"2020","GO","Metálicos","Ouro","32461682,930000","13895,040100000000000","kg","Au","0","0",",000000",",000000",",000000",",000000"
"2020","GO","Metálicos","Estanho","14,650000","50,000000000000000","kg","Sn","8,6500000000000004","86500",",000000",",000000",",000000",",000000"
"2020","GO","Metálicos","Nióbio","8659803,050000","47278,596060000000000","t","Nb2O5","0","0",",000000",",000000",",000000",",000000"
"2020","GO","Metálicos","Cobre","29385916,690000","88219,570000000000000","t","Cu","0","0",",000000",",000000",",000000",",000000"
"2020","GO","Metálicos","Níquel","4274325,410000","60693,650000000000000","t"," Ni","14925,58","473113,16999999998",",000000",",000000",",000000",",000000"
"2020","GO","Não-Metálicos","Vermiculita e Perlita","590096,000000","125650,000000000000000","t","","0","0",",000000",",000000","2800,000000","25200,000000"
"2020","GO","Energéticos","Turfa",",000000",",000000000000000","-","","0","0",",000000",",000000",",000000",",000000"
"2020","GO","Não-Metálicos","Fosfato","11727851,800000","1507196,970000000000000","t","P2O5","0","0",",000000",",000000",",000000",",000000"
"2020","GO","Não-Metálicos","Talco e outras Cargas Minerais","5000,000000",",000000000000000","-","","0","0",",000000",",000000",",000000",",000000"
"2020","GO","Metálicos","Alumínio (Bauxita)","1437399,100000","761358,420000000000000","t","Al2O3","0","0",",000000",",000000","37748,800000","991481,560000"
"2020","GO","Metálicos","Monazita e Terras-Raras",",000000",",000000000000000","t","ETR","0","0",",000000",",000000",",000000",",000000"
"2020","GO","Não-Metálicos","Areia","2474441,470000",",000000000000000","-","","1749846,6800000002","41874368,789999999",",000000",",000000","1710,000000","66040,000000"
"2020","GO","Não-Metálicos","Rochas Ornamentais - Outras","8239,180000",",000000000000000","-","","8239,1800000000003","86957,998000000007",",000000",",000000",",000000",",000000"
"2020","GO","Gemas e Diamantes","Gemas","1358,320000","210,918390000000000","kg","","1308,3200000000002","972361,25",",000000",",000000",",000000",",000000"
"2020","GO","Gemas e Diamantes","Diamante",",000000",",000000000000000","ct","","0","0",",000000",",000000",",000000",",000000"
"2020","GO","Não-Metálicos","Amianto","1310586,790000","77057,160000000000000","t","","0","0",",000000",",000000",",000000",",000000"
"2020","GO","Metálicos","Prata","1346142,000000","215,382620000000000","kg","Ag","0","0",",000000",",000000",",000000",",000000"
"2020","GO","Não-Metálicos","Rochas (Britadas) e Cascalho","8108570,044300",",000000000000000","-","","872231,05000000005","22807543,151999999","23185,510000","351598,710000","711107,600000","19329070,178000"
"2020","GO","Não-Metálicos","Saibro","9046,890000",",000000000000000","-","","1831","29296",",000000",",000000",",000000",",000000"
"2020","GO","Metálicos","Titânio",",000000",",000000000000000","t","TiO2","0","0",",000000",",000000",",000000",",000000"
"2020","GO","Não-Metálicos","Bário","5889030,880000","133246,370000000000000","t","BaSO4","0","0",",000000",",000000",",000000",",000000"
"2020","GO","Não-Metálicos","Calcário","12590099,255700",",000000000000000","-","","285499,80000000005","2831543,46",",000000",",000000","176284,400000","4813552,542000"
"2020","GO","Não-Metálicos","Rochas Ornamentais","42905,340000",",000000000000000","-","","39544,029999999999","38749573,629999995",",000000",",000000","4390,250000","4112442,230000"
"2020","GO","Não-Metálicos","Argilas","495516,950000",",000000000000000","-","","262289,69","2576370,02","80,000000","800,000000","187606,270000","1999677,550000"
"2020","MA","Metálicos","Ouro","3267206,000000","6952,614000000000000","kg","Au","0","0",",000000",",000000",",000000",",000000"
"2020","MA","Não-Metálicos","Argilas","615262,170000",",000000000000000","-","","121682,79000000001","496295,95000000001","62817,470000","609010,680000","632887,210000","4295909,240000"
"2020","MA","Não-Metálicos","Areia","1065669,000000",",000000000000000","-","","1026598,88","14576997,23","8733,000000","154978,050000","960,000000","9600,000000"
"2020","MA","Metálicos","Ferro","50919,660000","25459,840000000000000","t","Fe","0","0",",000000",",000000","50919,680000","356437,620000"
"2020","MA","Não-Metálicos","Calcário","93364,980000",",000000000000000","-","","18095,540000000001","245740,01999999999",",000000",",000000",",000000",",000000"
"2020","MA","Não-Metálicos","Rochas (Britadas) e Cascalho","3564298,610000",",000000000000000","-","","1157688,8200000001","10009097,16",",000000",",000000",",000000",",000000"
"2020","MA","Não-Metálicos","Saibro","4724,530000",",000000000000000","-","","4724,5299999999997","132287,32999999999",",000000",",000000",",000000",",000000"
"2020","MA","Não-Metálicos","Gipsita","805915,950000",",000000000000000","-","","38837,169999999998","845039,87",",000000",",000000",",000000",",000000"
"2020","MG","Não-Metálicos","Rochas Ornamentais","997791,703000",",000000000000000","-","","882079,01300000015","423921381,98399997","1731,970000","391226,000000","80428,290000","18968493,540000"
"2020","MG","Metálicos","Prata","2219298,760000","1077,913590000000000","kg","Ag","0","0",",000000",",000000",",000000",",000000"
"2020","MG","Não-Metálicos","Areia","6561949,110000",",000000000000000","-","","5704569,209999999","131239993,65000001","1349,200000","26156,800000","4105,000000","105610,000000"
"2020","MG","Metálicos","Chumbo","2530827,170000","10947,270000000000000","t","Pb","0","0",",000000",",000000",",000000",",000000"
"2020","MG","Gemas e Diamantes","Gemas",",100000",",000000000000000","-","","0,10000000000000001","15822",",000000",",000000",",000000",",000000"
"2020","MG","Não-Metálicos","Minerais Industriais (Outros)","53,500000",",005350000000000","t","","53,5","10100",",000000",",000000",",000000",",000000"
"2020","MG","Metálicos","Estanho","531073,340000","212429,340000000000000","kg","Sn","0","0",",000000",",000000",",000000",",000000"
"2020","MG","Não-Metálicos","Dolomito e Magnesita","2388426,680000",",000000000000000","-","","0","0",",000000",",000000",",000000",",000000"
"2020","MG","Não-Metálicos","Areias Industriais","1126429,106600",",000000000000000","-","","685186,34999999998","22804796,160000004",",000000",",000000","14020,310000","296441,790000"
"2020","MG","Metálicos","Ouro","60208158,940000","38467,002760000000000","kg","Au","0","0",",000000",",000000",",000000",",000000"
"2020","MG","Não-Metálicos","Rochas (Britadas) e Cascalho","24169576,681900",",000000000000000","-","","4508074,8800000008","114784494,05499998","373205,050000","2544693,060000","187662,930000","2940226,650000"
"2020","MG","Não-Metálicos","Mica",",000000",",000000000000000","-","","0","0",",000000",",000000",",000000",",000000"
"2020","MG","Gemas e Diamantes","Gemas","91894,490000","199608,646270000000000","kg","","1313,3899999999999","1253370,6000000001",",000000",",000000","5,940000","167164,250000"
"2020","MG","Não-Metálicos","Grafita","1575636,810000","100625,080000000000000","t","","0","0",",000000",",000000",",000000",",000000"
"2020","MG","Metálicos","Níquel","566,000000","8,490000000000000","t"," Ni","0","0",",000000",",000000",",000000",",000000"
"2020","MG","Não-Metálicos","Quartzo (Cristal) e outros Piezelétricos","1676,248400",",000000000000000","-","","1,135","4609,6999999999998",",000000",",000000",",000000",",000000"
"2020","MG","Não-Metálicos","Argilas","3000330,150000",",000000000000000","-","","1299188,0699999998","24413078,73","97852,180000","808228,720000","1080495,110000","9964137,170000"
"2020","MG","Não-Metálicos","Caulim","423,000000",",000000000000000","-","","78297,779999999999","12747812,380000001",",000000",",000000",",000000",",000000"
"2020","MG","Não-Metálicos","Potássio","315624,250000","32071,610000000000000","t","K2O","320632,92999999999","5243808,7199999997",",000000",",000000",",000000",",000000"
"2020","MG","Metálicos","Ferro","324143545,540000","160703596,870000000000000","t","Fe","6460397,2999999998","341387955,60000002",",000000",",000000","975762,670000","1114404,100000"
"2020","MG","Não-Metálicos","Rochas Ornamentais - Outras","83386,970000",",000000000000000","-","","31565,209999999999","26950602,379999995",",000000",",000000","43825,420000","22560936,320000"
"2020","MG","Não-Metálicos","Talco e outras Cargas Minerais","423557,795000",",000000000000000","-","","238591,36000000002","12322805,944999998",",000000",",000000","31137,600000","2673363,180000"
"2020","MG","Metálicos","Alumínio (Bauxita)","1766095,880000","638313,930000000000000","t","Al2O3","408583,46000000008","18461550,41","20000,000000","20000,000000","187345,020000","9933596,850000"
"2020","MG","Metálicos","Zinco","2821980,930000","204347,070000000000000","t","Zn","0","0",",000000",",000000",",000000",",000000"
"2020","MG","Não-Metálicos","Calcário","45730979,185100",",000000000000000","-","","7522570,432","59044828,526000001",",000000",",000000","3148402,860000","35330661,470000"
"2020","MG","Não-Metálicos","Saibro","402416,800000",",000000000000000","-","","73211,209999999992","1027043,35",",000000",",000000","53104,000000","39828,000000"
"2020","MG","Metálicos","Zircônio",",000000",",000000000000000","t","ZrSiO4","0","0",",000000",",000000",",000000",",000000"
"2020","MG","Metálicos","Columbita-Tantalita","530686,340000","159,205900000000000","t","Ta2O5","0","0",",000000",",000000",",000000",",000000"
"2020","MG","Metálicos","Titânio","4717179,000000","4717179,000000000000000","t","TiO2","0","0",",000000",",000000",",000000",",000000"
"2020","MG","Não-Metálicos","Fosfato","22734055,090000","2209661,280000000000000","t","P2O5","164421,60999999999","38556049,759999998",",000000",",000000","4945558,630000","129210797,040000"
"2020","MG","Metálicos","Cromo",",000000",",000000000000000","t","Cr2O3","0","0",",000000",",000000",",000000",",000000"
"2020","MG","Metálicos","Manganês","380544,560000","63707,780000000000000","t","Mn","70475,520000000004","15964785,890000001",",000000",",000000","29779,330000","6196458,630000"
"2020","MG","Metálicos","Nióbio","3710649,000000","91650,910000000000000","t","Nb2O5","0","0",",000000",",000000",",000000",",000000"
"2020","MG","Metálicos","Lítio","600198,860000","6196,170000000000000","t","Li2O","0","0",",000000",",000000",",000000",",000000"
"2020","MG","Não-Metálicos","Feldspato, Leucita e Nefelina-Sienito","122277,230000",",000000000000000","-","","119699,18000000001","12588684,470000001",",000000",",000000",",000000",",000000"
"2020","MG","Não-Metálicos","Cianita e outros minerais refratários",",000000",",000000000000000","-","","0","0",",000000",",000000",",000000",",000000"
"2020","MG","Gemas e Diamantes","Diamante","302601,480000","1475,280000000000000","ct","","157,63","17217,290000000001",",000000",",000000",",000000",",000000"
"2020","MG","Não-Metálicos","Enxofre","1412094,000000","97222,720000000000000","t","S","0","0",",000000",",000000",",000000",",000000"
"2020","MS","Não-Metálicos","Rochas Ornamentais","884,040000",",000000000000000","-","","502,97000000000003","1674239,3499999999",",000000",",000000","306,840000","216627,980000"
"2020","MS","Não-Metálicos","Argilas","389381,680000",",000000000000000","-","","153872,58000000002","2068260,29",",000000",",000000",",000000",",000000"
"2020","MS","Não-Metálicos","Rochas (Britadas) e Cascalho","5755876,070000",",000000000000000","-","","674378,59000000008","11539534,109999998","73266,520000","45361,590000","40413,060000","137673,760000"
"2020","MS","Não-Metálicos","Calcário","6745955,300000",",000000000000000","-","","77104,800000000003","1814842,79",",000000",",000000",",000000",",000000"
"2020","MS","Não-Metálicos","Saibro","313334,250000",",000000000000000","-","","259966,87000000002","2224051,3999999999","1889,000000","56670,000000",",000000",",000000"
"2020","MS","Não-Metálicos","Talco e outras Cargas Minerais","188576,330000",",000000000000000","-","","0","0",",000000",",000000",",000000",",000000"
"2020","MS","Não-Metálicos","Fosfato","90614,000000","13592,100000000000000","t","P2O5","0","0",",000000",",000000",",000000",",000000"
"2020","MS","Metálicos","Ferro","6439369,330000","3759233,780000000000000","t","Fe","192241,66","1763104,3799999999",",000000",",000000",",000000",",000000"
"2020","MS","Não-Metálicos","Rochas Ornamentais - Outras","1082,490000",",000000000000000","-","","788,33000000000004","148970,13",",000000",",000000",",000000",",000000"
"2020","MS","Não-Metálicos","Areia","2790667,130000",",000000000000000","-","","2303183,3700000001","34469349,829999998","5859,010000","118067,700000",",000000",",000000"
"2020","MS","Metálicos","Manganês","503889,000000","198582,650000000000000","t","Mn","0","0",",000000",",000000",",000000",",000000"
"2020","MT","Não-Metálicos","Calcário","14527233,797472",",000000000000000","-","","658931,30999999994","38485604,510000005",",000000",",000000",",000000",",000000"
"2020","MT","Gemas e Diamantes","Diamante","205968,460000","6443,110000000000000","ct","","0","0",",000000",",000000",",000000",",000000"
"2020","MT","Não-Metálicos","Rochas Ornamentais",",000000",",000000000000000","-","","0","0",",000000",",000000",",000000",",000000"
"2020","MT","Não-Metálicos","Areia","1967802,670000",",000000000000000","-","","2220692,8499999996","51859239,900000006",",000000",",000000","12654,250000","303987,960000"
"2020","MT","Não-Metálicos","Argilas","737120,090000",",000000000000000","-","","614049,16000000003","4047360,6099999999","217051,800000","2376780,840000","60479,510000","2045571,170000"
"2020","MT","Não-Metálicos","Talco e outras Cargas Minerais","82969,640000",",000000000000000","-","","0","0",",000000",",000000","82969,640000","1798427,140000"
"2020","MT","Não-Metálicos","Quartzo (Cristal) e outros Piezelétricos","5,220000",",000000000000000","-","","0","0",",000000",",000000",",000000",",000000"
"2020","MT","Metálicos","Manganês","28330,000000","18522,440000000000000","t","Mn","0","0",",000000",",000000","37390,500000","6730290,000000"
"2020","MT","Metálicos","Zircônio","300,000000","300,000000000000000","t","ZrSiO4","0","0",",000000",",000000",",000000",",000000"
"2020","MT","Metálicos","Titânio","2200,000000","2200,000000000000000","t","TiO2","0","0",",000000",",000000",",000000",",000000"
"2020","MT","Metálicos","Ouro","22786983,160000","14649,671410000000000","kg","Au","0","0",",000000",",000000","69693,280000","13631892,330000"
"2020","MT","Não-Metálicos","Rochas (Britadas) e Cascalho","6637798,092528",",000000000000000","-","","1860497,5799999998","14713633,439999996","223346,250000","2097957,540000","114865,830000","1231550,400000"
"2020","MT","Metálicos","Estanho","458900,000000","332146,000000000000000","kg","Sn","0","0",",000000",",000000",",000000",",000000"
"2020","MT","Não-Metálicos","Dolomito e Magnesita","1977252,840000",",000000000000000","-","","0","0",",000000",",000000",",000000",",000000"
"2020","MT","Não-Metálicos","Areias Industriais","16415,050000",",000000000000000","-","","16193,02","910514,64999999991",",000000",",000000",",000000",",000000"
"2020","PA","Metálicos","Columbita-Tantalita","259,750000","57,788000000000000","t","Nb2O5","191,75","5254500",",000000",",000000",",000000",",000000"
"2020","PA","Não-Metálicos","Rochas (Britadas) e Cascalho","2743751,870000",",000000000000000","-","","688979,25","41382335,699999996","56,000000",",020000","179127,420000","8016590,570000"
"2020","PA","Não-Metálicos","Caulim","2291250,750000",",000000000000000","-","","33344,519999999997","1331780,1699999999",",000000",",000000",",000000",",000000"
"2020","PA","Metálicos","Ferro","193646320,080000","125921834,360000000000000","t","Fe","319340,12","65111076,130000003",",000000",",000000",",000000",",000000"
"2020","PA","Metálicos","Manganês","2152994,590000","734900,710000000000000","t","Mn","4000","600000",",000000",",000000",",000000",",000000"
"2020","PA","Metálicos","Tungstênio",",000000",",000000000000000","t","WO3","0","0",",000000",",000000",",000000",",000000"
"2020","PA","Não-Metálicos","Saibro","464617,690000",",000000000000000","-","","427797,69","1382323,6100000001","6370,000000","36400,000000","36820,000000","180300,000000"
"2020","PA","Não-Metálicos","Areia","1227471,870000",",000000000000000","-","","1207277,8","25687598,909999996","20216,300000","125700,000000",",000000",",000000"
"2020","PA","Não-Metálicos","Argilas","601376,720000",",000000000000000","-","","218164,31","1881939,6299999999","12825,000000","316075,000000","408090,100000","7714128,210000"
"2020","PA","Metálicos","Prata","822277,190000","1045,929300000000000","kg","Ag","0","0",",000000",",000000",",000000",",000000"
"2020","PA","Metálicos","Ouro","74088160,110000","33783,007590000000000","kg","Au","24324301,75","133796492,39","212134,000000","21111421,070000","211704,000000","11349069,350000"
"2020","PA","Não-Metálicos","Areias Industriais","161889,450000",",000000000000000","-","","0","0",",000000",",000000",",000000",",000000"
"2020","PA","Não-Metálicos","Calcário","2542749,560000",",000000000000000","-","","530315,83999999997","19011260,710000001",",000000",",000000",",000000",",000000"
"2020","PA","Metálicos","Níquel","3502462,760000","53939,570000000000000","t"," Ni","0","0",",000000",",000000",",000000",",000000"
"2020","PA","Gemas e Diamantes","Gemas","562,300000","449830,160000000000000","kg","","562,29999999999995","1258129,8",",000000",",000000",",000000",",000000"
"2020","PA","Metálicos","Alumínio (Bauxita)","38766310,130000","17710628,870000000000000","t","Al2O3","0","0",",000000",",000000",",000000",",000000"
"2020","PA","Gemas e Diamantes","Diamante",",000000",",000000000000000","ct","","0","0",",000000",",000000",",000000",",000000"
"2020","PA","Metálicos","Cobre","58400156,370000","417935,810000000000000","t","Cu","104510,96000000001","10032600,93",",000000",",000000",",000000",",000000"
"2020","PA","Não-Metálicos","Gipsita","28342,000000",",000000000000000","-","","28342","6891900",",000000",",000000",",000000",",000000"
"2020","PA","Metálicos","Columbita-Tantalita",",000000",",000000000000000","t","Ta2O5","0","0",",000000",",000000",",000000",",000000"
"2020","PA","Não-Metálicos","Rochas Ornamentais - Outras","1318,210000",",000000000000000","-","","667,33000000000004","2464379,77",",000000",",000000",",000000",",000000"
"2020","PA","Não-Metálicos","Fosfato","138016,900000","28293,460000000000000","t","P2O5","0","0",",000000",",000000",",000000",",000000"
"2020","PA","Metálicos","Estanho","3169387,630000","2328893,190000000000000","kg","Sn","102,5","349000",",000000",",000000",",000000",",000000"
"2020","PB","Gemas e Diamantes","Gemas",",000000",",000000000000000","kg","","0","0",",000000",",000000",",000000",",000000"
"2020","PB","Metálicos","Titânio","212248,240000","58635,860000000000000","t","TiO2","0","0",",000000",",000000",",000000",",000000"
"2020","PB","Metálicos","Columbita-Tantalita","6,070000",",960000000000000","t","Ta2O5","0","0",",000000",",000000",",000000",",000000"
"2020","PB","Não-Metálicos","Vermiculita e Perlita","4436,000000",",000000000000000","t","","4436","6125298,79",",000000",",000000",",000000",",000000"
"2020","PB","Metálicos","Tungstênio",",000000",",000000000000000","t","WO3","0","0",",000000",",000000",",000000",",000000"
"2020","PB","Não-Metálicos","Caulim","9075,000000",",000000000000000","-","","1750","103250",",000000",",000000",",000000",",000000"
"2020","PB","Metálicos","Ouro","4900,000000","2,200000000000000","kg","Au","0","0",",000000",",000000",",000000",",000000"
"2020","PB","Metálicos","Estanho","2,270000","920,000000000000000","kg","Sn","0","0",",000000",",000000",",000000",",000000"
"2020","PB","Não-Metálicos","Argilas","667173,790000",",000000000000000","-","","322041,34999999998","6637912,7400000012",",000000",",000000","36868,600000","877056,800000"
"2020","PB","Metálicos","Zircônio","10768,000000","6918,990000000000000","t","ZrSiO4","0","0",",000000",",000000",",000000",",000000"
"2020","PB","Não-Metálicos","Rochas Ornamentais","9955,330000",",000000000000000","-","","8325,387999999999","26669799,546",",000000",",000000","1410,910000","231640,640000"
"2020","PB","Não-Metálicos","Rochas Ornamentais - Outras","11319,230000",",000000000000000","-","","11319,23","488065,22999999998",",000000",",000000",",000000",",000000"
"2020","PB","Gemas e Diamantes","Gemas",",000000",",000000000000000","-","","0","0",",000000",",000000",",000000",",000000"
"2020","PB","Não-Metálicos","Talco e outras Cargas Minerais","11778,440000",",000000000000000","-","","0","0",",000000",",000000","11778,440000","530029,800000"
"2020","PB","Não-Metálicos","Feldspato, Leucita e Nefelina-Sienito","62577,110000",",000000000000000","-","","59460,149999999994","9739596,120000001",",000000",",000000",",000000",",000000"
"2020","PB","Não-Metálicos","Rochas (Britadas) e Cascalho","1258950,220000",",000000000000000","-","","60423,031999999999","2897594,1839999999","81325,160000","2258440,210000","79370,300000","78018,760000"
"2020","PB","Não-Metálicos","Areias Industriais","5046337,440000",",000000000000000","-","","87376,139999999999","1888658,8999999999",",000000",",000000","45594,850000","425860,710000"
"2020","PB","Metálicos","Columbita-Tantalita","4,210000",",860000000000000","t","Nb2O5","0","0",",000000",",000000",",000000",",000000"
"2020","PB","Não-Metálicos","Areia","1082243,220000",",000000000000000","-","","1082242,8200000001","10795498,51",",000000",",000000",",000000",",000000"
"2020","PB","Não-Metálicos","Saibro","4115,000000",",000000000000000","-","","458,60000000000002","11988,77","3656,400000","3656,400000",",000000",",000000"
"2020","PB","Não-Metálicos","Mica","9232,200000",",000000000000000","-","","9203,1900000000005","3183966,8399999999",",000000",",000000",",000000",",000000"
"2020","PB","Não-Metálicos","Cianita e outros minerais refratários","941,190000",",000000000000000","-","","0","0",",000000",",000000",",000000",",000000"
"2020","PB","Não-Metálicos","Calcário","6025528,020000",",000000000000000","-","","2690827,2800000003","36283000,759999998","1901,950000","7750,000000","23251,280000","307385,840000"
"2020","PE","Não-Metálicos","Areia","834200,030000",",000000000000000","-","","805919,53000000003","9221817,8599999994",",000000",",000000","58243,200000","192376,000000"
"2020","PE","Não-Metálicos","Calcário","130584,860400",",000000000000000","-","","8118","271712,24939999997","190,000000","1900,000000","75247,370000","978217,920000"
"2020","PE","Não-Metálicos","Gipsita","1937113,210000",",000000000000000","-","","881192","29062559,049999997",",000000",",000000",",000000",",000000"
"2020","PE","Não-Metálicos","Caulim",",000000",",000000000000000","-","","0","0",",000000",",000000",",000000",",000000"
"2020","PE","Não-Metálicos","Saibro","23953,000000",",000000000000000","-","","3953","31300","20000,000000",",090000",",000000",",000000"
"2020","PE","Metálicos","Ouro","4551,000000","3,493220000000000","kg","Au","0","0",",000000",",000000",",000000",",000000"
"2020","PE","Não-Metálicos","Rochas Ornamentais - Outras",",000000",",000000000000000","-","","0","0",",000000",",000000",",000000",",000000"
"2020","PE","Não-Metálicos","Argilas","562252,840000",",000000000000000","-","","288629,91999999998","4039102,2999999998","4576,240000","31954,410000","226235,730000","4619232,790000"
"2020","PE","Não-Metálicos","Vermiculita e Perlita","716,000000","286,360000000000000","t","","0","0",",120000","463753,500000",",000000",",000000"
"2020","PE","Não-Metálicos","Areias Industriais","96500,000000",",000000000000000","-","","95445,940000000002","2327232,3300000001",",000000",",000000",",000000",",000000"
"2020","PE","Não-Metálicos","Rochas (Britadas) e Cascalho","4554880,419600",",000000000000000","-","","372707","1623079,9005999998","52916,110000","1586508,410000","115890,000000","115890,000000"
"2020","PE","Não-Metálicos","Rochas Ornamentais","90944,380000",",000000000000000","-","","4322,0600000000004","6395958,4500000002",",000000",",000000","86622,320000",",120000"
"2020","PE","Metálicos","Titânio",",000000",",000000000000000","t","TiO2","0","0",",000000",",000000",",000000",",000000"
"2020","PI","Não-Metálicos","Rochas Ornamentais","4675,090000",",000000000000000","-","","4040,4299999999998","1641525,79",",000000",",000000","300,000000","24000,000000"
"2020","PI","Não-Metálicos","Areia","242107,370000",",000000000000000","-","","155358,78000000003","2502608,7800000003","13338,000000","177840,000000","82632,000000","196261,500000"
"2020","PI","Não-Metálicos","Rochas (Britadas) e Cascalho","1400587,920000",",000000000000000","-","","69897,709999999992","1696948,8200000001","58388,450000","1221102,960000","193917,040000","3656870,290000"
"2020","PI","Não-Metálicos","Saibro","145421,900000",",000000000000000","-","","12117,299999999999","53488,5","16300,000000","10106,000000","117004,600000","146334,750000"
"2020","PI","Não-Metálicos","Argilas","278633,980000",",000000000000000","-","","91453,350000000006","650812,59999999998","66926,110000","368997,960000","84732,970000","832058,130000"
"2020","PI","Não-Metálicos","Dolomito e Magnesita","61349,411400",",000000000000000","-","","0","0",",000000",",000000",",000000",",000000"
"2020","PI","Não-Metálicos","Calcário","1002677,208600",",000000000000000","-","","19950","1089750",",000000",",000000",",000000",",000000"
"2020","PR","Não-Metálicos","Argilas","1186969,990000",",000000000000000","-","","481969,08999999997","5051343,7699999996","129262,070000","1612086,030000","492904,080000","3279691,570000"
"2020","PR","Não-Metálicos","Fluorita e Criolita","74167,910000","33345,890000000000000","t","","0","0",",000000",",000000",",000000",",000000"
"2020","PR","Energéticos","Carvão Mineral","152547,000000",",000000000000000","-","","0","0",",000000",",000000",",000000",",000000"
"2020","PR","Não-Metálicos","Caulim","94203,940000",",000000000000000","-","","80335,119999999995","4183072,79",",000000",",000000","12537,340000","334550,680000"
"2020","PR","Não-Metálicos","Areia","8683686,080000",",000000000000000","-","","6256117,3399999999","115312059,73999999",",000000",",000000","76438,740000","1764224,630000"
"2020","PR","Não-Metálicos","Feldspato, Leucita e Nefelina-Sienito","142227,000000",",000000000000000","-","","0","0",",000000",",000000",",000000",",000000"
"2020","PR","Não-Metálicos","Dolomito e Magnesita","3289373,380000",",000000000000000","-","","1336316,52","6885255,8900000006","1651749,110000","6966363,570000","34314,080000","304592,980000"
"2020","PR","Não-Metálicos","Talco e outras Cargas Minerais","368359,010000",",000000000000000","-","","225821,38","13396034,029999999",",000000",",000000","20520,840000","724672,850000"
"2020","PR","Não-Metálicos","Rochas Ornamentais","32850,802200",",000000000000000","-","","11603,9462","7889137,9545000009",",000000",",000000","2315,960000","624910,430000"
"2020","PR","Metálicos","Zinco",",000000",",000000000000000","t","Zn","0","0",",000000",",000000",",000000",",000000"
"2020","PR","Metálicos","Chumbo",",000000",",000000000000000","t","Pb","0","0",",000000",",000000",",000000",",000000"
"2020","PR","Não-Metálicos","Rochas (Britadas) e Cascalho","24850325,056400",",000000000000000","-","","2674610,2882000054","54535792,293499991","1641764,830000","9796698,140000","511692,610000","1453978,780000"
"2020","PR","Metálicos","Prata","88816,020000","50,317780000000000","kg","Ag","0","0",",000000",",000000",",000000",",000000"
"2020","PR","Gemas e Diamantes","Gemas","3064,830000","3064830,000000000000000","kg","","0","0",",000000",",000000","3064,830000","64749,350000"
"2020","PR","Não-Metálicos","Bário","683,000000","683,000000000000000","t","BaSO4","683","674459",",000000",",000000",",000000",",000000"
"2020","PR","Não-Metálicos","Rochas Ornamentais - Outras","21708,870000",",000000000000000","-","","12291,51","523134,60999999999",",000000",",000000","600,000000","240000,000000"
"2020","PR","Não-Metálicos","Areias Industriais","78297,980000",",000000000000000","-","","32040,52","1720979,6100000001",",000000",",000000","1356,010000","48190,350000"
"2020","PR","Não-Metálicos","Saibro","1487578,620000",",000000000000000","-","","1290323,02","15592214,689999999","26842,000000","274140,000000","72342,000000","640350,000000"
"2020","PR","Metálicos","Ouro","88816,020000","304,956260000000000","kg","Au","0","0",",000000",",000000",",000000",",000000"
"2020","PR","Não-Metálicos","Calcário","16147818,831400",",000000000000000","-","","2604369,8656000001","65340376,862000003","82558,260000","1025674,060000","974466,720000","10667824,030000"
"2020","RJ","Não-Metálicos","Rochas (Britadas) e Cascalho","13239819,970000",",000000000000000","-","","1177736,3599999999","10777822,539999999",",000000",",000000","177267,850000","6451370,520000"
"2020","RJ","Metálicos","Titânio",",000000",",000000000000000","t","TiO2","0","0",",000000",",000000",",000000",",000000"
"2020","RJ","Não-Metálicos","Argilas","1714944,780000",",000000000000000","-","","91960,649999999994","713704,09000000008","22703,440000","90813,810000","1588258,600000","4320181,410000"
"2020","RJ","Não-Metálicos","Rochas Ornamentais - Outras","42320,340000",",000000000000000","-","","31138,399999999998","3193400,6999999997",",000000",",000000","11035,940000","388298,270000"
"2020","RJ","Não-Metálicos","Feldspato, Leucita e Nefelina-Sienito","11533,250000",",000000000000000","-","","3283,25","109525,03999999999",",000000",",000000",",000000",",000000"
"2020","RJ","Não-Metálicos","Areias Industriais","35169,000000",",000000000000000","-","","593695,88","847118,62",",000000",",000000",",000000",",000000"
"2020","RJ","Metálicos","Alumínio (Bauxita)",",000000",",000000000000000","t","Al2O3","0","0",",000000",",000000",",000000",",000000"
"2020","RJ","Não-Metálicos","Fluorita e Criolita","1,000000","1,000000000000000","t","","0","0",",000000",",000000",",000000",",000000"
"2020","RJ","Não-Metálicos","Areia","3508869,240000",",000000000000000","-","","4696924,8699999992","57281853,25",",000000",",000000",",000000",",000000"
"2020","RJ","Não-Metálicos","Saibro","2438520,560000",",000000000000000","-","","3086870,8300000001","7144601,2299999986",",000000",",000000","19864,000000","10752,000000"
"2020","RJ","Não-Metálicos","Rochas Ornamentais","19517,520000",",000000000000000","-","","3985,8199999999997","2007986,4400000002",",000000",",000000","7536,700000","298380,420000"
"2020","RJ","Não-Metálicos","Calcário","2398880,680000",",000000000000000","-","","0","0",",000000",",000000","674608,720000","8426717,770000"
"2020","RN","Não-Metálicos","Rochas Ornamentais","52673,050000",",000000000000000","-","","34033,620000000003","20881607,759999998",",000000",",000000","14715,430000","2736287,370000"
"2020","RN","Não-Metálicos","Areias Industriais","2497,000000",",000000000000000","-","","1737","60795,349999999999",",000000",",000000",",000000",",000000"
"2020","RN","Não-Metálicos","Feldspato, Leucita e Nefelina-Sienito","72420,580000",",000000000000000","-","","66153,910000000003","6054118,4300000006",",000000",",000000",",000000",",000000"
"2020","RN","Não-Metálicos","Caulim","85487,000000",",000000000000000","-","","85590,340000000011","3993777",",000000",",000000",",000000",",000000"
"2020","RN","Não-Metálicos","Argilas","397119,000000",",000000000000000","-","","327775,17000000004","1197768,55","43728,200000","254977,420000",",000000",",000000"
"2020","RN","Não-Metálicos","Dolomito e Magnesita","38017,220000",",000000000000000","-","","0","0",",000000",",000000",",000000",",000000"
"2020","RN","Não-Metálicos","Gipsita",",000000",",000000000000000","-","","0","0",",000000",",000000",",000000",",000000"
"2020","RN","Metálicos","Ferro","2412,480000","887,310000000000000","t","Fe","2412,48","39082,18",",000000",",000000",",000000",",000000"
"2020","RN","Metálicos","Tungstênio","64897,360000","370,610000000000000","t","WO3","0","0",",000000",",000000",",000000",",000000"
"2020","RN","Não-Metálicos","Saibro","201725,200000",",000000000000000","-","","27839,200000000001","78010",",000000",",000000","173886,000000","136979,400000"
"2020","RN","Não-Metálicos","Rochas Ornamentais - Outras","7579,950000",",000000000000000","-","","8133,5500000000002","6620231,0299999993",",000000",",000000",",000000",",000000"
"2020","RN","Não-Metálicos","Calcário","3056056,640000",",000000000000000","-","","397034,67999999999","5253741,3600000003",",000000",",000000","2335524,000000","35537201,030000"
"2020","RN","Não-Metálicos","Mica","28,000000",",000000000000000","-","","0","0",",000000",",000000",",000000",",000000"
"2020","RN","Gemas e Diamantes","Gemas","9493,740000","46,404000000000000","kg","","0","0",",000000",",000000",",000000",",000000"
"2020","RN","Não-Metálicos","Areia","365909,800000",",000000000000000","-","","314309,77000000002","3546020,3900000001",",000000",",000000","46619,000000","111072,500000"
"2020","RN","Não-Metálicos","Diatomita","370,000000",",000000000000000","-","","384","66630",",000000",",000000",",000000",",000000"
"2020","RN","Não-Metálicos","Rochas (Britadas) e Cascalho","1252416,120000",",000000000000000","-","","215374","818658,69999999995",",000000",",000000",",000000",",000000"
"2020","RN","Metálicos","Columbita-Tantalita","50,000000",",005000000000000","t","Ta2O5","0","0",",000000",",000000",",000000",",000000"
"2020","RO","Não-Metálicos","Saibro","38883,000000",",000000000000000","-","","38883","194415",",000000",",000000",",000000",",000000"
"2020","RO","Gemas e Diamantes","Gemas",",000000",",000000000000000","kg","","0","0",",000000",",000000",",000000",",000000"
"2020","RO","Metálicos","Manganês",",000000",",000000000000000","t","Mn","0","0",",000000",",000000",",000000",",000000"
"2020","RO","Não-Metálicos","Rochas (Britadas) e Cascalho","13890486,350000",",000000000000000","-","","759575,77000000002","22896418,879999999","12342000,020000",",110000","12372450,000000",",110000"
"2020","RO","Metálicos","Estanho","13116568,670000","6204451,600000000000000","kg","Sn","518,79999999999995","29716763,52",",000000",",000000",",000000",",000000"
"2020","RO","Não-Metálicos","Calcário","1002652,000000",",000000000000000","-","","799349,56000000006","23788088,359999999",",000000",",000000","181505,000000","635265,000000"
"2020","RO","Não-Metálicos","Argilas","378231,490000",",000000000000000","-","","108323,07000000001","1335090,97","34664,540000","143348,850000","276240,670000","5369580,320000"
"2020","RO","Metálicos","Titânio","1425242,000000","2,770000000000000","t","TiO2","0","0",",000000",",000000",",000000",",000000"
"2020","RO","Metálicos","Ouro","7509302,250000","1373,334690000000000","kg","Au","11507865,73","11507865,73","12,000000","8055506,020000","12,000000","3452359,730000"
"2020","RO","Não-Metálicos","Areia","293524,420000",",000000000000000","-","","248718,70000000001","7820690,6199999992","9555,720000","292857,010000","8031,000000","160620,000000"
"2020","RO","Metálicos","Chumbo","94462,000000","1058,900000000000000","t","Pb","0","0",",000000",",000000",",000000",",000000"
"2020","RO","Metálicos","Columbita-Tantalita","8666683,160000","2049,304384000000000","t","Nb2O5","487,62","27836729,390000001",",000000",",000000",",000000",",000000"
"2020","RO","Metálicos","Columbita-Tantalita","71262,100000","1,345576000000000","t","Ta2O5","0","0",",000000",",000000",",000000",",000000"
"2020","RO","Metálicos","Zinco","94462,000000","5824,170000000000000","t","Zn","0","0",",000000",",000000",",000000",",000000"
"2020","RO","Não-Metálicos","Rochas Ornamentais","110057,000000",",000000000000000","-","","0","0",",000000",",000000",",000000",",000000"
"2020","RR","Não-Metálicos","Areia","249591,600000",",000000000000000","-","","249591,60000000003","2990060,52","600,000000","200,000000","600,000000","200,000000"
"2020","RR","Metálicos","Ouro",",000000",",000000000000000","kg","Au","0","0",",000000",",000000",",000000",",000000"
"2020","RR","Não-Metálicos","Rochas (Britadas) e Cascalho","515504,800000",",000000000000000","-","","242353,77000000002","1094378,74",",000000",",000000",",000000",",000000"
"2020","RR","Não-Metálicos","Rochas Ornamentais","234,000000",",000000000000000","-","","234","9251,8799999999992",",000000",",000000",",000000",",000000"
"2020","RR","Não-Metálicos","Argilas","310690,000000",",000000000000000","-","","310690","890849,69999999995","370,000000","2150,000000","370,000000","2150,000000"
"2020","RS","Não-Metálicos","Rochas (Britadas) e Cascalho","22196667,873859",",000000000000000","-","","1215071,335279","17734127,826064002","27229,630000","659490,000000","756469,150000","7362719,450000"
"2020","RS","Não-Metálicos","Rochas Ornamentais","66170,410000",",000000000000000","-","","65060,379999999997","11517450,93",",000000",",000000","150,000000","11750,000000"
"2020","RS","Energéticos","Carvão Mineral","4673615,670000",",000000000000000","-","","0","0",",000000",",000000",",000000",",000000"
"2020","RS","Não-Metálicos","Caulim","232558,150000",",000000000000000","-","","15160,25","616091,90000000002",",000000",",000000","96720,000000","1473593,080000"
"2020","RS","Não-Metálicos","Argilas","4041694,946000",",000000000000000","-","","1159691,9760000003","12159594,682000002","485168,830000","4931431,440000","1723917,290000","7979912,361000"
"2020","RS","Não-Metálicos","Saibro","13181912,424000",",000000000000000","-","","1391531,1839999999","18304460,908","96385,200000","1746044,700000","459819,000000","2153895,059000"
"2020","RS","Não-Metálicos","Areias Industriais","1200,000000",",000000000000000","-","","1200","43200",",000000",",000000",",000000",",000000"
"2020","RS","Metálicos","Cobre",",000000",",000000000000000","t","Cu","0","0",",000000",",000000",",000000",",000000"
"2020","RS","Não-Metálicos","Rochas Ornamentais - Outras","371398,996141",",000000000000000","-","","319624,04472100001","25473516,383936003","12910,830000","323554,000000","17910,390000","352875,830000"
"2020","RS","Não-Metálicos","Areia","9934364,530000",",000000000000000","-","","9792210,8900000025","124299313,52","6359,000000","198698,500000","171384,120000","2493780,920000"
"2020","RS","Gemas e Diamantes","Gemas","135,620000","2,000000000000000","kg","","135,62","226356,70000000001",",000000",",000000",",000000",",000000"
"2020","RS","Não-Metálicos","Talco e outras Cargas Minerais","1372,000000",",000000000000000","-","","1372","87446",",000000",",000000",",000000",",000000"
"2020","RS","Não-Metálicos","Geodos, Ágatas, Calcedônia, etc","28352,680000","8046,159000000000000","t","","27301,029999999999","43298770,25",",000000",",000000",",000000",",000000"
"2020","RS","Não-Metálicos","Calcário","3965663,620000",",000000000000000","-","","1672751,4500000002","16463283,860000001",",000000",",000000",",000000",",000000"
"2020","RS","Metálicos","Chumbo",",000000",",000000000000000","t","Pb","0","0",",000000",",000000",",000000",",000000"
"2020","RS","Metálicos","Ouro",",000000",",000000000000000","kg","Au","0","0",",000000",",000000",",000000",",000000"
"2020","RS","Metálicos","Prata",",000000",",000000000000000","kg","Ag","0","0",",000000",",000000",",000000",",000000"
"2020","SC","Não-Metálicos","Enxofre","2572,000000",",000000000000000","-","S","0","0",",000000",",000000",",000000",",000000"
"2020","SC","Energéticos","Carvão Mineral","5606687,440000",",000000000000000","-","","0","0",",000000",",000000",",000000",",000000"
"2020","SC","Não-Metálicos","Areia","6857533,620000",",000000000000000","-","","5986847,6499999994","121999710,56999999","10930,000000","147224,420000","26309,440000","422206,000000"
"2020","SC","Não-Metálicos","Areias Industriais","1068516,130000",",000000000000000","-","","2404,0100000000002","394423,75","25,000000","350,000000",",000000",",000000"
"2020","SC","Não-Metálicos","Calcário","2116440,570000",",000000000000000","-","","141772,81","624912,23999999999",",000000",",000000","14540,000000","1166913,000000"
"2020","SC","Energéticos","Turfa","37157,460000",",000000000000000","-","","9983,5799999999999","1235086,46","518,460000","11883,680000",",000000",",000000"
"2020","SC","Metálicos","Alumínio (Bauxita)","2286,000000","1028,700000000000000","t","Al2O3","2286","80010",",000000",",000000",",000000",",000000"
"2020","SC","Não-Metálicos","Fluorita e Criolita",",000000",",000000000000000","t","","0","0",",000000",",000000",",000000",",000000"
"2020","SC","Não-Metálicos","Rochas Ornamentais","458064,710000",",000000000000000","-","","460387,67999999993","9579440,3599999994","28,000000","2000,000000",",000000",",000000"
"2020","SC","Não-Metálicos","Quartzo (Cristal) e outros Piezelétricos",",000000",",000000000000000","-","","0","0",",000000",",000000",",000000",",000000"
"2020","SC","Não-Metálicos","Saibro","3598841,100000",",000000000000000","-","","2005371,3300000001","21547665,799999997","200699,290000","993293,500000","636255,450000","2778341,560000"
"2020","SC","Não-Metálicos","Argilas","5305775,400000",",000000000000000","-","","3588256,1499999999","32981260,260000002","59728,350000","296255,140000","1496192,910000","21534477,930000"
"2020","SC","Não-Metálicos","Rochas (Britadas) e Cascalho","27228607,695000",",000000000000000","-","","2330008,2960000001","49323650,868000001","443964,700000","3615535,430000","1098695,400000","8468969,790000"
"2020","SC","Não-Metálicos","Rochas Ornamentais - Outras","66579,145000",",000000000000000","-","","22097,773999999998","2159221,2920000004",",000000",",000000",",000000",",000000"
"2020","SC","Não-Metálicos","Caulim","148077,440000",",000000000000000","-","","110509,23999999999","6217929,5800000001",",000000",",000000","8323,260000","130260,860000"
"2020","SC","Não-Metálicos","Minerais Industriais (Outros)",",090000",",009000000000000","t","","8,9999999999999997E-2","9000",",000000",",000000",",000000",",000000"
"2020","SC","Não-Metálicos","Feldspato, Leucita e Nefelina-Sienito","127021,980000",",000000000000000","-","","0","0",",000000",",000000",",000000",",000000"
"2020","SE","Não-Metálicos","Rochas (Britadas) e Cascalho","1240394,280000",",000000000000000","-","","236009,80999999997","2006191,22",",000000",",000000",",000000",",000000"
"2020","SE","Não-Metálicos","Potássio","1841785,700000","437864,530000000000000","t","K2O","0","0",",000000",",000000",",000000",",000000"
"2020","SE","Não-Metálicos","Argilas","789017,750000",",000000000000000","-","","350634,01999999996","3154311,9099999997","11376,260000","55248,940000","287303,960000","1214603,160000"
"2020","SE","Não-Metálicos","Areia","228329,360000",",000000000000000","-","","227847,75999999998","2855817,2799999998",",000000",",000000",",000000",",000000"
"2020","SE","Não-Metálicos","Saibro",",000000",",000000000000000","-","","0","0",",000000",",000000",",000000",",000000"
"2020","SE","Não-Metálicos","Calcário","3490626,810000",",000000000000000","-","","70702,809999999998","3016175,3300000001","30542,070000","2771955,890000","85150,070000","4133067,470000"
"2020","SE","Não-Metálicos","Talco e outras Cargas Minerais","24708,200000",",000000000000000","-","","0","0",",000000",",000000","43443,060000","399379,380000"
"2020","SE","Não-Metálicos","Areias Industriais","50274,490000",",000000000000000","-","","0","0",",000000",",000000",",000000",",000000"
"2020","SP","Não-Metálicos","Caulim","109162,470000",",000000000000000","-","","5832,3199999999997","171815,5",",000000",",000000","8542,000000","42710,000000"
"2020","SP","Metálicos","Estanho",",000000",",000000000000000","kg","Sn","0","0",",000000",",000000",",000000",",000000"
"2020","SP","Não-Metálicos","Areias Industriais","6421408,890000",",000000000000000","-","","1138952,3799999999","35728507,410000004",",000000",",000000",",000000",",000000"
"2020","SP","Não-Metálicos","Rochas (Britadas) e Cascalho","70621483,415600",",000000000000000","-","","2937893,8149999999","87722676,760000005","4466,000000","38770,000000","1851362,280000","67017828,240000"
"2020","SP","Não-Metálicos","Saibro","261929,080000",",000000000000000","-","","257193,37999999998","3364397,6099999999",",000000",",000000",",000000",",000000"
"2020","SP","Não-Metálicos","Feldspato, Leucita e Nefelina-Sienito","2690,080000",",000000000000000","-","","110","5500",",000000",",000000",",000000",",000000"
"2020","SP","Metálicos","Manganês",",000000",",000000000000000","t","Mn","0","0",",000000",",000000",",000000",",000000"
"2020","SP","Não-Metálicos","Rochas Ornamentais","13751,485000",",000000000000000","-","","13749,485000000001","2124741,1600000001",",000000",",000000",",000000",",000000"
"2020","SP","Não-Metálicos","Dolomito e Magnesita","896486,200000",",000000000000000","-","","249943,07799999998","3683552,9004999995",",000000",",000000",",000000",",000000"
"2020","SP","Metálicos","Zircônio",",000000",",000000000000000","t","ZrSiO4","0","0",",000000",",000000",",000000",",000000"
"2020","SP","Não-Metálicos","Calcário","10905384,759400",",000000000000000","-","","514484,60200000001","2426377,0395","485,000000","485,000000","4710914,390000","94939836,080000"
"2020","SP","Não-Metálicos","Areia","28831923,590000",",000000000000000","-","","14391431,279999999","347522520,56999993","6517,710000","66212,520000","261009,240000","1612596,130000"
"2020","SP","Não-Metálicos","Minerais Industriais (Outros)",",000000",",000000000000000","t","","0","0",",000000",",000000",",000000",",000000"
"2020","SP","Não-Metálicos","Argilas","11777433,010000",",000000000000000","-","","8156662,2799999993","121247377,34999998","337661,830000","1924567,460000","2167507,850000","16739109,240000"
"2020","SP","Não-Metálicos","Talco e outras Cargas Minerais","2241976,240000",",000000000000000","-","","613034,87","22854346,050000001",",000000",",000000","152,600000","1539,370000"
"2020","SP","Não-Metálicos","Potássio",",000000",",000000000000000","t","K2O","0","0",",000000",",000000",",000000",",000000"
"2020","SP","Metálicos","Alumínio (Bauxita)","701071,870000","279640,430000000000000","t","Al2O3","327013,88","13159173,120000001",",000000",",000000",",000000",",000000"
"2020","SP","Não-Metálicos","Fosfato","2996885,410000","148816,020000000000000","t","P2O5","40470,720000000001","495776,04999999999",",000000",",000000",",000000",",000000"
"2020","SP","Não-Metálicos","Rochas Ornamentais - Outras","7455,490000",",000000000000000","-","","7455,4899999999998","556862",",000000",",000000",",000000",",000000"
"2020","SP","Energéticos","Turfa","64847,160000",",000000000000000","-","","38419,529999999999","7600812,7700000005",",000000",",000000",",000000",",000000"
"2020","TO","Metálicos","Ouro","6659,520000","12,710730000000000","kg","Au","0","0",",000000",",000000",",000000",",000000"
"2020","TO","Não-Metálicos","Gipsita","40913,880000",",000000000000000","-","","40913,879999999997","654622,07999999996",",000000",",000000",",000000",",000000"
"2020","TO","Não-Metálicos","Dolomito e Magnesita","2060901,810000",",000000000000000","-","","0","0",",000000",",000000",",000000",",000000"
"2020","TO","Não-Metálicos","Talco e outras Cargas Minerais",",000000",",000000000000000","-","","17,949999999999999","73542,240000000005",",000000",",000000",",000000",",000000"
"2020","TO","Não-Metálicos","Areia","272684,640000",",000000000000000","-","","195111,02000000002","5213015,3300000001",",000000",",000000",",000000",",000000"
"2020","TO","Metálicos","Manganês","85000,000000","18000,000000000000000","t","Mn","0","0",",000000",",000000",",000000",",000000"
"2020","TO","Não-Metálicos","Fosfato","147902,160000","13127,160000000000000","t","P2O5","0","0",",000000",",000000",",000000",",000000"
"2020","TO","Não-Metálicos","Argilas","150504,940000",",000000000000000","-","","16022,4","192560","134968,540000","854414,600000","3294,000000","68290,320000"
"2020","TO","Não-Metálicos","Calcário","5557934,449200",",000000000000000","-","","171806,625","171806,625",",000000",",000000",",000000",",000000"
"2020","TO","Não-Metálicos","Minerais Industriais (Outros)","15,000000",",000000000000000","-","","0","0",",000000",",000000",",000000",",000000"
"2020","TO","Não-Metálicos","Rochas (Britadas) e Cascalho","702393,450800",",000000000000000","-","","67826,865000000005","2153402,8449999997",",000000",",000000",",000000",",000000"
"2020","TO","Não-Metálicos","Areias Industriais","51591,200000",",000000000000000","-","","455","7000",",000000",",000000",",000000",",000000"
"2020","TO","Não-Metálicos","Saibro","838,170000",",000000000000000","-","","838,16999999999996","29508,080000000002",",000000",",000000",",000000",",000000"
"2020","TO","Não-Metálicos","Rochas Ornamentais",",000000",",000000000000000","-","","0","0",",000000",",000000",",000000",",000000"
"2021","AC","Não-Metálicos","Argilas","12703,040000",",000000000000000","-","","13051,959999999999","516435,38",",000000",",000000",",000000",",000000"
"2021","AC","Não-Metálicos","Areia","193890,500000",",000000000000000","-","","159021,11000000002","1635733,75",",000000",",000000","11025,000000","68796,000000"
"2021","AC","Não-Metálicos","Rochas (Britadas) e Cascalho",",000000",",000000000000000","-","","0","0",",000000",",000000",",000000",",000000"
"2021","AL","Não-Metálicos","Argilas","1055658,150000",",000000000000000","-","","252447,95999999999","3449432,1000000001",",000000",",000000","165216,260000","914213,430000"
"2021","AL","Não-Metálicos","Areia","664858,280000",",000000000000000","-","","642414,00999999978","21367898,57",",000000",",000000","11300,000000","19941,170000"
"2021","AL","Não-Metálicos","Saibro","48488,680000",",000000000000000","-","","47566,449999999997","201945,64999999999",",000000",",000000","1310,680000","26381,000000"
"2021","AL","Metálicos","Cobre","2188083,540000","13744,310000000000000","t","Cu","0","0",",000000",",000000",",000000",",000000"
"2021","AL","Não-Metálicos","Talco e outras Cargas Minerais","8300,000000",",000000000000000","-","","0","0",",000000",",000000",",000000",",000000"
"2021","AL","Não-Metálicos","Rochas Ornamentais - Outras","55860,420000",",000000000000000","-","","41356,729999999996","3509291,7999999998","14503,690000","508781,550000",",000000",",000000"
"2021","AL","Não-Metálicos","Amianto",",000000",",000000000000000","t","","0","0",",000000",",000000",",000000",",000000"
"2021","AL","Não-Metálicos","Rochas (Britadas) e Cascalho","2686244,980000",",000000000000000","-","","1023057,2300000001","20070285,41",",000000",",000000","25437,000000","63857,650000"
"2021","AL","Não-Metálicos","Sal",",000000",",000000000000000","-","","0","0",",000000",",000000",",000000",",000000"
"2021","AL","Não-Metálicos","Areias Industriais","79,690000",",000000000000000","-","","79,689999999999998","25609,650000000001",",000000",",000000",",000000",",000000"
"2021","AL","Não-Metálicos","Calcário","767191,940000",",000000000000000","-","","0","0",",000000",",000000",",000000",",000000"
"2021","AM","Não-Metálicos","Argilas","154030,440000",",000000000000000","-","","0","0",",000000",",000000","153939,100000","1502750,540000"
"2021","AM","Metálicos","Estanho","7446211,600000","12658560,000000000000000","kg","Sn","0","0",",000000",",000000",",000000",",000000"
"2021","AM","Não-Metálicos","Saibro","37213,750000",",000000000000000","-","","37213,75","111641,25",",000000",",000000",",000000",",000000"
"2021","AM","Não-Metálicos","Rochas (Britadas) e Cascalho","1035536,450000",",000000000000000","-","","11629,17","1335356,2",",000000",",000000","24400,000000","292800,000000"
"2021","AM","Não-Metálicos","Areia","39486,560000",",000000000000000","-","","31830,560000000001","815591,01000000013","500,000000","22500,000000","7156,000000","373119,000000"
"2021","AM","Não-Metálicos","Calcário","1049,870000",",000000000000000","-","","1049,8699999999999","24682,439999999999",",000000",",000000",",000000",",000000"
"2021","AM","Metálicos","Ouro","184153,510000","184,153510000000000","kg","Au","0","0",",000000",",000000",",000000",",000000"
"2021","AP","Metálicos","Cromo",",000000",",000000000000000","t","Cr2O3","0","0",",000000",",000000",",000000",",000000"
"2021","AP","Não-Metálicos","Saibro","91372,980000",",000000000000000","-","","91372,979999999996","361126,25",",000000",",000000",",000000",",000000"
"2021","AP","Metálicos","Ferro","324433,000000","190215,070000000000000","t","Fe","0","0",",000000",",000000",",000000",",000000"
"2021","AP","Não-Metálicos","Rochas (Britadas) e Cascalho","347881,120000",",000000000000000","-","","42554,030000000006","2319840,29",",000000",",000000",",000000",",000000"
"2021","AP","Não-Metálicos","Argilas","18599,470000",",000000000000000","-","","0","0","18299,470000","4957875,030000","304,000000","18240,000000"
"2021","AP","Não-Metálicos","Caulim","435527,620000",",000000000000000","-","","0","0","435527,620000","12,000000","435527,620000","12,000000"
"2021","AP","Metálicos","Manganês",",000000",",000000000000000","t","Mn","0","0",",000000",",000000",",000000",",000000"
"2021","AP","Metálicos","Ouro","1534102,150000","2935,470830000000000","kg","Au","0","0",",000000",",000000",",000000",",000000"
"2021","AP","Não-Metálicos","Areia","436532,920000",",000000000000000","-","","436532,91999999998","6914513,6900000004",",000000",",000000",",000000",",000000"
"2021","BA","Não-Metálicos","Rochas Ornamentais - Outras","10371,160000",",000000000000000","-","","8527,6399999999994","5234991,3399999999",",000000",",000000","220,490000","193886,910000"
"2021","BA","Não-Metálicos","Talco e outras Cargas Minerais","171574,350000",",000000000000000","-","","0","0",",000000",",000000",",000000",",000000"
"2021","BA","Não-Metálicos","Calcário","3255461,480000",",000000000000000","-","","271319,53000000003","4841931,3599999994",",000000",",000000",",000000",",000000"
"2021","BA","Não-Metálicos","Dolomito e Magnesita","2021192,520000",",000000000000000","-","","221192,91","12849701,32",",000000",",000000","182464,860000","6754880,330000"
"2021","BA","Não-Metálicos","Bário","27040,840000","23294,080000000000000","t","BaSO4","26428","8779040,4499999993",",000000",",000000",",000000",",000000"
"2021","BA","Gemas e Diamantes","Diamante","931864,000000","97427,000000000000000","ct","","0","0",",000000",",000000",",000000",",000000"
"2021","BA","Não-Metálicos","Areias Industriais","526421,140000",",000000000000000","-","","185597,69999999998","20889894,469999999",",000000",",000000",",000000",",000000"
"2021","BA","Não-Metálicos","Fosfato","668270,880000","200346,970000000000000","t","P2O5","15597,879999999999","1383127,75",",000000",",000000",",000000",",000000"
"2021","BA","Metálicos","Vanádio","1248967,150000","17356,880000000000000","t","V","0","0",",000000",",000000",",000000",",000000"
"2021","BA","Não-Metálicos","Sal","534277,630000",",000000000000000","-","","0","0",",000000",",000000","534277,630000","80979180,490000"
"2021","BA","Não-Metálicos","Gipsita",",000000",",000000000000000","-","","0","0",",000000",",000000",",000000",",000000"
"2021","BA","Não-Metálicos","Rochas (Britadas) e Cascalho","11474498,720000",",000000000000000","-","","730768,31999999995","29110313,659999996","7141,600000","12,000000","749292,200000","845344,340000"
"2021","BA","Não-Metálicos","Feldspato, Leucita e Nefelina-Sienito","22301,720000",",000000000000000","-","","21914,529999999995","17652587,91",",000000",",000000",",000000",",000000"
"2021","BA","Não-Metálicos","Argilas","1771978,330000",",000000000000000","-","","342715,59000000003","7392966,6600000001","200957,330000","6149550,180000","1145873,790000","3343261,420000"
"2021","BA","Não-Metálicos","Areia","2714058,760000",",000000000000000","-","","2615727,7099999995","40523535,579999998","11270,800000","634586,000000","25160,000000","164206,520000"
"2021","BA","Não-Metálicos","Geodos, Ágatas, Calcedônia, etc","2147,840000","443,002000000000000","t","","1063,04","2715540,5",",000000",",000000",",000000",",000000"
"2021","BA","Metálicos","Cobre","2258806,790000","47324,000000000000000","t","Cu","0","0",",000000",",000000",",000000",",000000"
"2021","BA","Não-Metálicos","Caulim","46578,390000",",000000000000000","-","","13043","229498",",000000",",000000","33535,390000","547812,430000"
"2021","BA","Metálicos","Ferro","3358192,320000","2026876,790000000000000","t","Fe","0","0",",000000",",000000",",000000",",000000"
"2021","BA","Não-Metálicos","Quartzo (Cristal) e outros Piezelétricos","3187,010000",",000000000000000","-","","3166,0100000000002","1477993,3999999999",",000000",",000000",",000000",",000000"
"2021","BA","Não-Metálicos","Grafita","385646,000000","20460,000000000000000","t","","385645","4627740",",000000",",000000",",000000",",000000"
"2021","BA","Não-Metálicos","Diatomita","10350,000000",",000000000000000","-","","0","0",",000000",",000000","12320,900000","1824163,180000"
"2021","BA","Metálicos","Ouro","4203737,000000","10882,005550000000000","kg","Au","0","0",",000000",",000000",",000000",",000000"
"2021","BA","Gemas e Diamantes","Gemas","225,490000","215490,100000000000000","kg","","215,48000000000002","7364101,0100000007",",000000",",000000",",000000",",000000"
"2021","BA","Metálicos","Titânio","780,000000","750,000000000000000","t","TiO2","778,07000000000005","4414240,6600000001",",000000",",000000",",000000",",000000"
"2021","BA","Não-Metálicos","Saibro","128206,750000",",000000000000000","-","","38507,150000000001","578942,96999999997","35383,000000","44229,000000","52515,570000","128663,140000"
"2021","BA","Metálicos","Columbita-Tantalita","2000,000000","1,700000000000000","t","Ta2O5","2000","17000",",000000",",000000",",000000",",000000"
"2021","BA","Metálicos","Níquel","6281020,280000","31530,720000000000000","t"," Ni","0,12","0,12",",000000",",000000",",000000",",000000"
"2021","BA","Metálicos","Manganês","61204,260000","60350,780000000000000","t","Mn","5700,79","965960,59999999998",",000000",",000000",",000000",",000000"
"2021","BA","Metálicos","Cromo","1431207,080000","260128,210000000000000","t","Cr2O3","0","0",",000000",",000000",",000000",",000000"
"2021","BA","Não-Metálicos","Rochas Ornamentais","1564892,570000",",000000000000000","-","","846358,21999999986","465327541,50000006",",000000",",000000","2318,440000","3530503,250000"
"2021","CE","Não-Metálicos","Areias Industriais","53299,070000",",000000000000000","-","","8315,0100000000002","21229720,34",",000000",",000000","20726,020000","107741,550000"
"2021","CE","Não-Metálicos","Talco e outras Cargas Minerais","31949,000000",",000000000000000","-","","31709,310000000001","1448750,28",",000000",",000000",",000000",",000000"
"2021","CE","Não-Metálicos","Calcário","5411884,670000",",000000000000000","-","","256043,28","6066135,0899999999","1833344,960000","18067122,190000","200887,180000","2092729,430000"
"2021","CE","Não-Metálicos","Saibro","181704,320000",",000000000000000","-","","313996,5","411399,25",",000000",",000000",",000000",",000000"
"2021","CE","Não-Metálicos","Gipsita","47626,810000",",000000000000000","-","","47626,809999999998","1910081,78",",000000",",000000",",000000",",000000"
"2021","CE","Não-Metálicos","Fosfato",",000000",",000000000000000","t","P2O5","0","0",",000000",",000000",",000000",",000000"
"2021","CE","Não-Metálicos","Dolomito e Magnesita","208538,120000",",000000000000000","-","","208538,12","7929533,2800000003",",000000",",000000",",000000",",000000"
"2021","CE","Não-Metálicos","Argilas","1754637,630000",",000000000000000","-","","792685,64000000001","2141612,96","58472,800000","85570,000000","1298837,120000","3444519,860000"
"2021","CE","Não-Metálicos","Rochas Ornamentais - Outras","2050,230000",",000000000000000","-","","1726,23","2911124,8700000001",",000000",",000000",",000000",",000000"
"2021","CE","Metálicos","Manganês","288756,540000","45220,000000000000000","t","Mn","0","0",",000000",",000000",",000000",",000000"
"2021","CE","Não-Metálicos","Areia","901428,660000",",000000000000000","-","","1007768,7000000001","12598693,470000003",",000000",",000000","8104,000000","28275,500000"
"2021","CE","Não-Metálicos","Rochas (Britadas) e Cascalho","4240396,350000",",000000000000000","-","","329500,83999999997","2055782,5",",000000",",000000","27348,040000","884375,420000"
"2021","CE","Não-Metálicos","Feldspato, Leucita e Nefelina-Sienito","86,000000",",000000000000000","-","","0","0",",000000",",000000",",000000",",000000"
"2021","CE","Metálicos","Ferro","52340,700000","31577,400000000000000","t","Fe","48511,940000000002","22958131,890000001",",000000",",000000",",000000",",000000"
"2021","CE","Não-Metálicos","Rochas Ornamentais","173087,760000",",000000000000000","-","","140932,76000000001","283252060,81999993",",000000",",000000","1519,130000","857332,800000"
"2021","DF","Não-Metálicos","Areias Industriais","195320,430000",",000000000000000","-","","120896,75","423138,60999999999",",000000",",000000",",000000",",000000"
"2021","DF","Não-Metálicos","Rochas (Britadas) e Cascalho","29834,980000",",000000000000000","-","","29834,98","260121,59",",000000",",000000",",000000",",000000"
"2021","DF","Não-Metálicos","Argilas","308980,960000",",000000000000000","-","","0","0",",000000",",000000",",000000",",000000"
"2021","DF","Não-Metálicos","Areia","324072,020000",",000000000000000","-","","934,79999999999995","27075",",000000",",000000",",000000",",000000"
"2021","DF","Não-Metálicos","Dolomito e Magnesita","2356711,740000",",000000000000000","-","","0","0",",000000",",000000",",000000",",000000"
"2021","DF","Não-Metálicos","Calcário","4908526,570000",",000000000000000","-","","0","0",",000000",",000000",",000000",",000000"
"2021","ES","Não-Metálicos","Areia","2014649,610000",",000000000000000","-","","1963623,1299999999","33009766,450000003","9440,030000","79047,530000","786,670000","14271,700000"
"2021","ES","Não-Metálicos","Argilas","608825,230000",",000000000000000","-","","357659,02999999997","13323137,850000001","98268,240000","1002276,980000","142411,290000","1229012,250000"
"2021","ES","Metálicos","Alumínio (Bauxita)","3800,000000","2010,300000000000000","t","Al2O3","0","0",",000000",",000000","4475,830000","208510,640000"
"2021","ES","Não-Metálicos","Rochas (Britadas) e Cascalho","6371083,190000",",000000000000000","-","","431487,91000000003","5177530,8200000003",",000000",",000000","783622,240000","3499506,820000"
"2021","ES","Não-Metálicos","Rochas Ornamentais - Outras","23433,730000",",000000000000000","-","","31422,73","16612618,82",",000000",",000000",",000000",",000000"
"2021","ES","Não-Metálicos","Feldspato, Leucita e Nefelina-Sienito","1869398,850000",",000000000000000","-","","1869398,8500000001","4478176,7800000003",",000000",",000000",",000000",",000000"
"2021","ES","Não-Metálicos","Saibro","127644,130000",",000000000000000","-","","126544,13","1920814,53",",000000",",000000","1260,000000","1260,000000"
"2021","ES","Não-Metálicos","Calcário","2214661,249500",",000000000000000","-","","2090529,2668000003","66234651,169199996",",000000",",000000","79853,330800","1145871,641300"
"2021","ES","Não-Metálicos","Areias Industriais","29635,120000",",000000000000000","-","","29836,120000000003","269246,15000000002",",000000",",000000",",000000",",000000"
"2021","ES","Não-Metálicos","Rochas Ornamentais","2913483,720500",",000000000000000","-","","2757611,4331999999","778028992,17080009",",000000",",000000","83460,039200","49736135,648700"
"2021","ES","Gemas e Diamantes","Gemas",",100000",",150000000000000","kg","","0,10000000000000001","780000",",000000",",000000",",000000",",000000"
"2021","GO","Não-Metálicos","Dolomito e Magnesita","554171,770000",",000000000000000","-","","0","0",",000000",",000000",",000000",",000000"
"2021","GO","Metálicos","Ferro","50000,000000","32500,000000000000000","t","Fe","0","0",",000000",",000000","50000,000000","3,000000"
"2021","GO","Gemas e Diamantes","Gemas","2999,360000","437,822030000000000","kg","","2979,3600000000001","1779255,05",",000000",",000000",",000000",",000000"
"2021","GO","Metálicos","Ouro","40178830,070000","13102,016680000000000","kg","Au","1383","297707,51000000001",",000000",",000000",",000000",",000000"
"2021","GO","Não-Metálicos","Bário","5273937,090000","70575,700000000000000","t","BaSO4","0","0",",000000",",000000",",000000",",000000"
"2021","GO","Metálicos","Nióbio","8569122,400000","49806,909110000000000","t","Nb2O5","0","0",",000000",",000000",",000000",",000000"
"2021","GO","Metálicos","Prata","1109989,000000","220,377470000000000","kg","Ag","0","0",",000000",",000000",",000000",",000000"
"2021","GO","Não-Metálicos","Calcário","13474381,113300",",000000000000000","-","","234361,47","2345738,1100000003",",000000",",000000",",000000",",000000"
"2021","GO","Gemas e Diamantes","Diamante",",000000",",000000000000000","ct","","0","0",",000000",",000000",",000000",",000000"
"2021","GO","Não-Metálicos","Areia","2539148,910000",",000000000000000","-","","1869913,8600000001","55245873,920000002",",000000",",000000","1800,000000","131000,000000"
"2021","GO","Não-Metálicos","Saibro","9181,430000",",000000000000000","-","","7316","191381,45000000001",",000000",",000000",",000000",",000000"
"2021","GO","Metálicos","Manganês","62792,660000","27172,000000000000000","t","Mn","0","0",",000000",",000000",",000000",",000000"
"2021","GO","Não-Metálicos","Areias Industriais","409866,240000",",000000000000000","-","","166,24000000000001","4780","166,240000","4780,000000","166,240000","4780,000000"
"2021","GO","Metálicos","Monazita e Terras-Raras",",000000",",000000000000000","t","ETR","0","0",",000000",",000000",",000000",",000000"
"2021","GO","Não-Metálicos","Rochas Ornamentais","62083,900000",",000000000000000","-","","48906,410000000003","44053970,759999998",",000000",",000000","10026,720000","7684330,320000"
"2021","GO","Não-Metálicos","Fosfato","11159270,300000","1421828,760000000000000","t","P2O5","0","0",",000000",",000000",",000000",",000000"
"2021","GO","Não-Metálicos","Vermiculita e Perlita","547263,000000","130600,000000000000000","t","","2800","21240",",000000",",000000",",000000",",000000"
"2021","GO","Não-Metálicos","Amianto","2881064,350000",",000000000000000","t","","0","0",",000000",",000000",",000000",",000000"
"2021","GO","Não-Metálicos","Rochas Ornamentais - Outras","38624,730000",",000000000000000","-","","37620,650000000001","693097,15000000002",",000000",",000000",",000000",",000000"
"2021","GO","Não-Metálicos","Argilas","776378,510000",",000000000000000","-","","479857,95999999996","4597409,0800000001","14913,000000","751513,600000","169108,640000","2658221,040000"
"2021","GO","Metálicos","Estanho",",000000",",000000000000000","kg","Sn","0","0",",000000",",000000",",000000",",000000"
"2021","GO","Metálicos","Cobre","37733278,300000","89102,810000000000000","t","Cu","0","0",",000000",",000000",",000000",",000000"
"2021","GO","Não-Metálicos","Rochas (Britadas) e Cascalho","10501771,306700",",000000000000000","-","","1633396,3399999999","41067043,090000004","111156,800000","645401,420000","449064,000000","80424,140000"
"2021","GO","Metálicos","Níquel","3519592,440000","47812,830000000000000","t"," Ni","33202,949999999997","1014238,3199999999",",000000",",000000",",000000",",000000"
"2021","GO","Metálicos","Titânio",",000000",",000000000000000","t","TiO2","0","0",",000000",",000000",",000000",",000000"
"2021","GO","Metálicos","Alumínio (Bauxita)","1665376,790000","855808,510000000000000","t","Al2O3","0","0",",000000",",000000","44956,760000","1981121,880000"
"2021","MA","Não-Metálicos","Argilas","795732,290000",",000000000000000","-","","221305,03","820383,62","69609,210000","742501,530000","515460,040000","4695921,400000"
"2021","MA","Metálicos","Ferro","52967,690000","26483,850000000000000","t","Fe","0","0",",000000",",000000","52967,690000","370773,830000"
"2021","MA","Não-Metálicos","Areia","1146955,260000",",000000000000000","-","","1122090,4299999999","17979620,879999999","9364,000000","190070,000000","1119,810000","2239,300000"
"2021","MA","Não-Metálicos","Rochas (Britadas) e Cascalho","4022201,670000",",000000000000000","-","","1217240,98","13630308,710000001","220,500000","12127,500000",",000000",",000000"
"2021","MA","Não-Metálicos","Saibro","3000,000000",",000000000000000","-","","3000","6150",",000000",",000000",",000000",",000000"
"2021","MA","Metálicos","Ouro","3180666,370000","4483,068500000000000","kg","Au","0","0",",000000",",000000",",000000",",000000"
"2021","MA","Não-Metálicos","Gipsita","746407,120000",",000000000000000","-","","118710,64000000001","2688611,0899999999",",000000",",000000",",000000",",000000"
"2021","MA","Não-Metálicos","Calcário","313624,400000",",000000000000000","-","","213405,39999999999","9626876,2699999996",",000000",",000000",",000000",",000000"
"2021","MG","Metálicos","Chumbo","2325675,670000","10601,680000000000000","t","Pb","0","0",",000000",",000000",",000000",",000000"
"2021","MG","Não-Metálicos","Argilas","3987700,640000",",000000000000000","-","","1518070,3499999999","28832841,699999999","551943,240000","1397378,350000","1025291,700000","9617654,290000"
"2021","MG","Metálicos","Estanho","639954,020000","253410,090000000000000","kg","Sn","0","0",",000000",",000000",",000000",",000000"
"2021","MG","Não-Metálicos","Bário",",000000",",000000000000000","t","BaSO4","0","0",",000000",",000000",",000000",",000000"
"2021","MG","Metálicos","Alumínio (Bauxita)","2376864,830000","744140,030000000000000","t","Al2O3","745586,74000000011","20308320,410000004","16190,150000","190234,240000","154129,950000","2796959,000000"
"2021","MG","Não-Metálicos","Feldspato, Leucita e Nefelina-Sienito","28331,300000",",000000000000000","-","","28737,729000000003","31172781,634",",000000",",000000","274,420000","230406,100000"
"2021","MG","Metálicos","Zircônio","6067,800000",",000000000000000","t","ZrSiO4","0","0",",000000",",000000",",000000",",000000"
"2021","MG","Não-Metálicos","Fosfato","24210805,930000","2403996,860000000000000","t","P2O5","1558,4200000000001","97917,800000000003",",000000",",000000","4824409,660000","167608748,640000"
"2021","MG","Não-Metálicos","Calcário","46237684,888400",",000000000000000","-","","7647516,4100000001","75981720,409999996","858236,000000","8065562,070000","2752755,920000","39203575,520000"
"2021","MG","Gemas e Diamantes","Gemas","257494,500000","20973,743730000000000","kg","","775,52999999999997","37564295,740000002",",000000",",000000","20,710000","11511632,830000"
"2021","MG","Não-Metálicos","Quartzo (Cristal) e outros Piezelétricos","2563,807851",",000000000000000","-","","14,447851","50406,986997","1750,400000","69578,949000",",000000",",000000"
"2021","MG","Não-Metálicos","Enxofre","1498331,000000","97222,720000000000000","t","S","0","0",",000000",",000000",",000000",",000000"
"2021","MG","Metálicos","Cádmio",",000000",",000000000000000","t","Cd","0","0",",000000",",000000",",000000",",000000"
"2021","MG","Não-Metálicos","Rochas Ornamentais","1410876,402000",",000000000000000","-","","1219581,5689999999","672662809,352",",000000",",000000","136666,589000","26791187,610000"
"2021","MG","Não-Metálicos","Dolomito e Magnesita","1606520,350000",",000000000000000","-","","4432,4200000000001","26625,080000000002",",000000",",000000",",000000",",000000"
"2021","MG","Metálicos","Ouro","59762626,550000","34200,922400000000000","kg","Au","0","0",",000000",",000000",",000000",",000000"
"2021","MG","Metálicos","Monazita e Terras-Raras",",000000",",000000000000000","t","ETR","0","0",",000000",",000000",",000000",",000000"
"2021","MG","Metálicos","Manganês","354970,780000","59289,440000000000000","t","Mn","53509,719999999994","15016360,52",",000000",",000000","18237,270000","6270015,970000"
"2021","MG","Não-Metálicos","Areias Industriais","1250306,700149",",000000000000000","-","","413020,96114899992","43547514,51200299","15753,600000","626210,541000","3041,898000","235152,285000"
"2021","MG","Metálicos","Níquel","24437,620000","400,780000000000000","t"," Ni","24437,619999999999","165344,53",",000000",",000000",",000000",",000000"
"2021","MG","Gemas e Diamantes","Diamante","247224,560000","2225,020000000000000","ct","","924,23000000000002","3423900",",000000",",000000",",000000",",000000"
"2021","MG","Não-Metálicos","Talco e outras Cargas Minerais","539011,302500",",000000000000000","-","","365398,47499999998","17299035,470000003",",000000",",000000","7139,820000","362044,560000"
"2021","MG","Gemas e Diamantes","Gemas",",000000",",000000000000000","-","","0","0",",000000",",000000",",000000",",000000"
"2021","MG","Não-Metálicos","Areia","7686167,730000",",000000000000000","-","","6802918,902999999","170892962,04500002","16582,500000","416881,380000","46050,463000","773930,945000"
"2021","MG","Metálicos","Prata","1498331,000000","811,954050000000000","kg","Ag","0","0",",000000",",000000",",000000",",000000"
"2021","MG","Metálicos","Titânio","6067,800000",",000000000000000","t","TiO2","0","0",",000000",",000000",",000000",",000000"
"2021","MG","Não-Metálicos","Grafita","1332728,730000","86368,730000000000000","t","","0","0",",000000",",000000",",000000",",000000"
"2021","MG","Não-Metálicos","Caulim","97882,370000",",000000000000000","-","","102232,56999999999","4378813,0999999996",",000000",",000000","1173,000000","893555,960000"
"2021","MG","Não-Metálicos","Saibro","173215,440000",",000000000000000","-","","68003,089999999997","1268319,79",",000000",",000000","53335,000000","40001,000000"
"2021","MG","Não-Metálicos","Rochas Ornamentais - Outras","70546,990000",",000000000000000","-","","40930,800000000003","28188572,290000003","635,000000","30480,000000","14723,020000","21911432,160000"
"2021","MG","Energéticos","Turfa","9456,000000",",000000000000000","-","","304,20999999999998","34796",",000000",",000000",",000000",",000000"
"2021","MG","Metálicos","Columbita-Tantalita","636023,220000","189,606970000000000","t","Ta2O5","0","0",",000000",",000000",",000000",",000000"
"2021","MG","Não-Metálicos","Rochas (Britadas) e Cascalho","29694727,839100",",000000000000000","-","","4400909,585","99953686,909999996","103158,810000","292363,270000","714620,470000","23786866,140000"
"2021","MG","Metálicos","Ferro","363582999,000000","177893755,370000000000000","t","Fe","9337296,120000001","938476023,00999987",",000000",",000000","152827,790000","179059,030000"
"2021","MG","Não-Metálicos","Minerais Industriais (Outros)","28,260000","28,260000000000000","t","","28,260000000000002","28260",",000000",",000000",",000000",",000000"
"2021","MG","Metálicos","Zinco","2541897,670000","180387,380000000000000","t","Zn","0","0",",000000",",000000",",000000",",000000"
"2021","MG","Não-Metálicos","Cianita e outros minerais refratários","2210,370000",",000000000000000","-","","0","0",",000000",",000000",",000000",",000000"
"2021","MG","Metálicos","Nióbio","5500927,000000","139978,633000000000000","t","Nb2O5","0","0",",000000",",000000",",000000",",000000"
"2021","MG","Metálicos","Berílio","2000,000000",",000000000000000","t","BeO","0","0",",000000",",000000",",000000",",000000"
"2021","MG","Não-Metálicos","Potássio","563624,250000","54596,430000000000000","t","K2O","562702,59000000008","11876919,41",",000000",",000000",",000000",",000000"
"2021","MG","Metálicos","Lítio","734424,520000","7599,810000000000000","t","Li2O","0","0",",000000",",000000",",000000",",000000"
"2021","MS","Não-Metálicos","Saibro","290880,460000",",000000000000000","-","","258032,34000000005","2705743,2999999998","62240,000000","361960,000000",",000000",",000000"
"2021","MS","Metálicos","Ferro","8411602,400000","5242918,510000000000000","t","Fe","0","0",",000000",",000000",",000000",",000000"
"2021","MS","Não-Metálicos","Areia","3085529,680000",",000000000000000","-","","2589221,3700000001","44749188,769999996","2862,860000","144903,040000",",000000",",000000"
"2021","MS","Não-Metálicos","Rochas (Britadas) e Cascalho","6832554,103500",",000000000000000","-","","651194,59850000008","14569459,825000001","93719,330000","572390,100000","12350,000000",",040000"
"2021","MS","Não-Metálicos","Argilas","421923,980000",",000000000000000","-","","171698,20000000001","2358960,9200000004",",000000",",000000",",000000",",000000"
"2021","MS","Não-Metálicos","Rochas Ornamentais","3482,420000",",000000000000000","-","","2881,6199999999999","11633127,539999999",",000000",",000000",",000000",",000000"
"2021","MS","Não-Metálicos","Fosfato","127628,000000",",010000000000000","t","P2O5","0","0",",000000",",000000",",000000",",000000"
"2021","MS","Metálicos","Manganês","271011,000000","105911,100000000000000","t","Mn","0","0",",000000",",000000",",000000",",000000"
"2021","MS","Não-Metálicos","Calcário","7764805,796500",",000000000000000","-","","108914,0315","5168265,8249999993",",000000",",000000","295018,670000",",120000"
"2021","MS","Não-Metálicos","Talco e outras Cargas Minerais","146464,040000",",000000000000000","-","","0","0",",000000",",000000",",000000",",000000"
"2021","MT","Gemas e Diamantes","Diamante","36106,850000","4287,030000000000000","ct","","0","0",",000000",",000000",",000000",",000000"
"2021","MT","Metálicos","Manganês","34939,420000","20975,200000000000000","t","Mn","3539,4200000000001","898784,05000000005",",000000",",000000","35338,500000","6360930,000000"
"2021","MT","Metálicos","Estanho","1292,700000","848892,440000000000000","kg","Sn","0","0",",000000",",000000",",000000",",000000"
"2021","MT","Não-Metálicos","Areias Industriais","20331,180000",",000000000000000","-","","19074,32","1563336,3900000001",",000000",",000000",",000000",",000000"
"2021","MT","Não-Metálicos","Dolomito e Magnesita","963231,360000",",000000000000000","-","","0","0",",000000",",000000",",000000",",000000"
"2021","MT","Não-Metálicos","Quartzo (Cristal) e outros Piezelétricos","8,630000",",000000000000000","-","","0","0",",000000",",000000",",000000",",000000"
"2021","MT","Não-Metálicos","Argilas","4902420,650000",",000000000000000","-","","3613508,2399999993","2709301,4399999999","500166,200000","640331,380000","48789,600000","607930,440000"
"2021","MT","Metálicos","Ouro","27434361,940000","16317,846030000000000","kg","Au","0","0",",000000",",000000","134396,060000","18593365,150000"
"2021","MT","Não-Metálicos","Rochas (Britadas) e Cascalho","6651182,073430",",000000000000000","-","","1239376,6899999999","22386940,190000001","422659,620000","3696195,850000","30580,000000","76012,000000"
"2021","MT","Não-Metálicos","Areia","2376002,610000",",000000000000000","-","","2281804,7899999996","68253065,559999987","70,000000","70,000000","19236,780000","466421,060000"
"2021","MT","Não-Metálicos","Talco e outras Cargas Minerais","87636,090000",",000000000000000","-","","0","0",",000000",",000000","87636,090000","27138,600000"
"2021","MT","Não-Metálicos","Rochas Ornamentais","30,000000",",000000000000000","-","","0","0",",000000",",000000",",000000",",000000"
"2021","MT","Não-Metálicos","Calcário","20775918,356570",",000000000000000","-","","2010163,28","62642805,929999992",",000000",",000000","1966411,150000","37068550,310000"
"2021","PA","Não-Metálicos","Quartzo (Cristal) e outros Piezelétricos",",000000",",000000000000000","-","","0","0",",000000",",000000",",000000",",000000"
"2021","PA","Não-Metálicos","Gipsita",",000000",",000000000000000","-","","0","0",",000000",",000000",",000000",",000000"
"2021","PA","Metálicos","Columbita-Tantalita","99530,600000","47,360000000000000","t","Nb2O5","0,59999999999999998","35292",",000000",",000000","1,000000",",000000"
"2021","PA","Metálicos","Columbita-Tantalita",",000000",",000000000000000","t","Ta2O5","0","0",",000000",",000000",",000000",",000000"
"2021","PA","Gemas e Diamantes","Diamante",",000000",",000000000000000","ct","","0","0",",000000",",000000",",000000",",000000"
"2021","PA","Não-Metálicos","Areias Industriais","500,000000",",000000000000000","-","","500","5000","500,000000","5000,000000","500,000000","5000,000000"
"2021","PA","Metálicos","Alumínio (Bauxita)","41405418,090000","18984589,420000000000000","t","Al2O3","0","0",",000000",",000000",",000000",",000000"
"2021","PA","Não-Metálicos","Argilas","511529,610000",",000000000000000","-","","218413,48000000001","3228077,7499999995","21470,000000","48532,700000","422517,570000","6093390,340000"
"2021","PA","Não-Metálicos","Rochas (Britadas) e Cascalho","3609438,020000",",000000000000000","-","","1510009,8","55449307,880000003","31350,000000","85420,000000",",000000",",000000"
"2021","PA","Não-Metálicos","Saibro","176707,170000",",000000000000000","-","","161253,82000000001","1097516,6299999999",",000000",",000000","15453,350000","88310,000000"
"2021","PA","Não-Metálicos","Areia","2294166,420000",",000000000000000","-","","2263747,5899999999","23070652,699999999","27475,000000","195534,900000","4500,000000","45000,000000"
"2021","PA","Não-Metálicos","Calcário","3330949,270000",",000000000000000","-","","525262,76000000001","18790784,960000001",",000000",",000000",",000000",",000000"
"2021","PA","Gemas e Diamantes","Gemas","301,370000","241095,200000000000000","kg","","301,37","1135543,2",",000000",",000000",",000000",",000000"
"2021","PA","Metálicos","Tungstênio",",000000",",000000000000000","t","WO3","0","0",",000000",",000000",",000000",",000000"
"2021","PA","Metálicos","Níquel","2647940,080000","40183,020000000000000","t"," Ni","0","0",",000000",",000000",",000000",",000000"
"2021","PA","Metálicos","Ferro","192263874,750000","124859022,660000000000000","t","Fe","648696,47999999998","170047390,15000001",",000000",",000000",",000000",",000000"
"2021","PA","Metálicos","Estanho","5978650,590000","1988657,120000000000000","kg","Sn","0,59999999999999998","35292",",000000",",000000",",000000",",000000"
"2021","PA","Metálicos","Ouro","54760377,020000","35310,949400000000000","kg","Au","3976,8399999999997","355959424,25999993","1085,010000","59329,970000","191027,840000","50594837,090000"
"2021","PA","Metálicos","Prata","511018,620000","75,953080000000000","kg","Ag","0","0",",000000",",000000",",000000",",000000"
"2021","PA","Metálicos","Cobre","57397279,290000","377408,680000000000000","t","Cu","13929,780000000001","1619867,73",",000000",",000000",",000000",",000000"
"2021","PA","Não-Metálicos","Fosfato","106590,000000","22383,900000000000000","t","P2O5","0","0",",000000",",000000",",000000",",000000"
"2021","PA","Metálicos","Manganês","720182,010000","253137,260000000000000","t","Mn","3417,0300000000002","2481859,8199999998",",000000",",000000",",000000",",000000"
"2021","PA","Não-Metálicos","Caulim","2688337,850000",",000000000000000","-","","77371,459999999992","9508869,6799999997",",000000",",000000","1321804,510000","69133298,590000"
"2021","PA","Não-Metálicos","Rochas Ornamentais - Outras",",000000",",000000000000000","-","","1168,8","2918015,8900000001",",000000",",000000",",000000",",000000"
"2021","PB","Não-Metálicos","Areia","1160759,300000",",000000000000000","-","","1160675,2999999998","13760636,585000001",",000000",",000000",",000000",",000000"
"2021","PB","Não-Metálicos","Mica","4126,530000",",000000000000000","-","","3799,9499999999998","2414971,1000000001",",000000",",000000","325,630000","530198,900000"
"2021","PB","Não-Metálicos","Dolomito e Magnesita","10120,000000",",000000000000000","-","","10120","162018",",000000",",000000",",000000",",000000"
"2021","PB","Não-Metálicos","Cianita e outros minerais refratários",",000000",",000000000000000","-","","0","0",",000000",",000000",",000000",",000000"
"2021","PB","Metálicos","Titânio","262338,000000","72473,660000000000000","t","TiO2","0","0",",000000",",000000",",000000",",000000"
"2021","PB","Não-Metálicos","Areias Industriais","133206,430000",",000000000000000","-","","96519,090000000011","3078347,3149999999",",000000",",000000","49683,720000","462318,840000"
"2021","PB","Não-Metálicos","Feldspato, Leucita e Nefelina-Sienito","94905,770000",",000000000000000","-","","94385,87000000001","8856394,9600000009",",000000",",000000",",000000",",000000"
"2021","PB","Metálicos","Columbita-Tantalita","2,730000","1,020000000000000","t","Nb2O5","0","0",",000000",",000000",",000000",",000000"
"2021","PB","Metálicos","Estanho","5,550000","920,000000000000000","kg","Sn","5","625405,94999999995",",000000",",000000",",000000",",000000"
"2021","PB","Não-Metálicos","Quartzo (Cristal) e outros Piezelétricos",",000000",",000000000000000","-","","0","0",",000000",",000000",",000000",",000000"
"2021","PB","Não-Metálicos","Caulim","1036,600000",",000000000000000","-","","1036,5999999999999","61124",",000000",",000000",",000000",",000000"
"2021","PB","Não-Metálicos","Rochas Ornamentais","11043,486000",",000000000000000","-","","7895,2820000000002","28317581,671999998",",000000",",000000",",000000",",000000"
"2021","PB","Não-Metálicos","Vermiculita e Perlita","5339,750000",",000000000000000","t","","5339,75","9555623,4000000004",",000000",",000000",",000000",",000000"
"2021","PB","Metálicos","Ouro","3700,000000",",370000000000000","kg","Au","0","0",",000000",",000000",",000000",",000000"
"2021","PB","Gemas e Diamantes","Gemas","1815,000000",",012000000000000","kg","","0","0",",000000",",000000",",000000",",000000"
"2021","PB","Não-Metálicos","Minerais Industriais (Outros)",",000000",",000000000000000","t","","0","0",",000000",",000000",",000000",",000000"
"2021","PB","Não-Metálicos","Calcário","6091336,380000",",000000000000000","-","","2594910,3000000003","46353276,960000001","17613,170000","2347163,900000","25078,730000","1051625,040000"
"2021","PB","Metálicos","Zircônio",",000000",",000000000000000","t","ZrSiO4","0","0",",000000",",000000",",000000",",000000"
"2021","PB","Metálicos","Columbita-Tantalita","11,510000","2,334390000000000","t","Ta2O5","6,4199999999999999","838402,02000000002",",000000",",000000",",000000",",000000"
"2021","PB","Não-Metálicos","Rochas Ornamentais - Outras","15343,980000",",000000000000000","-","","15343,98","1052582,74",",000000",",000000",",000000",",000000"
"2021","PB","Não-Metálicos","Rochas (Britadas) e Cascalho","1352198,634000",",000000000000000","-","","40620,737999999998","3415925,5080000004","320393,840000","8557606,440000","73359,000000","50017,500000"
"2021","PB","Metálicos","Tungstênio",",000000",",000000000000000","t","WO3","0","0",",000000",",000000",",000000",",000000"
"2021","PB","Não-Metálicos","Saibro","45564,250000",",000000000000000","-","","1855,75","57704,07",",000000",",000000","43708,500000","29801,250000"
"2021","PB","Não-Metálicos","Talco e outras Cargas Minerais","49743,240000",",000000000000000","-","","0","0",",000000",",000000","49743,240000","2884205,190000"
"2021","PB","Não-Metálicos","Argilas","967665,300000",",000000000000000","-","","394200,53000000003","11395011,340000002",",000000",",000000","40348,970000","1437970,900000"
"2021","PE","Metálicos","Ouro","1227,500000","5,297560000000000","kg","Au","0","0",",000000",",000000",",000000",",000000"
"2021","PE","Não-Metálicos","Vermiculita e Perlita","1298,000000","474,010000000000000","t","","0","0",",120000","460491,000000",",000000",",000000"
"2021","PE","Não-Metálicos","Gipsita","2496922,610000",",000000000000000","-","","1113974,9399999999","42971670,140000001",",000000",",000000","11396,730000","303683,620000"
"2021","PE","Não-Metálicos","Saibro","35500,000000",",000000000000000","-","","5500","32800","30000,000000",",100000",",000000",",000000"
"2021","PE","Não-Metálicos","Argilas","757635,710000",",000000000000000","-","","692302,45000000007","8866223,6700000018","4697,580000","39413,600000","189974,530000","3956837,920000"
"2021","PE","Metálicos","Titânio",",000000",",000000000000000","t","TiO2","0","0",",000000",",000000",",000000",",000000"
"2021","PE","Não-Metálicos","Rochas (Britadas) e Cascalho","5042982,979200",",000000000000000","-","","512910,90139999997","2318868,9604000002","51668,410000","1876805,390000","243127,510000","1291851,510000"
"2021","PE","Não-Metálicos","Rochas Ornamentais - Outras",",000000",",000000000000000","-","","0","0",",000000",",000000",",000000",",000000"
"2021","PE","Não-Metálicos","Calcário","189752,420800",",000000000000000","-","","12050,2286","43050,219599999997","285,000000","2850,000000","77983,050000","1021254,680000"
"2021","PE","Não-Metálicos","Rochas Ornamentais","85275,130000",",000000000000000","-","","4817,0400000000009","7697533,8200000003",",000000",",000000","79804,460000",",120000"
"2021","PE","Não-Metálicos","Talco e outras Cargas Minerais","8000,000000",",000000000000000","-","","0","0",",000000",",000000",",000000",",000000"
"2021","PE","Não-Metálicos","Areias Industriais","110010,200000",",000000000000000","-","","61887,309999999998","1521962,4299999999",",000000",",000000","34,660000","4953,600000"
"2021","PE","Não-Metálicos","Areia","691648,420000",",000000000000000","-","","925707,08999999997","8280115,0899999999",",000000",",000000","180189,600000","588688,760000"
"2021","PI","Não-Metálicos","Rochas (Britadas) e Cascalho","1762803,280000",",000000000000000","-","","38080,619999999995","1167478,8900000001",",000000",",000000","23392,880000","909575,120000"
"2021","PI","Metálicos","Ferro",",000000",",000000000000000","t","Fe","0","0",",000000",",000000",",000000",",000000"
"2021","PI","Não-Metálicos","Rochas Ornamentais","5791,380000",",000000000000000","-","","3222,46","2491648,7800000003",",000000",",000000","280,000000","22400,000000"
"2021","PI","Não-Metálicos","Rochas Ornamentais - Outras","10259,360000",",000000000000000","-","","0","0",",000000",",000000","10259,380000","387576,690000"
"2021","PI","Gemas e Diamantes","Gemas","19000,050000","33,233500000000000","kg","","1,95","190990",",000000",",000000",",000000",",000000"
"2021","PI","Não-Metálicos","Saibro","40831,180000",",000000000000000","-","","16063,18","62649,239999999998","24768,000000","34560,000000",",000000",",000000"
"2021","PI","Não-Metálicos","Dolomito e Magnesita","153891,880000",",000000000000000","-","","153891,88","2770053,8399999999",",000000",",000000",",000000",",000000"
"2021","PI","Não-Metálicos","Argilas","447743,110000",",000000000000000","-","","258883,44","1358066,6700000004","19002,000000","148120,000000","113888,450000","1457991,040000"
"2021","PI","Não-Metálicos","Areia","278546,530000",",000000000000000","-","","276749,52000000002","8148081,1499999994","20376,000000","274880,000000",",000000",",000000"
"2021","PI","Não-Metálicos","Calcário","1306137,790000",",000000000000000","-","","389091,63999999996","14245525,67",",000000",",000000",",000000",",000000"
"2021","PR","Não-Metálicos","Fluorita e Criolita","78937,210000","35490,170000000000000","t","","0","0",",000000",",000000",",000000",",000000"
"2021","PR","Metálicos","Prata","86567,360000","24,341900000000000","kg","Ag","0","0",",000000",",000000",",000000",",000000"
"2021","PR","Metálicos","Ouro","91655,600000","368,007760000000000","kg","Au","0","0",",000000",",000000",",000000",",000000"
"2021","PR","Não-Metálicos","Feldspato, Leucita e Nefelina-Sienito","130476,000000",",000000000000000","-","","0","0",",000000",",000000",",000000",",000000"
"2021","PR","Energéticos","Carvão Mineral","121754,730000",",000000000000000","-","","0","0",",000000",",000000",",000000",",000000"
"2021","PR","Não-Metálicos","Rochas (Britadas) e Cascalho","26042703,071800",",000000000000000","-","","3070911,9725000001","61236694,453100003","1104949,950000","6775594,900000","570955,620000","2659793,480000"
"2021","PR","Não-Metálicos","Rochas Ornamentais","49928,333500",",000000000000000","-","","24240,899699999998","21249025,619899996",",000000",",000000","3838,347000","839839,000000"
"2021","PR","Não-Metálicos","Areia","10083519,470000",",000000000000000","-","","7439114,8699999992","158910261,63","26078,280000","645316,910000","116246,320000","3133495,190000"
"2021","PR","Não-Metálicos","Areias Industriais","59753,440000",",000000000000000","-","","58357,750000000007","1256879,79",",000000",",000000","1395,690000","47848,480000"
"2021","PR","Não-Metálicos","Dolomito e Magnesita","3240537,980000",",000000000000000","-","","1589613,04","6889678,9900000002","1448284,860000","7382833,810000",",000000",",000000"
"2021","PR","Não-Metálicos","Bário","1330,340000","1248,970000000000000","t","BaSO4","1330,3399999999999","1839873,8100000001",",000000",",000000",",000000",",000000"
"2021","PR","Não-Metálicos","Talco e outras Cargas Minerais","3445997,010000",",000000000000000","-","","2979241,23","54490535,519999996","396709,710000","5417216,870000","20077,680000","772727,200000"
"2021","PR","Não-Metálicos","Caulim","48333,150000",",000000000000000","-","","28261,330000000002","3122268,9400000004",",000000",",000000","17080,720000","450254,760000"
"2021","PR","Não-Metálicos","Calcário","15089134,647700",",000000000000000","-","","2974421,2377999993","45032710,796999998","619,420000","2477,680000","805241,503000","9732037,730000"
"2021","PR","Não-Metálicos","Saibro","1248649,810000",",000000000000000","-","","1051392,0299999998","15252004,609999998","81352,800000","935585,020000","21381,000000","88594,000000"
"2021","PR","Metálicos","Chumbo",",000000",",000000000000000","t","Pb","0","0",",000000",",000000",",000000",",000000"
"2021","PR","Não-Metálicos","Argilas","1404530,210000",",000000000000000","-","","828857,03000000026","20107170,460000001","149272,210000","2005572,240000","402089,590000","3836546,090000"
"2021","PR","Não-Metálicos","Rochas Ornamentais - Outras","76158,767000",",000000000000000","-","","28515,529999999999","1622425,29",",000000",",000000","700,000000","250000,000000"
"2021","PR","Gemas e Diamantes","Gemas","3412,960000","3412960,000000000000000","kg","","0","0",",000000",",000000","3412,960000","85324,000000"
"2021","PR","Metálicos","Zinco",",000000",",000000000000000","t","Zn","0","0",",000000",",000000",",000000",",000000"
"2021","RJ","Não-Metálicos","Rochas (Britadas) e Cascalho","14677776,310000",",000000000000000","-","","607172,84999999998","7164346,8699999992",",000000",",000000","163297,440000","6671196,990000"
"2021","RJ","Não-Metálicos","Areia","4076132,900000",",000000000000000","-","","3924456,4700000002","80115151,199999988",",000000",",000000",",000000",",000000"
"2021","RJ","Metálicos","Zircônio",",000000",",000000000000000","t","ZrSiO4","0","0",",000000",",000000",",000000",",000000"
"2021","RJ","Não-Metálicos","Fluorita e Criolita","1,000000",",000000000000000","t","","0","0",",000000",",000000",",000000",",000000"
"2021","RJ","Não-Metálicos","Feldspato, Leucita e Nefelina-Sienito","19800,000000",",000000000000000","-","","6343,3000000000002","456966,78000000003",",000000",",000000",",000000",",000000"
"2021","RJ","Não-Metálicos","Calcário","2659684,180000",",000000000000000","-","","0","0","583401,000000","7422580,000000",",000000",",000000"
"2021","RJ","Não-Metálicos","Argilas","1674698,620000",",000000000000000","-","","117377,42","934128,59000000008","36732,000000","315056,000000","1472796,560000","4155691,760000"
"2021","RJ","Metálicos","Monazita e Terras-Raras",",000000",",000000000000000","t","ETR","0","0",",000000",",000000",",000000",",000000"
"2021","RJ","Não-Metálicos","Rochas Ornamentais - Outras","61333,760000",",000000000000000","-","","38502,509999999995","3611129,8599999999",",000000",",000000","22735,250000","799789,760000"
"2021","RJ","Não-Metálicos","Saibro","5907062,220000",",000000000000000","-","","5901247,2200000007","10018164,189999999","565,000000","1412,500000","5815,000000","2423,500000"
"2021","RJ","Não-Metálicos","Areias Industriais","19451,520000",",000000000000000","-","","23739,52","769996,5",",000000",",000000",",000000",",000000"
"2021","RJ","Metálicos","Alumínio (Bauxita)",",000000",",000000000000000","t","Al2O3","0","0",",000000",",000000",",000000",",000000"
"2021","RJ","Não-Metálicos","Rochas Ornamentais","37417,460000",",000000000000000","-","","8351,5100000000002","2521387,5100000002",",000000",",000000","1409,650000","54227,000000"
"2021","RJ","Metálicos","Titânio",",000000",",000000000000000","t","TiO2","0","0",",000000",",000000",",000000",",000000"
"2021","RN","Não-Metálicos","Quartzo (Cristal) e outros Piezelétricos","2,000000",",000000000000000","-","","0","0",",000000",",000000",",000000",",000000"
"2021","RN","Não-Metálicos","Mica","18,000000",",000000000000000","-","","0","0",",000000",",000000",",000000",",000000"
"2021","RN","Metálicos","Tungstênio","74721,080000","417,140000000000000","t","WO3","0","0",",000000",",000000",",000000",",000000"
"2021","RN","Não-Metálicos","Calcário","3466561,150000",",000000000000000","-","","400826,64000000001","5483058,1099999994",",000000",",000000","2763438,230000","54808991,000000"
"2021","RN","Não-Metálicos","Areias Industriais","9828,270000",",000000000000000","-","","9805,5999999999985","1150544,46",",000000",",000000",",000000",",000000"
"2021","RN","Gemas e Diamantes","Gemas","14463,961500","27,239990000000000","kg","","0","0",",000000",",000000",",000000",",000000"
"2021","RN","Não-Metálicos","Rochas (Britadas) e Cascalho","1270723,360000",",000000000000000","-","","240529,19999999998","1003405",",000000",",000000","72085,010000","163749,660000"
"2021","RN","Gemas e Diamantes","Gemas",",500000",",000000000000000","-","","0","0",",000000",",000000",",000000",",000000"
"2021","RN","Não-Metálicos","Gipsita",",000000",",000000000000000","-","","0","0",",000000",",000000",",000000",",000000"
"2021","RN","Não-Metálicos","Saibro","590362,730000",",000000000000000","-","","453056,72999999998","2477974,5999999996","113095,000000","165069,000000","95750,000000","233948,000000"
"2021","RN","Não-Metálicos","Rochas Ornamentais","57135,150000",",000000000000000","-","","3042494","23799482,949999999",",000000",",000000","886,990000","101198,570000"
"2021","RN","Não-Metálicos","Areia","244865,340000",",000000000000000","-","","205620,34","1582008,0800000001","90802,000000","248167,000000","51433,000000","117610,700000"
"2021","RN","Metálicos","Columbita-Tantalita","40,000000",",004000000000000","t","Ta2O5","0","0",",000000",",000000",",000000",",000000"
"2021","RN","Não-Metálicos","Rochas Ornamentais - Outras","23666,690000",",000000000000000","-","","16959,5","21796443,549999997",",000000",",000000","2769,050000","875478,000000"
"2021","RN","Metálicos","Ferro","4119,270000","1272,440000000000000","t","Fe","4119,2700000000004","66732,169999999998",",000000",",000000",",000000",",000000"
"2021","RN","Não-Metálicos","Caulim","79870,000000",",000000000000000","-","","80070","3620700",",000000",",000000",",000000",",000000"
"2021","RN","Não-Metálicos","Feldspato, Leucita e Nefelina-Sienito","1025134,840000",",000000000000000","-","","1024751,7100000001","4794581,8599999994",",000000",",000000",",000000",",000000"
"2021","RN","Não-Metálicos","Argilas","693071,760000",",000000000000000","-","","621620,73999999999","754998,16000000003","18471,830000","173299,100000","52979,190000","2967682,420000"
"2021","RN","Não-Metálicos","Diatomita","315,000000",",000000000000000","-","","327","56625",",000000",",000000",",000000",",000000"
"2021","RN","Não-Metálicos","Dolomito e Magnesita","48708,920000",",000000000000000","-","","0","0",",000000",",000000",",000000",",000000"
"2021","RN","Não-Metálicos","Minerais Industriais (Outros)",",028500",",000190000000000","t","","0","0",",000000",",000000",",000000",",000000"
"2021","RO","Não-Metálicos","Areia","285156,660000",",000000000000000","-","","240425,31999999995","8737188,4399999995",",000000",",000000",",000000",",000000"
"2021","RO","Metálicos","Columbita-Tantalita","43664,710000","1,189043500000000","t","Ta2O5","0","0",",000000",",000000",",000000",",000000"
"2021","RO","Gemas e Diamantes","Gemas",",000000",",000000000000000","kg","","0","0",",000000",",000000",",000000",",000000"
"2021","RO","Não-Metálicos","Rochas Ornamentais",",000000",",000000000000000","-","","0","0",",000000",",000000",",000000",",000000"
"2021","RO","Não-Metálicos","Areias Industriais","1783,830000",",000000000000000","-","","0","0",",000000",",000000",",000000",",000000"
"2021","RO","Metálicos","Columbita-Tantalita","1372986,480000","813,889816500000000","t","Nb2O5","0","0",",000000",",000000",",000000",",000000"
"2021","RO","Não-Metálicos","Rochas (Britadas) e Cascalho","1893161,410000",",000000000000000","-","","836059,91000000027","29584503,68","216,000000","756,000000",",000000",",000000"
"2021","RO","Não-Metálicos","Calcário","489036,700000",",000000000000000","-","","359977,89000000001","26234017,990000002",",000000",",000000","269821,000000","971354,000000"
"2021","RO","Metálicos","Chumbo","184957,000000","2071,510000000000000","t","Pb","0","0",",000000",",000000",",000000",",000000"
"2021","RO","Metálicos","Ouro","6270113,150000","1230,035460000000000","kg","Au","0","0",",000000",",000000",",000000",",000000"
"2021","RO","Não-Metálicos","Argilas","297788,700000",",000000000000000","-","","50984,919999999998","1123583,04",",000000",",000000","246803,780000","5862878,840000"
"2021","RO","Não-Metálicos","Saibro",",000000",",000000000000000","-","","0","0",",000000",",000000",",000000",",000000"
"2021","RO","Metálicos","Zinco","184957,000000","18400,000000000000000","t","Zn","0","0",",000000",",000000",",000000",",000000"
"2021","RO","Metálicos","Titânio","876341,540000","3059,870000000000000","t","TiO2","3047,3400000000001","283080",",000000",",000000",",000000",",000000"
"2021","RO","Metálicos","Estanho","21884919,770000","7342264,660000000000000","kg","Sn","605,11000000000001","74958634,409999996",",120000",",120000","3,000000",",000000"
"2021","RR","Não-Metálicos","Rochas (Britadas) e Cascalho","469869,000000",",000000000000000","-","","111272,49999999999","736208,2699999999",",000000",",000000",",000000",",000000"
"2021","RR","Metálicos","Ouro",",000000",",000000000000000","kg","Au","0","0",",000000",",000000",",000000",",000000"
"2021","RR","Não-Metálicos","Rochas Ornamentais","898,530000",",000000000000000","-","","898,52999999999997","56522,289999999994",",000000",",000000",",000000",",000000"
"2021","RR","Não-Metálicos","Argilas","210961,360000",",000000000000000","-","","210301,75999999998","899959,01000000001","659,600000",",120000",",000000",",000000"
"2021","RR","Não-Metálicos","Areia","150755,350000",",000000000000000","-","","150755,34999999998","1895743,9299999999",",000000",",000000",",000000",",000000"
"2021","RS","Metálicos","Ouro",",000000",",000000000000000","kg","Au","0","0",",000000",",000000",",000000",",000000"
"2021","RS","Não-Metálicos","Rochas (Britadas) e Cascalho","21619037,707028",",000000000000000","-","","1833491,7657270003","27227531,481666002","42913,940000","453310,580000","768398,120000","8914200,610000"
"2021","RS","Não-Metálicos","Saibro","2449298,560000",",000000000000000","-","","1332604,9100000001","17374946,43","98500,400000","1769646,280000","393302,050000","1950972,340000"
"2021","RS","Não-Metálicos","Geodos, Ágatas, Calcedônia, etc","16325,620000","12890,344570000000000","t","","15869,340000000002","73248461,090000004",",000000",",000000",",000000",",000000"
"2021","RS","Não-Metálicos","Areia","10831160,090000",",000000000000000","-","","10655213,279999999","162739365,21000004","300,000000","3000,000000","300056,090000","4093233,170000"
"2021","RS","Gemas e Diamantes","Gemas",",000000",",000000000000000","-","","0","0",",000000",",000000",",000000",",000000"
"2021","RS","Não-Metálicos","Rochas Ornamentais","247838,060000",",000000000000000","-","","247410,80000000002","18073023,57",",000000",",000000",",000000",",000000"
"2021","RS","Metálicos","Chumbo",",000000",",000000000000000","t","Pb","0","0",",000000",",000000",",000000",",000000"
"2021","RS","Não-Metálicos","Rochas Ornamentais - Outras","692467,032972",",000000000000000","-","","596383,5542730001","34431912,688334003","3690,000000","73800,000000","14255,970000","156249,970000"
"2021","RS","Não-Metálicos","Caulim","363998,470000",",000000000000000","-","","183159,08999999997","9422285,3900000006",",000000",",000000","135388,930000","2466926,360000"
"2021","RS","Não-Metálicos","Areias Industriais","124,000000",",000000000000000","-","","124","9400",",000000",",000000",",000000",",000000"
"2021","RS","Não-Metálicos","Calcário","5986203,530000",",000000000000000","-","","2648835,6899999999","21942150,759999998",",000000",",000000",",000000",",000000"
"2021","RS","Gemas e Diamantes","Gemas","352,900000","46502,000000000000000","kg","","351,21999999999997","1787676,98",",000000",",000000",",000000",",000000"
"2021","RS","Energéticos","Carvão Mineral","5821193,060000",",000000000000000","-","","0","0",",000000",",000000",",000000",",000000"
"2021","RS","Metálicos","Prata",",000000",",000000000000000","kg","Ag","0","0",",000000",",000000",",000000",",000000"
"2021","RS","Não-Metálicos","Argilas","3329377,210000",",000000000000000","-","","1567838,5499999998","16606696,43","634818,330000","5517616,350000","1260374,130000","8102400,940000"
"2021","RS","Não-Metálicos","Talco e outras Cargas Minerais","1958,480000",",000000000000000","-","","1958,48","817393,95999999996",",000000",",000000",",000000",",000000"
"2021","RS","Metálicos","Cobre",",000000",",000000000000000","t","Cu","0","0",",000000",",000000",",000000",",000000"
"2021","SC","Não-Metálicos","Dolomito e Magnesita","369000,000000",",000000000000000","-","","0","0",",000000",",000000",",000000",",000000"
"2021","SC","Não-Metálicos","Areia","8197419,020000",",000000000000000","-","","6856238,6399999997","159652659,74000004","35561,990000","676929,310000","235858,560000","4643859,060000"
"2021","SC","Não-Metálicos","Rochas Ornamentais","354768,179400",",000000000000000","-","","350554,07500000001","13077463,380000001",",000000",",000000",",000000",",000000"
"2021","SC","Não-Metálicos","Fluorita e Criolita",",000000",",000000000000000","t","","0","0",",000000",",000000",",000000",",000000"
"2021","SC","Não-Metálicos","Minerais Industriais (Outros)",",020000",",000000020000000","t","","0,02","3796",",000000",",000000",",000000",",000000"
"2021","SC","Não-Metálicos","Calcário","3068433,430000",",000000000000000","-","","256028,35000000001","1129083,27",",000000",",000000","35731,980000","1331251,110000"
"2021","SC","Não-Metálicos","Rochas Ornamentais - Outras","164952,077600",",000000000000000","-","","105289,62","5092960,8200000003","55,360000","5602,600000",",000000",",000000"
"2021","SC","Não-Metálicos","Rochas (Britadas) e Cascalho","27293870,983000",",000000000000000","-","","2100277,7150000003","53899519,859999992","331275,600000","3901711,640000","755427,450000","5827194,730000"
"2021","SC","Não-Metálicos","Areias Industriais","1360453,340000",",000000000000000","-","","7181,3099999999995","904433,28000000003","26,000000","442,000000",",000000",",000000"
"2021","SC","Energéticos","Turfa","33978,610000",",000000000000000","-","","14829,970000000001","1825753,04",",000000",",000000",",000000",",000000"
"2021","SC","Não-Metálicos","Argilas","5725161,450000",",000000000000000","-","","3916473,6200000001","57597482,049999997","131071,220000","769661,100000","1558114,250000","21178516,420000"
"2021","SC","Não-Metálicos","Caulim","150652,500000",",000000000000000","-","","107115,34999999999","6179218,2300000004",",000000",",000000","11424,490000","172686,820000"
"2021","SC","Energéticos","Carvão Mineral","5839366,900000",",000000000000000","-","","674","218565,45999999999",",000000",",000000",",000000",",000000"
"2021","SC","Não-Metálicos","Saibro","4136021,680000",",000000000000000","-","","2805977,7399999998","32453769,450000003","305641,930000","1664617,880000","496192,230000","3151163,730000"
"2021","SC","Não-Metálicos","Feldspato, Leucita e Nefelina-Sienito","148781,760000",",000000000000000","-","","0","0",",000000",",000000",",000000",",000000"
"2021","SE","Não-Metálicos","Talco e outras Cargas Minerais","66380,860000",",000000000000000","-","","0","0",",000000",",000000","67271,320000","728531,400000"
"2021","SE","Não-Metálicos","Potássio","1821404,470000","367289,290000000000000","t","K2O","0","0",",000000",",000000",",000000",",000000"
"2021","SE","Não-Metálicos","Rochas (Britadas) e Cascalho","1285188,850000",",000000000000000","-","","953665,94999999995","2221878,5699999994",",000000",",000000",",000000",",000000"
"2021","SE","Não-Metálicos","Areia","247846,270000",",000000000000000","-","","247846,27000000002","2304553,8599999999",",000000",",000000",",000000",",000000"
"2021","SE","Não-Metálicos","Saibro","822,650000",",000000000000000","-","","822,64999999999998","2644,2600000000002",",000000",",000000",",000000",",000000"
"2021","SE","Não-Metálicos","Argilas","1365365,470000",",000000000000000","-","","400252,25999999995","3610714,1599999997",",000000",",000000","811167,950000","12071989,340000"
"2021","SE","Não-Metálicos","Calcário","3297552,280000",",000000000000000","-","","237758,95999999999","317268,71999999997",",000000",",000000","123435,000000","3121729,920000"
"2021","SE","Não-Metálicos","Rochas Ornamentais","950,630000",",000000000000000","-","","950,63","5334080,5999999996",",000000",",000000",",000000",",000000"
"2021","SE","Não-Metálicos","Areias Industriais","80789,750000",",000000000000000","-","","9489,3999999999996","227620,39999999999",",000000",",000000",",000000",",000000"
"2021","SP","Não-Metálicos","Rochas Ornamentais - Outras","4326,890000",",000000000000000","-","","4272,0899999999992","1305355,3999999999",",000000",",000000",",000000",",000000"
"2021","SP","Não-Metálicos","Argilas","18226383,860000",",000000000000000","-","","14402748,629999997","215355655,65999997","207922,860000","1649479,600000","1937482,910000","14176724,060000"
"2021","SP","Não-Metálicos","Calcário","11571422,867900",",000000000000000","-","","177171,038","7245593,199","518,000000","518,000000","76259,600000","1885933,330000"
"2021","SP","Metálicos","Estanho",",000000",",000000000000000","kg","Sn","0","0",",000000",",000000",",000000",",000000"
"2021","SP","Não-Metálicos","Rochas (Britadas) e Cascalho","70490827,798100",",000000000000000","-","","3053564,0000000005","113514033,825","95388,950000","230081,030000","269846,370000","1108041,680000"
"2021","SP","Não-Metálicos","Areias Industriais","7418811,664000",",000000000000000","-","","1265213,9600000002","46468723,809999995","33815,240000","67620,000000","2222,424000","41941,870000"
"2021","SP","Metálicos","Alumínio (Bauxita)","868269,700000","309930,390000000000000","t","Al2O3","491323,42999999999","21884153,620000001",",000000",",000000",",000000",",000000"
"2021","SP","Não-Metálicos","Potássio",",000000",",000000000000000","t","K2O","0","0",",000000",",000000",",000000",",000000"
"2021","SP","Não-Metálicos","Minerais Industriais (Outros)",",000000",",000000000000000","t","","0","0",",000000",",000000",",000000",",000000"
"2021","SP","Não-Metálicos","Talco e outras Cargas Minerais","2553331,650000",",000000000000000","-","","996211,14000000013","41174911,379999995",",000000",",000000","86,790000","781,200000"
"2021","SP","Não-Metálicos","Areia","31552772,826000",",000000000000000","-","","15961211,480000002","421807867,24000001","18481,760000","465054,540000","567974,246000","4329296,420000"
"2021","SP","Metálicos","Ferro",",000000",",000000000000000","t","Fe","0","0",",000000",",000000",",000000",",000000"
"2021","SP","Energéticos","Turfa","89153,530000",",000000000000000","-","","92457,760000000009","9692140,1300000008",",000000",",000000",",000000",",000000"
"2021","SP","Não-Metálicos","Dolomito e Magnesita","1052230,344000",",000000000000000","-","","296570,86199999996","4169853,9210000001",",000000",",000000",",000000",",000000"
"2021","SP","Não-Metálicos","Caulim","145028,110000",",000000000000000","-","","9593,3500000000004","298682",",000000",",000000","11359,000000","122125,000000"
"2021","SP","Não-Metálicos","Feldspato, Leucita e Nefelina-Sienito","2725,320000",",000000000000000","-","","144","10800",",000000",",000000",",000000",",000000"
"2021","SP","Metálicos","Zircônio",",000000",",000000000000000","t","ZrSiO4","0","0",",000000",",000000",",000000",",000000"
"2021","SP","Não-Metálicos","Saibro","419178,000000",",000000000000000","-","","417500,57000000001","5180623,290000001","1760,000000","1760,000000",",000000",",000000"
"2021","SP","Não-Metálicos","Fosfato","3292763,550000","157047,150000000000000","t","P2O5","187824,39999999999","2402145,5699999998",",000000",",000000",",000000",",000000"
"2021","SP","Não-Metálicos","Rochas Ornamentais","14262,920000",",000000000000000","-","","13082,74","2103071,1549999998",",000000",",000000",",000000",",000000"
"2021","TO","Não-Metálicos","Talco e outras Cargas Minerais",",000000",",000000000000000","-","","54,859999999999999","173232,73999999999",",000000",",000000",",000000",",000000"
"2021","TO","Não-Metálicos","Calcário","10071556,532300",",000000000000000","-","","1893208,5600000001","72616823,209999993",",000000",",000000",",000000",",000000"
"2021","TO","Não-Metálicos","Argilas","196518,980000",",000000000000000","-","","167658,97999999998","1147771,21","22165,000000","69838,800000","165133,490000","165133,490000"
"2021","TO","Não-Metálicos","Areia","337150,540000",",000000000000000","-","","210028,43999999997","5984301,1600000001",",000000",",000000",",000000",",000000"
"2021","TO","Não-Metálicos","Rochas Ornamentais","1200,000000",",000000000000000","-","","295,05000000000001","106424",",000000",",000000",",000000",",000000"
"2021","TO","Não-Metálicos","Rochas (Britadas) e Cascalho","1217693,347700",",000000000000000","-","","144120,5","3753871,7800000003",",000000",",000000",",000000",",000000"
"2021","TO","Não-Metálicos","Feldspato, Leucita e Nefelina-Sienito","2611,800000",",000000000000000","-","","2611,8000000000002","208944",",000000",",000000",",000000",",000000"
"2021","TO","Não-Metálicos","Grafita","130,000000","30,000000000000000","t","","0","0",",000000",",000000",",000000",",000000"
"2021","TO","Gemas e Diamantes","Gemas",",000000",",000000000000000","kg","","0","0",",000000",",000000",",000000",",000000"
"2021","TO","Não-Metálicos","Gipsita",",000000",",000000000000000","-","","0","0",",000000",",000000",",000000",",000000"
"2021","TO","Metálicos","Ouro","173225,470000","106,788000000000000","kg","Au","0","0",",000000",",000000",",000000",",000000"
"2021","TO","Não-Metálicos","Quartzo (Cristal) e outros Piezelétricos",",000000",",000000000000000","-","","538,78999999999996","91594,300000000003",",000000",",000000",",000000",",000000"
"2021","TO","Não-Metálicos","Fosfato","110000,000000","5000,000000000000000","t","P2O5","0","0",",000000",",000000",",000000",",000000"
"2021","TO","Não-Metálicos","Saibro","71,040000",",000000000000000","-","","71,040000000000006","1244,04",",000000",",000000",",000000",",000000"
"2021","TO","Não-Metálicos","Minerais Industriais (Outros)","15,100000",",000000000000000","-","","0","0",",000000",",000000",",000000",",000000"
"2021","TO","Metálicos","Manganês","86000,000000","82400,000000000000000","t","Mn","0","0",",000000",",000000",",000000",",000000"
"2021","TO","Não-Metálicos","Areias Industriais","6016,870000",",000000000000000","-","","5966,8699999999999","357667,5",",000000",",000000",",000000",",000000"
"2021","TO","Metálicos","Ferro","229263,190000","229263,190000000000000","t","Fe","0","0",",000000",",000000",",000000",",000000"
"2022","AC","Não-Metálicos","Areia","97135,900000",",000000000000000","-","","72001,289999999994","1298056,8200000001",",000000",",000000",",000000",",000000"
"2022","AC","Não-Metálicos","Argilas","730,000000",",000000000000000","-","","680,20000000000005","15040",",000000",",000000",",000000",",000000"
"2022","AL","Não-Metálicos","Areia","1036195,700000",",000000000000000","-","","973376,64000000013","52714463,109999999",",000000",",000000",",000000",",000000"
"2022","AL","Não-Metálicos","Saibro","151864,160000",",000000000000000","-","","71114,199999999997","384139,20000000001",",000000",",000000","80698,160000","1052175,500000"
"2022","AL","Metálicos","Cobre","4038930,570000","27299,760000000000000","t","Cu","0","0",",000000",",000000",",000000",",000000"
"2022","AL","Não-Metálicos","Rochas Ornamentais - Outras","63030,910000",",000000000000000","-","","63030,910000000003","5011770",",000000",",000000",",000000",",000000"
"2022","AL","Não-Metálicos","Rochas (Britadas) e Cascalho","2891460,890000",",000000000000000","-","","346289,57000000001","2438386,46","6600,910000","210033,580000","465,700000","20447,000000"
"2022","AL","Não-Metálicos","Amianto",",000000",",000000000000000","t","","0","0",",000000",",000000",",000000",",000000"
"2022","AL","Não-Metálicos","Areias Industriais",",000000",",000000000000000","-","","0","0",",000000",",000000",",000000",",000000"
"2022","AL","Não-Metálicos","Rochas Ornamentais","136,250000",",000000000000000","-","","84,579999999999998","325333,88",",000000",",000000",",000000",",000000"
"2022","AL","Não-Metálicos","Argilas","316415,930000",",000000000000000","-","","258344,27000000002","5049139,1600000001",",000000",",000000","67469,120000","516077,560000"
"2022","AL","Não-Metálicos","Calcário","506465,560000",",000000000000000","-","","0","0",",000000",",000000",",000000",",000000"
"2022","AM","Não-Metálicos","Rochas (Britadas) e Cascalho","1214157,770000",",000000000000000","-","","39302,610000000001","5676689",",000000",",000000","18600,000000","223200,000000"
"2022","AM","Não-Metálicos","Areia","51794,270000",",000000000000000","-","","49014,270000000004","1715766,6900000002","2780,000000","55600,000000",",000000",",000000"
"2022","AM","Metálicos","Columbita-Tantalita","16052628,000000","38847,359800000000000","t","Ta2O5","0","0",",000000",",000000",",000000",",000000"
"2022","AM","Não-Metálicos","Argilas","243936,940000",",000000000000000","-","","726,10000000000002","39550",",000000",",000000","243210,570000","1498833,210000"
"2022","AM","Metálicos","Estanho","8026314,000000","13644733,800000000000000","kg","Sn","0","0",",000000",",000000",",000000",",000000"
"2022","AM","Metálicos","Ouro","218535,080000","214,164000000000000","kg","Au","218535,07999999999","59340283,039999999",",000000",",000000",",000000",",000000"
"2022","AM","Não-Metálicos","Saibro","151791,900000",",000000000000000","-","","151791,89999999999","339519",",000000",",000000",",000000",",000000"
"2022","AP","Metálicos","Columbita-Tantalita","38659,020000","18,636960000000000","t","Ta2O5","0","0",",000000",",000000",",000000",",000000"
"2022","AP","Metálicos","Manganês","1,000000",",240000000000000","t","Mn","0","0",",000000",",000000",",000000",",000000"
"2022","AP","Não-Metálicos","Rochas (Britadas) e Cascalho","725699,590000",",000000000000000","-","","38160,889999999999","1984591,1899999999",",000000",",000000",",000000",",000000"
"2022","AP","Metálicos","Ferro","104930,000000","60,000000000000000","t","Fe","0","0",",000000",",000000",",000000",",000000"
"2022","AP","Não-Metálicos","Argilas","28169,760000",",000000000000000","-","","0","0","27749,760000","5539254,830000","560,000000","33600,000000"
"2022","AP","Não-Metálicos","Areia","248116,870000",",000000000000000","-","","248116,87","5092409,7599999998",",000000",",000000",",000000",",000000"
"2022","AP","Não-Metálicos","Saibro","14524,000000",",000000000000000","-","","14524","145240",",000000",",000000",",000000",",000000"
"2022","AP","Não-Metálicos","Caulim","302571,000000",",000000000000000","-","","0","0","302571,000000","12,000000",",000000",",000000"
"2022","AP","Gemas e Diamantes","Diamante",",000000",",000000000000000","ct","","0","0",",000000",",000000",",000000",",000000"
"2022","AP","Metálicos","Ouro","56857,520000","241,851900000000000","kg","Au","1,6899999999999999","456086828,88",",000000",",000000",",000000",",000000"
"2022","BA","Não-Metálicos","Fosfato","614411,520000","188389,050000000000000","t","P2O5","0","0",",000000",",000000",",000000",",000000"
"2022","BA","Não-Metálicos","Caulim","43625,000000",",000000000000000","-","","13625","240937",",000000",",000000","27965,660000","10095,610000"
"2022","BA","Não-Metálicos","Rochas (Britadas) e Cascalho","13116408,440000",",000000000000000","-","","926807,16000000003","42004599,970000006",",000000",",000000","70726,400000","1121728,130000"
"2022","BA","Não-Metálicos","Calcário","2830153,920000",",000000000000000","-","","280053,37","6324224,25",",000000",",000000",",000000",",000000"
"2022","BA","Não-Metálicos","Saibro","225,250000",",000000000000000","-","","225,25","10455,5",",000000",",000000",",000000",",000000"
"2022","BA","Não-Metálicos","Rochas Ornamentais - Outras","8183,280000",",000000000000000","-","","8852,2199999999993","7848110,7199999997",",000000",",000000","49,320000","75150,400000"
"2022","BA","Não-Metálicos","Gipsita",",000000",",000000000000000","-","","0","0",",000000",",000000",",000000",",000000"
"2022","BA","Não-Metálicos","Quartzo (Cristal) e outros Piezelétricos","2915,290000",",000000000000000","-","","2746,636","8464523,0719999988",",000000",",000000",",000000",",000000"
"2022","BA","Metálicos","Níquel","6608034,400000","19098,180000000000000","t"," Ni","0","0",",000000",",000000",",000000",",000000"
"2022","BA","Metálicos","Ferro","5918166,090000","3565206,070000000000000","t","Fe","0","0",",000000",",000000",",000000",",000000"
"2022","BA","Não-Metálicos","Rochas Ornamentais","554169,600000",",000000000000000","-","","491202,53999999992","501648147,56",",000000",",000000","1678,030000","2595990,020000"
"2022","BA","Metálicos","Cromo","1424311,750000","243653,930000000000000","t","Cr2O3","0","0",",000000",",000000",",000000",",000000"
"2022","BA","Metálicos","Ouro","6290648,030000","6413,625850000000000","kg","Au","0","0",",000000",",000000",",000000",",000000"
"2022","BA","Metálicos","Manganês","42627,490000","30094,510000000000000","t","Mn","26911","2421990",",000000",",000000",",000000",",000000"
"2022","BA","Não-Metálicos","Bário","54756,850000","145,880000000000000","t","BaSO4","50702,470000000001","19729231,280000001",",000000",",000000",",000000",",000000"
"2022","BA","Não-Metálicos","Sal","609801,030000",",000000000000000","-","","0","0",",000000",",000000","609801,030000","102603044,580000"
"2022","BA","Metálicos","Cobre","2851515,360000","49404,600000000000000","t","Cu","0","0",",000000",",000000",",000000",",000000"
"2022","BA","Metálicos","Columbita-Tantalita","1174,630000","1174,600000000000000","t","Ta2O5","1174,6300000000001","1247277,01",",000000",",000000",",000000",",000000"
"2022","BA","Gemas e Diamantes","Gemas","3882,140000","3152730,024000000000000","kg","","3152,73","10867230,34",",000000",",000000",",000000",",000000"
"2022","BA","Não-Metálicos","Talco e outras Cargas Minerais","162663,980000",",000000000000000","-","","0","0",",000000",",000000",",000000",",000000"
"2022","BA","Metálicos","Vanádio","1359926,760000","10987,000000000000000","t","V","0","0",",000000",",000000",",000000",",000000"
"2022","BA","Não-Metálicos","Argilas","1886002,700000",",000000000000000","-","","419597,69","9100964,3499999996","216848,960000","7340802,020000","1256304,600000","5837789,820000"
"2022","BA","Não-Metálicos","Diatomita","29589,620000",",000000000000000","-","","0","0",",000000",",000000","26747,620000","5921850,980000"
"2022","BA","Não-Metálicos","Feldspato, Leucita e Nefelina-Sienito","20378,930000",",000000000000000","-","","20228,081999999999","21679813,903999999","29,900000","6900,000000",",000000",",000000"
"2022","BA","Não-Metálicos","Grafita","378252,000000","20460,000000000000000","t","","187189,19999998808","4296564",",000000",",000000",",000000",",000000"
"2022","BA","Não-Metálicos","Areias Industriais","674521,650000",",000000000000000","-","","75378,052000000011","35243072,424000002",",000000",",000000",",000000",",000000"
"2022","BA","Não-Metálicos","Dolomito e Magnesita","1984705,860000",",000000000000000","-","","159970,13","7434464,2700000005",",000000",",000000",",000000",",000000"
"2022","BA","Não-Metálicos","Geodos, Ágatas, Calcedônia, etc","450,000000","5,000000000000000","t","","460","3372350",",000000",",000000",",000000",",000000"
"2022","BA","Não-Metálicos","Areia","3425674,500000",",000000000000000","-","","3314860,8900000006","73390072,569999993","5621,000000","60059,000000",",000000",",000000"
"2022","BA","Gemas e Diamantes","Diamante","534657,000000","84758,860000000000000","ct","","0","0",",000000",",000000",",000000",",000000"
"2022","CE","Não-Metálicos","Saibro","189223,920000",",000000000000000","-","","21505,919999999998","55560",",000000",",000000","167700,000000","1116882,000000"
"2022","CE","Não-Metálicos","Rochas Ornamentais - Outras","6379,090000",",000000000000000","-","","6227,7999999999993","3762284,5599999996",",000000",",000000",",000000",",000000"
"2022","CE","Não-Metálicos","Rochas (Britadas) e Cascalho","4924415,970000",",000000000000000","-","","217762,53","1453724,2","91250,000000","1916250,000000","93750,000000","1990634,960000"
"2022","CE","Metálicos","Manganês","86605,000000","20785,240000000000000","t","Mn","0","0",",000000",",000000",",000000",",000000"
"2022","CE","Não-Metálicos","Areia","952233,660000",",000000000000000","-","","938424,45000000007","14850029,440000003",",000000",",000000","54647,640000","220875,730000"
"2022","CE","Não-Metálicos","Talco e outras Cargas Minerais","19635,800000",",000000000000000","-","","16941,799999999999","1532827,3300000001",",000000",",000000","2491,560000","10464,550000"
"2022","CE","Não-Metálicos","Argilas","1366840,070000",",000000000000000","-","","293985,93000000005","2043656,5099999998","141189,250000","406489,780000","944979,040000","3712324,420000"
"2022","CE","Não-Metálicos","Rochas Ornamentais","225832,470000",",000000000000000","-","","169353,62999999998","377520185,78999996",",000000",",000000","24041,240000","2564231,900000"
"2022","CE","Não-Metálicos","Feldspato, Leucita e Nefelina-Sienito","50,000000",",000000000000000","-","","0","0",",000000",",000000",",000000",",000000"
"2022","CE","Não-Metálicos","Fosfato",",000000",",000000000000000","t","P2O5","0","0",",000000",",000000",",000000",",000000"
"2022","CE","Não-Metálicos","Calcário","6124590,460000",",000000000000000","-","","794792,22000000009","11709054,209999999","1309556,330000","12859843,150000","179370,690000","1761420,030000"
"2022","CE","Não-Metálicos","Areias Industriais","25254,010000",",000000000000000","-","","0","0",",000000",",000000","25254,010000","1096678,170000"
"2022","CE","Não-Metálicos","Dolomito e Magnesita","256057,740000",",000000000000000","-","","255057,73999999999","9837747,8599999994",",000000",",000000",",000000",",000000"
"2022","CE","Não-Metálicos","Gipsita","50074,840000",",000000000000000","-","","50074,840000000004","2679731,6399999997",",000000",",000000",",000000",",000000"
"2022","CE","Metálicos","Ferro","13294,380000","7500,000000000000000","t","Fe","13294,379999999999","4753174,7300000004",",000000",",000000",",000000",",000000"
"2022","DF","Não-Metálicos","Areias Industriais","56476,710000",",000000000000000","-","","0","0",",000000",",000000",",000000",",000000"
"2022","DF","Não-Metálicos","Areia","538312,360000",",000000000000000","-","","765","36000",",000000",",000000",",000000",",000000"
"2022","DF","Não-Metálicos","Argilas","254699,510000",",000000000000000","-","","0","0",",000000",",000000",",000000",",000000"
"2022","DF","Não-Metálicos","Rochas (Britadas) e Cascalho","51601,870000",",000000000000000","-","","51601,870000000003","593023,26000000001",",000000",",000000",",000000",",000000"
"2022","DF","Não-Metálicos","Calcário","7653836,260000",",000000000000000","-","","0","0",",000000",",000000",",000000",",000000"
"2022","ES","Gemas e Diamantes","Gemas",",010000",",100000000000000","kg","","0","0",",000000",",000000",",000000",",000000"
"2022","ES","Metálicos","Alumínio (Bauxita)","1500,000000","483,660000000000000","t","Al2O3","0","0",",000000",",000000","1500,000000","39000,000000"
"2022","ES","Não-Metálicos","Areias Industriais","23964,480000",",000000000000000","-","","24033,68","1380662,55",",000000",",000000",",000000",",000000"
"2022","ES","Não-Metálicos","Rochas Ornamentais","2475536,763500",",000000000000000","-","","2294834,8457000004","726916426,20480001",",000000",",000000","48329,304400","11792895,576600"
"2022","ES","Não-Metálicos","Feldspato, Leucita e Nefelina-Sienito","79441,840000",",000000000000000","-","","79441,839999999997","6720749,96",",000000",",000000",",000000",",000000"
"2022","ES","Não-Metálicos","Argilas","582649,660000",",000000000000000","-","","365950","34995439,93","87443,270000","1034589,700000","114740,540000","914170,390000"
"2022","ES","Não-Metálicos","Saibro","110859,590000",",000000000000000","-","","91771,190000000002","2041528,1100000003","744,000000","28272,000000",",000000",",000000"
"2022","ES","Não-Metálicos","Rochas Ornamentais - Outras","10454,780000",",000000000000000","-","","9021,5500000000011","1692024,5299999998",",000000",",000000","914,240000","663244,650000"
"2022","ES","Não-Metálicos","Rochas (Britadas) e Cascalho","8771116,380000",",000000000000000","-","","1427288,7000000002","13472105,330000002",",000000",",000000","884123,960000","3675980,280000"
"2022","ES","Não-Metálicos","Areia","1786533,180000",",000000000000000","-","","1763575,1999999997","30709601,309999995","2086,000000","17305,600000","1416,800000","18570,000000"
"2022","ES","Não-Metálicos","Dolomito e Magnesita","198,750000",",000000000000000","-","","198,55250000000001","34726,942499999997",",000000",",000000",",000000",",000000"
"2022","ES","Não-Metálicos","Calcário","2127987,006500",",000000000000000","-","","1980417,1018000003","56859236,122699998",",000000",",000000","80521,545600","1470660,493400"
"2022","GO","Não-Metálicos","Dolomito e Magnesita","880057,270000",",000000000000000","-","","0","0",",000000",",000000",",000000",",000000"
"2022","GO","Metálicos","Ferro","71964,150000","46776,700000000000000","t","Fe","0","0",",000000",",000000",",000000",",000000"
"2022","GO","Não-Metálicos","Rochas Ornamentais - Outras","33704,000000",",000000000000000","-","","33692","515999,93000000005",",000000",",000000",",000000",",000000"
"2022","GO","Metálicos","Ouro","28814158,340000","2798932,675650000000000","kg","Au","14,5","43566",",000000",",000000",",000000",",000000"
"2022","GO","Metálicos","Manganês","18889,910000","7555,960000000000000","t","Mn","383,57999999999998","129789,5",",000000",",000000",",000000",",000000"
"2022","GO","Não-Metálicos","Areias Industriais","370052,800000",",000000000000000","-","","9352,7999999999993","241134",",000000",",000000",",000000",",000000"
"2022","GO","Não-Metálicos","Amianto","3981495,000000",",000000000000000","t","","0","0",",000000",",000000",",000000",",000000"
"2022","GO","Não-Metálicos","Saibro","466,030000",",000000000000000","-","","0","0",",000000",",000000",",000000",",000000"
"2022","GO","Metálicos","Cobre","26319201,780000","62443,070000000000000","t","Cu","0","0",",000000",",000000",",000000",",000000"
"2022","GO","Gemas e Diamantes","Gemas","614,260000","95,162220000000000","kg","","614,25999999999999","843101,59999999998",",000000",",000000",",000000",",000000"
"2022","GO","Não-Metálicos","Talco e outras Cargas Minerais","621,930000",",000000000000000","-","","621,92999999999995","100735,5",",000000",",000000",",000000",",000000"
"2022","GO","Metálicos","Níquel","3425586,200000","43050,150000000000000","t"," Ni","26837,080000000002","891964,87",",000000",",000000",",000000",",000000"
"2022","GO","Não-Metálicos","Areia","3491205,940000",",000000000000000","-","","2836052,7400000002","74761363,819999993",",000000",",000000","970,000000","82450,000000"
"2022","GO","Não-Metálicos","Argilas","735828,270000",",000000000000000","-","","377167,28999999998","2864338,2100000004","9062,000000","52164,000000","342664,980000","5060256,280000"
"2022","GO","Não-Metálicos","Bário","5372572,950000","60415,250000000000000","t","BaSO4","0","0",",000000",",000000",",000000",",000000"
"2022","GO","Não-Metálicos","Fosfato","10458684,520000","1323828,390000000000000","t","P2O5","0","0",",000000",",000000",",000000",",000000"
"2022","GO","Não-Metálicos","Calcário","15273772,382300",",000000000000000","-","","365849,13","8092417,8499999996",",000000",",000000","1886467,710000","109649407,710000"
"2022","GO","Não-Metálicos","Rochas (Britadas) e Cascalho","11014928,427700",",000000000000000","-","","1635282,3999999999","70068525,440000013","114379,480000","1102666,790000","641520,840000","2780465,710000"
"2022","GO","Metálicos","Nióbio","8676310,510000","49799,011830000000000","t","Nb2O5","0","0",",000000",",000000",",000000",",000000"
"2022","GO","Metálicos","Titânio",",000000",",000000000000000","t","TiO2","0","0",",000000",",000000",",000000",",000000"
"2022","GO","Metálicos","Alumínio (Bauxita)","1777072,320000","944602,980000000000000","t","Al2O3","0","0",",000000",",000000","51373,650000","2303640,920000"
"2022","GO","Gemas e Diamantes","Diamante",",000000",",000000000000000","ct","","0","0",",000000",",000000",",000000",",000000"
"2022","GO","Não-Metálicos","Rochas Ornamentais","43421,550000",",000000000000000","-","","41534,660000000003","46838166,400000006",",000000",",000000",",000000",",000000"
"2022","GO","Não-Metálicos","Vermiculita e Perlita","637102,000000","130600,000000000000000","t","","2700","24300",",000000",",000000",",000000",",000000"
"2022","MA","Não-Metálicos","Saibro","6069,000000",",000000000000000","-","","6069","6300",",000000",",000000",",000000",",000000"
"2022","MA","Não-Metálicos","Areia","1067228,240000",",000000000000000","-","","1037266,7999999999","18849290,690000001","9540,000000","146400,000000","2209,740000","8994,510000"
"2022","MA","Não-Metálicos","Argilas","593268,170000",",000000000000000","-","","121928,7","178621,80499999999","44942,450000","782246,500000","439222,580000","4628409,150000"
"2022","MA","Não-Metálicos","Calcário","396264,530000",",000000000000000","-","","326572,04999999993","17550564,550000001",",000000",",000000",",000000",",000000"
"2022","MA","Não-Metálicos","Gipsita","1657888,030000",",000000000000000","-","","165209,42000000001","552408,66000000003",",000000",",000000",",000000",",000000"
"2022","MA","Metálicos","Ferro","18362,570000","8520,230000000000000","t","Fe","0","0",",000000",",000000","18362,570000","128537,990000"
"2022","MA","Metálicos","Ouro","3394022,250000","563,408380000000000","kg","Au","0","0",",000000",",000000",",000000",",000000"
"2022","MA","Não-Metálicos","Rochas (Britadas) e Cascalho","3817618,650000",",000000000000000","-","","1409004,5","14490851,514999999",",000000",",000000",",000000",",000000"
"2022","MG","Metálicos","Estanho","704312,170000","282565,070000000000000","kg","Sn","0","0",",000000",",000000",",000000",",000000"
"2022","MG","Metálicos","Titânio",",000000",",000000000000000","t","TiO2","0","0",",000000",",000000",",000000",",000000"
"2022","MG","Metálicos","Chumbo","2401517,350000","15184,660000000000000","t","Pb","0","0",",000000",",000000",",000000",",000000"
"2022","MG","Metálicos","Nióbio","6082686,020000","140555,244000000000000","t","Nb2O5","0","0",",000000",",000000",",000000",",000000"
"2022","MG","Gemas e Diamantes","Gemas","625496,920000","5703,521530000000000","kg","","1109,3099999999997","15419169,810000001",",000000",",000000","2,910000","6273248,590000"
"2022","MG","Não-Metálicos","Grafita","1862295,790000","139094,080000000000000","t","","0","0",",000000",",000000",",000000",",000000"
"2022","MG","Gemas e Diamantes","Diamante","225094,510000","2083,950000000000000","ct","","469","120000",",000000",",000000",",000000",",000000"
"2022","MG","Não-Metálicos","Potássio","1033543,950000","109015,510000000000000","t","K2O","997539,83999999997","21231728,690000001",",000000",",000000","538,000000","27663,970000"
"2022","MG","Não-Metálicos","Areia","7723010,990000",",000000000000000","-","","6831205,4900000012","232622605,63000003","9072,430000","445744,120000","14083,330000","380269,000000"
"2022","MG","Energéticos","Turfa","10604,770000",",000000000000000","-","","6333,6099999999997","370826,5",",000000",",000000",",000000",",000000"
"2022","MG","Não-Metálicos","Rochas Ornamentais - Outras","105045,860000",",000000000000000","-","","87165,369999999995","53423786,890000001",",000000",",000000","10051,480000","5405988,380000"
"2022","MG","Não-Metálicos","Saibro","270907,670000",",000000000000000","-","","104824,12","2632141,6399999997",",000000",",000000","47155,500000","39787,500000"
"2022","MG","Não-Metálicos","Cianita e outros minerais refratários",",000000",",000000000000000","-","","0","0",",000000",",000000",",000000",",000000"
"2022","MG","Não-Metálicos","Areias Industriais","1104588,391500",",000000000000000","-","","309533,7415","38837128,216500007",",000000",",000000",",000000",",000000"
"2022","MG","Não-Metálicos","Dolomito e Magnesita","1056836,630000",",000000000000000","-","","65270,889999999999","240342,62",",000000",",000000",",000000",",000000"
"2022","MG","Metálicos","Níquel",",000000",",000000000000000","t"," Ni","0","0",",000000",",000000",",000000",",000000"
"2022","MG","Metálicos","Columbita-Tantalita","624,000000",",187200000000000","t","Ta2O5","0","0",",000000",",000000",",000000",",000000"
"2022","MG","Metálicos","Ouro","48217082,270000","32926,397950000000000","kg","Au","6956,1599999999999","2097040,0800000001",",000000",",000000",",000000",",000000"
"2022","MG","Metálicos","Prata","839952,560000","181,072650000000000","kg","Ag","0","0",",000000",",000000",",000000",",000000"
"2022","MG","Não-Metálicos","Minerais Industriais (Outros)",",010000",",000100000000000","t","","0,01","2015",",000000",",000000",",000000",",000000"
"2022","MG","Não-Metálicos","Fosfato","23083790,490000","1941530,760000000000000","t","P2O5","51620,559999999998","13707864,210000001",",000000",",000000","4837950,390000","417822093,940000"
"2022","MG","Metálicos","Manganês","465669,670000","125397,250000000000000","t","Mn","61869,080000000002","14681456,16",",000000",",000000","6302,100000","2960543,830000"
"2022","MG","Não-Metálicos","Calcário","46481450,985400",",000000000000000","-","","7093775,7339999992","91018360,13000001","1005377,190000","15273706,650000","2722980,930000","46867572,680000"
"2022","MG","Não-Metálicos","Argilas","3134513,768000",",000000000000000","-","","1310262,0177999998","31934007,489999995","96296,510000","833332,150000","982327,650000","12557612,080000"
"2022","MG","Metálicos","Alumínio (Bauxita)","2759100,810000","978193,820000000000000","t","Al2O3","346672,35999999999","10750148,080000002",",000000",",000000","184439,050000","5992490,190000"
"2022","MG","Metálicos","Monazita e Terras-Raras",",000000",",000000000000000","t","ETR","0","0",",000000",",000000",",000000",",000000"
"2022","MG","Não-Metálicos","Caulim","105538,252000",",000000000000000","-","","101938,6722","4619648,0200000005",",000000",",000000","2567,000000","1419231,100000"
"2022","MG","Metálicos","Zinco","2401517,350000","149415,310000000000000","t","Zn","0","0",",000000",",000000",",000000",",000000"
"2022","MG","Não-Metálicos","Rochas Ornamentais","1268437,550000",",000000000000000","-","","1038015,5600000001","587139704,09000003",",000000",",000000","88453,140000","20214524,310000"
"2022","MG","Não-Metálicos","Feldspato, Leucita e Nefelina-Sienito","41735,054500",",000000000000000","-","","41625,784499999994","28313384,861499999",",000000",",000000",",000000",",000000"
"2022","MG","Não-Metálicos","Quartzo (Cristal) e outros Piezelétricos","273,264000",",000000000000000","-","","273,26400000000001","647618,902",",000000",",000000",",000000",",000000"
"2022","MG","Não-Metálicos","Talco e outras Cargas Minerais","609382,915000",",000000000000000","-","","277503,38000000006","10721608,169999998","5614,290000","56142,900000","17148,660000","477859,510000"
"2022","MG","Metálicos","Ferro","357677234,930000","172696101,810000000000000","t","Fe","56773119,390000001","1332871486,76",",000000",",000000","950,000000","27782,260000"
"2022","MG","Metálicos","Lítio","907956,220000","12423,360000000000000","t","Li2O","0","0",",000000",",000000",",000000",",000000"
"2022","MG","Não-Metálicos","Rochas (Britadas) e Cascalho","29018901,759600",",000000000000000","-","","3534964,6159999999","76029087,989999995","452665,050000","3118277,040000","155069,800000","1096777,830000"
"2022","MS","Não-Metálicos","Fosfato","128828,000000","15459,360000000000000","t","P2O5","0","0",",000000",",000000",",000000",",000000"
"2022","MS","Não-Metálicos","Calcário","6258563,603500",",000000000000000","-","","101236,84599999999","5934499,6000000006",",000000",",000000",",000000",",000000"
"2022","MS","Não-Metálicos","Talco e outras Cargas Minerais","174316,510000",",000000000000000","-","","0","0",",000000",",000000",",000000",",000000"
"2022","MS","Não-Metálicos","Rochas (Britadas) e Cascalho","8216122,366500",",000000000000000","-","","679262,07400000002","14262843,539999997","129530,000000","571968,160000",",000000",",000000"
"2022","MS","Não-Metálicos","Rochas Ornamentais","3770,990000",",000000000000000","-","","1944,3499999999999","6890717,9100000001",",000000",",000000",",000000",",000000"
"2022","MS","Metálicos","Ferro","8570035,910000","5617058,560000000000000","t","Fe","0","0",",000000",",000000",",000000",",000000"
"2022","MS","Metálicos","Manganês","34986,000000","16100,560000000000000","t","Mn","0","0",",000000",",000000",",000000",",000000"
"2022","MS","Não-Metálicos","Areias Industriais",",000000",",000000000000000","-","","0","0",",000000",",000000",",000000",",000000"
"2022","MS","Não-Metálicos","Argilas","372839,960000",",000000000000000","-","","201270,04999999999","2561429,2999999998",",000000",",000000",",000000",",000000"
"2022","MS","Não-Metálicos","Areia","3802182,240000",",000000000000000","-","","2841230,25","67555265,030000001","574736,060000","939131,960000",",000000",",000000"
"2022","MS","Não-Metálicos","Saibro","247789,150000",",000000000000000","-","","238581,55000000002","3017241,1900000004","3290,000000","80011,000000",",000000",",000000"
"2022","MT","Não-Metálicos","Rochas (Britadas) e Cascalho","9202858,853460",",000000000000000","-","","1915893,4699999997","42355649,230000004","365031,100000","4025114,460000","347880,680000","1570472,680000"
"2022","MT","Não-Metálicos","Rochas Ornamentais","22364,320000",",000000000000000","-","","22374,32","4134367,8799999999",",000000",",000000",",000000",",000000"
"2022","MT","Gemas e Diamantes","Diamante","429238,950000","4022,280000000000000","ct","","0","0",",000000",",000000",",000000",",000000"
"2022","MT","Metálicos","Zinco","454275,800000","10643,680000000000000","t","Zn","0","0",",000000",",000000",",000000",",000000"
"2022","MT","Não-Metálicos","Argilas","1128581,160000",",000000000000000","-","","497139,35999999999","5895386,3400000008","350770,800000","2218656,360000","28509,000000","41298,660000"
"2022","MT","Metálicos","Estanho","672,980000","465093,800000000000000","kg","Sn","0","0",",000000",",000000",",000000",",000000"
"2022","MT","Não-Metálicos","Talco e outras Cargas Minerais","165218,520000",",000000000000000","-","","0","0",",000000",",000000","165218,520000","1487649,580000"
"2022","MT","Não-Metálicos","Areia","2502612,390000",",000000000000000","-","","2407647,8300000001","87431110,129999995",",000000",",000000","8320,000000","124800,000000"
"2022","MT","Metálicos","Prata","9567,990000",",000000000000000","kg","Ag","0","0",",000000",",000000",",000000",",000000"
"2022","MT","Não-Metálicos","Rochas Ornamentais - Outras",",000000",",000000000000000","-","","0","0",",000000",",000000",",000000",",000000"
"2022","MT","Metálicos","Cobre","463843,790000","3074,730000000000000","t","Cu","0","0",",000000",",000000",",000000",",000000"
"2022","MT","Metálicos","Ouro","21499312,750000","32443,351360000000000","kg","Au","8586,6700000000001","435040738,41000003","8167,320000","2088015,920000","147517,650000","39570667,870000"
"2022","MT","Metálicos","Manganês","201310,720000","72460,440000000000000","t","Mn","7292,8599999999997","1850065,95",",000000",",000000","34590,000000","6226200,000000"
"2022","MT","Metálicos","Chumbo","454275,800000","3584,240000000000000","t","Pb","0","0",",000000",",000000",",000000",",000000"
"2022","MT","Não-Metálicos","Quartzo (Cristal) e outros Piezelétricos","9,050000",",000000000000000","-","","0","0",",000000",",000000",",000000",",000000"
"2022","MT","Não-Metálicos","Calcário","21195005,716540",",000000000000000","-","","1128097,25","88427619,349999994",",000000",",000000","2589848,000000","84552436,880000"
"2022","MT","Não-Metálicos","Areias Industriais","79864,670000",",000000000000000","-","","61577,699999999997","3090929,5",",000000",",000000",",000000",",000000"
"2022","PA","Metálicos","Columbita-Tantalita","79,850000","44,000000000000000","t","Nb2O5","79,849999999999994","7169496,6600000001",",000000",",000000",",000000",",000000"
"2022","PA","Metálicos","Estanho","464198,120000","3725135,960000000000000","kg","Sn","963,09000000000003","74133447,400000006",",000000",",000000","3,500000","61250,000000"
"2022","PA","Não-Metálicos","Areia","1340296,740000",",000000000000000","-","","1272245,2999999998","31008979,049999997","58601,000000","362690,500000",",000000",",000000"
"2022","PA","Metálicos","Níquel","2268344,260000","43098,540000000000000","t"," Ni","0","0",",000000",",000000",",000000",",000000"
"2022","PA","Metálicos","Manganês","678716,140000","265734,070000000000000","t","Mn","7595,5699999999997","1883727,8200000001",",000000",",000000",",000000",",000000"
"2022","PA","Gemas e Diamantes","Gemas","626,890000","501505,600000000000000","kg","","626,88999999999999","2181810,1000000001",",000000",",000000",",000000",",000000"
"2022","PA","Metálicos","Columbita-Tantalita",",000000",",000000000000000","t","Ta2O5","0","0",",000000",",000000",",000000",",000000"
"2022","PA","Gemas e Diamantes","Diamante",",000000",",000000000000000","ct","","0","0",",000000",",000000",",000000",",000000"
"2022","PA","Não-Metálicos","Argilas","494674,130000",",000000000000000","-","","243715,10000000001","3126591,9000000004","1750,000000","23062,000000","251299,680000","4388808,670000"
"2022","PA","Não-Metálicos","Calcário","3897622,224000",",000000000000000","-","","609174,58999999997","25862503,460000001",",000000",",000000",",000000",",000000"
"2022","PA","Não-Metálicos","Caulim","2198189,010000",",000000000000000","-","","69352,709999999992","3559342,0600000001",",000000",",000000",",000000",",000000"
"2022","PA","Não-Metálicos","Saibro","765753,970000",",000000000000000","-","","746763,97000000009","2538918,73","18990,000000","146100,000000",",000000",",000000"
"2022","PA","Metálicos","Cobre","50672286,580000","320180,990000000000000","t","Cu","5692,9400000000005","3317414",",000000",",000000",",000000",",000000"
"2022","PA","Metálicos","Alumínio (Bauxita)","38785936,620000","18871904,490000000000000","t","Al2O3","0","0",",000000",",000000","17015794,000000","58308573,860000"
"2022","PA","Metálicos","Ferro","174618468,680000","113455929,280000000000000","t","Fe","595674,56000000006","184592137,81",",000000",",000000",",000000",",000000"
"2022","PA","Não-Metálicos","Rochas (Britadas) e Cascalho","5388034,946000",",000000000000000","-","","3677938,1099999999","152775646,69",",000000",",000000","111580,000000","44500,000000"
"2022","PA","Não-Metálicos","Rochas Ornamentais - Outras","2368,000000",",000000000000000","-","","1351,1900000000001","1851675,1499999999",",000000",",000000",",000000",",000000"
"2022","PA","Metálicos","Ouro","19158165,080000","870961,062430000000000","kg","Au","229196,52999999997","709671198,46000016","66195,630000","1978206,590000","65900,000000","1894276,790000"
"2022","PA","Não-Metálicos","Fosfato","106850,090000","21370,020000000000000","t","P2O5","0","0",",000000",",000000",",000000",",000000"
"2022","PB","Não-Metálicos","Mica","1351,150000",",000000000000000","-","","915,40000000000009","1137404,8599999999",",000000",",000000","393,570000","660543,000000"
"2022","PB","Não-Metálicos","Rochas Ornamentais - Outras","5802,970000",",000000000000000","-","","5802,9700000000003","1344933,45",",000000",",000000",",000000",",000000"
"2022","PB","Não-Metálicos","Vermiculita e Perlita","6225,000000",",000000000000000","t","","6225","11951796,09",",000000",",000000",",000000",",000000"
"2022","PB","Não-Metálicos","Rochas Ornamentais","8894,704000",",000000000000000","-","","8290,9739999999983","19631644,917999998",",000000",",000000",",000000",",000000"
"2022","PB","Metálicos","Ferro","2590,000000","1,000000000000000","t","Fe","2590","200984",",000000",",000000",",000000",",000000"
"2022","PB","Não-Metálicos","Saibro","34294,460000",",000000000000000","-","","34294,459999999999","457274,12",",000000",",000000",",000000",",000000"
"2022","PB","Metálicos","Estanho","92,100000","1105,000000000000000","kg","Sn","6,6200000000000001","503340,76000000001",",000000",",000000",",000000",",000000"
"2022","PB","Metálicos","Ouro","1900,000000",",480000000000000","kg","Au","0","0",",000000",",000000",",000000",",000000"
"2022","PB","Não-Metálicos","Quartzo (Cristal) e outros Piezelétricos","478,500000",",000000000000000","-","","0","0",",000000",",000000",",000000",",000000"
"2022","PB","Não-Metálicos","Areias Industriais","159907,560000",",000000000000000","-","","104857,75000000001","2514095,2000000002",",000000",",000000","52798,330000","491024,740000"
"2022","PB","Não-Metálicos","Talco e outras Cargas Minerais","30603,280000",",000000000000000","-","","0","0",",000000",",000000","30603,280000","2024901,530000"
"2022","PB","Não-Metálicos","Argilas","838007,120000",",000000000000000","-","","332636,52999999997","12710760,57",",000000",",000000","59379,680000","1377860,810000"
"2022","PB","Gemas e Diamantes","Gemas","720,000000",",002000000000000","kg","","0","0",",000000",",000000",",000000",",000000"
"2022","PB","Não-Metálicos","Calcário","6023685,640000",",000000000000000","-","","2712201,1200000001","55259323,050000004","17864,430000","2854172,200000","24589,340000","1280351,370000"
"2022","PB","Metálicos","Tungstênio",",000000",",000000000000000","t","WO3","0","0",",000000",",000000",",000000",",000000"
"2022","PB","Não-Metálicos","Feldspato, Leucita e Nefelina-Sienito","90965,120000",",000000000000000","-","","88431,279999999999","10855440,079999998",",000000",",000000",",000000",",000000"
"2022","PB","Não-Metálicos","Dolomito e Magnesita","5488,000000",",000000000000000","-","","5488","94091",",000000",",000000",",000000",",000000"
"2022","PB","Não-Metálicos","Caulim",",000000",",000000000000000","-","","0","0",",000000",",000000",",000000",",000000"
"2022","PB","Não-Metálicos","Rochas (Britadas) e Cascalho","1317955,316000",",000000000000000","-","","20989,236000000001","2585407,182",",000000",",000000",",000000",",000000"
"2022","PB","Não-Metálicos","Areia","1123148,990000",",000000000000000","-","","1085377,4700000002","14420459,249999998",",000000",",000000",",000000",",000000"
"2022","PB","Metálicos","Columbita-Tantalita","3,050000","3,050000000000000","t","Ta2O5","3,0499999999999998","811532,62",",000000",",000000",",000000",",000000"
"2022","PE","Não-Metálicos","Areia","929375,220000",",000000000000000","-","","880324,45000000007","11278307,310000001",",000000",",000000","21721,000000","65165,000000"
"2022","PE","Não-Metálicos","Argilas","607412,060000",",000000000000000","-","","380935,88","9324529,5499999989","14024,360000","82827,450000","160043,170000","3680370,110000"
"2022","PE","Não-Metálicos","Saibro","531216,430000",",000000000000000","-","","531171,42999999993","1607419,24",",000000",",000000",",000000",",000000"
"2022","PE","Não-Metálicos","Vermiculita e Perlita","1917,000000","790,960000000000000","t","","0","0",",120000","511189,000000",",000000",",000000"
"2022","PE","Não-Metálicos","Gipsita","3451723,670000",",000000000000000","-","","1285472,74","61148937,690000013",",000000",",000000","7014,720000","300230,000000"
"2022","PE","Não-Metálicos","Rochas Ornamentais","59837,980000",",000000000000000","-","","3327,6899999999996","3893130,9199999999",",000000",",000000","50507,090000","69679,520000"
"2022","PE","Metálicos","Ouro","1973,500000","1,904470000000000","kg","Au","0","0",",000000",",000000",",000000",",000000"
"2022","PE","Não-Metálicos","Calcário","665387,630000",",000000000000000","-","","6704,8364999999994","247096,636","395,000000","3950,000000","72288,850000","948902,780000"
"2022","PE","Não-Metálicos","Areias Industriais","59405,410000",",000000000000000","-","","59360,230000000003","632959,10999999999",",000000",",000000",",000000",",000000"
"2022","PE","Metálicos","Titânio",",000000",",000000000000000","t","TiO2","0","0",",000000",",000000",",000000",",000000"
"2022","PE","Não-Metálicos","Rochas (Britadas) e Cascalho","6134751,740000",",000000000000000","-","","1096375,8535","26329515,533999998",",000000",",000000","43908,000000","1406580,000000"
"2022","PE","Não-Metálicos","Talco e outras Cargas Minerais","4000,000000",",000000000000000","-","","9201,5300000000007","354258,90000000002",",000000",",000000",",000000",",000000"
"2022","PE","Metálicos","Ferro",",000000",",000000000000000","t","Fe","0","0",",000000",",000000",",000000",",000000"
"2022","PI","Não-Metálicos","Rochas (Britadas) e Cascalho","1445317,770000",",000000000000000","-","","64293,709999999999","2066538,79","51876,240000","1168288,720000","21884,820000","1463151,490000"
"2022","PI","Metálicos","Níquel","90085,200000","2285,000000000000000","t"," Ni","0","0",",000000",",000000","86809,800000","27713663,550000"
"2022","PI","Não-Metálicos","Dolomito e Magnesita","130810,188500",",000000000000000","-","","130810,18849999999","2616200,0700000003",",000000",",000000",",000000",",000000"
"2022","PI","Não-Metálicos","Calcário","1639302,631500",",000000000000000","-","","807115,15150000004","39543450,459999993",",000000",",000000",",000000",",000000"
"2022","PI","Gemas e Diamantes","Gemas","18000,000000",",000090000000000","kg","","0,17000000000000001","91900",",000000",",000000",",000000",",000000"
"2022","PI","Não-Metálicos","Argilas","453700,000000",",000000000000000","-","","189154,18000000002","1130674,8799999999","27698,520000","195840,560000","274461,490000","1473968,130000"
"2022","PI","Não-Metálicos","Areia","312760,450000",",000000000000000","-","","278616,28999999998","14262578,43","35820,000000","611550,000000","892,500000","17850,000000"
"2022","PI","Não-Metálicos","Rochas Ornamentais","17082,060000",",000000000000000","-","","16130,019999999999","1458096,27","490,000000","39200,000000",",000000",",000000"
"2022","PI","Metálicos","Ferro","300069,320000","172466,080000000000000","t","Fe","12335,959999999999","2230314,5800000001",",000000",",000000",",000000",",000000"
"2022","PI","Não-Metálicos","Rochas Ornamentais - Outras","9773,570000",",000000000000000","-","","0","0",",000000",",000000","9773,570000","369222,630000"
"2022","PI","Não-Metálicos","Saibro","47314,000000",",000000000000000","-","","1314","65700","20500,000000","13325,000000","25500,000000","63750,000000"
"2022","PR","Não-Metálicos","Talco e outras Cargas Minerais","812162,320000",",000000000000000","-","","724126,12","22311283,210000001",",000000",",000000","17436,330000","663353,140000"
"2022","PR","Não-Metálicos","Calcário","17122066,267700",",000000000000000","-","","8311133,4034999991","181765302,51740003","24538,000000","584445,340000","622222,011000","8075534,480000"
"2022","PR","Não-Metálicos","Areias Industriais","38422,670000",",000000000000000","-","","37392,440000000002","1495611,8",",000000",",000000","1030,230000","32967,500000"
"2022","PR","Metálicos","Zinco",",000000",",000000000000000","t","Zn","0","0",",000000",",000000",",000000",",000000"
"2022","PR","Não-Metálicos","Dolomito e Magnesita","2850571,450000",",000000000000000","-","","902106,43000000005","4651158,6500000004","1558781,260000","8770977,020000","1100,000000","9900,000000"
"2022","PR","Metálicos","Chumbo",",000000",",000000000000000","t","Pb","0","0",",000000",",000000",",000000",",000000"
"2022","PR","Não-Metálicos","Caulim","64747,720000",",000000000000000","-","","47485,360000000001","3495491,8799999999",",000000",",000000","15503,480000","366801,890000"
"2022","PR","Energéticos","Carvão Mineral","283788,750000",",000000000000000","-","","0","0",",000000",",000000",",000000",",000000"
"2022","PR","Metálicos","Prata","86744,820000","33,510950000000000","kg","Ag","0","0",",000000",",000000",",000000",",000000"
"2022","PR","Não-Metálicos","Rochas Ornamentais","56343,072800",",000000000000000","-","","21501,831700000002","16215790,0535",",000000",",000000","3769,289000","2327116,810000"
"2022","PR","Não-Metálicos","Argilas","1565446,430000",",000000000000000","-","","1012817,5199999998","33637400,219999999","20904,650000","143249,000000","474370,980000","3583710,740000"
"2022","PR","Não-Metálicos","Fluorita e Criolita","80438,660000","36165,220000000000000","t","","0","0",",000000",",000000",",000000",",000000"
"2022","PR","Não-Metálicos","Rochas Ornamentais - Outras","229142,053000",",000000000000000","-","","226586,74300000002","4622479,1140000001",",000000",",000000","575,310000","230123,500000"
"2022","PR","Não-Metálicos","Feldspato, Leucita e Nefelina-Sienito","121024,290000",",000000000000000","-","","0","0",",000000",",000000",",000000",",000000"
"2022","PR","Não-Metálicos","Saibro","1648181,220000",",000000000000000","-","","1551026,5900000001","23563978,520000007","81700,300000","1177134,030000","46810,000000","194840,000000"
"2022","PR","Gemas e Diamantes","Gemas","3539,930000","3539930,000000000000000","kg","","0","0",",000000",",000000","3539,930000","88498,250000"
"2022","PR","Não-Metálicos","Areia","10262211,090000",",000000000000000","-","","6934350,1500000004","180738851,15999997",",000000",",000000","79423,050000","2771462,650000"
"2022","PR","Não-Metálicos","Bário","1734,000000","1637,400000000000000","t","BaSO4","1734","3001330,46",",000000",",000000",",000000",",000000"
"2022","PR","Não-Metálicos","Rochas (Britadas) e Cascalho","25084597,296500",",000000000000000","-","","2505843,2817999995","65097339,725099996","817328,300000","4098074,540000","777762,410000","4485662,550000"
"2022","PR","Metálicos","Ferro","774,000000","60,000000000000000","t","Fe","774","27801,900000000001",",000000",",000000",",000000",",000000"
"2022","PR","Metálicos","Ouro","88594,320000","295,931100000000000","kg","Au","0","0",",000000",",000000",",000000",",000000"
"2022","RJ","Não-Metálicos","Rochas Ornamentais - Outras","67962,170000",",000000000000000","-","","63047,240000000005","3044399,1299999999",",000000",",000000","112,000000","4000,000000"
"2022","RJ","Não-Metálicos","Fluorita e Criolita","1,000000","1,000000000000000","t","","0","0",",000000",",000000",",000000",",000000"
"2022","RJ","Não-Metálicos","Areia","4258740,260000",",000000000000000","-","","4086565,4100000001","94585783,209999993",",000000",",000000",",000000",",000000"
"2022","RJ","Metálicos","Monazita e Terras-Raras",",000000",",000000000000000","t","ETR","0","0",",000000",",000000",",000000",",000000"
"2022","RJ","Não-Metálicos","Areias Industriais","9300,660000",",000000000000000","-","","9290,6599999999999","119020,23999999999",",000000",",000000",",000000",",000000"
"2022","RJ","Não-Metálicos","Saibro","2286776,810000",",000000000000000","-","","2304871,54","13437264,59","235,000000","817,500000","3550,000000","3190,000000"
"2022","RJ","Não-Metálicos","Rochas (Britadas) e Cascalho","16774411,830000",",000000000000000","-","","331689,85000000003","6979319,9199999999","27609,780000","12,000000","27609,780000","12,000000"
"2022","RJ","Metálicos","Titânio",",000000",",000000000000000","t","TiO2","0","0",",000000",",000000",",000000",",000000"
"2022","RJ","Não-Metálicos","Argilas","1672356,710000",",000000000000000","-","","151255,61000000002","1501316,6699999999","35920,000000","270384,000000","1432538,170000","3999524,050000"
"2022","RJ","Não-Metálicos","Feldspato, Leucita e Nefelina-Sienito","350,000000",",000000000000000","-","","271","26133,400000000001",",000000",",000000",",000000",",000000"
"2022","RJ","Metálicos","Zircônio",",000000",",000000000000000","t","ZrSiO4","0","0",",000000",",000000",",000000",",000000"
"2022","RJ","Não-Metálicos","Calcário","2627515,040000",",000000000000000","-","","0","0","595763,000000","7022329,000000",",000000",",000000"
"2022","RJ","Não-Metálicos","Rochas Ornamentais","16561,540000",",000000000000000","-","","13493,33","2521962,73",",000000",",000000","3035,240000","220436,710000"
"2022","RN","Não-Metálicos","Rochas (Britadas) e Cascalho","1177542,800000",",000000000000000","-","","127848","814893",",000000",",000000","17495,800000","81180,520000"
"2022","RN","Não-Metálicos","Quartzo (Cristal) e outros Piezelétricos","1,200000",",000000000000000","-","","0","0",",000000",",000000",",000000",",000000"
"2022","RN","Não-Metálicos","Saibro","239235,000000",",000000000000000","-","","0","0",",000000",",000000","239235,000000","590838,000000"
"2022","RN","Não-Metálicos","Areia","252435,600000",",000000000000000","-","","131240,60000000001","1468033,1099999999","7700,000000","22022,000000","140195,000000","415859,450000"
"2022","RN","Metálicos","Ouro",",000000",",000000000000000","kg","Au","0","0",",000000",",000000",",000000",",000000"
"2022","RN","Não-Metálicos","Diatomita","6254,360000",",000000000000000","-","","6281,3599999999997","147181,95000000001",",000000",",000000",",000000",",000000"
"2022","RN","Não-Metálicos","Rochas Ornamentais","35579,430000",",000000000000000","-","","29265,860000000001","30312270,050000001",",000000",",000000","2616,710000","827257,540000"
"2022","RN","Gemas e Diamantes","Gemas",",600000",",000000000000000","-","","0","0",",000000",",000000",",000000",",000000"
"2022","RN","Não-Metálicos","Argilas","450221,150000",",000000000000000","-","","389994,28000000003","947852,47999999998","20898,630000","186527,230000","44228,240000","4563257,710000"
"2022","RN","Não-Metálicos","Rochas Ornamentais - Outras","11045,970000",",000000000000000","-","","11523,4","12584558,52",",000000",",000000",",000000",",000000"
"2022","RN","Metálicos","Ferro","8941,270000","5796,780000000000000","t","Fe","1449,24","19723,050000000003","595,030000","5884,850000",",000000",",000000"
"2022","RN","Não-Metálicos","Feldspato, Leucita e Nefelina-Sienito","65383,920000",",000000000000000","-","","63879,749999999993","4179324,3199999998",",000000",",000000",",000000",",000000"
"2022","RN","Não-Metálicos","Caulim","75550,000000",",000000000000000","-","","75392","3676130",",000000",",000000",",000000",",000000"
"2022","RN","Metálicos","Columbita-Tantalita","30,000000",",003000000000000","t","Ta2O5","0","0",",000000",",000000",",000000",",000000"
"2022","RN","Não-Metálicos","Areias Industriais","22486,810000",",000000000000000","-","","19568,760000000002","735036,10000000009",",000000",",000000",",000000",",000000"
"2022","RN","Metálicos","Tungstênio","75476,100000","414,590000000000000","t","WO3","0","0",",000000",",000000",",000000",",000000"
"2022","RN","Gemas e Diamantes","Gemas","15710,280000","1143,529000000000000","kg","","0","0",",000000",",000000",",000000",",000000"
"2022","RN","Não-Metálicos","Mica","3,000000",",000000000000000","-","","0","0",",000000",",000000",",000000",",000000"
"2022","RN","Não-Metálicos","Talco e outras Cargas Minerais","21596,770000",",000000000000000","-","","21596,77","431935,40000000002",",000000",",000000",",000000",",000000"
"2022","RN","Não-Metálicos","Calcário","3108441,610000",",000000000000000","-","","229291,57999999999","4466182,0700000003",",000000",",000000","2811229,720000","51129755,540000"
"2022","RO","Não-Metálicos","Calcário","316023,000000",",000000000000000","-","","81695","7925429,46",",000000",",000000","234328,000000","845892,000000"
"2022","RO","Metálicos","Columbita-Tantalita","2262745,630000","1316,917220500000000","t","Nb2O5","0","0",",000000",",000000",",000000",",000000"
"2022","RO","Metálicos","Cobre",",000000",",000000000000000","t","Cu","0","0",",000000",",000000",",000000",",000000"
"2022","RO","Metálicos","Titânio","2123146,360000","57314,630000000000000","t","TiO2","0","0",",000000",",000000",",000000",",000000"
"2022","RO","Metálicos","Ouro","6531672,510000","10488,309320000000000","kg","Au","80633,339999999997","22110474,030000001",",000000",",000000",",000000",",000000"
"2022","RO","Metálicos","Columbita-Tantalita","106170,870000","110,681509500000000","t","Ta2O5","0","0",",000000",",000000",",000000",",000000"
"2022","RO","Não-Metálicos","Rochas (Britadas) e Cascalho","1899312,670000",",000000000000000","-","","966750,48999999999","19186637,75",",000000",",000000",",000000",",000000"
"2022","RO","Não-Metálicos","Saibro","7425,000000",",000000000000000","-","","7425","98364,910000000003",",000000",",000000",",000000",",000000"
"2022","RO","Metálicos","Estanho","8532596,150000","8371862,250000000000000","kg","Sn","507,06999999999999","54918863,519999996",",040000",",040000",",000000",",000000"
"2022","RO","Metálicos","Chumbo","116099,000000","2321,980000000000000","t","Pb","0","0",",000000",",000000",",000000",",000000"
"2022","RO","Não-Metálicos","Argilas","296163,710000",",000000000000000","-","","166609,22","5142903,4900000002",",000000",",000000","129554,490000","1802294,720000"
"2022","RO","Não-Metálicos","Areia","269289,390000",",000000000000000","-","","339104,88","12689349,23",",000000",",000000",",000000",",000000"
"2022","RO","Metálicos","Zinco","116099,000000","12770,890000000000000","t","Zn","0","0",",000000",",000000",",000000",",000000"
"2022","RR","Não-Metálicos","Areia","205232,550000",",000000000000000","-","","168558,44999999998","2851372,02","7000,000000","7000,000000","1000,000000","7000,000000"
"2022","RR","Não-Metálicos","Rochas Ornamentais","1779,090000",",000000000000000","-","","1723,0799999999999","197421,20000000001",",000000",",000000",",000000",",000000"
"2022","RR","Não-Metálicos","Rochas (Britadas) e Cascalho","358533,280000",",000000000000000","-","","4780,3999999999996","268838,42999999999",",000000",",000000",",000000",",000000"
"2022","RR","Metálicos","Estanho",",000000",",000000000000000","kg","Sn","0","0",",000000",",000000",",000000",",000000"
"2022","RR","Metálicos","Ouro",",000000",",000000000000000","kg","Au","0","0",",000000",",000000",",000000",",000000"
"2022","RR","Não-Metálicos","Argilas","325476,380000",",000000000000000","-","","324649,85999999999","1656422,4500000002",",000000",",000000",",000000",",000000"
"2022","RS","Não-Metálicos","Rochas (Britadas) e Cascalho","20999629,846469",",000000000000000","-","","1418239,8896999999","32887393,329132996","355256,510000","5550483,410000","426044,540000","3211335,962000"
"2022","RS","Metálicos","Ouro",",000000",",000000000000000","kg","Au","0","0",",000000",",000000",",000000",",000000"
"2022","RS","Não-Metálicos","Geodos, Ágatas, Calcedônia, etc","10235,940000","8734,354200000000000","t","","10122,57","71277602,920000002",",000000",",000000",",000000",",000000"
"2022","RS","Não-Metálicos","Saibro","3645395,270000",",000000000000000","-","","1796747,2299999997","31176617,450000003","419341,010000","5787872,240000","534936,370000","2536059,658000"
"2022","RS","Metálicos","Cobre",",000000",",000000000000000","t","Cu","0","0",",000000",",000000",",000000",",000000"
"2022","RS","Não-Metálicos","Calcário","4885583,757000",",000000000000000","-","","1827889,6099999999","23191059,239999998",",000000",",000000",",000000",",000000"
"2022","RS","Metálicos","Chumbo",",000000",",000000000000000","t","Pb","0","0",",000000",",000000",",000000",",000000"
"2022","RS","Não-Metálicos","Areias Industriais","700,000000",",000000000000000","-","","700","7000",",000000",",000000",",000000",",000000"
"2022","RS","Energéticos","Carvão Mineral","3967065,890000",",000000000000000","-","","0","0",",000000",",000000",",000000",",000000"
"2022","RS","Metálicos","Prata",",000000",",000000000000000","kg","Ag","0","0",",000000",",000000",",000000",",000000"
"2022","RS","Não-Metálicos","Rochas Ornamentais - Outras","804166,506531",",000000000000000","-","","643457,1902999999","40314085,900867","5725,000000","156405,000000","18935,000000","271675,000000"
"2022","RS","Gemas e Diamantes","Gemas","24,000000","24000,000000000000000","kg","","23,75","1024294,1800000001",",000000",",000000",",000000",",000000"
"2022","RS","Não-Metálicos","Argilas","4684684,970000",",000000000000000","-","","1471058,2400000002","18352704,109999999","1629401,750000","13823352,350000","1247019,580000","9888102,600000"
"2022","RS","Não-Metálicos","Areia","9983505,510000",",000000000000000","-","","9666956,1900000013","179320652,23999998","14306,390000","17810,390000","253032,130000","3543367,820000"
"2022","RS","Não-Metálicos","Talco e outras Cargas Minerais","3169,290000",",000000000000000","-","","3169,29","2135544,1099999999",",000000",",000000",",000000",",000000"
"2022","RS","Não-Metálicos","Rochas Ornamentais","302541,840000",",000000000000000","-","","303750,84000000003","12454333,84",",000000",",000000",",000000",",000000"
"2022","RS","Não-Metálicos","Caulim","317015,270000",",000000000000000","-","","278220,65000000002","14878522,759999998",",000000",",000000","2606,700000","49801,470000"
"2022","SC","Não-Metálicos","Calcário","2589560,060000",",000000000000000","-","","454109,03000000003","2002620,8400000001",",000000",",000000","31021,100000","2097447,310000"
"2022","SC","Não-Metálicos","Enxofre",",000000",",000000000000000","-","S","0","0",",000000",",000000",",000000",",000000"
"2022","SC","Não-Metálicos","Saibro","4569399,410000",",000000000000000","-","","2963624,5999999996","39985026,650000006","361549,020000","2320269,010000","282294,790000","1413311,280000"
"2022","SC","Energéticos","Turfa","24696,060000",",000000000000000","-","","10894,15","1936423,3300000001",",000000",",000000",",000000",",000000"
"2022","SC","Não-Metálicos","Rochas Ornamentais","276392,270000",",000000000000000","-","","272435,29000000004","8298093,5699999984","21,000000","1800,000000",",000000",",000000"
"2022","SC","Energéticos","Carvão Mineral","5801774,060000",",000000000000000","-","","0","0",",000000",",000000",",000000",",000000"
"2022","SC","Não-Metálicos","Fluorita e Criolita",",000000",",000000000000000","t","","0","0",",000000",",000000",",000000",",000000"
"2022","SC","Não-Metálicos","Areia","8013079,260000",",000000000000000","-","","9522351,3399999999","200353302,94999999","13554,120000","255935,130000","12364,830000","233964,260000"
"2022","SC","Não-Metálicos","Caulim","32861,400000",",000000000000000","-","","17725,760000000002","1088254,8400000001","2128,000000","10374,000000","8637,640000","153055,610000"
"2022","SC","Não-Metálicos","Argilas","5297586,260000",",000000000000000","-","","4888804,5600000005","67522391,090000004","69498,490000","413905,680000","1555062,910000","20458351,240000"
"2022","SC","Não-Metálicos","Rochas (Britadas) e Cascalho","30026593,949000",",000000000000000","-","","2292089,7389999996","67791164,549999997","403497,470000","5465683,710000","656178,650000","7716503,650000"
"2022","SC","Não-Metálicos","Feldspato, Leucita e Nefelina-Sienito","149390,430000",",000000000000000","-","","0","0",",000000",",000000",",000000",",000000"
"2022","SC","Não-Metálicos","Areias Industriais","1601705,410000",",000000000000000","-","","243472,48999999999","5875913,7999999998","22,000000","575,000000",",000000",",000000"
"2022","SC","Metálicos","Alumínio (Bauxita)","80,000000","32,000000000000000","t","Al2O3","80","1600",",000000",",000000",",000000",",000000"
"2022","SC","Não-Metálicos","Rochas Ornamentais - Outras","330971,161000",",000000000000000","-","","38448,381000000008","5240363,6900000004",",000000",",000000",",000000",",000000"
"2022","SE","Não-Metálicos","Rochas Ornamentais","1470,490000",",000000000000000","-","","1470,49","4203838,2300000004",",000000",",000000",",000000",",000000"
"2022","SE","Não-Metálicos","Saibro","2119,090000",",000000000000000","-","","2119,0900000000001","6811,3999999999996",",000000",",000000",",000000",",000000"
"2022","SE","Não-Metálicos","Areias Industriais","59434,650000",",000000000000000","-","","0","0",",000000",",000000",",000000",",000000"
"2022","SE","Não-Metálicos","Calcário","3329246,280000",",000000000000000","-","","23305,419999999998","312923,79999999999",",000000",",000000","158944,000000","2781094,760000"
"2022","SE","Não-Metálicos","Dolomito e Magnesita","35171,460000",",000000000000000","-","","35171,459999999999","351827,44",",000000",",000000",",000000",",000000"
"2022","SE","Não-Metálicos","Rochas (Britadas) e Cascalho","1591591,940000",",000000000000000","-","","127149,95000000001","3214310,7199999997",",000000",",000000",",000000",",000000"
"2022","SE","Não-Metálicos","Potássio","1574064,730000","299378,620000000000000","t","K2O","0","0",",000000",",000000",",000000",",000000"
"2022","SE","Não-Metálicos","Talco e outras Cargas Minerais","119468,000000",",000000000000000","-","","0","0",",000000",",000000","82081,110000","195978,580000"
"2022","SE","Não-Metálicos","Argilas","1411496,040000",",000000000000000","-","","550321,51000000001","5454877,2999999998",",000000",",000000","701186,790000","10581652,140000"
"2022","SE","Não-Metálicos","Areia","140673,900000",",000000000000000","-","","140673,90000000002","1396361,4299999999",",000000",",000000",",000000",",000000"
"2022","SP","Gemas e Diamantes","Diamante","232,500000","51,370000000000000","ct","","0","0",",000000",",000000",",000000",",000000"
"2022","SP","Não-Metálicos","Rochas Ornamentais","19368,570000",",000000000000000","-","","19218,57","3796986,3500000001",",000000",",000000",",000000",",000000"
"2022","SP","Metálicos","Alumínio (Bauxita)","882913,950000","352426,550000000000000","t","Al2O3","589286,19000000006","31211598,809999999",",000000",",000000",",000000",",000000"
"2022","SP","Não-Metálicos","Rochas (Britadas) e Cascalho","77586429,642900",",000000000000000","-","","2816880,0500000003","148279639,66","4225,000000","72375,000000","1118546,910000","38212221,630000"
"2022","SP","Não-Metálicos","Dolomito e Magnesita","1052789,278000",",000000000000000","-","","295392,92200000002","4465223,9939999999",",000000",",000000",",000000",",000000"
"2022","SP","Não-Metálicos","Talco e outras Cargas Minerais","1364883,840000",",000000000000000","-","","716170,87","34671828,300000004",",000000",",000000","350,050000","3158,550000"
"2022","SP","Não-Metálicos","Saibro","446247,140000",",000000000000000","-","","436372,04000000004","7759956,1999999993","9967,000000","1080,000000",",000000",",000000"
"2022","SP","Energéticos","Turfa","92178,370000",",000000000000000","-","","64920,400000000001","11838420,24",",000000",",000000",",000000",",000000"
"2022","SP","Não-Metálicos","Fosfato","3498690,560000","177503,560000000000000","t","P2O5","284320,98999999999","3777193,5299999998",",000000",",000000",",000000",",000000"
"2022","SP","Não-Metálicos","Feldspato, Leucita e Nefelina-Sienito","3332,000000",",000000000000000","-","","20","606",",000000",",000000",",000000",",000000"
"2022","SP","Não-Metálicos","Minerais Industriais (Outros)",",000000",",000000000000000","t","","0","0",",000000",",000000",",000000",",000000"
"2022","SP","Não-Metálicos","Rochas Ornamentais - Outras","39383,840000",",000000000000000","-","","39372,389999999999","8163213,8399999999",",000000",",000000",",000000",",000000"
"2022","SP","Não-Metálicos","Calcário","12355297,419100",",000000000000000","-","","614481,28799999994","3174946,9960000003","522,000000","522,000000","62297,200000","1578381,610000"
"2022","SP","Não-Metálicos","Caulim","141772,830000",",000000000000000","-","","6887,6000000000004","256990",",000000",",000000","8380,000000","268400,000000"
"2022","SP","Não-Metálicos","Areias Industriais","6618648,220000",",000000000000000","-","","857276,27000000002","44404504,909999996",",000000",",000000",",000000",",000000"
"2022","SP","Não-Metálicos","Areia","31197059,550000",",000000000000000","-","","16374508,639999999","518132268,26999998","573,550000","8625,870000","408738,430000","1106197,630000"
"2022","SP","Não-Metálicos","Argilas","15372200,520000",",000000000000000","-","","11788697,619999997","215526227,51000002","256325,840000","1712122,070000","1708305,410000","14270257,050000"
"2022","TO","Não-Metálicos","Dolomito e Magnesita","819252,604000",",000000000000000","-","","0","0",",000000",",000000",",000000",",000000"
"2022","TO","Não-Metálicos","Argilas","424663,460000",",000000000000000","-","","221883,20000000001","267444,26000000001","18520,000000","36260,000000","141243,460000","855875,680000"
"2022","TO","Não-Metálicos","Saibro","32,000000",",000000000000000","-","","32","644",",000000",",000000",",000000",",000000"
"2022","TO","Metálicos","Ouro","296196,000000","190,900750000000000","kg","Au","0","0",",000000",",000000",",000000",",000000"
"2022","TO","Não-Metálicos","Areia","313744,070000",",000000000000000","-","","285338,87999999995","10684087,109999999","13390,000000","929039,000000","13390,000000","929039,000000"
"2022","TO","Não-Metálicos","Calcário","10944346,581500",",000000000000000","-","","398277,81","35938337,280000001",",000000",",000000","221365,930000","18883316,610000"
"2022","TO","Metálicos","Ferro","42500,000000","42500,000000000000000","t","Fe","13025","1159197",",000000",",000000",",000000",",000000"
"2022","TO","Não-Metálicos","Rochas Ornamentais",",000000",",000000000000000","-","","0","0",",000000",",000000",",000000",",000000"
"2022","TO","Não-Metálicos","Rochas (Britadas) e Cascalho","1306800,264500",",000000000000000","-","","79232,970000000001","5830534,959999999",",000000",",000000",",000000",",000000"
"2022","TO","Não-Metálicos","Areias Industriais","23545,760000",",000000000000000","-","","23632,850000000002","1094646,99",",000000",",000000",",000000",",000000"
"2022","TO","Metálicos","Manganês","12000,000000","12000,000000000000000","t","Mn","1000","80000",",000000",",000000",",000000",",000000"
"2022","TO","Não-Metálicos","Minerais Industriais (Outros)","64,970000",",000000000000000","-","","0","0",",000000",",000000",",000000",",000000"
"2022","TO","Não-Metálicos","Gipsita",",000000",",000000000000000","-","","0","0",",000000",",000000",",000000",",000000"
"2022","TO","Não-Metálicos","Fosfato","201244,250000","16364,620000000000000","t","P2O5","133373,64999999999","23611339,770000003",",000000",",000000",",000000",",000000"
"2022","TO","Não-Metálicos","Talco e outras Cargas Minerais",",000000",",000000000000000","-","","165,03999999999999","417058,90999999997",",000000",",000000",",000000",",000000"
"2022","TO","Não-Metálicos","Grafita",",000000",",000000000000000","t","","0","0",",000000",",000000",",000000",",000000"
"2022","TO","Gemas e Diamantes","Gemas",",000000",",000000000000000","kg","","0","0",",000000",",000000",",000000",",000000"
"2023","AC","Não-Metálicos","Argilas","154516,600000",",000000000000000","-","","141310","747409,10999999999",",000000",",000000",",000000",",000000"
"2023","AC","Não-Metálicos","Areia","179004,820000",",000000000000000","-","","148756,70999999999","2283264,1899999999","10845,000000","97518,240000",",000000",",000000"
"2023","AL","Não-Metálicos","Areias Industriais",",000000",",000000000000000","-","","0","0",",000000",",000000",",000000",",000000"
"2023","AL","Não-Metálicos","Rochas (Britadas) e Cascalho","3305533,290000",",000000000000000","-","","359451,14000000001","781507,21999999997","99179,320000","3239436,910000","548,000000","23980,000000"
"2023","AL","Não-Metálicos","Argilas","698454,780000",",000000000000000","-","","177235,59","4210529,04",",000000",",000000","46801,150000","573437,060000"
"2023","AL","Não-Metálicos","Amianto",",000000",",000000000000000","t","","0","0",",000000",",000000",",000000",",000000"
"2023","AL","Não-Metálicos","Calcário","773139,650000",",000000000000000","-","","0","0",",000000",",000000",",000000",",000000"
"2023","AL","Não-Metálicos","Saibro","82406,600000",",000000000000000","-","","80074,119999999995","604789,40000000002","1758,400000","34323,970000",",000000",",000000"
"2023","AL","Metálicos","Cobre","3943614,890000","2711689,000000000000000","t","Cu","0","0",",000000",",000000",",000000",",000000"
"2023","AL","Não-Metálicos","Sal",",000000",",000000000000000","-","","0","0",",000000",",000000",",000000",",000000"
"2023","AL","Não-Metálicos","Areia","895754,750000",",000000000000000","-","","849468,58000000007","22653049,909999996","43464,000000","3477070,100000",",000000",",000000"
"2023","AL","Não-Metálicos","Rochas Ornamentais - Outras","4258190,370000",",000000000000000","-","","4258190,3700000001","1347690",",000000",",000000",",000000",",000000"
"2023","AM","Metálicos","Estanho","8622167,000000","15519900,600000000000000","kg","Sn","0","0",",000000",",000000",",000000",",000000"
"2023","AM","Não-Metálicos","Saibro","221387,760000",",000000000000000","-","","221387,76000000001","645755,12",",000000",",000000",",000000",",000000"
"2023","AM","Não-Metálicos","Argilas","219943,130000",",000000000000000","-","","10400","57200",",000000",",000000","209543,130000","4740092,250000"
"2023","AM","Não-Metálicos","Areia","57821,080000",",000000000000000","-","","55820,080000000002","2361203,7400000002","1371,000000","24481,810000","630,000000","15750,000000"
"2023","AM","Não-Metálicos","Rochas (Britadas) e Cascalho","1010789,820000",",000000000000000","-","","35578,559999999998","6038992,2000000002",",000000",",000000","15100,000000","211400,000000"
"2023","AM","Metálicos","Columbita-Tantalita","17244334,000000","39661,968200000000000","t","Ta2O5","0","0",",000000",",000000",",000000",",000000"
"2023","AP","Não-Metálicos","Rochas (Britadas) e Cascalho","675671,450000",",000000000000000","-","","38690,169999999998","1960633,6300000001",",000000",",000000",",000000",",000000"
"2023","AP","Não-Metálicos","Argilas","22870,140000",",000000000000000","-","","0","0","20088,140000","4387439,580000",",000000",",000000"
"2023","AP","Não-Metálicos","Caulim","216375,000000",",000000000000000","-","","0","0","216375,000000",",120000","216375,000000",",120000"
"2023","AP","Metálicos","Ouro","9643,910000","141,626770000000000","kg","Au","0","0",",000000",",000000",",000000",",000000"
"2023","AP","Metálicos","Columbita-Tantalita","8133,590000","11,653100000000000","t","Ta2O5","0","0",",000000",",000000",",000000",",000000"
"2023","AP","Não-Metálicos","Areia","194384,500000",",000000000000000","-","","194224,72","3897612,1000000001",",000000",",000000",",000000",",000000"
"2023","AP","Não-Metálicos","Saibro","3300,000000",",000000000000000","-","","3300","27500",",000000",",000000",",000000",",000000"
"2023","AP","Metálicos","Ferro",",000000",",000000000000000","t","Fe","0","0",",000000",",000000",",000000",",000000"
"2023","BA","Não-Metálicos","Dolomito e Magnesita","1769702,190000",",000000000000000","-","","387888,52000000002","19715712,41",",000000",",000000",",000000",",000000"
"2023","BA","Metálicos","Cromo","1423739,530000","233181,730000000000000","t","Cr2O3","0","0",",000000",",000000",",000000",",000000"
"2023","BA","Metálicos","Níquel","6791068,760000","16572,540000000000000","t"," Ni","0","0",",000000",",000000",",000000",",000000"
"2023","BA","Metálicos","Ferro","3342040,430000","1638873,380000000000000","t","Fe","0","0",",000000",",000000",",000000",",000000"
"2023","BA","Não-Metálicos","Rochas Ornamentais","397768,530000",",000000000000000","-","","323646,53999999992","502742485,59000003",",000000",",000000","13577,660000","1383893,800000"
"2023","BA","Metálicos","Cobre","3341120,600000","48607,020000000000000","t","Cu","0","0",",000000",",000000",",000000",",000000"
"2023","BA","Metálicos","Vanádio","1752802,490000","16478,000000000000000","t","V","0","0",",000000",",000000",",000000",",000000"
"2023","BA","Metálicos","Manganês","10015,080000","878,300000000000000","t","Mn","0","0",",000000",",000000",",000000",",000000"
"2023","BA","Gemas e Diamantes","Diamante","182201,000000","73563,220000000000000","ct","","0","0",",000000",",000000",",000000",",000000"
"2023","BA","Metálicos","Titânio","10020,000000","825,650000000000000","t","TiO2","0","0",",000000",",000000",",000000",",000000"
"2023","BA","Gemas e Diamantes","Gemas","5376,080000","3144409,090860000000000","kg","","4436,3199999999997","23160691,800000001",",000000",",000000",",000000",",000000"
"2023","BA","Metálicos","Chumbo",",000000",",000000000000000","t","Pb","0","0",",000000",",000000",",000000",",000000"
"2023","BA","Não-Metálicos","Argilas","1883153,600000",",000000000000000","-","","492502,63","19402397,850000001","213156,240000","8452682,280000","1177171,280000","4655302,850000"
"2023","BA","Metálicos","Columbita-Tantalita","2,620000",",000000000000000","t","Ta2O5","2,6200000000000001","299606,58000000002",",000000",",000000",",000000",",000000"
"2023","BA","Não-Metálicos","Rochas Ornamentais - Outras","32932,080000",",000000000000000","-","","23025,050000000003","22963599,009999998",",000000",",000000",",000000",",000000"
"2023","BA","Não-Metálicos","Saibro","5201,000000",",000000000000000","-","","5201","51938,300000000003",",000000",",000000",",000000",",000000"
"2023","BA","Não-Metálicos","Calcário","2998626,720000",",000000000000000","-","","319240,94","7925663,879999999",",000000",",000000",",000000",",000000"
"2023","BA","Não-Metálicos","Diatomita","14922,450000",",000000000000000","-","","0","0",",000000",",000000","11512,450000","3068993,200000"
"2023","BA","Não-Metálicos","Talco e outras Cargas Minerais","44744,040000",",000000000000000","-","","0","0",",000000",",000000",",000000",",000000"
"2023","BA","Não-Metálicos","Bário","226,660000","22,660000000000000","t","BaSO4","226,66","27199,200000000001",",000000",",000000",",000000",",000000"
"2023","BA","Não-Metálicos","Feldspato, Leucita e Nefelina-Sienito","18391,816500",",000000000000000","-","","16583,423999999999","11595958,907000002",",000000",",000000",",000000",",000000"
"2023","BA","Não-Metálicos","Caulim","38200,670000",",000000000000000","-","","12382","219175",",000000",",000000","25818,670000","9320,540000"
"2023","BA","Não-Metálicos","Quartzo (Cristal) e outros Piezelétricos",",000000",",000000000000000","-","","0","0",",000000",",000000",",000000",",000000"
"2023","BA","Não-Metálicos","Grafita","355261,000000",",000000000000000","t","","355261","4263132",",000000",",000000",",000000",",000000"
"2023","BA","Metálicos","Ouro","6870567,940000","3663,501920000000000","kg","Au","1306234,3400000001","626283110,43999994",",000000",",000000",",000000",",000000"
"2023","BA","Gemas e Diamantes","Gemas","1000,000000",",000000000000000","-","","0","0",",000000",",000000",",000000",",000000"
"2023","BA","Não-Metálicos","Sal","621278,010000",",000000000000000","-","","0","0",",000000",",000000","621278,010000","78636006,170000"
"2023","BA","Não-Metálicos","Fosfato","698626,600000","113602,190000000000000","t","P2O5","0","0",",000000",",000000",",000000",",000000"
"2023","BA","Não-Metálicos","Areias Industriais","871205,773500",",000000000000000","-","","79048,385999999999","59024054,062999994",",000000",",000000",",000000",",000000"
"2023","BA","Não-Metálicos","Geodos, Ágatas, Calcedônia, etc","360,000000","50,000000000000000","t","","336,5","582300",",000000",",000000",",000000",",000000"
"2023","BA","Não-Metálicos","Areia","3456386,580000",",000000000000000","-","","3444173,5300000003","82902671,370000005","200,000000","6913,200000","8479,060000","83645,000000"
"2023","BA","Não-Metálicos","Rochas (Britadas) e Cascalho","12267672,160000",",000000000000000","-","","869013,05000000005","43018918,770000003","15000,000000","499138,480000","489529,650000","1277910,300000"
"2023","CE","Não-Metálicos","Fosfato",",000000",",000000000000000","t","P2O5","0","0",",000000",",000000",",000000",",000000"
"2023","CE","Não-Metálicos","Feldspato, Leucita e Nefelina-Sienito","441,200000",",000000000000000","-","","367,38800000000003","105107,83600000001",",000000",",000000",",000000",",000000"
"2023","CE","Não-Metálicos","Areias Industriais","157018,200000",",000000000000000","-","","109660,08199999999","4050729,1340000001",",000000",",000000","47307,400000","1392509,950000"
"2023","CE","Não-Metálicos","Rochas Ornamentais","199844,780000",",000000000000000","-","","162943,56","364340055,82000005",",000000",",000000","22513,770000","2479691,100000"
"2023","CE","Não-Metálicos","Areia","714146,340000",",000000000000000","-","","652240,74999999988","16072826,440000001","16,000000","192000,000000","496,000000","74640,000000"
"2023","CE","Não-Metálicos","Dolomito e Magnesita","339207,400000",",000000000000000","-","","339207,39999999997","14027463,159999998",",000000",",000000",",000000",",000000"
"2023","CE","Não-Metálicos","Calcário","6141136,350000",",000000000000000","-","","591719,42999999993","17189775,210000001","2324964,000000","10097789,500000","15721,360000","23055,910000"
"2023","CE","Não-Metálicos","Saibro","18163,230000",",000000000000000","-","","10133,23","229621","9,000000","9,000000","7933,000000","73226,760000"
"2023","CE","Metálicos","Manganês","128753,000000","51147,490000000000000","t","Mn","0","0",",000000",",000000",",000000",",000000"
"2023","CE","Metálicos","Ferro","7048,160000","5481,950000000000000","t","Fe","2815,1599999999999","337844,07000000001",",000000",",000000",",000000",",000000"
"2023","CE","Não-Metálicos","Talco e outras Cargas Minerais","2753,910000",",000000000000000","-","","2568,9099999999999","244530,28",",000000",",000000",",000000",",000000"
"2023","CE","Não-Metálicos","Argilas","1310151,940000",",000000000000000","-","","372264,57999999996","4559413,96","169815,640000","1221430,450000","812326,430000","6016072,700000"
"2023","CE","Não-Metálicos","Rochas Ornamentais - Outras","17358,670000",",000000000000000","-","","15033,889999999999","7647588,7800000003",",000000",",000000","100,480000","55824,000000"
"2023","CE","Não-Metálicos","Rochas (Britadas) e Cascalho","5341412,990000",",000000000000000","-","","176078,26999999999","9278120,4600000009","146570,630000","4329656,400000",",000000",",000000"
"2023","CE","Não-Metálicos","Gipsita","40191,450000",",000000000000000","-","","40191,450000000004","2185451,9399999999",",000000",",000000",",000000",",000000"
"2023","DF","Não-Metálicos","Argilas","198579,990000",",000000000000000","-","","0","0",",000000",",000000",",000000",",000000"
"2023","DF","Não-Metálicos","Rochas (Britadas) e Cascalho","122264,000000",",000000000000000","-","","122264","1594282,52",",000000",",000000",",000000",",000000"
"2023","DF","Não-Metálicos","Areias Industriais","63080,110000",",000000000000000","-","","0","0",",000000",",000000",",000000",",000000"
"2023","DF","Não-Metálicos","Areia","684951,410000",",000000000000000","-","","1805,8699999999999","84180",",000000",",000000",",000000",",000000"
"2023","DF","Não-Metálicos","Dolomito e Magnesita","2752924,540000",",000000000000000","-","","0","0",",000000",",000000",",000000",",000000"
"2023","DF","Não-Metálicos","Calcário","4905536,910000",",000000000000000","-","","18329,299999999999","258586,31",",000000",",000000",",000000",",000000"
"2023","DF","Metálicos","Manganês",",000000",",000000000000000","t","Mn","0","0",",000000",",000000",",000000",",000000"
"2023","ES","Não-Metálicos","Rochas (Britadas) e Cascalho","9722601,170000",",000000000000000","-","","2611990,5900000003","34008303,869999997",",000000",",000000","3670,000000",",070000"
"2023","ES","Não-Metálicos","Rochas Ornamentais","2395285,370962",",000000000000000","-","","2255831,1649539997","756244213,49848998",",000000",",000000","33248,160000","10352904,980000"
"2023","ES","Não-Metálicos","Dolomito e Magnesita","168460,255000",",000000000000000","-","","114080,355","3786668,7949999999",",000000",",000000","54379,900000","980342,960000"
"2023","ES","Não-Metálicos","Areia","1935431,500000",",000000000000000","-","","3067213,8000000007","45770127,259999998",",000000",",000000","2407,270000","55662,500000"
"2023","ES","Não-Metálicos","Rochas Ornamentais - Outras","10102,360000",",000000000000000","-","","11537,154999999999","4524173,9950000001",",000000",",000000",",000000",",000000"
"2023","ES","Não-Metálicos","Areias Industriais","35714,920000",",000000000000000","-","","35404,419999999998","1004314,52",",000000",",000000",",000000",",000000"
"2023","ES","Gemas e Diamantes","Gemas",",000000",",000000000000000","kg","","0","0",",000000",",000000",",000000",",000000"
"2023","ES","Não-Metálicos","Calcário","2073270,104038",",000000000000000","-","","1912702,7850459998","64706802,011509992",",000000",",000000","19250,100000","283774,050000"
"2023","ES","Metálicos","Alumínio (Bauxita)","2215,000000","718,580000000000000","t","Al2O3","0","0",",000000",",000000","2034,000000","52884,000000"
"2023","ES","Não-Metálicos","Argilas","532533,625000",",000000000000000","-","","319010,495","33982698,097000003","61009,650000","740338,180000","114780,870000","1240914,790000"
"2023","ES","Não-Metálicos","Feldspato, Leucita e Nefelina-Sienito","52899,650000",",000000000000000","-","","52899,650000000001","4543231,2299999995",",000000",",000000",",000000",",000000"
"2023","ES","Não-Metálicos","Saibro","159077,435000",",000000000000000","-","","152727,83499999999","4093177,5430000001","936,000000","37440,000000",",000000",",000000"
"2023","GO","Não-Metálicos","Vermiculita e Perlita","401669,000000","81500,000000000000000","t","","0","0",",000000",",000000",",000000",",000000"
"2023","GO","Metálicos","Ferro","34000,000000","32300,000000000000000","t","Fe","0","0",",000000",",000000",",000000",",000000"
"2023","GO","Metálicos","Ouro","31401946,900000","9295,683250000000000","kg","Au","3993,0700000000002","1013219,08",",000000",",000000",",000000",",000000"
"2023","GO","Não-Metálicos","Bário","5526825,440000","152738,300000000000000","t","BaSO4","0","0",",000000",",000000",",000000",",000000"
"2023","GO","Não-Metálicos","Rochas (Britadas) e Cascalho","11977934,509000",",000000000000000","-","","2341232,1400000001","78787737,230000004","43325,150000","525861,880000","3882,980000","151571,230000"
"2023","GO","Metálicos","Titânio","25,000000","25,000000000000000","t","TiO2","0","0",",000000",",000000",",000000",",000000"
"2023","GO","Não-Metálicos","Amianto","4069539,090000",",000000000000000","t","","0","0",",000000",",000000",",000000",",000000"
"2023","GO","Não-Metálicos","Argilas","503455,380000",",000000000000000","-","","166810,56","2022569,6099999999","1605,000000","56980,000000","270763,040000","7149576,190000"
"2023","GO","Metálicos","Alumínio (Bauxita)","1635045,450000","858607,010000000000000","t","Al2O3","0","0",",000000",",000000","60629,410000","3050515,390000"
"2023","GO","Não-Metálicos","Saibro",",000000",",000000000000000","-","","0","0",",000000",",000000",",000000",",000000"
"2023","GO","Não-Metálicos","Calcário","13747787,481000",",000000000000000","-","","847619,68999999994","17043874,350000001",",000000",",000000",",000000",",000000"
"2023","GO","Gemas e Diamantes","Gemas","383,690000","95,162220000000000","kg","","383,69","455160,69",",000000",",000000",",000000",",000000"
"2023","GO","Não-Metálicos","Rochas Ornamentais","50184,480000",",000000000000000","-","","35556,470000000001","46755580,230000004",",000000",",000000",",000000",",000000"
"2023","GO","Não-Metálicos","Talco e outras Cargas Minerais","5695,190000",",000000000000000","-","","641,79999999999995","90997,199999999997",",000000",",000000",",000000",",000000"
"2023","GO","Metálicos","Manganês","502,660000","201,060000000000000","t","Mn","0","0",",000000",",000000",",000000",",000000"
"2023","GO","Não-Metálicos","Dolomito e Magnesita","811022,760000",",000000000000000","-","","0","0",",000000",",000000",",000000",",000000"
"2023","GO","Não-Metálicos","Areia","2747578,610000",",000000000000000","-","","2206526,21","71163151,260000005",",000000",",000000","365,000000","36500,000000"
"2023","GO","Não-Metálicos","Feldspato, Leucita e Nefelina-Sienito","56091,840000",",000000000000000","-","","20433,849999999999","3319562,75",",000000",",000000",",000000",",000000"
"2023","GO","Metálicos","Cobre","29507903,860000","70006,190000000000000","t","Cu","0","0",",000000",",000000",",000000",",000000"
"2023","GO","Metálicos","Monazita e Terras-Raras","4048,320000","6,760000000000000","t","ETR","0","0",",000000",",000000",",000000",",000000"
"2023","GO","Metálicos","Nióbio","5526825,440000","27886,893790000000000","t","Nb2O5","0","0",",000000",",000000",",000000",",000000"
"2023","GO","Metálicos","Níquel","4328598,210000","55355,320000000000000","t"," Ni","0","0",",000000",",000000",",000000",",000000"
"2023","GO","Gemas e Diamantes","Diamante","19,560000","19,560000000000000","ct","","19,559999999999999","29222,639999999999",",000000",",000000",",000000",",000000"
"2023","GO","Gemas e Diamantes","Gemas","8,480000",",000000000000000","-","","8,4800000000000004","25020",",000000",",000000",",000000",",000000"
"2023","GO","Não-Metálicos","Areias Industriais","367752,150000",",000000000000000","-","","367752,15000000002","20286041,650000002",",000000",",000000",",000000",",000000"
"2023","GO","Não-Metálicos","Rochas Ornamentais - Outras","36505,450000",",000000000000000","-","","36485,449999999997","1198840,8700000001",",000000",",000000",",000000",",000000"
"2023","GO","Não-Metálicos","Fosfato","10618455,910000","1328208,680000000000000","t","P2O5","0","0",",000000",",000000",",000000",",000000"
"2023","MA","Não-Metálicos","Saibro","45276,800000",",000000000000000","-","","45276,800000000003","125380",",000000",",000000",",000000",",000000"
"2023","MA","Não-Metálicos","Gipsita","1727845,260000",",000000000000000","-","","33170,93","662107,21999999997",",000000",",000000",",000000",",000000"
"2023","MA","Não-Metálicos","Argilas","808441,670000",",000000000000000","-","","66155","229918,19999999998","127063,140000","1662883,040000","498682,820000","5127430,520000"
"2023","MA","Não-Metálicos","Rochas (Britadas) e Cascalho","4324792,090000",",000000000000000","-","","1406128,2199999997","19185073,77","62105,900000","2794765,050000",",000000",",000000"
"2023","MA","Não-Metálicos","Caulim","1772,630000",",000000000000000","-","","1772,6300000000001","30914,669999999998",",000000",",000000",",000000",",000000"
"2023","MA","Metálicos","Ouro","3721458,290000","537,098170000000000","kg","Au","0","0",",000000",",000000",",000000",",000000"
"2023","MA","Não-Metálicos","Calcário","208859,620000",",000000000000000","-","","131489,97","1889863,21",",000000",",000000",",000000",",000000"
"2023","MA","Não-Metálicos","Areia","1085784,390000",",000000000000000","-","","974470,81999999995","19593886,360000003","13266,000000","211523,870000","13008,400000","95234,500000"
"2023","MA","Metálicos","Ferro","119917,300000","56361,130000000000000","t","Fe","0","0",",000000",",000000",",000000",",000000"
"2023","MG","Metálicos","Alumínio (Bauxita)","2037186,800000","814917,300000000000000","t","Al2O3","770120,46000000008","30865809,359999999",",000000",",000000","1048,600000","10875,720000"
"2023","MG","Não-Metálicos","Saibro","262181,240000",",000000000000000","-","","124915,94","2356234,6499999999",",000000",",000000","86519,640000","79568,960000"
"2023","MG","Metálicos","Nióbio","6332528,020000","150909,913000000000000","t","Nb2O5","0","0",",000000",",000000",",000000",",000000"
"2023","MG","Não-Metálicos","Rochas (Britadas) e Cascalho","32601792,272200",",000000000000000","-","","4107151,1999999997","149509857,19799998","211053,350000","1195840,320000","329399,880000","13253523,720000"
"2023","MG","Metálicos","Titânio",",000000",",000000000000000","t","TiO2","0","0",",000000",",000000",",000000",",000000"
"2023","MG","Metálicos","Columbita-Tantalita","2000,000000",",000000000000000","t","Nb2O5","0","0",",000000",",000000",",000000",",000000"
"2023","MG","Metálicos","Chumbo","2808827,580000","15253,930000000000000","t","Pb","0","0",",000000",",000000",",000000",",000000"
"2023","MG","Metálicos","Zinco","2808827,580000","173695,340000000000000","t","Zn","0","0",",000000",",000000",",000000",",000000"
"2023","MG","Não-Metálicos","Caulim","22799,150000",",000000000000000","-","","18643,59","971749,59999999998",",000000",",000000","455,000000","346664,500000"
"2023","MG","Metálicos","Columbita-Tantalita","728084,000000","218,367250000000000","t","Ta2O5","0","0",",000000",",000000",",000000",",000000"
"2023","MG","Gemas e Diamantes","Gemas","240523,860000","46354,549330000000000","kg","","246,31000000000003","70591493,609999999",",000000",",000000","81,060000","1087814,100000"
"2023","MG","Não-Metálicos","Argilas","3139916,580000",",000000000000000","-","","1370772,6399999999","35571257,070000008","111805,150000","763950,690000","1035979,780000","19901117,540000"
"2023","MG","Não-Metálicos","Feldspato, Leucita e Nefelina-Sienito","43241,450000",",000000000000000","-","","43008,529999999999","28391494,68",",000000",",000000",",000000",",000000"
"2023","MG","Não-Metálicos","Cianita e outros minerais refratários",",000000",",000000000000000","-","","0","0",",000000",",000000",",000000",",000000"
"2023","MG","Não-Metálicos","Grafita","1196608,770000","75293,770000000000000","t","","0","0",",000000",",000000",",000000",",000000"
"2023","MG","Não-Metálicos","Potássio","457992,320000","45750,900000000000000","t","K2O","454783,76999999996","10637915,959999999",",000000",",000000","1163,340000","59818,940000"
"2023","MG","Metálicos","Ferro","363655737,620000","180308113,150000000000000","t","Fe","19439114,370000001","1112871651,98",",000000",",000000","1930481,130000","318127933,270000"
"2023","MG","Gemas e Diamantes","Diamante","263879,440000","1451,060000000000000","ct","","273,20999999999998","128000",",000000",",000000",",000000",",000000"
"2023","MG","Metálicos","Ouro","59646429,730000","36578,549270000000000","kg","Au","2557,2600000000002","1329878,3100000001",",000000",",000000",",000000",",000000"
"2023","MG","Metálicos","Manganês","468452,390000","138635,630000000000000","t","Mn","58854,660000000003","12210718,610000001",",000000",",000000",",000000",",000000"
"2023","MG","Metálicos","Níquel",",000000",",000000000000000","t"," Ni","0","0",",000000",",000000",",000000",",000000"
"2023","MG","Não-Metálicos","Rochas Ornamentais - Outras","99491,280000",",000000000000000","-","","91252,090000000011","50043084,779999986",",000000",",000000","498,860000","300959,380000"
"2023","MG","Não-Metálicos","Dolomito e Magnesita","854776,480000",",000000000000000","-","","132726,89999999999","6527562,0999999996",",000000",",000000","164757,100000","2361772,620000"
"2023","MG","Energéticos","Turfa","16706,810000",",000000000000000","-","","21570,790000000001","574891,14000000001",",000000",",000000",",000000",",000000"
"2023","MG","Metálicos","Lítio","1906183,000000","196424,060000000000000","t","Li2O","217048,54000000001","249631124,94999999",",000000",",000000","306,130000","68940,880000"
"2023","MG","Não-Metálicos","Fosfato","22829695,090000","1082140,250000000000000","t","P2O5","98314,029999999999","3730811,29",",000000",",000000",",000000",",000000"
"2023","MG","Não-Metálicos","Minerais Industriais (Outros)",",000000",",000000000000000","-","","0","0",",000000",",000000",",000000",",000000"
"2023","MG","Metálicos","Estanho","728175,670000","291104,750000000000000","kg","Sn","91,670000000000002","389078",",000000",",000000",",000000",",000000"
"2023","MG","Metálicos","Prata","808346,930000","216,271010000000000","kg","Ag","0","0",",000000",",000000",",000000",",000000"
"2023","MG","Não-Metálicos","Areias Industriais","1561467,872000",",000000000000000","-","","836749,28055099992","66508387,56552501",",000000",",000000","69251,550000","2736258,580000"
"2023","MG","Não-Metálicos","Rochas Ornamentais","1339253,380000",",000000000000000","-","","1147124,8100000001","514286179,44","2920,270000","456069,820000","91551,430000","21067764,010000"
"2023","MG","Não-Metálicos","Bário",",000000",",000000000000000","t","BaSO4","0","0",",000000",",000000",",000000",",000000"
"2023","MG","Não-Metálicos","Quartzo (Cristal) e outros Piezelétricos","20205,420000",",000000000000000","-","","19315,93","3341508,5800000005",",000000",",000000",",000000",",000000"
"2023","MG","Gemas e Diamantes","Gemas",",076000",",000000000000000","-","","6,9449000000000011E-2","51,164475000000003",",000000",",000000",",000000",",000000"
"2023","MG","Não-Metálicos","Areia","7820022,792000",",000000000000000","-","","6782194,6000000015","267344677,65000004","6728,080000","501336,660000","12617,530000","727041,560000"
"2023","MG","Não-Metálicos","Calcário","45104811,361800",",000000000000000","-","","6762328,1199999992","134853501,942","1842761,680000","20353964,990000","4458297,140000","59765067,510000"
"2023","MG","Metálicos","Berílio","2000,000000",",000000000000000","t","BeO","0","0",",000000",",000000",",000000",",000000"
"2023","MG","Metálicos","Monazita e Terras-Raras",",000000",",000000000000000","t","ETR","0","0",",000000",",000000",",000000",",000000"
"2023","MG","Não-Metálicos","Talco e outras Cargas Minerais","384631,966000",",000000000000000","-","","246752,32999999999","17396834,789999999",",000000",",000000","17692,090000","364850,360000"
"2023","MS","Metálicos","Ferro","11833954,100000","7459998,580000000000000","t","Fe","0","0",",000000",",000000",",000000",",000000"
"2023","MS","Não-Metálicos","Areia","3354850,060000",",000000000000000","-","","2444865,79","67065574,190000005","318032,370000","407391,370000",",000000",",000000"
"2023","MS","Não-Metálicos","Calcário","5225491,850500",",000000000000000","-","","45084,589999999997","3559397,074",",000000",",000000",",000000",",000000"
"2023","MS","Não-Metálicos","Fosfato","53735,610000","6448,280000000000000","t","P2O5","0","0",",000000",",000000",",000000",",000000"
"2023","MS","Não-Metálicos","Talco e outras Cargas Minerais","172434,670000",",000000000000000","-","","0","0",",000000",",000000",",000000",",000000"
"2023","MS","Não-Metálicos","Rochas Ornamentais - Outras",",000000",",000000000000000","-","","0","0",",000000",",000000",",000000",",000000"
"2023","MS","Metálicos","Manganês","391058,030000","166151,840000000000000","t","Mn","0","0",",000000",",000000",",000000",",000000"
"2023","MS","Não-Metálicos","Saibro","277185,750000",",000000000000000","-","","230370,34000000003","3754697,3599999999","4574,000000","94699,000000",",000000",",000000"
"2023","MS","Não-Metálicos","Rochas (Britadas) e Cascalho","9173668,869500",",000000000000000","-","","579050,16999999993","14772063,346000001","246868,040000","278133,260000","5940,000000","479808,010000"
"2023","MS","Não-Metálicos","Argilas","406498,100000",",000000000000000","-","","234204,09999999998","3296911,54","630,000000","12600,000000",",000000",",000000"
"2023","MS","Não-Metálicos","Rochas Ornamentais","5616,240000",",000000000000000","-","","3330,25","12913143,609999999",",000000",",000000",",000000",",000000"
"2023","MT","Metálicos","Chumbo","721525,700000","7611,000000000000000","t","Pb","0","0",",000000",",000000",",000000",",000000"
"2023","MT","Metálicos","Cobre","721525,700000","4941,640000000000000","t","Cu","0","0",",000000",",000000",",000000",",000000"
"2023","MT","Não-Metálicos","Dolomito e Magnesita","5338,690000",",000000000000000","-","","0","0",",000000",",000000",",000000",",000000"
"2023","MT","Não-Metálicos","Calcário","18497203,160064",",000000000000000","-","","759437,12","78299665,530000001",",000000",",000000","1213886,210000","43220304,300000"
"2023","MT","Não-Metálicos","Rochas (Britadas) e Cascalho","9926755,429936",",000000000000000","-","","2273273,7999999998","42492522,82","1123591,510000","12720671,510000","272642,280000","6831960,820000"
"2023","MT","Metálicos","Manganês","212081,800000","66360,240000000000000","t","Mn","14303,98","3615145,7999999998",",000000",",000000","32396,000000","6620940,000000"
"2023","MT","Gemas e Diamantes","Diamante","396036,780000","1724,520000000000000","ct","","0","0",",000000",",000000",",000000",",000000"
"2023","MT","Metálicos","Zinco","721525,700000","23869,500000000000000","t","Zn","0","0",",000000",",000000",",000000",",000000"
"2023","MT","Não-Metálicos","Argilas","447592,330000",",000000000000000","-","","222514,68000000002","2392139,3999999999","72814,530000","162673,850000","20221,700000","188543,280000"
"2023","MT","Metálicos","Ouro","14961705,820000","9174,849480000000000","kg","Au","4180,1800000000003","215604878,60999998",",000000",",000000","150,000000","90,000000"
"2023","MT","Gemas e Diamantes","Gemas","4,710000",",000000000000000","-","","0","0",",000000",",000000",",000000",",000000"
"2023","MT","Não-Metálicos","Areias Industriais","10038747,520000",",000000000000000","-","","7858112,6500000004","10907317,83","7737,640000","491378,310000","7737,640000","491378,310000"
"2023","MT","Não-Metálicos","Areia","2881473,280000",",000000000000000","-","","2350489","106504984,27000001","10911,050000","368268,800000","6370,000000","79306,530000"
"2023","MT","Não-Metálicos","Rochas Ornamentais","47007,790000",",000000000000000","-","","14685,460000000001","2938173,75",",000000",",000000",",000000",",000000"
"2023","MT","Não-Metálicos","Saibro",",000000",",000000000000000","-","","0","0",",000000",",000000",",000000",",000000"
"2023","MT","Não-Metálicos","Talco e outras Cargas Minerais","87028,170000",",000000000000000","-","","0","0",",000000",",000000","87028,170000","340163,620000"
"2023","PA","Não-Metálicos","Areias Industriais","4525,800000",",000000000000000","-","","4370,0500000000002","5763374,5700000003",",000000",",000000",",000000",",000000"
"2023","PA","Gemas e Diamantes","Gemas","226,850000","181485,600000000000000","kg","","226,84999999999999","1447145,22",",000000",",000000",",000000",",000000"
"2023","PA","Metálicos","Ferro","174766235,090000","113766187,900000000000000","t","Fe","374724,34999999998","87855878,760000005",",000000",",000000",",000000",",000000"
"2023","PA","Não-Metálicos","Fosfato","58192,330000","11813,180000000000000","t","P2O5","0","0",",000000",",000000",",000000",",000000"
"2023","PA","Metálicos","Alumínio (Bauxita)","42058169,060000","20349031,970000000000000","t","Al2O3","0","0",",000000",",000000",",000000",",000000"
"2023","PA","Metálicos","Tungstênio","9,000000","9,000000000000000","t","WO3","0","0",",000000",",000000",",000000",",000000"
"2023","PA","Não-Metálicos","Calcário","4166000,485000",",000000000000000","-","","727163,45000000007","31773604,300000001",",000000",",000000","1575367,010000","60324671,470000"
"2023","PA","Não-Metálicos","Rochas Ornamentais - Outras","3149,440000",",000000000000000","-","","1750,27","4829906,6900000004",",000000",",000000",",000000",",000000"
"2023","PA","Metálicos","Níquel","2062874,070000","37651,550000000000000","t"," Ni","0","0",",000000",",000000",",000000",",000000"
"2023","PA","Metálicos","Estanho","27583,970000","26977701,410000000000000","kg","Sn","7479,0500000000002","16879560,899999999",",000000",",000000",",000000",",000000"
"2023","PA","Metálicos","Manganês","842592,190000","193237,740000000000000","t","Mn","28733,340000000004","6870598,79","7996,760000","1828525,000000","7996,760000","1828525,000000"
"2023","PA","Não-Metálicos","Gipsita","341687,370000",",000000000000000","-","","188602,79000000001","2074630,6899999999",",000000",",000000",",000000",",000000"
"2023","PA","Não-Metálicos","Argilas","1630101,430000",",000000000000000","-","","1430589,2400000002","17429679","10839,000000","83042,500000","241782,310000","1603385,550000"
"2023","PA","Não-Metálicos","Saibro","159896,710000",",000000000000000","-","","158510,15999999997","974479,30000000005",",000000",",000000","1386,550000","19060,180000"
"2023","PA","Não-Metálicos","Rochas (Britadas) e Cascalho","4076264,745000",",000000000000000","-","","1977071,3699999999","158067914,97","149412,030000","23718628,570000",",000000",",000000"
"2023","PA","Não-Metálicos","Areia","1502393,320000",",000000000000000","-","","1494273,54","150179797,11000001","6275,000000",",120000","12725,000000","141960,320000"
"2023","PA","Metálicos","Cobre","57296096,870000","366065,330000000000000","t","Cu","12123,889999999999","1408190,79",",000000",",000000",",000000",",000000"
"2023","PA","Gemas e Diamantes","Diamante",",000000",",000000000000000","ct","","0","0",",000000",",000000",",000000",",000000"
"2023","PA","Metálicos","Columbita-Tantalita","97,820000",",053800000000000","t","Nb2O5","97,819999999999993","7505761,8799999999",",000000",",000000",",000000",",000000"
"2023","PA","Metálicos","Ouro","6490508,940000","337551,676520000000000","kg","Au","65890,650000000009","318639571,9600001","16420,100000","2144066,330000","11000,000000","110000,000000"
"2023","PA","Metálicos","Columbita-Tantalita","2,770000","1,386750000000000","t","Ta2O5","0","0",",000000",",000000",",000000",",000000"
"2023","PA","Não-Metálicos","Caulim","1124322,720000",",000000000000000","-","","65205,800000000003","3428118,9100000001",",000000",",000000",",000000",",000000"
"2023","PB","Não-Metálicos","Mica","2898,950000",",000000000000000","-","","1240,05","1892116,21",",000000",",000000",",000000",",000000"
"2023","PB","Metálicos","Tungstênio",",000000",",000000000000000","t","WO3","0","0",",000000",",000000",",000000",",000000"
"2023","PB","Não-Metálicos","Rochas Ornamentais","16314,704000",",000000000000000","-","","16418,133999999998","30012931,085999999",",000000",",000000",",000000",",000000"
"2023","PB","Gemas e Diamantes","Gemas","1202,000000","2000,010000000000000","kg","","2","23500",",000000",",000000",",000000",",000000"
"2023","PB","Não-Metálicos","Vermiculita e Perlita","4641,000000",",000000000000000","t","","4641","6658921,9900000002",",000000",",000000",",000000",",000000"
"2023","PB","Não-Metálicos","Talco e outras Cargas Minerais","46100,000000",",000000000000000","-","","0","0",",000000",",000000","33077,550000","2996516,100000"
"2023","PB","Não-Metálicos","Areia","1549905,540000",",000000000000000","-","","1486838,6699999999","19039635,419999998",",000000",",000000",",000000",",000000"
"2023","PB","Não-Metálicos","Calcário","5946518,090000",",000000000000000","-","","2691748,5299999998","55514297,170000002","22234,610000","3702190,810000","25354,250000","1405362,390000"
"2023","PB","Não-Metálicos","Bário","19,410000",",000000000000000","t","BaSO4","19,41","10675,5",",000000",",000000",",000000",",000000"
"2023","PB","Metálicos","Columbita-Tantalita",",000000",",000000000000000","t","Ta2O5","0","0",",000000",",000000",",000000",",000000"
"2023","PB","Não-Metálicos","Dolomito e Magnesita","3292,000000",",000000000000000","-","","3292","52101",",000000",",000000",",000000",",000000"
"2023","PB","Não-Metálicos","Rochas (Britadas) e Cascalho","1533393,756000",",000000000000000","-","","45041,576000000001","3263393,0439999998",",000000",",000000",",000000",",000000"
"2023","PB","Não-Metálicos","Feldspato, Leucita e Nefelina-Sienito","124988,090000",",000000000000000","-","","118308,62","23319574,32",",000000",",000000",",000000",",000000"
"2023","PB","Não-Metálicos","Rochas Ornamentais - Outras","8822,370000",",000000000000000","-","","8783,3700000000008","1838644,05",",000000",",000000",",000000",",000000"
"2023","PB","Não-Metálicos","Caulim","28165,000000",",000000000000000","-","","3415","68300",",000000",",000000","33750,000000","2085650,000000"
"2023","PB","Não-Metálicos","Saibro","12830,080000",",000000000000000","-","","12830,08","327272,39000000001",",000000",",000000",",000000",",000000"
"2023","PB","Não-Metálicos","Quartzo (Cristal) e outros Piezelétricos","40,000000",",000000000000000","-","","0","0",",000000",",000000",",000000",",000000"
"2023","PB","Não-Metálicos","Argilas","932080,500000",",000000000000000","-","","347416,83999999997","12716751,32",",000000",",000000","70724,690000","2390567,550000"
"2023","PB","Metálicos","Ouro",",000000",",000000000000000","kg","Au","0","0",",000000",",000000",",000000",",000000"
"2023","PB","Metálicos","Ferro",",000000",",000000000000000","t","Fe","0","0",",000000",",000000",",000000",",000000"
"2023","PB","Não-Metálicos","Areias Industriais","83658,420000",",000000000000000","-","","22228,52","2369797,75",",000000",",000000","61179,900000","568421,830000"
"2023","PB","Não-Metálicos","Minerais Industriais (Outros)",",000000",",000000000000000","t","","0","0",",000000",",000000",",000000",",000000"
"2023","PE","Não-Metálicos","Areias Industriais","95028,000000",",000000000000000","-","","358","4042",",000000",",000000",",000000",",000000"
"2023","PE","Metálicos","Titânio",",000000",",000000000000000","t","TiO2","0","0",",000000",",000000",",000000",",000000"
"2023","PE","Não-Metálicos","Vermiculita e Perlita","1779,000000","647,080000000000000","t","","0","0",",120000","527477,000000",",000000",",000000"
"2023","PE","Não-Metálicos","Saibro","155015,980000",",000000000000000","-","","152885,38","1482972,1099999999",",000000",",000000","2175,600000","2175,600000"
"2023","PE","Não-Metálicos","Rochas Ornamentais - Outras","487,000000",",000000000000000","-","","394","78800",",000000",",000000",",000000",",000000"
"2023","PE","Não-Metálicos","Argilas","698807,620000",",000000000000000","-","","430760,95999999996","6338543,2300000004","1437,000000","13651,500000","147306,340000","4414882,740000"
"2023","PE","Metálicos","Ferro",",000000",",000000000000000","t","Fe","0","0",",000000",",000000",",000000",",000000"
"2023","PE","Metálicos","Ouro","5339,000000","16,378100000000000","kg","Au","0","0",",000000",",000000",",000000",",000000"
"2023","PE","Não-Metálicos","Areia","1221150,980000",",000000000000000","-","","1155241,4399999999","13474855,340000002",",000000",",000000",",000000",",000000"
"2023","PE","Não-Metálicos","Caulim",",000000",",000000000000000","-","","0","0",",000000",",000000",",000000",",000000"
"2023","PE","Não-Metálicos","Rochas Ornamentais","4335,783200",",000000000000000","-","","218,2388","361454,38799999998",",000000",",000000","2554,092200","431235,752400"
"2023","PE","Não-Metálicos","Gipsita","3668152,380000",",000000000000000","-","","1178955,6400000001","47773543,210000001",",000000",",000000","6170,000000","264169,000000"
"2023","PE","Não-Metálicos","Calcário","239106,840000",",000000000000000","-","","8182,9160000000002","239260,56299999999","285,000000","2850,000000","75255,010000","992182,260000"
"2023","PE","Não-Metálicos","Talco e outras Cargas Minerais","1000,000000",",000000000000000","-","","765,28999999999996","28453,900000000001",",000000",",000000",",000000",",000000"
"2023","PE","Não-Metálicos","Rochas (Britadas) e Cascalho","6038913,536800",",000000000000000","-","","692416,66519999993","34394352,048999995","20000,000000","700000,000000","103344,537800",",117600"
"2023","PI","Não-Metálicos","Rochas (Britadas) e Cascalho","1621818,130000",",000000000000000","-","","18420,080000000002","1446464,1699999999","16338,500000","390404,000000","121360,790000","3048675,410000"
"2023","PI","Gemas e Diamantes","Diamante",",000000",",000000000000000","ct","","0","0",",000000",",000000",",000000",",000000"
"2023","PI","Não-Metálicos","Areia","309861,410000",",000000000000000","-","","259694,59999999998","13240014,33","51347,000000","550011,700000","490,000000","7350,000000"
"2023","PI","Metálicos","Níquel","326247,070000","3914,970000000000000","t"," Ni","0","0",",000000",",000000",",000000",",000000"
"2023","PI","Metálicos","Ferro","299840,000000","175517,340000000000000","t","Fe","123584,14999999999","21930823,829999998",",000000",",000000",",000000",",000000"
"2023","PI","Não-Metálicos","Rochas Ornamentais - Outras","343,780000",",000000000000000","-","","0","0",",000000",",000000",",000000",",000000"
"2023","PI","Não-Metálicos","Dolomito e Magnesita","153050,880000",",000000000000000","-","","93220,389999999999","1864407,7999999998",",000000",",000000",",000000",",000000"
"2023","PI","Gemas e Diamantes","Gemas","29000,000000",",001000000000000","kg","","19","112000",",000000",",000000",",000000",",000000"
"2023","PI","Não-Metálicos","Saibro","188452,800000",",000000000000000","-","","1200","6000",",000000",",000000","187252,800000","187252,800000"
"2023","PI","Não-Metálicos","Argilas","359938,530000",",000000000000000","-","","204248,37","2001617,2199999997","46254,540000","512303,590000","49842,470000","607124,880000"
"2023","PI","Não-Metálicos","Rochas Ornamentais","13388,820000",",000000000000000","-","","3271,0900000000001","3286675,4500000002","850,000000","68000,000000",",000000",",000000"
"2023","PI","Não-Metálicos","Calcário","1390793,190000",",000000000000000","-","","188501,60999999999","3329362,1999999997",",000000",",000000","317454,080000","69219192,000000"
"2023","PR","Metálicos","Zinco",",000000",",000000000000000","t","Zn","0","0",",000000",",000000",",000000",",000000"
"2023","PR","Gemas e Diamantes","Gemas","2720,720000","2650770,000000000000000","kg","","0","0",",000000",",000000","2720,720000","61622,390000"
"2023","PR","Não-Metálicos","Dolomito e Magnesita","2294412,890000",",000000000000000","-","","597836,18999999994","4417275,1899999995","1496948,550000","8032682,560000","35898,010000","430776,130000"
"2023","PR","Não-Metálicos","Caulim","68109,750000",",000000000000000","-","","57234,640000000007","5271337,8599999994",",000000",",000000","9539,110000","243247,360000"
"2023","PR","Não-Metálicos","Saibro","2320280,090000",",000000000000000","-","","1968896,6200000001","39500503,439999998","78230,700000","634671,460000","93794,000000","448300,000000"
"2023","PR","Não-Metálicos","Rochas Ornamentais - Outras","79669,440000",",000000000000000","-","","65819,070000000007","1881561,5600000001",",000000",",000000","510,040000","204015,750000"
"2023","PR","Não-Metálicos","Argilas","1533674,570000",",000000000000000","-","","889447,0199999999","26239147,579999994","12163,130000","133392,200000","640953,120000","7058321,020000"
"2023","PR","Não-Metálicos","Feldspato, Leucita e Nefelina-Sienito","104753,080000",",000000000000000","-","","1182,0799999999999","174902,04000000001",",000000",",000000",",000000",",000000"
"2023","PR","Não-Metálicos","Areia","10158700,970000",",000000000000000","-","","7214225,5399999991","214320747,47000003",",000000",",000000","73476,820000","2744920,390000"
"2023","PR","Metálicos","Chumbo",",000000",",000000000000000","t","Pb","0","0",",000000",",000000",",000000",",000000"
"2023","PR","Não-Metálicos","Rochas Ornamentais","455568,514934",",000000000000000","-","","278566,80281600001","9735221,4566740002",",000000",",000000","13202,848000","12361981,590000"
"2023","PR","Não-Metálicos","Talco e outras Cargas Minerais","947931,620000",",000000000000000","-","","113856,65000000001","14378924,140000001",",000000",",000000","728216,410000","17965606,250000"
"2023","PR","Não-Metálicos","Geodos, Ágatas, Calcedônia, etc","1659,000000","1659,000000000000000","t","","0","0",",000000",",000000",",000000",",000000"
"2023","PR","Metálicos","Prata","78533,260000","14,684470000000000","kg","Ag","0","0",",000000",",000000",",000000",",000000"
"2023","PR","Metálicos","Ouro","82748,590000","280,002600000000000","kg","Au","0","0",",000000",",000000",",000000",",000000"
"2023","PR","Não-Metálicos","Rochas (Britadas) e Cascalho","28999930,655866",",000000000000000","-","","3758064,5455840002","102749759,765726","693411,550000","4614278,350000","1183842,520000","7721669,610000"
"2023","PR","Energéticos","Carvão Mineral","350710,580000",",000000000000000","-","","0","0",",000000",",000000",",000000",",000000"
"2023","PR","Não-Metálicos","Areias Industriais","21809,770000",",000000000000000","-","","20351,580000000002","121234,29000000001",",000000",",000000","1458,190000","46698,700000"
"2023","PR","Não-Metálicos","Calcário","22780498,379200",",000000000000000","-","","4531732,6815999998","123552315,41760001","150,000000","1200,000000","131537,752000","4720984,780000"
"2023","PR","Não-Metálicos","Fluorita e Criolita","85256,020000","38314,050000000000000","t","","0","0",",000000",",000000",",000000",",000000"
"2023","PR","Não-Metálicos","Bário","1760,400000","1652,670000000000000","t","BaSO4","1760,4000000000001","3619599,5",",000000",",000000",",000000",",000000"
"2023","RJ","Não-Metálicos","Argilas","1764304,410000",",000000000000000","-","","215599,13999999998","1991387,03","34968,000000","335903,000000","1440230,310000","4253974,980000"
"2023","RJ","Não-Metálicos","Rochas (Britadas) e Cascalho","18493745,600000",",000000000000000","-","","786793,41999999993","16370823,859999999",",000000",",000000",",000000",",000000"
"2023","RJ","Não-Metálicos","Rochas Ornamentais","15712,960000",",000000000000000","-","","13441,119999999999","1765556,4299999999",",000000",",000000","2246,830000","285199,000000"
"2023","RJ","Metálicos","Zircônio",",000000",",000000000000000","t","ZrSiO4","0","0",",000000",",000000",",000000",",000000"
"2023","RJ","Não-Metálicos","Saibro","2516861,860000",",000000000000000","-","","1774546,9099999999","9125818,8200000003",",000000",",000000","765180,310000","5089654,680000"
"2023","RJ","Metálicos","Titânio",",000000",",000000000000000","t","TiO2","0","0",",000000",",000000",",000000",",000000"
"2023","RJ","Não-Metálicos","Areia","4972109,000000",",000000000000000","-","","4778210,1600000001","123779829,46000002",",000000",",000000",",000000",",000000"
"2023","RJ","Metálicos","Monazita e Terras-Raras",",000000",",000000000000000","t","ETR","0","0",",000000",",000000",",000000",",000000"
"2023","RJ","Não-Metálicos","Fluorita e Criolita","1,000000","1,000000000000000","t","","0","0",",000000",",000000",",000000",",000000"
"2023","RJ","Energéticos","Turfa",",000000",",000000000000000","-","","0","0",",000000",",000000",",000000",",000000"
"2023","RJ","Não-Metálicos","Rochas Ornamentais - Outras","41949,110000",",000000000000000","-","","41924,920000000013","4059591,1799999997",",000000",",000000","66,500000","9500,000000"
"2023","RJ","Não-Metálicos","Calcário","2580490,850000",",000000000000000","-","","0","0","551488,000000","10409467,000000",",000000",",000000"
"2023","RJ","Não-Metálicos","Feldspato, Leucita e Nefelina-Sienito","40600,000000",",000000000000000","-","","34219,949999999997","7618027,21",",000000",",000000",",000000",",000000"
"2023","RN","Não-Metálicos","Rochas Ornamentais - Outras","10734,430000",",000000000000000","-","","11990,360000000001","12879597,609999999",",000000",",000000",",000000",",000000"
"2023","RN","Gemas e Diamantes","Gemas","1,225000",",000000000000000","-","","0","0",",000000",",000000",",000000",",000000"
"2023","RN","Não-Metálicos","Gipsita",",000000",",000000000000000","-","","0","0",",000000",",000000",",000000",",000000"
"2023","RN","Gemas e Diamantes","Gemas","29866,122000","5856,266100000000000","kg","","0","0",",000000",",000000",",000000",",000000"
"2023","RN","Não-Metálicos","Minerais Industriais (Outros)",",038000",",000570000000000","t","","0","0",",000000",",000000",",000000",",000000"
"2023","RN","Metálicos","Ferro","2491,690000","1707,850000000000000","t","Fe","2491,6900000000001","30473,370000000003","1567,670000","15504,250000",",000000",",000000"
"2023","RN","Não-Metálicos","Quartzo (Cristal) e outros Piezelétricos","3,175000",",000000000000000","-","","0","0",",000000",",000000",",000000",",000000"
"2023","RN","Não-Metálicos","Areias Industriais","24460,960000",",000000000000000","-","","24357,860000000001","1021145,8",",000000",",000000",",000000",",000000"
"2023","RN","Não-Metálicos","Rochas Ornamentais","33764,230000",",000000000000000","-","","36433,130000000005","41936751,780000001",",000000",",000000","2727,210000","863328,730000"
"2023","RN","Não-Metálicos","Areia","309893,230000",",000000000000000","-","","277127,83000000002","3050147,5699999998","105363,000000","286055,000000",",000000",",000000"
"2023","RN","Não-Metálicos","Rochas (Britadas) e Cascalho","1315675,040000",",000000000000000","-","","54224,099999999999","1953252,25",",000000",",000000",",000000",",000000"
"2023","RN","Não-Metálicos","Talco e outras Cargas Minerais","23820,750000",",000000000000000","-","","23820,75","1424430,2",",000000",",000000",",000000",",000000"
"2023","RN","Metálicos","Tungstênio","85320,720000","418,320000000000000","t","WO3","0","0",",000000",",000000",",000000",",000000"
"2023","RN","Não-Metálicos","Argilas","399804,460000",",000000000000000","-","","304517,27999999997","407326,59000000003","101577,180000","392711,240000","18664,050000","2267529,680000"
"2023","RN","Não-Metálicos","Caulim","39384,120000",",000000000000000","-","","39292,120000000003","2980198",",000000",",000000",",000000",",000000"
"2023","RN","Não-Metálicos","Mica","51,000000",",000000000000000","-","","0","0",",000000",",000000",",000000",",000000"
"2023","RN","Não-Metálicos","Diatomita","1624,000000",",000000000000000","-","","1624","101660","1297,000000","45395,000000",",000000",",000000"
"2023","RN","Metálicos","Columbita-Tantalita","45815,000000","2,542500000000000","t","Ta2O5","45790","2238700",",000000",",000000",",000000",",000000"
"2023","RN","Não-Metálicos","Calcário","3248212,110000",",000000000000000","-","","396834","8507224,9299999997",",000000",",000000","2645978,860000","51231106,990000"
"2023","RN","Não-Metálicos","Saibro","4180,000000",",000000000000000","-","","4180","63000","1920,000000","48000,000000",",000000",",000000"
"2023","RN","Não-Metálicos","Feldspato, Leucita e Nefelina-Sienito","69842,290000",",000000000000000","-","","69300,759999999995","6606355,7999999989",",000000",",000000",",000000",",000000"
"2023","RO","Não-Metálicos","Calcário","204769,080000",",000000000000000","-","","0","0",",000000",",000000",",000000",",000000"
"2023","RO","Metálicos","Zinco","1880634,000000","189991,000000000000000","t","Zn","0","0",",000000",",000000",",000000",",000000"
"2023","RO","Não-Metálicos","Rochas (Britadas) e Cascalho","1870694,660000",",000000000000000","-","","804378,81999999995","20194234,57",",000000",",000000",",000000",",000000"
"2023","RO","Metálicos","Columbita-Tantalita","1464516,710000","1645,919550500000000","t","Nb2O5","0","0",",000000",",000000",",000000",",000000"
"2023","RO","Não-Metálicos","Argilas","275056,630000",",000000000000000","-","","177600,63","6851570,4500000002",",000000",",000000","97456,000000","1471310,280000"
"2023","RO","Não-Metálicos","Areia","292023,910000",",000000000000000","-","","268490,62","14081886,829999998",",000000",",000000",",000000",",000000"
"2023","RO","Metálicos","Ouro","2563231,150000","415,539300000000000","kg","Au","0","0",",000000",",000000",",000000",",000000"
"2023","RO","Metálicos","Titânio","1365240,420000","65329,270000000000000","t","TiO2","20000,419999999998","5200107,9800000004",",000000",",000000",",000000",",000000"
"2023","RO","Não-Metálicos","Saibro","13101,000000",",000000000000000","-","","13101","140225,25",",000000",",000000",",000000",",000000"
"2023","RO","Não-Metálicos","Dolomito e Magnesita","633066,810000",",000000000000000","-","","632966,81000000006","75092750,310000002",",000000",",000000",",000000",",000000"
"2023","RO","Metálicos","Estanho","4465942,630000","5031007,770000000000000","kg","Sn","444,41999999999996","45231749,68",",020000",",020000",",000000",",000000"
"2023","RO","Metálicos","Chumbo","188063,400000","34544,000000000000000","t","Pb","0","0",",000000",",000000",",000000",",000000"
"2023","RO","Metálicos","Columbita-Tantalita","67402,240000","131,495739500000000","t","Ta2O5","0","0",",000000",",000000",",000000",",000000"
"2023","RR","Não-Metálicos","Rochas Ornamentais","809,290000",",000000000000000","-","","763,15999999999997","97488",",000000",",000000",",000000",",000000"
"2023","RR","Não-Metálicos","Rochas (Britadas) e Cascalho","277456,120000",",000000000000000","-","","18655,599999999999","284996",",000000",",000000",",000000",",000000"
"2023","RR","Metálicos","Ouro",",000000",",000000000000000","kg","Au","0","0",",000000",",000000",",000000",",000000"
"2023","RR","Não-Metálicos","Argilas","182620,830000",",000000000000000","-","","181923,30000000002","995080,28000000003",",000000",",000000",",000000",",000000"
"2023","RR","Não-Metálicos","Areia","136723,677500",",000000000000000","-","","136723,67749999999","2780485,8240000005",",000000",",000000",",000000",",000000"
"2023","RS","Não-Metálicos","Calcário","4281084,440000",",000000000000000","-","","1721864,5599999998","33864019,439999998",",000000",",000000",",000000",",000000"
"2023","RS","Não-Metálicos","Caulim","395003,730000",",000000000000000","-","","373522,16999999998","20100052,319999997",",000000",",000000","1831,000000","40282,000000"
"2023","RS","Não-Metálicos","Saibro","4048329,222000",",000000000000000","-","","1727776,932","31386549,409999996","157973,600000","1824446,030000","643399,130000","3681465,170000"
"2023","RS","Não-Metálicos","Argilas","4221768,438000",",000000000000000","-","","1810327,1080000002","21977732,059999999","1319859,910000","7331104,380000","1036877,530000","10587500,590000"
"2023","RS","Não-Metálicos","Rochas Ornamentais - Outras","578234,623000",",000000000000000","-","","511773,78550000006","46831353,521000005","6529,000000","195870,000000","25055,000000","230074,440000"
"2023","RS","Gemas e Diamantes","Gemas","24,410000","24410,000000000000000","kg","","23,609999999999999","1183092",",000000",",000000",",000000",",000000"
"2023","RS","Metálicos","Cobre",",000000",",000000000000000","t","Cu","0","0",",000000",",000000",",000000",",000000"
"2023","RS","Não-Metálicos","Geodos, Ágatas, Calcedônia, etc","10447,280000","6984,173600000000000","t","","7942,3599999999997","44467667,009999998",",000000",",000000",",000000",",000000"
"2023","RS","Energéticos","Carvão Mineral","4083906,450000",",000000000000000","-","","0","0",",000000",",000000",",000000",",000000"
"2023","RS","Metálicos","Ouro",",000000",",000000000000000","kg","Au","0","0",",000000",",000000",",000000",",000000"
"2023","RS","Não-Metálicos","Areia","8772249,710000",",000000000000000","-","","8197655,540000001","164092930,82000002","105,000000","650,000000","245656,690000","3418484,340000"
"2023","RS","Não-Metálicos","Rochas (Britadas) e Cascalho","22353131,087000",",000000000000000","-","","1078458,1444999999","23950671,609000001","140944,820000","2191166,570000","1144675,550000","12595229,550000"
"2023","RS","Não-Metálicos","Areias Industriais","203121,220000",",000000000000000","-","","203121,22","4147639,3799999999",",000000",",000000",",000000",",000000"
"2023","RS","Não-Metálicos","Talco e outras Cargas Minerais","591,060000",",000000000000000","-","","591,05999999999995","283377,97999999998",",000000",",000000",",000000",",000000"
"2023","RS","Não-Metálicos","Rochas Ornamentais","194622,620000",",000000000000000","-","","187311,73999999999","19998908,490000002",",000000",",000000",",000000",",000000"
"2023","RS","Metálicos","Chumbo",",000000",",000000000000000","t","Pb","0","0",",000000",",000000",",000000",",000000"
"2023","RS","Metálicos","Prata",",000000",",000000000000000","kg","Ag","0","0",",000000",",000000",",000000",",000000"
"2023","SC","Não-Metálicos","Caulim","61174,460000",",000000000000000","-","","50512,309999999998","712412,09999999998","67,360000","4041,600000","8129,340000","156427,270000"
"2023","SC","Não-Metálicos","Areias Industriais","425143,890000",",000000000000000","-","","4985,8400000000001","609337,58999999997",",000000",",000000",",000000",",000000"
"2023","SC","Metálicos","Alumínio (Bauxita)","55,000000","22,000000000000000","t","Al2O3","0","0",",000000",",000000",",000000",",000000"
"2023","SC","Não-Metálicos","Saibro","3804287,410000",",000000000000000","-","","2046218,0500000003","40444687,489999995","490424,940000","3489372,490000","520991,490000","2360505,440000"
"2023","SC","Não-Metálicos","Rochas Ornamentais","242569,700000",",000000000000000","-","","239989,47500000001","9627006,4850000013",",000000",",000000","508,200000","39140,400000"
"2023","SC","Não-Metálicos","Rochas Ornamentais - Outras","79796,958000",",000000000000000","-","","46929,019","2256360,8360000001","2,700000","350,000000",",000000",",000000"
"2023","SC","Não-Metálicos","Calcário","2282251,220000",",000000000000000","-","","212303,26000000001","3388272,2199999997",",000000",",000000","7623,510000","492689,000000"
"2023","SC","Não-Metálicos","Argilas","4311144,210000",",000000000000000","-","","3010702,9900000002","61924496,600000001","104974,850000","814482,530000","1069451,280000","17571347,570000"
"2023","SC","Energéticos","Carvão Mineral","5416622,220000",",000000000000000","-","","310,55000000000001","129235,39","310,550000","129235,390000",",000000",",000000"
"2023","SC","Não-Metálicos","Fluorita e Criolita",",000000",",000000000000000","t","","0","0",",000000",",000000",",000000",",000000"
"2023","SC","Energéticos","Turfa","32949,000000",",000000000000000","-","","7402,7700000000004","1161848,9199999999",",000000",",000000",",000000",",000000"
"2023","SC","Não-Metálicos","Feldspato, Leucita e Nefelina-Sienito","151186,710000",",000000000000000","-","","0","0",",000000",",000000",",000000",",000000"
"2023","SC","Não-Metálicos","Areia","7486825,490000",",000000000000000","-","","5598300,7700000005","198098167,17000002","19809,150000","316056,540000","35936,790000","807119,350000"
"2023","SC","Não-Metálicos","Rochas (Britadas) e Cascalho","33520499,932000",",000000000000000","-","","1830116,0459999999","54200505,329000004","366372,400000","4136522,580000","1163807,310000","6648294,320000"
"2023","SE","Não-Metálicos","Areias Industriais","100077,320000",",000000000000000","-","","45731,529999999999","890630,70999999996",",000000",",000000",",000000",",000000"
"2023","SE","Não-Metálicos","Argilas","1475718,530000",",000000000000000","-","","503443,80000000005","5227536,7300000004",",000000",",000000","788932,980000","3003884,410000"
"2023","SE","Não-Metálicos","Potássio","1908143,100000","438872,910000000000000","t","K2O","0","0",",000000",",000000",",000000",",000000"
"2023","SE","Não-Metálicos","Saibro","1513,800000",",000000000000000","-","","1455,72","10001,5",",000000",",000000",",000000",",000000"
"2023","SE","Não-Metálicos","Talco e outras Cargas Minerais","19851,270000",",000000000000000","-","","0","0",",000000",",000000","63859,860000","277941,580000"
"2023","SE","Não-Metálicos","Areia","804634,190000",",000000000000000","-","","804634,18999999994","4868035,1099999994",",000000",",000000",",000000",",000000"
"2023","SE","Não-Metálicos","Rochas Ornamentais","3163,380000",",000000000000000","-","","3163,3800000000001","3894772,7300000004",",000000",",000000",",000000",",000000"
"2023","SE","Não-Metálicos","Calcário","3244138,490000",",000000000000000","-","","318,56","8919,6800000000003",",000000",",000000","171805,000000","3415023,380000"
"2023","SE","Não-Metálicos","Rochas (Britadas) e Cascalho","2090765,030000",",000000000000000","-","","338258,64000000007","3924111,8700000006",",000000",",000000",",000000",",000000"
"2023","SP","Não-Metálicos","Saibro","572532,410000",",000000000000000","-","","531851,13000000012","7740767,0500000007",",000000",",000000","40039,650000","262258,260000"
"2023","SP","Energéticos","Turfa","76982,130000",",000000000000000","-","","52211,130000000005","8613229,8499999996",",000000",",000000","14968,000000","194262,000000"
"2023","SP","Não-Metálicos","Fosfato","3345845,970000","167961,470000000000000","t","P2O5","292476,25","4286647,4699999997",",000000",",000000",",000000",",000000"
"2023","SP","Não-Metálicos","Rochas Ornamentais","36793,730000",",000000000000000","-","","22703,109999999997","12972534,209999999",",000000",",000000",",000000",",000000"
"2023","SP","Não-Metálicos","Dolomito e Magnesita","1478602,926000",",000000000000000","-","","670328,82100000011","6929997,4449999994",",000000",",000000","10152,400000","64341,270000"
"2023","SP","Metálicos","Alumínio (Bauxita)","610616,860000","244875,000000000000000","t","Al2O3","343916,71000000002","33532580,160000004",",000000",",000000",",000000",",000000"
"2023","SP","Não-Metálicos","Areia","32613955,976000",",000000000000000","-","","15632336,5","528856890,81999999","584,500000","10521,730000","536941,260000","4339326,540000"
"2023","SP","Não-Metálicos","Calcário","10598190,951000",",000000000000000","-","","151779,72899999999","3400385,375",",000000",",000000",",000000",",000000"
"2023","SP","Não-Metálicos","Feldspato, Leucita e Nefelina-Sienito","3530,000000",",000000000000000","-","","50","1515",",000000",",000000",",000000",",000000"
"2023","SP","Não-Metálicos","Areias Industriais","7454858,494000",",000000000000000","-","","953229,80000000005","49994080,960000001","9,000000","360,000000",",000000",",000000"
"2023","SP","Não-Metálicos","Talco e outras Cargas Minerais","2128716,400000",",000000000000000","-","","488726,42000000004","20227019,140000001",",000000",",000000","97,450000","939,700000"
"2023","SP","Não-Metálicos","Argilas","12744360,140000",",000000000000000","-","","9234252,7899999991","200844003,53999993","257804,570000","1746916,330000","1947649,540000","15585203,470000"
"2023","SP","Não-Metálicos","Minerais Industriais (Outros)",",000000",",000000000000000","t","","0","0",",000000",",000000",",000000",",000000"
"2023","SP","Não-Metálicos","Rochas Ornamentais - Outras","62878,900000",",000000000000000","-","","62878,400000000001","9538448",",000000",",000000",",000000",",000000"
"2023","SP","Não-Metálicos","Rochas (Britadas) e Cascalho","86366745,053000",",000000000000000","-","","1960395,3800000004","91374519,61999999","32043,390000","5837940,510000","224846,050000","12803352,100000"
"2023","SP","Não-Metálicos","Caulim","112604,320000",",000000000000000","-","","7032,5","261681",",000000",",000000","5580,000000","247100,000000"
"2023","TO","Não-Metálicos","Saibro","67,200000",",000000000000000","-","","67,200000000000003","1176",",000000",",000000",",000000",",000000"
"2023","TO","Não-Metálicos","Minerais Industriais (Outros)","27,350000",",000000000000000","-","","0","0",",000000",",000000",",000000",",000000"
"2023","TO","Não-Metálicos","Areias Industriais","5058,340000",",000000000000000","-","","5000","10000",",000000",",000000",",000000",",000000"
"2023","TO","Não-Metálicos","Gipsita",",000000",",000000000000000","-","","46516,349999999999","837294,83999999997",",000000",",000000",",000000",",000000"
"2023","TO","Metálicos","Zircônio","417,210000","417,210000000000000","t","ZrSiO4","0","0",",000000",",000000",",000000",",000000"
"2023","TO","Não-Metálicos","Fosfato","146904,380000","13688,490000000000000","t","P2O5","26360,540000000001","26360,540000000001",",000000",",000000",",000000",",000000"
"2023","TO","Não-Metálicos","Argilas","219037,100000",",000000000000000","-","","4695","86320","10405,000000","25300,000000","132418,420000","1128828,670000"
"2023","TO","Não-Metálicos","Dolomito e Magnesita","1369210,290000",",000000000000000","-","","153409,26999999999","16992252,530000001",",000000",",000000",",000000",",000000"
"2023","TO","Não-Metálicos","Grafita",",000000",",000000000000000","t","","0","0",",000000",",000000",",000000",",000000"
"2023","TO","Não-Metálicos","Rochas Ornamentais","250,000000",",000000000000000","-","","0","0",",000000",",000000",",000000",",000000"
"2023","TO","Metálicos","Manganês","243970,000000","93144,000000000000000","t","Mn","125470","29414130",",000000",",000000","135000,000000","1890000,000000"
"2023","TO","Metálicos","Ouro","1602401,410000","515,396180000000000","kg","Au","0","0",",000000",",000000",",000000",",000000"
"2023","TO","Não-Metálicos","Areia","575706,060000",",000000000000000","-","","485697,71000000002","14606647,939999999","165,500000","12,000000","1601,480000","98024,600000"
"2023","TO","Não-Metálicos","Quartzo (Cristal) e outros Piezelétricos","739,050000",",000000000000000","-","","739,04999999999995","35473,199999999997",",000000",",000000",",000000",",000000"
"2023","TO","Não-Metálicos","Rochas (Britadas) e Cascalho","1690708,026600",",000000000000000","-","","157223,81","7909141,459999999",",000000",",000000",",000000",",000000"
"2023","TO","Não-Metálicos","Calcário","10092339,543400",",000000000000000","-","","418426,73999999999","36517197,199999996","66,110000",",120000","653011,260000","4389616,870000"
"2023","TO","Não-Metálicos","Talco e outras Cargas Minerais","492,560000",",000000000000000","-","","349,88","355641,33000000002",",000000",",000000",",000000",",000000"
"2024","AC","Não-Metálicos","Argilas","293962,970000",",000000000000000","-","","293249,98000000004","1682864,73",",000000",",000000",",000000",",000000"
"2024","AC","Não-Metálicos","Areia","92927,360000",",000000000000000","-","","84783,779999999999","2751628,9800000004",",000000",",000000","10756,000000","96717,950000"
"2024","AL","Não-Metálicos","Rochas (Britadas) e Cascalho","3252439,080000",",000000000000000","-","","1124819,7","60684914,020000003",",000000",",000000",",000000",",000000"
"2024","AL","Não-Metálicos","Rochas Ornamentais - Outras","359267,000000",",000000000000000","-","","359245","623922,51000000001",",000000",",000000",",000000",",000000"
"2024","AL","Não-Metálicos","Areia","865045,080000",",000000000000000","-","","844936,83000000007","45805377,43",",000000",",000000",",000000",",000000"
"2024","AL","Não-Metálicos","Saibro","132426,550000",",000000000000000","-","","126750,05","1585963,74",",000000",",000000",",000000",",000000"
"2024","AL","Não-Metálicos","Calcário","858712,860000",",000000000000000","-","","0","0",",000000",",000000",",000000",",000000"
"2024","AL","Metálicos","Cobre","5092842,000000","30608,000000000000000","t","Cu","0","0",",000000",",000000",",000000",",000000"
"2024","AL","Não-Metálicos","Areias Industriais",",000000",",000000000000000","-","","0","0",",000000",",000000",",000000",",000000"
"2024","AL","Não-Metálicos","Argilas","259699,040000",",000000000000000","-","","236252,58000000002","5421082,7000000002",",000000",",000000","47399,480000","527038,940000"
"2024","AL","Não-Metálicos","Rochas Ornamentais","24,910000",",000000000000000","-","","24,91","69766,130000000005",",000000",",000000",",000000",",000000"
"2024","AM","Não-Metálicos","Areia","47452,790000",",000000000000000","-","","45257,389999999999","1209450,52","1101,000000","27525,000000","1249,000000","27525,010000"
"2024","AM","Não-Metálicos","Rochas (Britadas) e Cascalho","1299937,340000",",000000000000000","-","","53264,919999999998","9684062,9000000004",",000000",",000000","24050,000000","336700,000000"
"2024","AM","Metálicos","Columbita-Tantalita","8097428,000000","19757,724320000000000","t","Ta2O5","0","0",",000000",",000000",",000000",",000000"
"2024","AM","Não-Metálicos","Saibro","297112,660000",",000000000000000","-","","297112,65999999997","651868,16000000003",",000000",",000000",",000000",",000000"
"2024","AM","Metálicos","Estanho","8097428,000000","15142190,360000000000000","kg","Sn","0","0",",000000",",000000",",000000",",000000"
"2024","AM","Metálicos","Columbita-Tantalita","8097428,000000","19757,724320000000000","t","Nb2O5","0","0",",000000",",000000",",000000",",000000"
"2024","AM","Não-Metálicos","Argilas","174661,600000",",000000000000000","-","","81531,580000000002","445728,44","55000,000000","55000,000000","148130,020000","1531575,530000"
"2024","AP","Não-Metálicos","Areia","317661,880000",",000000000000000","-","","317661,87999999995","5978486,6100000003",",000000",",000000",",000000",",000000"
"2024","AP","Não-Metálicos","Saibro","42966,000000",",000000000000000","-","","42966","137491,20000000001",",000000",",000000",",000000",",000000"
"2024","AP","Não-Metálicos","Rochas (Britadas) e Cascalho","655782,870000",",000000000000000","-","","53431,460000000006","2361622,2999999998",",000000",",000000",",000000",",000000"
"2024","AP","Metálicos","Ferro","1,000000",",600000000000000","t","Fe","0","0",",000000",",000000",",000000",",000000"
"2024","AP","Não-Metálicos","Caulim","275215,000000",",000000000000000","-","","0","0","275215,000000",",120000","275215,000000",",120000"
"2024","AP","Metálicos","Columbita-Tantalita",",000000",",000000000000000","t","Ta2O5","0","0",",000000",",000000",",000000",",000000"
"2024","AP","Não-Metálicos","Argilas","26648,610000",",000000000000000","-","","470,25","37620","18355,510000","4091659,510000",",000000",",000000"
"2024","AP","Metálicos","Ouro","31359,910000","12,282100000000000","kg","Au","0","0",",000000",",000000",",000000",",000000"
"2024","BA","Metálicos","Manganês","85812,630000","20,000000000000000","t","Mn","1987,78","921094",",000000",",000000",",000000",",000000"
"2024","BA","Não-Metálicos","Bário","32121,230000","9605,300000000000000","t","BaSO4","26950,23","9685603,5999999996",",000000",",000000",",000000",",000000"
"2024","BA","Não-Metálicos","Quartzo (Cristal) e outros Piezelétricos","3570,500000",",000000000000000","-","","3538,5","5707335,5",",000000",",000000",",000000",",000000"
"2024","BA","Metálicos","Níquel","6409784,550000","17383,430000000000000","t"," Ni","0","0",",000000",",000000",",000000",",000000"
"2024","BA","Não-Metálicos","Geodos, Ágatas, Calcedônia, etc","1000,000000","5,000000000000000","t","","776,89999999999998","3657735",",000000",",000000",",000000",",000000"
"2024","BA","Não-Metálicos","Argilas","1333189,260000",",000000000000000","-","","233822,94999999998","23229528,529999997","233274,140000","14297333,390000","864222,550000","4020800,100000"
"2024","BA","Metálicos","Ouro","5993392,470000","3225,679060000000000","kg","Au","0","0",",000000",",000000",",000000",",000000"
"2024","BA","Metálicos","Cobre","3274409,320000","38315,060000000000000","t","Cu","0","0",",000000",",000000",",000000",",000000"
"2024","BA","Não-Metálicos","Grafita","51234,000000","1537,000000000000000","t","","0","0",",000000",",000000",",000000",",000000"
"2024","BA","Metálicos","Ferro","485575,300000","15786,190000000000000","t","Fe","1726,0999999999999","311058",",000000",",000000",",000000",",000000"
"2024","BA","Não-Metálicos","Talco e outras Cargas Minerais","185926,590000",",000000000000000","-","","0","0",",000000",",000000",",000000",",000000"
"2024","BA","Energéticos","Urânio e outros Radioativos","1646,000000","1399,100000000000000","t","","0","0",",000000",",000000","60084,000000","17729200,640000"
"2024","BA","Gemas e Diamantes","Diamante","277414,000000","46026,340000000000000","ct","","0","0",",000000",",000000",",000000",",000000"
"2024","BA","Metálicos","Titânio","2294622,780000","163096,040000000000000","t","TiO2","0","0",",000000",",000000",",000000",",000000"
"2024","BA","Não-Metálicos","Gipsita",",000000",",000000000000000","-","","0","0",",000000",",000000",",000000",",000000"
"2024","BA","Metálicos","Cromo","2539252,490000","346120,720000000000000","t","Cr2O3","0","0",",000000",",000000",",000000",",000000"
"2024","BA","Metálicos","Columbita-Tantalita","4,090000",",000000000000000","t","Ta2O5","4,0899999999999999","705617,20999999996",",000000",",000000",",000000",",000000"
"2024","BA","Metálicos","Vanádio","2249760,180000","18113,600000000000000","t","V","0","0",",000000",",000000",",000000",",000000"
"2024","BA","Não-Metálicos","Rochas Ornamentais - Outras","61325,660000",",000000000000000","-","","58336,619999999995","108762530,34999998",",000000",",000000",",460000","182,410000"
"2024","BA","Não-Metálicos","Diatomita","13798,510000",",000000000000000","-","","1725","727651,5",",000000",",000000","8807,310000","2828512,850000"
"2024","BA","Não-Metálicos","Areias Industriais","748205,566000",",000000000000000","-","","38107,803999999996","35240683,495000005",",000000",",000000",",000000",",000000"
"2024","BA","Não-Metálicos","Saibro","62,300000",",000000000000000","-","","62,299999999999997","1995,71",",000000",",000000",",000000",",000000"
"2024","BA","Não-Metálicos","Rochas (Britadas) e Cascalho","11423535,120000",",000000000000000","-","","976904,73999999999","48765424,729999997","22700,000000","974482,960000","230549,940000","13201664,420000"
"2024","BA","Não-Metálicos","Areia","3302664,830000",",000000000000000","-","","3394071,04","75464321,62999998","1939,000000","86365,980000","9134,620000","91946,290000"
"2024","BA","Não-Metálicos","Feldspato, Leucita e Nefelina-Sienito","46331,645000",",000000000000000","-","","45168,816999999995","16810207,307",",000000",",000000",",000000",",000000"
"2024","BA","Não-Metálicos","Caulim","25000,720000",",000000000000000","-","","10748","192241,60000000001",",000000",",000000","14252,720000","257261,600000"
"2024","BA","Gemas e Diamantes","Gemas","6342,280000","49227,504610000000000","kg","","6231,21","15955928,5","111,070000","1100,000000",",000000",",000000"
"2024","BA","Não-Metálicos","Calcário","2531877,030000",",000000000000000","-","","250137,56","4778053,96",",000000",",000000",",000000",",000000"
"2024","BA","Metálicos","Molibdênio","55,040000","20,630000000000000","t","Mo","55,039999999999999","2302464,9500000002",",000000",",000000",",000000",",000000"
"2024","BA","Não-Metálicos","Fosfato","590691,000000","119061,650000000000000","t","P2O5","0","0",",000000",",000000",",000000",",000000"
"2024","BA","Não-Metálicos","Rochas Ornamentais","388948,629000",",000000000000000","-","","346452,43900000001","543040210,50800002",",000000",",000000","11978,030000","2767267,370000"
"2024","BA","Não-Metálicos","Dolomito e Magnesita","1838466,680000",",000000000000000","-","","440865,79999999999","26004129,370000001",",000000",",000000",",000000",",000000"
"2024","BA","Não-Metálicos","Sal","629159,030000",",000000000000000","-","","0","0",",000000",",000000","629159,030000","78583082,520000"
"2024","CE","Não-Metálicos","Rochas Ornamentais","294461,700000",",000000000000000","-","","271972,84999999998","590725900,30000019",",000000",",000000","17126,110000","2317531,500000"
"2024","CE","Não-Metálicos","Saibro","162623,910000",",000000000000000","-","","157370,91","1330883,95","304,000000","3800,000000","5260,000000","60753,000000"
"2024","CE","Não-Metálicos","Argilas","1617692,660000",",000000000000000","-","","436510,70000000001","3696445,1000000001","151034,580000","1173911,640000","1016289,730000","5279401,750000"
"2024","CE","Não-Metálicos","Quartzo (Cristal) e outros Piezelétricos","17,200000",",000000000000000","-","","6,0700000000000003","13070",",000000",",000000",",000000",",000000"
"2024","CE","Não-Metálicos","Talco e outras Cargas Minerais","6826,360000",",000000000000000","-","","6679,3599999999997","631205,69999999995",",000000",",000000",",000000",",000000"
"2024","CE","Não-Metálicos","Areia","1336974,820000",",000000000000000","-","","1309423,74","32807483,609999999","9768,000000","248250,000000","19346,000000","1972132,600000"
"2024","CE","Não-Metálicos","Rochas (Britadas) e Cascalho","6165014,740000",",000000000000000","-","","13119,01","326622,22999999998","91500,000000","2287500,000000","48520,280000","1612581,600000"
"2024","CE","Não-Metálicos","Rochas Ornamentais - Outras","44134,850000",",000000000000000","-","","42056,589999999997","90995195,63000001",",000000",",000000",",000000",",000000"
"2024","CE","Metálicos","Ferro","69639,000000","42999,790000000000000","t","Fe","0","0",",000000",",000000",",000000",",000000"
"2024","CE","Não-Metálicos","Gipsita","42467,640000",",000000000000000","-","","42467,639999999999","2308975,3199999998",",000000",",000000",",000000",",000000"
"2024","CE","Não-Metálicos","Dolomito e Magnesita","776198,990000",",000000000000000","-","","314140,43999999994","14099370,399999999",",000000",",000000",",000000",",000000"
"2024","CE","Metálicos","Manganês","48229,000000","13559,860000000000000","t","Mn","0","0",",000000",",000000",",000000",",000000"
"2024","CE","Não-Metálicos","Areias Industriais","59135,900000",",000000000000000","-","","23979,84","107206,17",",000000",",000000","11188,780000","106742,460000"
"2024","CE","Não-Metálicos","Feldspato, Leucita e Nefelina-Sienito","50,000000",",000000000000000","-","","0","0",",000000",",000000",",000000",",000000"
"2024","CE","Não-Metálicos","Calcário","6262002,080000",",000000000000000","-","","218259,39000000001","13476214,559999999","1896531,210000","30017297,290000","67994,610000","3533363,330000"
"2024","CE","Não-Metálicos","Fosfato",",000000",",000000000000000","t","P2O5","0","0",",000000",",000000",",000000",",000000"
"2024","DF","Não-Metálicos","Areia","422309,910000",",000000000000000","-","","885","41300",",000000",",000000",",000000",",000000"
"2024","DF","Não-Metálicos","Areias Industriais","55038,210000",",000000000000000","-","","0","0",",000000",",000000",",000000",",000000"
"2024","DF","Não-Metálicos","Argilas","263551,790000",",000000000000000","-","","0","0",",000000",",000000",",000000",",000000"
"2024","DF","Não-Metálicos","Dolomito e Magnesita","2756497,050000",",000000000000000","-","","0","0",",000000",",000000",",000000",",000000"
"2024","DF","Metálicos","Manganês",",000000",",000000000000000","t","Mn","0","0",",000000",",000000",",000000",",000000"
"2024","DF","Não-Metálicos","Rochas (Britadas) e Cascalho","68121,500000",",000000000000000","-","","68121,5","763180,59999999998",",000000",",000000",",000000",",000000"
"2024","DF","Não-Metálicos","Calcário","4473497,130000",",000000000000000","-","","7502,6099999999997","75026,100000000006",",000000",",000000","1198201,800000","36726265,090000"
"2024","ES","Não-Metálicos","Argilas","579176,350000",",000000000000000","-","","372372,07000000001","31222201,540000003","98555,120000","1569281,160000","102613,900000","1120399,080000"
"2024","ES","Não-Metálicos","Rochas Ornamentais","12560663,917600",",000000000000000","-","","12407233,306200001","788863800,48600006",",000000",",000000","52637,519500","27511066,690500"
"2024","ES","Não-Metálicos","Areias Industriais","22063,630000",",000000000000000","-","","21495,580000000002","1003619,66",",000000",",000000","300,000000","3000,000000"
"2024","ES","Não-Metálicos","Saibro","144973,990000",",000000000000000","-","","163272,54999999999","2579272,52",",000000",",000000",",000000",",000000"
"2024","ES","Gemas e Diamantes","Gemas",",010000",",100000000000000","kg","","0","0",",000000",",000000",",000000",",000000"
"2024","ES","Metálicos","Alumínio (Bauxita)","2240,000000","682,820000000000000","t","Al2O3","0","0",",000000",",000000","2042,000000","53092,000000"
"2024","ES","Não-Metálicos","Rochas Ornamentais - Outras","981,960000",",000000000000000","-","","903,83000000000004","59092,170000000006",",000000",",000000",",000000",",000000"
"2024","ES","Não-Metálicos","Feldspato, Leucita e Nefelina-Sienito","46333,100000",",000000000000000","-","","46333,099999999999","3969207,9399999999",",000000",",000000",",000000",",000000"
"2024","ES","Não-Metálicos","Areia","1901257,810000",",000000000000000","-","","1872337,8","45811178,660000004","1519,000000","11746,000000","677,170000","13541,700000"
"2024","ES","Não-Metálicos","Calcário","2490249,154400",",000000000000000","-","","2321319,4877999998","70415500,170000002",",000000",",000000","8535,900500","17554,569500"
"2024","ES","Não-Metálicos","Rochas (Britadas) e Cascalho","9286379,258000",",000000000000000","-","","2859063,6660000002","43801662,684",",000000",",000000","74812,680000","12,000000"
"2024","ES","Não-Metálicos","Dolomito e Magnesita","34549,400000",",000000000000000","-","","0","0",",000000",",000000","34549,400000","600708,000000"
"2024","GO","Não-Metálicos","Feldspato, Leucita e Nefelina-Sienito","30927,000000",",000000000000000","-","","20816,360000000001","3642863",",000000",",000000",",000000",",000000"
"2024","GO","Gemas e Diamantes","Diamante","1048,000000","5,200000000000000","ct","","0","0",",000000",",000000",",000000",",000000"
"2024","GO","Metálicos","Níquel","3016055,210000","40318,930000000000000","t"," Ni","0","0",",000000",",000000",",000000",",000000"
"2024","GO","Não-Metálicos","Saibro","4298,030000",",000000000000000","-","","2143,8899999999999","40057,800000000003",",000000",",000000",",000000",",000000"
"2024","GO","Metálicos","Estanho",",000000",",000000000000000","kg","Sn","0","0",",000000",",000000",",000000",",000000"
"2024","GO","Não-Metálicos","Fosfato","10231606,130000","1236245,050000000000000","t","P2O5","925,45000000000005","147774,75",",000000",",000000",",000000",",000000"
"2024","GO","Metálicos","Manganês","34510,000000","12841,000000000000000","t","Mn","362,27999999999997","132842",",000000",",000000",",000000",",000000"
"2024","GO","Não-Metálicos","Argilas","753352,920000",",000000000000000","-","","301066,47999999998","8670912,790000001","8,570000","12923,420000","455036,290000","17939510,460000"
"2024","GO","Não-Metálicos","Dolomito e Magnesita","811869,540000",",000000000000000","-","","0","0",",000000",",000000",",000000",",000000"
"2024","GO","Não-Metálicos","Bário","5608568,310000","134996,360000000000000","t","BaSO4","0","0",",000000",",000000",",000000",",000000"
"2024","GO","Não-Metálicos","Areia","2858520,830000",",000000000000000","-","","11741276,58","104951763,13",",000000",",000000","426,400000","47400,000000"
"2024","GO","Metálicos","Monazita e Terras-Raras","593670,350000","1358,430000000000000","t","ETR","0","0",",000000",",000000",",000000",",000000"
"2024","GO","Metálicos","Ferro","25900,000000","24605,000000000000000","t","Fe","0","0",",000000",",000000",",000000",",000000"
"2024","GO","Metálicos","Alumínio (Bauxita)","1630146,440000","854991,790000000000000","t","Al2O3","0","0",",000000",",000000","46202,990000","2321910,520000"
"2024","GO","Metálicos","Titânio",",000000",",000000000000000","t","TiO2","0","0",",000000",",000000",",000000",",000000"
"2024","GO","Não-Metálicos","Vermiculita e Perlita","459544,000000","91908,800000000000000","t","","0","0",",000000",",000000",",000000",",000000"
"2024","GO","Não-Metálicos","Areias Industriais","232715,550000",",000000000000000","-","","221313,73999999999","12944470,68",",000000",",000000",",000000",",000000"
"2024","GO","Metálicos","Ouro","26033869,160000","10633,440810000000000","kg","Au","0","0",",000000",",000000",",000000",",000000"
"2024","GO","Gemas e Diamantes","Gemas","52,100000",",000000000000000","-","","36,82","1001581,5",",000000",",000000",",000000",",000000"
"2024","GO","Gemas e Diamantes","Gemas","4034,360000","625,005060000000000","kg","","4034,3600000000001","286380,23999999999",",000000",",000000",",000000",",000000"
"2024","GO","Não-Metálicos","Talco e outras Cargas Minerais","6001,660000",",000000000000000","-","","920,01999999999998","115735,89999999999",",000000",",000000",",000000",",000000"
"2024","GO","Metálicos","Cobre","21949429,960000","52307,200000000000000","t","Cu","0","0",",000000",",000000",",000000",",000000"
"2024","GO","Não-Metálicos","Rochas (Britadas) e Cascalho","12455132,373200",",000000000000000","-","","1208725,0699999998","48370977,479999997","10322,260000","185735,120000","57163,980000","314550,060000"
"2024","GO","Metálicos","Nióbio","9249167,900000","53837,127920000000000","t","Nb2O5","0","0",",000000",",000000",",000000",",000000"
"2024","GO","Não-Metálicos","Rochas Ornamentais - Outras","1750,500000",",000000000000000","-","","990,11000000000001","732835,47999999998",",000000",",000000",",000000",",000000"
"2024","GO","Não-Metálicos","Amianto","3601187,570000",",000000000000000","t","","0","0",",000000",",000000","3601187,570000","12,000000"
"2024","GO","Não-Metálicos","Calcário","13586274,826800",",000000000000000","-","","1404368,9800000002","34169584,149999999",",000000",",000000",",000000",",000000"
"2024","GO","Não-Metálicos","Rochas Ornamentais","71370,990000",",000000000000000","-","","47078,209999999999","54261270,379999995",",000000",",000000",",000000",",000000"
"2024","MA","Não-Metálicos","Areia","1216875,290000",",000000000000000","-","","1150148,51","25116936,73","21177,000000","403080,000000","20083,000000","151899,600000"
"2024","MA","Não-Metálicos","Gipsita","1689573,890000",",000000000000000","-","","48200,639999999999","1100854,72",",000000",",000000",",000000",",000000"
"2024","MA","Não-Metálicos","Caulim","14801,850000",",000000000000000","-","","14801,85","175994,01000000001",",000000",",000000",",000000",",000000"
"2024","MA","Metálicos","Ouro","2038894,000000","99,135000000000000","kg","Au","0","0",",000000",",000000",",000000",",000000"
"2024","MA","Não-Metálicos","Rochas (Britadas) e Cascalho","4850077,290000",",000000000000000","-","","1027414,05","17842641,34","46853,760000","1077636,480000","2653,000000","3979,000000"
"2024","MA","Metálicos","Ferro","105413,420000","49544,310000000000000","t","Fe","0","0",",000000",",000000",",000000",",000000"
"2024","MA","Não-Metálicos","Argilas","808037,690000",",000000000000000","-","","81786,580000000002","228748,25","344912,760000","3378573,260000","357759,180000","2329315,460000"
"2024","MA","Não-Metálicos","Calcário","73558,890000",",000000000000000","-","","16027,43","964615,21999999997",",000000",",000000",",000000",",000000"
"2024","MG","Metálicos","Manganês","320655,540000","87805,980000000000000","t","Mn","63942,189999999995","11615705,359999998",",000000",",000000",",000000",",000000"
"2024","MG","Não-Metálicos","Quartzo (Cristal) e outros Piezelétricos","170323,083400",",000000000000000","-","","169528,0834","41219217,4454",",000000",",000000",",000000",",000000"
"2024","MG","Metálicos","Columbita-Tantalita","370,000000",",000000000000000","t","Nb2O5","0","0",",000000",",000000",",000000",",000000"
"2024","MG","Metálicos","Monazita e Terras-Raras",",000000",",000000000000000","t","ETR","0","0",",000000",",000000",",000000",",000000"
"2024","MG","Não-Metálicos","Talco e outras Cargas Minerais","305231,070000",",000000000000000","-","","73173,790000000008","3334206,5300000003",",000000",",000000","18979,150000","561841,960000"
"2024","MG","Metálicos","Estanho","6060,000000","4218,000000000000000","kg","Sn","0","0",",000000",",000000",",000000",",000000"
"2024","MG","Não-Metálicos","Areia","8080799,810000",",000000000000000","-","","6880150,6220000014","273616393,18000001","4924,000000","221360,000000","31831,680000","994891,700000"
"2024","MG","Não-Metálicos","Fosfato","25709496,480000","2329375,820000000000000","t","P2O5","129732,45","4950867,1600000001",",000000",",000000",",000000",",000000"
"2024","MG","Não-Metálicos","Potássio","349392,850000","34836,330000000000000","t","K2O","346176,81999999995","6686129,9199999999",",000000",",000000","795,600000","40909,660000"
"2024","MG","Gemas e Diamantes","Gemas","1,120740",",000000000000000","-","","1,1207400000000001","140,0925",",000000",",000000",",000000",",000000"
"2024","MG","Não-Metálicos","Calcário","48323594,914000",",000000000000000","-","","5499206,7799999993","104779714,08","1226563,000000","15974522,100000","3440093,330000","56789622,660000"
"2024","MG","Não-Metálicos","Grafita","1065406,910000","66134,060000000000000","t","","0","0",",000000",",000000",",000000",",000000"
"2024","MG","Não-Metálicos","Bário",",000000",",000000000000000","t","BaSO4","0","0",",000000",",000000",",000000",",000000"
"2024","MG","Não-Metálicos","Rochas Ornamentais","1420891,340000",",000000000000000","-","","1204954,4199999999","529532541,51999998","6286,810000","867298,350000","136123,950000","34572342,450000"
"2024","MG","Metálicos","Zircônio",",000000",",000000000000000","t","ZrSiO4","0","0",",000000",",000000",",000000",",000000"
"2024","MG","Gemas e Diamantes","Diamante","227687,890000","1635,280000000000000","ct","","0","0","1837,000000","617705,460000",",000000",",000000"
"2024","MG","Não-Metálicos","Dolomito e Magnesita",",000000",",000000000000000","-","","0","0",",000000",",000000",",000000",",000000"
"2024","MG","Não-Metálicos","Rochas (Britadas) e Cascalho","34092942,186000",",000000000000000","-","","4928185,2299999995","142050795,63999999","269473,850000","1251692,780000","206716,570000","14701732,380000"
"2024","MG","Energéticos","Turfa","8713,250000",",000000000000000","-","","15798,67","540097,37",",000000",",000000",",000000",",000000"
"2024","MG","Não-Metálicos","Rochas Ornamentais - Outras","684815,560000",",000000000000000","-","","673078,37","53671046,000000007",",000000",",000000","41,550000","15828,470000"
"2024","MG","Não-Metálicos","Cianita e outros minerais refratários",",000000",",000000000000000","-","","0","0",",000000",",000000",",000000",",000000"
"2024","MG","Metálicos","Ouro","59162852,000000","28009,016270000000000","kg","Au","13046,77","7190639,4100000001",",000000",",000000",",000000",",000000"
"2024","MG","Metálicos","Titânio",",000000",",000000000000000","t","TiO2","0","0",",000000",",000000",",000000",",000000"
"2024","MG","Não-Metálicos","Minerais Industriais (Outros)",",000000",",000000000000000","-","","0","0",",000000",",000000",",000000",",000000"
"2024","MG","Metálicos","Nióbio","6580700,000000","161284,749200000000000","t","Nb2O5","0","0",",000000",",000000",",000000",",000000"
"2024","MG","Metálicos","Alumínio (Bauxita)","2640695,370000","960169,310000000000000","t","Al2O3","1025807,1099999999","45427703,240000002",",000000",",000000","136776,200000","2666289,390000"
"2024","MG","Não-Metálicos","Saibro","283037,490000",",000000000000000","-","","99574,040000000008","2375905,0999999996",",000000",",000000","69638,700000","52229,040000"
"2024","MG","Metálicos","Níquel",",000000",",000000000000000","t"," Ni","0","0",",000000",",000000",",000000",",000000"
"2024","MG","Metálicos","Prata","696310,470000","182,213740000000000","kg","Ag","0","0",",000000",",000000",",000000",",000000"
"2024","MG","Gemas e Diamantes","Gemas","141569,110000","23415,579060000000000","kg","","272,76999999999998","86734826,189999998",",000000",",000000","1,580000","366504,000000"
"2024","MG","Metálicos","Lítio","2490152,010000","154139,600000000000000","t","Li2O","0","0",",000000",",000000",",000000",",000000"
"2024","MG","Não-Metálicos","Areias Industriais","1225901,006260",",000000000000000","-","","294133,25526000001","45010645,252499998","24,000000","24,000000","62013,600000","14487111,220000"
"2024","MG","Metálicos","Berílio","370,000000",",000000000000000","t","BeO","0","0",",000000",",000000",",000000",",000000"
"2024","MG","Não-Metálicos","Argilas","3110475,570000",",000000000000000","-","","1549461,5999999996","36896444,82","164248,490000","1274552,810000","1113590,220000","14688820,540000"
"2024","MG","Metálicos","Columbita-Tantalita","2391,000000",",687260000000000","t","Ta2O5","0","0",",000000",",000000",",000000",",000000"
"2024","MG","Metálicos","Chumbo","2342768,520000","8009,930000000000000","t","Pb","0","0",",000000",",000000",",000000",",000000"
"2024","MG","Metálicos","Ferro","325781471,980000","154781434,130000000000000","t","Fe","17251769,280000001","944344579,59000003",",000000",",000000","2474152,060000","398508188,380000"
"2024","MG","Metálicos","Zinco","2342768,520000","169123,760000000000000","t","Zn","0","0",",000000",",000000",",000000",",000000"
"2024","MG","Não-Metálicos","Feldspato, Leucita e Nefelina-Sienito","96217,440000",",000000000000000","-","","83140,228999999992","53791449,800000004",",000000",",000000",",000000",",000000"
"2024","MG","Não-Metálicos","Caulim","90698,600000",",000000000000000","-","","16796,039999999997","673443,64999999991",",000000",",000000",",000000",",000000"
"2024","MS","Não-Metálicos","Talco e outras Cargas Minerais","195341,890000",",000000000000000","-","","0","0",",000000",",000000",",000000",",000000"
"2024","MS","Metálicos","Manganês","424877,150000","158139,270000000000000","t","Mn","0","0",",000000",",000000",",000000",",000000"
"2024","MS","Metálicos","Ferro","17515900,640000","10633569,610000000000000","t","Fe","0","0",",000000",",000000",",000000",",000000"
"2024","MS","Não-Metálicos","Fosfato","48204,990000",",000000000000000","t","P2O5","0","0",",000000",",000000",",000000",",000000"
"2024","MS","Não-Metálicos","Argilas","419598,530000",",000000000000000","-","","284211,31","4005821,0100000002","772,000000","27020,000000",",000000",",000000"
"2024","MS","Não-Metálicos","Areia","3968194,380000",",000000000000000","-","","2730315,4300000002","76007189,789999992","582359,500000","804589,650000",",000000",",000000"
"2024","MS","Não-Metálicos","Rochas (Britadas) e Cascalho","8370771,920000",",000000000000000","-","","513636,74000000005","16351576,149999999","29540,000000","192000,000000","18406,000000","492537,640000"
"2024","MS","Não-Metálicos","Calcário","6302208,600000",",000000000000000","-","","29877,040000000001","2162636,9300000002",",000000",",000000",",000000",",000000"
"2024","MS","Não-Metálicos","Rochas Ornamentais","6118,170000",",000000000000000","-","","3809,5599999999999","16559887,220000001",",000000",",000000",",000000",",000000"
"2024","MS","Não-Metálicos","Saibro","199059,130000",",000000000000000","-","","185763,97999999998","2923041,3799999999","25650,410000","253178,420000",",000000",",000000"
"2024","MT","Não-Metálicos","Argilas","1436745,130000",",000000000000000","-","","101115,35999999999","2075259,8300000001","528573,000000","717355,800000","54032,660000","462793,730000"
"2024","MT","Não-Metálicos","Calcário","19655367,267700",",000000000000000","-","","585369,20000000007","48858201,049999997",",000000",",000000",",000000",",000000"
"2024","MT","Metálicos","Estanho","650,010000","422506,500000000000000","kg","Sn","0","0",",000000",",000000",",000000",",000000"
"2024","MT","Não-Metálicos","Rochas Ornamentais","9662,130000",",000000000000000","-","","9662,1299999999992","5926598,3399999999",",000000",",000000",",000000",",000000"
"2024","MT","Não-Metálicos","Areias Industriais","4698,750000",",000000000000000","-","","4698,75","818714,14000000001",",000000",",000000",",000000",",000000"
"2024","MT","Não-Metálicos","Rochas (Britadas) e Cascalho","10693531,232300",",000000000000000","-","","2526148,0700000003","69710376,200000003","432613,120000","3055421,960000","208925,120000","1511764,880000"
"2024","MT","Metálicos","Manganês","65173,480000","20138,880000000000000","t","Mn","21221,48","14452852",",000000",",000000","41626,000000","8741460,000000"
"2024","MT","Metálicos","Ferro",",000000",",000000000000000","t","Fe","0","0",",000000",",000000",",000000",",000000"
"2024","MT","Não-Metálicos","Dolomito e Magnesita","2399187,960000",",000000000000000","-","","0","0",",000000",",000000",",000000",",000000"
"2024","MT","Gemas e Diamantes","Gemas","8,250000",",000000000000000","-","","0","0",",000000",",000000",",000000",",000000"
"2024","MT","Gemas e Diamantes","Diamante","125511,400000","1755,050000000000000","ct","","0","0",",000000",",000000",",000000",",000000"
"2024","MT","Não-Metálicos","Areia","6164721,150000",",000000000000000","-","","2146807,04","101157890,92999998","13502,450000","13502,450000","19525,000000","392500,000000"
"2024","MT","Metálicos","Chumbo","1418235,970000","15911,050000000000000","t","Pb","0","0",",000000",",000000",",000000",",000000"
"2024","MT","Metálicos","Zinco","1418235,970000","44439,420000000000000","t","Zn","0","0",",000000",",000000",",000000",",000000"
"2024","MT","Metálicos","Cobre","1418235,970000","7622,330000000000000","t","Cu","0","0",",000000",",000000",",000000",",000000"
"2024","MT","Não-Metálicos","Talco e outras Cargas Minerais","66880,010000",",000000000000000","-","","0","0",",000000",",000000","66880,010000","1410948,000000"
"2024","MT","Metálicos","Ouro","13449872,670000","7353,223670000000000","kg","Au","3268,75","198743395,43000001",",000000",",000000",",000000",",000000"
"2024","PA","Não-Metálicos","Saibro","174354,000000",",000000000000000","-","","215094,83000000002","1786452,8400000001",",000000",",000000","1505,170000","24087,490000"
"2024","PA","Não-Metálicos","Rochas (Britadas) e Cascalho","3596519,170000",",000000000000000","-","","1035877,85","69797789,229999989",",000000",",000000",",000000",",000000"
"2024","PA","Não-Metálicos","Areia","1982144,670000",",000000000000000","-","","1890068,3300000003","72915121,870000005","504,000000","25200,000000","5920,200000","53760,000000"
"2024","PA","Metálicos","Ferro","179879288,720000","117094515,240000000000000","t","Fe","32694,900000000001","12873190,9",",000000",",000000",",000000",",000000"
"2024","PA","Não-Metálicos","Fosfato","109996,880000","22329,360000000000000","t","P2O5","0","0",",000000",",000000",",000000",",000000"
"2024","PA","Metálicos","Columbita-Tantalita","56,060000","36,000000000000000","t","Nb2O5","38,060000000000002","3055170,9100000001",",000000",",000000",",000000",",000000"
"2024","PA","Metálicos","Manganês","959750,660000","392494,280000000000000","t","Mn","24406,599999999999","15950794,449999999",",000000",",000000",",000000",",000000"
"2024","PA","Metálicos","Columbita-Tantalita",",060000",",030000000000000","t","Ta2O5","0","0",",000000",",000000",",000000",",000000"
"2024","PA","Metálicos","Tungstênio","180,000000","180,000000000000000","t","WO3","0","0",",000000",",000000",",000000",",000000"
"2024","PA","Metálicos","Níquel","979584,840000","16007,400000000000000","t"," Ni","0","0",",000000",",000000",",000000",",000000"
"2024","PA","Não-Metálicos","Caulim","1801468,270000",",000000000000000","-","","79476,160000000003","3634981,7000000002",",000000",",000000",",000000",",000000"
"2024","PA","Não-Metálicos","Calcário","3490204,570000",",000000000000000","-","","680341,22999999998","27530617,150000002",",000000",",000000",",000000",",000000"
"2024","PA","Metálicos","Titânio","4000,000000","1800,000000000000000","t","TiO2","2000","60000",",000000",",000000",",000000",",000000"
"2024","PA","Metálicos","Ouro","9214472,580000","5368,053180000000000","kg","Au","0","0",",000000",",000000",",000000",",000000"
"2024","PA","Não-Metálicos","Gipsita","322787,810000",",000000000000000","-","","187298,81","2212686,8199999998",",000000",",000000",",000000",",000000"
"2024","PA","Metálicos","Alumínio (Bauxita)","41603653,850000","19534849,300000000000000","t","Al2O3","0","0",",000000",",000000",",000000",",000000"
"2024","PA","Não-Metálicos","Rochas Ornamentais","604629,140000",",000000000000000","-","","6414,8900000000003","22044684,030000001",",000000",",000000",",000000",",000000"
"2024","PA","Metálicos","Cobre","55685802,170000","356223,140000000000000","t","Cu","0","0",",000000",",000000","386701,000000","195026821,270000"
"2024","PA","Não-Metálicos","Bário",",000000",",000000000000000","t","BaSO4","0","0",",000000",",000000",",000000",",000000"
"2024","PA","Metálicos","Estanho","6407,730000","5245527,030000000000000","kg","Sn","245,88","1367554,98",",000000",",000000",",000000",",000000"
"2024","PA","Não-Metálicos","Areias Industriais",",000000",",000000000000000","-","","0","0",",000000",",000000",",000000",",000000"
"2024","PA","Não-Metálicos","Argilas","2352214,640000",",000000000000000","-","","2126342,48","6562913,5099999998","109596,410000","677651,960000","241264,060000","2066045,010000"
"2024","PA","Gemas e Diamantes","Gemas","311,690000","249352,000000000000000","kg","","311,69","2246787,5",",000000",",000000",",000000",",000000"
"2024","PB","Não-Metálicos","Talco e outras Cargas Minerais","69460,000000",",000000000000000","-","","0","0",",000000",",000000","67910,370000","5743310,170000"
"2024","PB","Metálicos","Estanho","103,000000","400,000000000000000","kg","Sn","0","0",",000000",",000000",",000000",",000000"
"2024","PB","Não-Metálicos","Rochas Ornamentais","222607,780000",",000000000000000","-","","41220,479999999996","60565105,949999996",",000000",",000000",",000000",",000000"
"2024","PB","Não-Metálicos","Quartzo (Cristal) e outros Piezelétricos","44,000000",",000000000000000","-","","0","0",",000000",",000000",",000000",",000000"
"2024","PB","Metálicos","Ferro","1,200000",",240000000000000","t","Fe","0","0",",000000",",000000","1,200000","500,000000"
"2024","PB","Não-Metálicos","Rochas Ornamentais - Outras","8753,840000",",000000000000000","-","","7816,9900000000007","2049521,1600000001",",000000",",000000",",000000",",000000"
"2024","PB","Não-Metálicos","Minerais Industriais (Outros)",",000000",",000000000000000","t","","0","0",",000000",",000000",",000000",",000000"
"2024","PB","Metálicos","Lítio","64,000000","38,000000000000000","t","Li2O","0","0",",000000",",000000",",000000",",000000"
"2024","PB","Não-Metálicos","Rochas (Britadas) e Cascalho","2403102,550000",",000000000000000","-","","33220,68","166103,39999999999",",000000",",000000",",000000",",000000"
"2024","PB","Não-Metálicos","Areias Industriais","111236,450000",",000000000000000","-","","22367,150000000001","2186271,1000000001","133,550000","140,000000","83292,079000","788617,630000"
"2024","PB","Gemas e Diamantes","Gemas","310,000000",",008000000000000","kg","","0","0",",000000",",000000",",000000",",000000"
"2024","PB","Não-Metálicos","Caulim","32037,980000",",000000000000000","-","","32037,580000000002","963897,09999999998",",000000",",000000",",000000",",000000"
"2024","PB","Não-Metálicos","Areia","1469336,910000",",000000000000000","-","","1463050,9500000002","16238845,999999998",",000000",",000000",",000000",",000000"
"2024","PB","Não-Metálicos","Feldspato, Leucita e Nefelina-Sienito","129277,100000",",000000000000000","-","","113576,23","7931766,790000001",",000000",",000000","3741,431000","573533,500000"
"2024","PB","Metálicos","Columbita-Tantalita","23,000000",",250000000000000","t","Ta2O5","0","0",",000000",",000000",",000000",",000000"
"2024","PB","Não-Metálicos","Calcário","6237631,570000",",000000000000000","-","","2728422,2000000002","55990629,480000004",",000000",",000000","24272,970000","1261404,310000"
"2024","PB","Não-Metálicos","Vermiculita e Perlita","4638,250000",",000000000000000","t","","4638,25","8582362,6699999981",",000000",",000000",",000000",",000000"
"2024","PB","Metálicos","Tungstênio",",000000",",000000000000000","t","WO3","0","0",",000000",",000000",",000000",",000000"
"2024","PB","Não-Metálicos","Argilas","877700,410000",",000000000000000","-","","258073,12","11977812,140000001",",000000",",000000","69740,420000","2763119,700000"
"2024","PB","Não-Metálicos","Saibro","6716,660000",",000000000000000","-","","6416,6599999999999","96288,160000000003",",000000",",000000",",000000",",000000"
"2024","PB","Não-Metálicos","Dolomito e Magnesita","3822,860000",",000000000000000","-","","3822,8600000000001","165499,79999999999",",000000",",000000",",000000",",000000"
"2024","PB","Não-Metálicos","Mica","6026,370000",",000000000000000","-","","4245,75","2449289,54",",000000",",000000","476,620000","751631,540000"
"2024","PE","Não-Metálicos","Vermiculita e Perlita","2023,000000","514,690000000000000","t","","0","0",",120000","608424,000000",",000000",",000000"
"2024","PE","Metálicos","Ouro","4941,920000","14,357890000000000","kg","Au","0","0",",000000",",000000",",000000",",000000"
"2024","PE","Não-Metálicos","Gipsita","3602365,380000",",000000000000000","-","","1457620,05","53203155,81000001",",000000",",000000","11820,000000","505896,000000"
"2024","PE","Não-Metálicos","Areias Industriais","84542,500000",",000000000000000","-","","0","0",",000000",",000000",",000000",",000000"
"2024","PE","Não-Metálicos","Calcário","295354,658000",",000000000000000","-","","12945,986000000001","226097,35399999999","300,000000","3000,000000","113056,850000","1516455,040000"
"2024","PE","Metálicos","Titânio",",000000",",000000000000000","t","TiO2","0","0",",000000",",000000",",000000",",000000"
"2024","PE","Não-Metálicos","Rochas Ornamentais","4502,043200",",000000000000000","-","","394,44880000000001","346413,58799999999",",000000",",000000","2141,692200","30420,002400"
"2024","PE","Não-Metálicos","Rochas Ornamentais - Outras","586,750000",",000000000000000","-","","559,38","111876",",000000",",000000",",000000",",000000"
"2024","PE","Não-Metálicos","Saibro","347424,800000",",000000000000000","-","","347424,80000000005","2370605,1699999999",",000000",",000000",",000000",",000000"
"2024","PE","Não-Metálicos","Areia","1768082,690000",",000000000000000","-","","1734630,6300000001","18407446,760000002","720,000000","9600,000000",",000000",",000000"
"2024","PE","Não-Metálicos","Argilas","576068,010000",",000000000000000","-","","357792,72999999998","9365402,0899999999",",000000",",000000","200758,830000","4995128,530000"
"2024","PE","Não-Metálicos","Rochas (Britadas) e Cascalho","7355286,278800",",000000000000000","-","","45933,785200000006","4744267,2480000006",",000000",",000000","103344,537800",",117600"
"2024","PI","Não-Metálicos","Dolomito e Magnesita","184386,110000",",000000000000000","-","","84436,959999999992","1791050,8600000003",",000000",",000000",",000000",",000000"
"2024","PI","Gemas e Diamantes","Gemas","11000,000000","37,500000000000000","kg","","0,01","53100",",000000",",000000",",000000",",000000"
"2024","PI","Gemas e Diamantes","Diamante","7970,000000","1399,150000000000000","ct","","0","0",",000000",",000000",",000000",",000000"
"2024","PI","Não-Metálicos","Argilas","542346,970000",",000000000000000","-","","238750,80000000002","3172208,0600000001","22179,070000","223987,540000","204660,290000","1080792,120000"
"2024","PI","Não-Metálicos","Rochas Ornamentais","22551,330000",",000000000000000","-","","7868,9700000000003","5353224,3499999996","500,000000","40000,000000",",000000",",000000"
"2024","PI","Metálicos","Ferro","1307651,100000","769683,430000000000000","t","Fe","1005885,46","239040736,69999999",",000000",",000000",",000000",",000000"
"2024","PI","Metálicos","Níquel","113824,320000","1138,240000000000000","t"," Ni","0","0",",000000",",000000",",000000",",000000"
"2024","PI","Não-Metálicos","Calcário","1148576,740000",",000000000000000","-","","143771,04000000001","3049627,1399999997",",000000",",000000","377299,840000","41954418,200000"
"2024","PI","Não-Metálicos","Areia","424077,310000",",000000000000000","-","","355463,48999999999","8003824,3899999997","55672,000000","505160,800000",",000000",",000000"
"2024","PI","Não-Metálicos","Rochas (Britadas) e Cascalho","2096713,820000",",000000000000000","-","","49980,699999999997","2533969,0700000003","7380,000000","77100,000000","34421,320000","2448534,530000"
"2024","PI","Não-Metálicos","Saibro","51400,800000",",000000000000000","-","","51400,800000000003","433408,21999999997",",000000",",000000",",000000",",000000"
"2024","PI","Não-Metálicos","Rochas Ornamentais - Outras","521,780000",",000000000000000","-","","0","0",",000000",",000000",",000000",",000000"
"2024","PR","Não-Metálicos","Caulim","93393,940000",",000000000000000","-","","68558,26999999999","4656458,7599999998",",000000",",000000","5119,500000","98428,570000"
"2024","PR","Metálicos","Ouro","76219,930000","262,283450000000000","kg","Au","0","0",",000000",",000000",",000000",",000000"
"2024","PR","Não-Metálicos","Talco e outras Cargas Minerais","704561,770000",",000000000000000","-","","95480,900000000023","12264601,080000002",",000000",",000000","378171,980000","10899584,990000"
"2024","PR","Não-Metálicos","Rochas (Britadas) e Cascalho","27457737,321615",",000000000000000","-","","3123391,2307210001","114979750,186919","758813,030000","4496982,710000","883205,000000","5956876,800000"
"2024","PR","Não-Metálicos","Rochas Ornamentais - Outras","78560,790000",",000000000000000","-","","64360,790000000001","455997",",000000",",000000","500,000000","185741,500000"
"2024","PR","Não-Metálicos","Fluorita e Criolita","100543,040000","45184,050000000000000","t","","0","0",",000000",",000000",",000000",",000000"
"2024","PR","Não-Metálicos","Feldspato, Leucita e Nefelina-Sienito","85889,600000",",000000000000000","-","","0","0",",000000",",000000",",000000",",000000"
"2024","PR","Não-Metálicos","Argilas","3074980,410000",",000000000000000","-","","1971409,7700000003","29622241,109999999","18477,000000","195270,000000","1311394,290000","7877983,440000"
"2024","PR","Energéticos","Carvão Mineral","69251,260000",",000000000000000","-","","0","0",",000000",",000000",",000000",",000000"
"2024","PR","Não-Metálicos","Dolomito e Magnesita","3479079,370000",",000000000000000","-","","1340102,6500000001","13261725,979999999","1290626,190000","7936778,090000","40502,920000","480415,840000"
"2024","PR","Não-Metálicos","Bário","1387,400000","1309,870000000000000","t","BaSO4","1387,4000000000001","3909040",",000000",",000000",",000000",",000000"
"2024","PR","Não-Metálicos","Areia","11172011,860000",",000000000000000","-","","7327931,1000000006","240445616,06999999",",000000",",000000","68456,880000","2679934,650000"
"2024","PR","Gemas e Diamantes","Gemas","2636,770000","2636770,000000000000000","kg","","0","0",",000000",",000000","2636,770000","65919,250000"
"2024","PR","Metálicos","Zinco",",000000",",000000000000000","t","Zn","0","0",",000000",",000000",",000000",",000000"
"2024","PR","Metálicos","Chumbo",",000000",",000000000000000","t","Pb","0","0",",000000",",000000",",000000",",000000"
"2024","PR","Não-Metálicos","Rochas Ornamentais","147704,944985",",000000000000000","-","","48442,234079000009","58156349,438680999",",000000",",000000","17118,741000","13022135,545000"
"2024","PR","Não-Metálicos","Calcário","21687323,903400",",000000000000000","-","","2942108,8651999999","98242182,62439999","187,610000","1183,850000","38201,709000","1391031,565000"
"2024","PR","Metálicos","Prata","69569,650000","18,845070000000000","kg","Ag","0","0",",000000",",000000",",000000",",000000"
"2024","PR","Não-Metálicos","Areias Industriais","81451,110000",",000000000000000","-","","80000","485800",",000000",",000000","1451,110000","56593,290000"
"2024","PR","Não-Metálicos","Saibro","2200221,150000",",000000000000000","-","","1948219,48","45657455,940000005","37445,200000","409849,890000","137466,000000","568050,000000"
"2024","PR","Não-Metálicos","Geodos, Ágatas, Calcedônia, etc","592,000000","592,000000000000000","t","","0","0",",000000",",000000",",000000",",000000"
"2024","RJ","Não-Metálicos","Areia","5278205,125600",",000000000000000","-","","4901842,2456","131249628,29230401",",000000",",000000",",000000",",000000"
"2024","RJ","Não-Metálicos","Calcário","2701051,100000",",000000000000000","-","","0","0","550208,000000","10097161,000000",",000000",",000000"
"2024","RJ","Não-Metálicos","Areias Industriais",",000000",",000000000000000","-","","0","0",",000000",",000000",",000000",",000000"
"2024","RJ","Não-Metálicos","Rochas (Britadas) e Cascalho","17958648,430000",",000000000000000","-","","306284,96000000002","4424399,7499999991",",000000",",000000",",000000",",000000"
"2024","RJ","Não-Metálicos","Feldspato, Leucita e Nefelina-Sienito","91039,990000",",000000000000000","-","","55700,400000000001","13543219,310000001",",000000",",000000",",000000",",000000"
"2024","RJ","Não-Metálicos","Rochas Ornamentais","389247,340000",",000000000000000","-","","16917,57","2208340,1499999999",",000000",",000000","231,790000","28454,000000"
"2024","RJ","Energéticos","Turfa",",000000",",000000000000000","-","","0","0",",000000",",000000",",000000",",000000"
"2024","RJ","Não-Metálicos","Argilas","1756107,170000",",000000000000000","-","","329096,33000000002","1881851,4600000002","43303,000000","385868,000000","1326568,010000","3781087,550000"
"2024","RJ","Não-Metálicos","Saibro","2810412,330000",",000000000000000","-","","2227736,5899999999","13551776,450000001",",000000",",000000","582061,800000","2732759,370000"
"2024","RJ","Não-Metálicos","Fluorita e Criolita","1,000000","1,000000000000000","t","","0","0",",000000",",000000",",000000",",000000"
"2024","RJ","Não-Metálicos","Rochas Ornamentais - Outras","44080,640000",",000000000000000","-","","43484,139999999999","5078584,8100000005",",000000",",000000","520,000000","64000,000000"
"2024","RN","Não-Metálicos","Mica","551,000000",",000000000000000","-","","548,83000000000004","874498,29000000004",",000000",",000000",",000000",",000000"
"2024","RN","Gemas e Diamantes","Gemas","58,750000",",000000000000000","-","","56,676500000000004","4033,5",",000000",",000000",",000000",",000000"
"2024","RN","Metálicos","Tungstênio","84101,130000","367,830000000000000","t","WO3","0","0",",000000",",000000",",000000",",000000"
"2024","RN","Não-Metálicos","Minerais Industriais (Outros)",",019600",",000294000000000","t","","0","0",",000000",",000000",",000000",",000000"
"2024","RN","Metálicos","Columbita-Tantalita","18,820000",",005320000000000","t","Ta2O5","3,8199999999999998","114000",",000000",",000000",",000000",",000000"
"2024","RN","Não-Metálicos","Rochas Ornamentais - Outras","26412,850000",",000000000000000","-","","28267,989999999998","36504030,250000007",",000000",",000000",",000000",",000000"
"2024","RN","Não-Metálicos","Rochas (Britadas) e Cascalho","1494113,090000",",000000000000000","-","","0","0",",000000",",000000",",000000",",000000"
"2024","RN","Metálicos","Ferro","850,210000","404,530000000000000","t","Fe","850,21000000000004","8408,5799999999999",",000000",",000000",",000000",",000000"
"2024","RN","Não-Metálicos","Dolomito e Magnesita","72125,890000",",000000000000000","-","","0","0",",000000",",000000",",000000",",000000"
"2024","RN","Não-Metálicos","Caulim","82466,230000",",000000000000000","-","","82643,490000000005","8243169",",000000",",000000",",000000",",000000"
"2024","RN","Não-Metálicos","Gipsita",",000000",",000000000000000","-","","0","0",",000000",",000000",",000000",",000000"
"2024","RN","Não-Metálicos","Rochas Ornamentais","24038,560000",",000000000000000","-","","20345,950000000001","20390268,939999998",",000000",",000000","3398,430000","1071785,870000"
"2024","RN","Metálicos","Ouro",",000000",",000000000000000","kg","Au","0","0",",000000",",000000",",000000",",000000"
"2024","RN","Não-Metálicos","Diatomita","3485,280000",",000000000000000","-","","3485,2800000000002","103909,63",",000000",",000000",",000000",",000000"
"2024","RN","Gemas e Diamantes","Gemas","37066,570400","11037,061560000000000","kg","","0","0",",000000",",000000",",000000",",000000"
"2024","RN","Não-Metálicos","Areias Industriais","29365,790000",",000000000000000","-","","24224,333500000001","4238988,2799999993",",000000",",000000","5089,450000","458050,500000"
"2024","RN","Não-Metálicos","Areia","246049,240000",",000000000000000","-","","188295,98000000001","2427521,5999999996","61250,000000","61250,000000","20000,000000","53200,000000"
"2024","RN","Não-Metálicos","Talco e outras Cargas Minerais","24199,210000",",000000000000000","-","","0","0",",000000",",000000","24199,210000","1451952,600000"
"2024","RN","Não-Metálicos","Feldspato, Leucita e Nefelina-Sienito","96514,750000",",000000000000000","-","","47223,260000000002","2342416,9699999997",",000000",",000000","48899,880000","6450464,860000"
"2024","RN","Não-Metálicos","Saibro","8041,290000",",000000000000000","-","","8041,2899999999991","123324",",000000",",000000",",000000",",000000"
"2024","RN","Não-Metálicos","Argilas","344896,180000",",000000000000000","-","","213932,88999999998","451809,67999999999","10360,530000","87492,020000","31515,630000","1147471,740000"
"2024","RN","Não-Metálicos","Calcário","3506998,620000",",000000000000000","-","","728129,31000000006","17143209",",000000",",000000","2760834,040000","55668499,430000"
"2024","RO","Metálicos","Zinco","2261790,000000","411746,560000000000000","t","Zn","0","0",",000000",",000000",",000000",",000000"
"2024","RO","Metálicos","Chumbo","2252660,000000","74780,290000000000000","t","Pb","0","0",",000000",",000000",",000000",",000000"
"2024","RO","Não-Metálicos","Rochas (Britadas) e Cascalho","2533747,830000",",000000000000000","-","","581061,17000000004","18598985,280000005","216,000000","6048,000000","7416,000000","24372,720000"
"2024","RO","Metálicos","Ouro","4697108,990000","687,767900000000000","kg","Au","0","0",",000000",",000000",",000000",",000000"
"2024","RO","Não-Metálicos","Saibro","4754,500000",",000000000000000","-","","4754,5","253270,87",",000000",",000000",",000000",",000000"
"2024","RO","Não-Metálicos","Argilas","331431,840000",",000000000000000","-","","229131,84","6604515,5199999996",",000000",",000000","102130,000000","1717928,950000"
"2024","RO","Metálicos","Titânio","847836,040000","5843,220000000000000","t","TiO2","6536,6000000000004","2320492,2200000002",",000000",",000000",",000000",",000000"
"2024","RO","Metálicos","Columbita-Tantalita","1018450,318000","428,962542500000000","t","Nb2O5","0","0",",000000",",000000","79916,670000","140365,000000"
"2024","RO","Metálicos","Cobre","21611,230000","1087,950000000000000","t","Cu","368,25999999999999","503193",",000000",",000000",",000000",",000000"
"2024","RO","Metálicos","Columbita-Tantalita","42117,032000","36,980407500000000","t","Ta2O5","0","0",",000000",",000000",",000000",",000000"
"2024","RO","Não-Metálicos","Areia","273169,540000",",000000000000000","-","","252976,22000000003","14120140,969999999",",000000",",000000","227992,000000","227992,000000"
"2024","RO","Metálicos","Estanho","4594042,230000","5266168,200000000000000","kg","Sn","2041,8999999999999","69919492,5",",000000",",000000",",000000",",000000"
"2024","RO","Gemas e Diamantes","Diamante",",000000",",000000000000000","ct","","0","0",",000000",",000000",",000000",",000000"
"2024","RO","Não-Metálicos","Calcário","660509,570000",",000000000000000","-","","531802,91999999993","56665480,510000005",",000000",",000000",",000000",",000000"
"2024","RR","Não-Metálicos","Argilas","160593,340000",",000000000000000","-","","157893,34","1025735,6",",000000",",000000","2700,000000","108000,000000"
"2024","RR","Não-Metálicos","Rochas (Britadas) e Cascalho","306227,630000",",000000000000000","-","","17904,700000000001","412581,62",",000000",",000000",",000000",",000000"
"2024","RR","Metálicos","Estanho","16,250000","16250,000000000000000","kg","Sn","16,25","1854275,54",",000000",",000000",",000000",",000000"
"2024","RR","Não-Metálicos","Areia","116113,500000",",000000000000000","-","","115311,5","2652760,48",",000000",",000000",",000000",",000000"
"2024","RR","Metálicos","Ouro",",000000",",000000000000000","kg","Au","0","0",",000000",",000000",",000000",",000000"
"2024","RR","Não-Metálicos","Rochas Ornamentais","287,460000",",000000000000000","-","","287,45999999999998","1451865,47",",000000",",000000",",000000",",000000"
"2024","RR","Gemas e Diamantes","Diamante",",000000",",000000000000000","ct","","0","0",",000000",",000000",",000000",",000000"
"2024","RS","Energéticos","Carvão Mineral","3862962,880000",",000000000000000","-","","0","0",",000000",",000000",",000000",",000000"
"2024","RS","Não-Metálicos","Rochas Ornamentais","306353,380000",",000000000000000","-","","194136,51499999996","12286106,814000001",",000000",",000000","84397,200000","84397,200000"
"2024","RS","Não-Metálicos","Argilas","3644229,990000",",000000000000000","-","","1999797,4100000001","22513302,370000005","1005666,570000","5273885,440000","805660,100000","9698443,240000"
"2024","RS","Não-Metálicos","Calcário","4526470,790000",",000000000000000","-","","1769951,6899999999","32464630,439999998",",000000",",000000",",000000",",000000"
"2024","RS","Não-Metálicos","Geodos, Ágatas, Calcedônia, etc","1323733,960000","13551,487920000000000","t","","1453542,1200000001","62392166,099999994",",000000",",000000",",000000",",000000"
"2024","RS","Metálicos","Chumbo",",000000",",000000000000000","t","Pb","0","0",",000000",",000000",",000000",",000000"
"2024","RS","Não-Metálicos","Rochas (Britadas) e Cascalho","29304143,319500",",000000000000000","-","","1926038,7264999999","50370300,413000003","72085,730000","463509,260000","1397096,510000","13832556,230000"
"2024","RS","Não-Metálicos","Talco e outras Cargas Minerais","481,510000",",000000000000000","-","","481,50999999999999","113714,7",",000000",",000000",",000000",",000000"
"2024","RS","Não-Metálicos","Rochas Ornamentais - Outras","2429931,970500",",000000000000000","-","","442776,48850000004","51074055,737999991","6545,000000","54700,000000","77624,400000","691628,760000"
"2024","RS","Não-Metálicos","Areia","9294577,930000",",000000000000000","-","","8790240,0999999996","178774788,27999997","7311,000000","8090,000000","259613,950000","3594156,300000"
"2024","RS","Metálicos","Prata",",000000",",000000000000000","kg","Ag","0","0",",000000",",000000",",000000",",000000"
"2024","RS","Metálicos","Ouro",",000000",",000000000000000","kg","Au","0","0",",000000",",000000",",000000",",000000"
"2024","RS","Não-Metálicos","Caulim","394081,590000",",000000000000000","-","","391767,5","21426579,279999997",",000000",",000000","1800,000000","39600,000000"
"2024","RS","Não-Metálicos","Areias Industriais","71789,710000",",000000000000000","-","","71789,709999999992","2538577,9000000004",",000000",",000000",",000000",",000000"
"2024","RS","Não-Metálicos","Saibro","4086299,940000",",000000000000000","-","","1924674,7099999997","43542359,635000005","113378,500000","328040,010000","1232194,300000","6326900,070000"
"2024","RS","Metálicos","Cobre",",000000",",000000000000000","t","Cu","0","0",",000000",",000000",",000000",",000000"
"2024","SC","Não-Metálicos","Areias Industriais","470267,210000",",000000000000000","-","","5985,4299999999994","482792,77000000002",",000000",",000000",",000000",",000000"
"2024","SC","Energéticos","Turfa","12226,240000",",000000000000000","-","","1939,6300000000001","493002,35999999999",",000000",",000000",",000000",",000000"
"2024","SC","Não-Metálicos","Saibro","4257488,280000",",000000000000000","-","","3159801,8199999994","49581561,88000001","251365,830000","1271979,460000","263524,500000","1806422,380000"
"2024","SC","Não-Metálicos","Dolomito e Magnesita","272900,000000",",000000000000000","-","","0","0",",000000",",000000",",000000",",000000"
"2024","SC","Energéticos","Carvão Mineral","5699045,502500",",000000000000000","-","","0","0",",000000",",000000",",000000",",000000"
"2024","SC","Não-Metálicos","Fluorita e Criolita",",000000",",000000000000000","t","","0","0",",000000",",000000",",000000",",000000"
"2024","SC","Não-Metálicos","Areia","8537571,220000",",000000000000000","-","","6077822,1600000001","238880526,09999999","1942,860000","23207,140000","21126,930000","732948,940000"
"2024","SC","Metálicos","Alumínio (Bauxita)","74,830000","29,930000000000000","t","Al2O3","0","0",",000000",",000000",",000000",",000000"
"2024","SC","Não-Metálicos","Rochas Ornamentais","288683,120000",",000000000000000","-","","286991,19","10406588,199999999",",000000",",000000","1071,000000","88208,000000"
"2024","SC","Não-Metálicos","Feldspato, Leucita e Nefelina-Sienito","197820,020000",",000000000000000","-","","0","0",",000000",",000000",",000000",",000000"
"2024","SC","Não-Metálicos","Enxofre","72824,757500",",000000000000000","-","S","0","0",",000000",",000000",",000000",",000000"
"2024","SC","Não-Metálicos","Calcário","2543981,190000",",000000000000000","-","","271981,01000000001","1507895,02",",000000",",000000",",000000",",000000"
"2024","SC","Não-Metálicos","Rochas (Britadas) e Cascalho","38435710,900000",",000000000000000","-","","1777062,8650000002","58695262,43","294666,300000","3317986,510000","1488106,490000","12261026,340000"
"2024","SC","Não-Metálicos","Argilas","4457040,970000",",000000000000000","-","","3022960,2600000002","69431084,609999999","164020,610000","865597,440000","1202098,200000","19316488,070000"
"2024","SC","Não-Metálicos","Rochas Ornamentais - Outras","118412,670000",",000000000000000","-","","54602,514999999999","4479872,2699999996",",000000",",000000",",000000",",000000"
"2024","SC","Não-Metálicos","Caulim","79251,280000",",000000000000000","-","","63372,279999999999","1190218,1200000001","43552,000000",",070000","55592,710000","637812,400000"
"2024","SE","Não-Metálicos","Rochas Ornamentais","658,340000",",000000000000000","-","","658,34000000000003","1497645,9899999998",",000000",",000000",",000000",",000000"
"2024","SE","Não-Metálicos","Areias Industriais","54547,750000",",000000000000000","-","","0","0",",000000",",000000",",000000",",000000"
"2024","SE","Não-Metálicos","Areia","523751,350000",",000000000000000","-","","523751,35000000003","6887283,8600000003",",000000",",000000",",000000",",000000"
"2024","SE","Não-Metálicos","Talco e outras Cargas Minerais","41410,640000",",000000000000000","-","","0","0",",000000",",000000","47597,060000","731959,350000"
"2024","SE","Não-Metálicos","Saibro","63,000000",",000000000000000","-","","63","2520",",000000",",000000",",000000",",000000"
"2024","SE","Não-Metálicos","Argilas","1222910,650000",",000000000000000","-","","599470,08999999997","5508914,8300000001",",000000",",000000","516511,170000","31628275,800000"
"2024","SE","Não-Metálicos","Potássio","1932619,270000","463828,630000000000000","t","K2O","0","0",",000000",",000000",",000000",",000000"
"2024","SE","Não-Metálicos","Rochas (Britadas) e Cascalho","1627128,740000",",000000000000000","-","","288659,33000000002","5012687,8099999996",",000000",",000000",",000000",",000000"
"2024","SE","Não-Metálicos","Calcário","3905155,500000",",000000000000000","-","","0","0",",000000",",000000","384917,980000","12636161,310000"
"2024","SP","Não-Metálicos","Caulim","99767,440000",",000000000000000","-","","11734","453330",",000000",",000000","2480,000000","111600,000000"
"2024","SP","Não-Metálicos","Argilas","12083688,160000",",000000000000000","-","","8613095,4800000004","191694814,47999999","143114,750000","1190995,520000","1579767,350000","11551900,800000"
"2024","SP","Não-Metálicos","Dolomito e Magnesita","782842,556000",",000000000000000","-","","104872,016","4283087,023",",000000",",000000",",000000",",000000"
"2024","SP","Não-Metálicos","Rochas (Britadas) e Cascalho","83669375,941800",",000000000000000","-","","822693,97999999986","36011133,559999995","5149,980000","90799,980000","132082,000000","5152812,440000"
"2024","SP","Metálicos","Alumínio (Bauxita)","543446,860000","198003,720000000000000","t","Al2O3","179382,68000000002","21851840,66",",000000",",000000",",000000",",000000"
"2024","SP","Não-Metálicos","Calcário","10977764,012200",",000000000000000","-","","766930,48399999994","5717908,4470000006",",000000",",000000",",000000",",000000"
"2024","SP","Energéticos","Turfa","97592,640000",",000000000000000","-","","75613,080000000002","10387504,700000001",",000000",",000000","20718,000000","241722,820000"
"2024","SP","Não-Metálicos","Fosfato","3907906,080000","276398,500000000000000","t","P2O5","201915,09","5259685,5599999996",",000000",",000000",",000000",",000000"
"2024","SP","Não-Metálicos","Feldspato, Leucita e Nefelina-Sienito","2250,000000",",000000000000000","-","","60","1818",",000000",",000000",",000000",",000000"
"2024","SP","Não-Metálicos","Areias Industriais","5974623,288000",",000000000000000","-","","840256,4800000001","39371342,989999995",",000000",",000000",",000000",",000000"
"2024","SP","Não-Metálicos","Saibro","352628,140000",",000000000000000","-","","311491,15999999997","4383348,2400000002",",000000",",000000","5919,800000","295990,000000"
"2024","SP","Não-Metálicos","Rochas Ornamentais - Outras","64472,540000",",000000000000000","-","","64473,039999999994","7580328,9799999995",",000000",",000000",",000000",",000000"
"2024","SP","Não-Metálicos","Rochas Ornamentais","74814,210000",",000000000000000","-","","55598,520000000004","12644741,84",",000000",",000000",",000000",",000000"
"2024","SP","Não-Metálicos","Minerais Industriais (Outros)",",000000",",000000000000000","t","","0","0",",000000",",000000",",000000",",000000"
"2024","SP","Não-Metálicos","Areia","33005261,282000",",000000000000000","-","","15460868,57","551637968,36000001","593,550000","10702,030000","262070,780000","4176447,720000"
"2024","SP","Não-Metálicos","Talco e outras Cargas Minerais","1108784,220000",",000000000000000","-","","422951,44999999995","15509384,850000001",",000000",",000000","70,290000","632,610000"
"2024","TO","Não-Metálicos","Saibro","59,200000",",000000000000000","-","","59,200000000000003","1313",",000000",",000000",",000000",",000000"
"2024","TO","Não-Metálicos","Talco e outras Cargas Minerais","1285,670000",",000000000000000","-","","863,01999999999998","953313,05000000005",",000000",",000000",",000000",",000000"
"2024","TO","Não-Metálicos","Rochas (Britadas) e Cascalho","4080912,803300",",000000000000000","-","","292909,32000000001","20245195,240000002","3895,180000","306176,160000",",000000",",000000"
"2024","TO","Metálicos","Manganês","321461,000000","32268,340000000000000","t","Mn","9526,5599999999995","3973272,0700000003",",000000",",000000","11000,000000","3,000000"
"2024","TO","Não-Metálicos","Dolomito e Magnesita","294525,700000",",000000000000000","-","","0","0",",000000",",000000",",000000",",000000"
"2024","TO","Gemas e Diamantes","Gemas",",000000",",000000000000000","kg","","0","0",",000000",",000000",",000000",",000000"
"2024","TO","Não-Metálicos","Gipsita","67413,590000",",000000000000000","-","","0","0",",000000",",000000",",000000",",000000"
"2024","TO","Metálicos","Ouro","2379502,610000","12,063060000000000","kg","Au","0","0",",000000",",000000",",000000",",000000"
"2024","TO","Não-Metálicos","Argilas","403586,250000",",000000000000000","-","","220035,37","404301,96999999997","13200,000000","13200,000000","161916,480000","1911856,890000"
"2024","TO","Não-Metálicos","Quartzo (Cristal) e outros Piezelétricos","35,400000",",000000000000000","-","","35,399999999999999","79300",",000000",",000000",",000000",",000000"
"2024","TO","Não-Metálicos","Rochas Ornamentais - Outras",",000000",",000000000000000","-","","0","0",",000000",",000000",",000000",",000000"
"2024","TO","Não-Metálicos","Areias Industriais","4447,910000",",000000000000000","-","","2968,5799999999999","8896899,7400000021",",000000",",000000","558,180000","644060,250000"
"2024","TO","Não-Metálicos","Rochas Ornamentais","254,000000",",000000000000000","-","","218,75","443695,78000000003",",000000",",000000",",000000",",000000"
"2024","TO","Não-Metálicos","Areia","478116,730000",",000000000000000","-","","441238,28999999998","15555830,360000001",",000000",",000000",",000000",",000000"
"2024","TO","Não-Metálicos","Fosfato","325132,000000","30892,340000000000000","t","P2O5","68758,160000000003","68758,160000000003",",000000",",000000",",000000",",000000"
"2024","TO","Não-Metálicos","Minerais Industriais (Outros)","13,640000",",000000000000000","-","","0","0",",000000",",000000",",000000",",000000"
"2024","TO","Metálicos","Zircônio","377163,390000","375947,510000000000000","t","ZrSiO4","334,46000000000004","2332542,8999999999",",000000",",000000",",000000",",000000"
"2024","TO","Não-Metálicos","Calcário","11206096,516700",",000000000000000","-","","517266,12999999995","41385019,730000004","386546,420000",",360000","414641,830000","2620044,310000"
"2025","AC","Não-Metálicos","Areia","181868,380000",",000000000000000","-","","149034,32000000001","3389715,2099999995","85,500000","4800,000000","14357,900000","122375,000000"
"2025","AC","Não-Metálicos","Argilas","241798,550000",",000000000000000","-","","166096,27999999997","1092219,9100000001","12389,150000","88710,000000","54420,400000","320790,720000"
"2025","AL","Não-Metálicos","Rochas Ornamentais - Outras","865,800000",",000000000000000","-","","865,79999999999995","94512,950000000012",",000000",",000000",",000000",",000000"
"2025","AL","Não-Metálicos","Areias Industriais",",000000",",000000000000000","-","","0","0",",000000",",000000",",000000",",000000"
"2025","AL","Não-Metálicos","Amianto",",000000",",000000000000000","t","","0","0",",000000",",000000",",000000",",000000"
"2025","AL","Não-Metálicos","Areia","924991,480000",",000000000000000","-","","792190,63","66191264,489999995","105398,270000","6699655,000000","4200,000000","2800,000000"
"2025","AL","Não-Metálicos","Rochas (Britadas) e Cascalho","2180413,360000",",000000000000000","-","","755320,84999999998","53939284,290000007",",000000",",000000",",000000",",000000"
"2025","AL","Não-Metálicos","Argilas","282244,990000",",000000000000000","-","","211636,75","6615037,4299999997",",000000",",000000","42019,710000","507655,120000"
"2025","AL","Não-Metálicos","Calcário","834606,150000",",000000000000000","-","","0","0",",000000",",000000",",000000",",000000"
"2025","AL","Não-Metálicos","Saibro","179977,320000",",000000000000000","-","","91213,300000000003","1343229,2299999997",",000000",",000000","91524,020000","250668,140000"
"2025","AL","Não-Metálicos","Rochas Ornamentais",",000000",",000000000000000","-","","0","0",",000000",",000000",",000000",",000000"
"2025","AL","Metálicos","Cobre","4527407,400000","27164,440000000000000","t","Cu","0","0",",000000",",000000",",000000",",000000"
"2025","AM","Não-Metálicos","Saibro","420,000000",",000000000000000","-","","0","0",",000000",",000000","420,000000","12600,000000"
"2025","AM","Metálicos","Columbita-Tantalita","8461800,320000","21408,354800000000000","t","Nb2O5","0","0",",000000",",000000",",000000",",000000"
"2025","AM","Não-Metálicos","Areia","81777,420000",",000000000000000","-","","48770,219999999994","1576261,95",",000000",",000000","32193,200000","275441,720000"
"2025","AM","Metálicos","Ouro",",000000",",000000000000000","kg","Au","0","0",",000000",",000000",",000000",",000000"
"2025","AM","Não-Metálicos","Argilas","249498,960000",",000000000000000","-","","71200,020000000004","341850,35999999999",",000000",",000000","178298,940000","2791324,340000"
"2025","AM","Metálicos","Columbita-Tantalita","8461800,320000","21408,354800000000000","t","Ta2O5","0","0",",000000",",000000",",000000",",000000"
"2025","AM","Não-Metálicos","Rochas (Britadas) e Cascalho","1456246,560000",",000000000000000","-","","15300","3635500",",000000",",000000","46200,000000","646800,000000"
"2025","AM","Metálicos","Estanho","8461800,320000","15654330,570000000000000","kg","Sn","0","0",",000000",",000000",",000000",",000000"
"2025","AP","Não-Metálicos","Saibro",",000000",",000000000000000","-","","0","0",",000000",",000000",",000000",",000000"
"2025","AP","Metálicos","Ferro",",000000",",000000000000000","t","Fe","0","0",",000000",",000000",",000000",",000000"
"2025","AP","Não-Metálicos","Caulim","223267,850000",",000000000000000","-","","0","0",",000000",",000000","223267,850000",",120000"
"2025","AP","Não-Metálicos","Argilas","17327,090000",",000000000000000","-","","0","0","17327,090000","3509129,440000",",000000",",000000"
"2025","AP","Metálicos","Cromo",",000000",",000000000000000","t","Cr2O3","0","0",",000000",",000000",",000000",",000000"
"2025","AP","Metálicos","Ouro","41063,380000","86,642120000000000","kg","Au","0","0",",000000",",000000",",000000",",000000"
"2025","AP","Não-Metálicos","Rochas (Britadas) e Cascalho","587749,280000",",000000000000000","-","","40113,620000000003","1057409,55",",000000",",000000",",000000",",000000"
"2025","AP","Não-Metálicos","Areia","227086,080000",",000000000000000","-","","210161,57999999999","4521622,9900000002",",000000",",000000",",000000",",000000"
"2025","BA","Metálicos","Columbita-Tantalita","1,390000",",000000000000000","t","Ta2O5","1,3899999999999999","413451,56",",000000",",000000",",000000",",000000"
"2025","BA","Não-Metálicos","Dolomito e Magnesita","1315802,660000",",000000000000000","-","","500260,84999999998","33360516,100000001",",000000",",000000",",000000",",000000"
"2025","BA","Não-Metálicos","Sal","561147,980000",",000000000000000","-","","0","0",",000000",",000000","561147,980000","82332505,470000"
"2025","BA","Gemas e Diamantes","Diamante","583733,330000","83965,110000000000000","ct","","0","0",",000000",",000000",",000000",",000000"
"2025","BA","Metálicos","Cobre","3732992,340000","40400,240000000000000","t","Cu","0","0",",000000",",000000",",000000",",000000"
"2025","BA","Não-Metálicos","Fosfato","733540,000000","143773,840000000000000","t","P2O5","0","0",",000000",",000000",",000000",",000000"
"2025","BA","Metálicos","Níquel","6387260,890000","19103,440000000000000","t"," Ni","0","0",",000000",",000000",",000000",",000000"
"2025","BA","Metálicos","Vanádio","2209354,630000","15589,390000000000000","t","V","0","0",",000000",",000000",",000000",",000000"
"2025","BA","Não-Metálicos","Saibro","84,700000",",000000000000000","-","","84,700000000000003","3455,9899999999998",",000000",",000000",",000000",",000000"
"2025","BA","Metálicos","Ferro","564643,940000","65,190000000000000","t","Fe","0","0",",000000",",000000",",000000",",000000"
"2025","BA","Metálicos","Titânio","585076,560000","43710,090000000000000","t","TiO2","0","0",",000000",",000000",",000000",",000000"
"2025","BA","Não-Metálicos","Talco e outras Cargas Minerais","95295,980000",",000000000000000","-","","0","0",",000000",",000000",",000000",",000000"
"2025","BA","Não-Metálicos","Geodos, Ágatas, Calcedônia, etc","580,000000","580,000000000000000","t","","508,10000000000002","1781418",",000000",",000000",",000000",",000000"
"2025","BA","Não-Metálicos","Caulim","13507,000000",",000000000000000","-","","11574","206629",",000000",",000000","1833,000000","33085,650000"
"2025","BA","Metálicos","Manganês","85208,220000","31578,000000000000000","t","Mn","0","0",",000000",",000000",",000000",",000000"
"2025","BA","Energéticos","Urânio e outros Radioativos",",000000",",000000000000000","t","","0","0",",000000",",000000","68033,000000","12850798,060000"
"2025","BA","Não-Metálicos","Rochas Ornamentais - Outras","59402,470000",",000000000000000","-","","55622,429999999993","110124978,40000001",",000000",",000000",",000000",",000000"
"2025","BA","Não-Metálicos","Rochas Ornamentais","370347,558000",",000000000000000","-","","290816,47800000006","472527346,91899997",",000000",",000000","275,110000","397902,500000"
"2025","BA","Metálicos","Ouro","6988073,500000","4346,639310000000000","kg","Au","0","0",",000000",",000000",",000000",",000000"
"2025","BA","Não-Metálicos","Bário","33618,080000","18428,080000000000000","t","BaSO4","33084,970000000001","13093314,23",",000000",",000000",",000000",",000000"
"2025","BA","Metálicos","Molibdênio","119,720000","23,630000000000000","t","Mo","119,72","1938437,99",",000000",",000000",",000000",",000000"
"2025","BA","Não-Metálicos","Rochas (Britadas) e Cascalho","11964948,640000",",000000000000000","-","","850888,44999999995","51631790,429999992",",000000",",000000","140037,000000","1064379,200000"
"2025","BA","Metálicos","Cromo","1571705,040000","242083,030000000000000","t","Cr2O3","0","0",",000000",",000000",",000000",",000000"
"2025","BA","Não-Metálicos","Calcário","3105285,460000",",000000000000000","-","","338649,63","5827847,6099999994",",000000",",000000","56233,910000",",120000"
"2025","BA","Não-Metálicos","Quartzo (Cristal) e outros Piezelétricos","3616,300000",",000000000000000","-","","3373,48","8334029,6500000004",",000000",",000000",",000000",",000000"
"2025","BA","Não-Metálicos","Argilas","1353699,590000",",000000000000000","-","","342584,76000000001","161752219,42000005","65483,820000","503871,400000","848455,870000","4178116,740000"
"2025","BA","Não-Metálicos","Minerais Industriais (Outros)",",000000",",000000000000000","t","","0","0",",000000",",000000",",000000",",000000"
"2025","BA","Não-Metálicos","Areia","3061270,060000",",000000000000000","-","","2992681,4899999998","76604359,010000005","5658,950000","87440,590000","560,000000","400,000000"
"2025","BA","Não-Metálicos","Grafita","382779,000000","354104,800000000000000","t","","353000","4236000",",000000",",000000",",000000",",000000"
"2025","BA","Gemas e Diamantes","Gemas","10394,180000","104641,331900000000000","kg","","10394,18","20063866,109999999",",000000",",000000",",000000",",000000"
"2025","BA","Não-Metálicos","Diatomita","4291,640000",",000000000000000","-","","3225","967500",",000000",",000000","2122,510000","568277,940000"
"2025","BA","Não-Metálicos","Areias Industriais","780681,272000",",000000000000000","-","","88856,202000000005","17952941,500999998",",000000",",000000","257,660000","161995,000000"
"2025","BA","Não-Metálicos","Feldspato, Leucita e Nefelina-Sienito","47303,150000",",000000000000000","-","","45825,389999999999","8075316,6400000006",",000000",",000000",",000000",",000000"
"2025","CE","Não-Metálicos","Feldspato, Leucita e Nefelina-Sienito","32,000000",",000000000000000","-","","0","0",",000000",",000000",",000000",",000000"
"2025","CE","Não-Metálicos","Calcário","7655098,620000",",000000000000000","-","","1111878,9099999999","19733091,370000001","1937476,200000","32762778,080000","1439717,550000","55625839,380000"
"2025","CE","Não-Metálicos","Areia","1611179,490000",",000000000000000","-","","1596588,2599999998","53073813,460000001","18,000000","120000,000000","3298,000000","69438,000000"
"2025","CE","Não-Metálicos","Rochas (Britadas) e Cascalho","5988326,020000",",000000000000000","-","","101663,66","6090121,4500000002","116418,520000","4135048,440000","2630,750000","210200,000000"
"2025","CE","Não-Metálicos","Diatomita","87,000000",",000000000000000","-","","0","0",",000000",",000000",",000000",",000000"
"2025","CE","Não-Metálicos","Quartzo (Cristal) e outros Piezelétricos","17,200000",",000000000000000","-","","17,199999999999999","90500",",000000",",000000",",000000",",000000"
"2025","CE","Não-Metálicos","Talco e outras Cargas Minerais","9056,430000",",000000000000000","-","","9001,4300000000003","894153,97999999998",",000000",",000000",",000000",",000000"
"2025","CE","Não-Metálicos","Argilas","1766014,030000",",000000000000000","-","","436424,14999999997","7026995,54","107981,800000","460526,790000","1248107,090000","6359373,310000"
"2025","CE","Metálicos","Lítio","30000,000000","750,000000000000000","t","Li2O","0","0",",000000",",000000",",000000",",000000"
"2025","CE","Não-Metálicos","Gipsita","48348,630000",",000000000000000","-","","48348,630000000005","2626161,8999999999",",000000",",000000",",000000",",000000"
"2025","CE","Não-Metálicos","Rochas Ornamentais - Outras","80197,330000",",000000000000000","-","","66634,250000000015","212202718,23000002",",000000",",000000",",000000",",000000"
"2025","CE","Não-Metálicos","Areias Industriais","34615,170000",",000000000000000","-","","1408,6699999999998","94010,119999999995",",000000",",000000","10364,110000","42875,220000"
"2025","CE","Metálicos","Manganês",",000000",",000000000000000","t","Mn","0","0",",000000",",000000",",000000",",000000"
"2025","CE","Metálicos","Ferro","4147,080000","2582,100000000000000","t","Fe","0","0",",000000",",000000",",000000",",000000"
"2025","CE","Não-Metálicos","Fosfato",",000000",",000000000000000","t","P2O5","0","0",",000000",",000000",",000000",",000000"
"2025","CE","Não-Metálicos","Saibro","23454,450000",",000000000000000","-","","22346,450000000001","289077,75","3,000000","9000,000000","1103,000000","10700,000000"
"2025","CE","Não-Metálicos","Dolomito e Magnesita","503000,000000",",000000000000000","-","","503000","15145830,26",",000000",",000000",",000000",",000000"
"2025","CE","Não-Metálicos","Rochas Ornamentais","398698,200000",",000000000000000","-","","351380,30999999994","995979198,06000006","2159,310000","1435007,800000","15849,040000","1282663,560000"
"2025","DF","Não-Metálicos","Calcário","5305252,150000",",000000000000000","-","","0","0",",000000",",000000",",000000",",000000"
"2025","DF","Não-Metálicos","Areias Industriais","756321,150000",",000000000000000","-","","0","0",",000000",",000000",",000000",",000000"
"2025","DF","Não-Metálicos","Rochas (Britadas) e Cascalho","152576,000000",",000000000000000","-","","151430","1489892,8400000001",",000000",",000000",",000000",",000000"
"2025","DF","Não-Metálicos","Dolomito e Magnesita","2477402,000000",",000000000000000","-","","0","0",",000000",",000000",",000000",",000000"
"2025","DF","Não-Metálicos","Areia","483000,120000",",000000000000000","-","","876,00999999999999","43800,050000000003",",000000",",000000",",000000",",000000"
"2025","DF","Não-Metálicos","Argilas","269598,670000",",000000000000000","-","","0","0",",000000",",000000",",000000",",000000"
"2025","ES","Não-Metálicos","Argilas","1405141,240000",",000000000000000","-","","220538,36000000002","31890670,260000002","63041,220000","692811,190000","101780,700000","1500759,970000"
"2025","ES","Não-Metálicos","Areia","2036433,330000",",000000000000000","-","","1990594,5999999996","43128951,170000002","92,330000","1855,000000","852,170000","13541,710000"
"2025","ES","Não-Metálicos","Dolomito e Magnesita","37740,000000",",000000000000000","-","","0","0",",000000",",000000","37740,000000","847440,000000"
"2025","ES","Metálicos","Alumínio (Bauxita)","2390,000000","1097,840000000000000","t","Al2O3","2063,02","53638,520000000004",",000000",",000000",",000000",",000000"
"2025","ES","Não-Metálicos","Calcário","2643459,741200",",000000000000000","-","","2353586,1010000003","79753887,83829999",",000000",",000000","884,317000","110631,225000"
"2025","ES","Não-Metálicos","Saibro","228382,110000",",000000000000000","-","","235988,06","3032445,04",",000000",",000000",",000000",",000000"
"2025","ES","Gemas e Diamantes","Gemas",",000000",",000000000000000","kg","","0","0",",000000",",000000",",000000",",000000"
"2025","ES","Não-Metálicos","Rochas Ornamentais","2710388,712800",",000000000000000","-","","2391650,835","787010984,87970006","159,900000","83540,480000","29975,043000","24562099,185000"
"2025","ES","Não-Metálicos","Feldspato, Leucita e Nefelina-Sienito","61689,940000",",000000000000000","-","","61689,940000000002","5278418,3600000003",",000000",",000000",",000000",",000000"
"2025","ES","Não-Metálicos","Rochas (Britadas) e Cascalho","8608367,156000",",000000000000000","-","","1833987,3740000001","35527379,251999997",",000000",",000000",",000000",",000000"
"2025","ES","Não-Metálicos","Rochas Ornamentais - Outras","869,030000",",000000000000000","-","","795,36000000000001","46963,629999999997",",000000",",000000",",000000",",000000"
"2025","ES","Não-Metálicos","Areias Industriais","30171,660000",",000000000000000","-","","27431,16","1282449,46",",000000",",000000","250,000000","3750,000000"
"2025","GO","Não-Metálicos","Bário","5600020,400000","196099,890000000000000","t","BaSO4","0","0",",000000",",000000",",000000",",000000"
"2025","GO","Gemas e Diamantes","Diamante","6501,370000","41,410000000000000","ct","","0","0",",000000",",000000",",000000",",000000"
"2025","GO","Metálicos","Cobre","19934501,000000","51937,850000000000000","t","Cu","0","0",",000000",",000000",",000000",",000000"
"2025","GO","Não-Metálicos","Argilas","761132,520000",",000000000000000","-","","326175,40000000002","17371570,889999997","6783,350000","10175,070000","416528,810000","6806986,510000"
"2025","GO","Metálicos","Manganês","28980,000000","9590,000000000000000","t","Mn","0","0",",000000",",000000",",000000",",000000"
"2025","GO","Metálicos","Nióbio","8986468,870000","62626,527390000000000","t","Nb2O5","0","0",",000000",",000000",",000000",",000000"
"2025","GO","Não-Metálicos","Calcário","14307769,270600",",000000000000000","-","","1894116,2299999997","49530276,18",",000000",",000000",",000000",",000000"
"2025","GO","Metálicos","Ouro","22659437,610000","6418,574360000000000","kg","Au","0","0",",000000",",000000",",000000",",000000"
"2025","GO","Não-Metálicos","Dolomito e Magnesita","629533,520000",",000000000000000","-","","0","0",",000000",",000000",",000000",",000000"
"2025","GO","Não-Metálicos","Rochas Ornamentais","138820,770000",",000000000000000","-","","133688,67999999999","78235069,059999987",",000000",",000000",",000000",",000000"
"2025","GO","Não-Metálicos","Rochas Ornamentais - Outras","13690,000000",",000000000000000","-","","13690","291379,40999999997",",000000",",000000",",000000",",000000"
"2025","GO","Metálicos","Monazita e Terras-Raras","76631,680000","194,100000000000000","t","ETR","0","0",",000000",",000000",",000000",",000000"
"2025","GO","Não-Metálicos","Fosfato","11097426,260000","1287632,110000000000000","t","P2O5","0","0",",000000",",000000",",000000",",000000"
"2025","GO","Não-Metálicos","Vermiculita e Perlita","370972,000000","76200,000000000000000","t","","0","0",",000000",",000000",",000000",",000000"
"2025","GO","Metálicos","Alumínio (Bauxita)","1868412,880000","1024093,720000000000000","t","Al2O3","12807,370000000001","644722,76000000001",",000000",",000000",",000000",",000000"
"2025","GO","Não-Metálicos","Feldspato, Leucita e Nefelina-Sienito","53904,960000",",000000000000000","-","","18097","3250928,48",",000000",",000000",",000000",",000000"
"2025","GO","Não-Metálicos","Amianto","4097726,000000",",000000000000000","t","","0","0",",000000",",000000",",000000",",000000"
"2025","GO","Metálicos","Níquel","2693905,970000","35487,710000000000000","t"," Ni","0","0",",000000",",000000",",000000",",000000"
"2025","GO","Metálicos","Ferro","6020,000000","6020,000000000000000","t","Fe","0","0",",000000",",000000",",000000",",000000"
"2025","GO","Não-Metálicos","Rochas (Britadas) e Cascalho","13621207,579400",",000000000000000","-","","630865,44000000006","17398127,359999999","6153,400000","77321,710000","26930,000000","22720,020000"
"2025","GO","Não-Metálicos","Caulim",",000000",",000000000000000","-","","0","0",",000000",",000000",",000000",",000000"
"2025","GO","Não-Metálicos","Areias Industriais","478420,510000",",000000000000000","-","","478420,51000000001","12890046,369999999",",000000",",000000",",000000",",000000"
"2025","GO","Metálicos","Titânio",",000000",",000000000000000","t","TiO2","0","0",",000000",",000000",",000000",",000000"
"2025","GO","Não-Metálicos","Talco e outras Cargas Minerais","565010,000000",",000000000000000","-","","564958,32999999996","108472,29999999999",",000000",",000000",",000000",",000000"
"2025","GO","Não-Metálicos","Saibro","2801,320000",",000000000000000","-","","1790,0999999999999","32275,799999999999",",000000",",000000",",000000",",000000"
"2025","GO","Não-Metálicos","Areia","5609194,950000",",000000000000000","-","","5014370,1399999987","82216866,469999999",",000000",",000000",",000000",",000000"
"2025","GO","Gemas e Diamantes","Gemas","346,050000","43,653230000000000","kg","","346,05000000000001","649900,30000000005",",000000",",000000",",000000",",000000"
"2025","GO","Gemas e Diamantes","Gemas",",000000",",000000000000000","-","","0","0",",000000",",000000",",000000",",000000"
"2025","MA","Não-Metálicos","Calcário","127181,230000",",000000000000000","-","","61439,279999999999","1331303,4100000001",",000000",",000000",",000000",",000000"
"2025","MA","Não-Metálicos","Rochas Ornamentais",",000000",",000000000000000","-","","0","0",",000000",",000000",",000000",",000000"
"2025","MA","Metálicos","Ouro","2989165,900000","217,165280000000000","kg","Au","0","0",",000000",",000000",",000000",",000000"
"2025","MA","Não-Metálicos","Caulim","17722,190000",",000000000000000","-","","17722,189999999999","210716,89999999999",",000000",",000000",",000000",",000000"
"2025","MA","Não-Metálicos","Argilas","718198,090000",",000000000000000","-","","80136,149999999994","1915379,3100000001","127028,730000","1690061,270000","523938,510000","3837088,410000"
"2025","MA","Não-Metálicos","Areia","1035261,200000",",000000000000000","-","","831455,78999999992","24231199,300000001","24313,010000","822798,250000","16520,000000","74338,000000"
"2025","MA","Não-Metálicos","Gipsita","1281240,860000",",000000000000000","-","","95670,440000000002","4669657,2400000002",",000000",",000000",",000000",",000000"
"2025","MA","Metálicos","Ferro","124341,480000","58440,500000000000000","t","Fe","0","0",",000000",",000000",",000000",",000000"
"2025","MA","Não-Metálicos","Rochas (Britadas) e Cascalho","5981864,700000",",000000000000000","-","","319314,27000000002","7429603,040000001",",000000",",000000",",000000",",000000"
"2025","MG","Gemas e Diamantes","Diamante","204242,970000","1966,560000000000000","ct","","6636,2799999999997","1925702,28",",000000",",000000",",000000",",000000"
"2025","MG","Não-Metálicos","Calcário","51174014,883600",",000000000000000","-","","5644700,2600000007","122818736,71999998","1719461,000000","18531486,420000","552563,080000","11342764,780000"
"2025","MG","Metálicos","Zinco","2113529,520000","137418,450000000000000","t","Zn","0","0",",000000",",000000",",000000",",000000"
"2025","MG","Metálicos","Ferro","449227510,520000","207005413,520000000000000","t","Fe","16402378,700000003","970838781,29999995",",000000",",000000","6967,530000","265760,510000"
"2025","MG","Metálicos","Nióbio","7064837,000000","175552,951000000000000","t","Nb2O5","7064837","118578618,14",",000000",",000000",",000000",",000000"
"2025","MG","Não-Metálicos","Rochas (Britadas) e Cascalho","31584269,306400",",000000000000000","-","","2368051,7400000007","42075123,859999999","183389,160000","933454,100000","21000,000000","83872,000000"
"2025","MG","Metálicos","Titânio",",000000",",000000000000000","t","TiO2","0","0",",000000",",000000",",000000",",000000"
"2025","MG","Metálicos","Estanho","800944,730000","320374,100000000000000","kg","Sn","0","0",",000000",",000000",",000000",",000000"
"2025","MG","Não-Metálicos","Argilas","14451030,260000",",000000000000000","-","","12737652,290000001","45470960,170000002","137414,800000","1216719,600000","883763,430000","13971162,950000"
"2025","MG","Não-Metálicos","Potássio","346594,000000","79960,410000000000000","t","K2O","344401,58999999997","6173113,2000000002",",000000",",000000",",000000",",000000"
"2025","MG","Metálicos","Prata","370253,000000","127,781650000000000","kg","Ag","0","0",",000000",",000000",",000000",",000000"
"2025","MG","Gemas e Diamantes","Gemas","145680,320000","26815,092530000000000","kg","","3542,9999999999995","32874955,660000004",",000000",",000000","14,880000","10752038,520000"
"2025","MG","Metálicos","Chumbo","2113529,520000","6540,630000000000000","t","Pb","0","0",",000000",",000000",",000000",",000000"
"2025","MG","Não-Metálicos","Quartzo (Cristal) e outros Piezelétricos","121816,745200",",000000000000000","-","","112119,2752","25178093,426700003",",000000",",000000",",000000",",000000"
"2025","MG","Não-Metálicos","Minerais Industriais (Outros)",",000000",",000000000000000","-","","0","0",",000000",",000000",",000000",",000000"
"2025","MG","Não-Metálicos","Saibro","228413,370000",",000000000000000","-","","149149,34","2761813,1100000003",",000000",",000000","75150,000000","56362,450000"
"2025","MG","Gemas e Diamantes","Gemas","29,356050",",000000000000000","-","","29,35605","350544,50624999998",",000000",",000000",",000000",",000000"
"2025","MG","Não-Metálicos","Grafita","1187799,980000","74497,540000000000000","t","","0","0",",000000",",000000",",000000",",000000"
"2025","MG","Não-Metálicos","Cianita e outros minerais refratários",",550000",",000000000000000","-","","0","0",",000000",",000000",",000000",",000000"
"2025","MG","Não-Metálicos","Caulim","113551,020000",",000000000000000","-","","113456,02","21630443,5",",000000",",000000",",000000",",000000"
"2025","MG","Não-Metálicos","Rochas Ornamentais - Outras","179916,360000",",000000000000000","-","","165518,84000000003","52117964,359999999",",000000",",000000","3177,250000","4762621,450000"
"2025","MG","Metálicos","Ouro","56633792,170000","30657,621230000000000","kg","Au","1563,3299999999999","3249377,7799999998",",000000",",000000",",000000",",000000"
"2025","MG","Não-Metálicos","Feldspato, Leucita e Nefelina-Sienito","56439,198400",",000000000000000","-","","47225,798399999992","59312543,352399997",",000000",",000000",",000000",",000000"
"2025","MG","Não-Metálicos","Areia","8474284,820000",",000000000000000","-","","7470809,483","311473935,73000002","5445,000000","222501,000000","59437,200000","1559421,360000"
"2025","MG","Metálicos","Níquel",",000000",",000000000000000","t"," Ni","0","0",",000000",",000000",",000000",",000000"
"2025","MG","Energéticos","Turfa","3251,540000",",000000000000000","-","","3251,54","162625,5",",000000",",000000",",000000",",000000"
"2025","MG","Metálicos","Zircônio",",000000",",000000000000000","t","ZrSiO4","0","0",",000000",",000000",",000000",",000000"
"2025","MG","Não-Metálicos","Dolomito e Magnesita","6404,000000",",000000000000000","-","","1512,3","28329,580000000002",",000000",",000000",",000000",",000000"
"2025","MG","Não-Metálicos","Talco e outras Cargas Minerais","292925,060000",",000000000000000","-","","57481,389999999999","3195123,6299999999",",000000",",000000","26856,040000","933140,930000"
"2025","MG","Metálicos","Monazita e Terras-Raras",",000000",",000000000000000","t","ETR","0","0",",000000",",000000",",000000",",000000"
"2025","MG","Não-Metálicos","Areias Industriais","792027,500350",",000000000000000","-","","277187,00735000003","29486605,244650003",",030000",",030000","49703,230000","13524016,830000"
"2025","MG","Metálicos","Alumínio (Bauxita)","2414285,880000","957249,630000000000000","t","Al2O3","654339,90000000014","31982588,620000005",",000000",",000000","335500,640000","6559787,260000"
"2025","MG","Metálicos","Columbita-Tantalita","800944,730000","240,282840000000000","t","Ta2O5","0","0",",000000",",000000",",000000",",000000"
"2025","MG","Não-Metálicos","Rochas Ornamentais","1131829,690000",",000000000000000","-","","867690,30000000005","577404560,40999997","4382,400000","1260621,960000","148828,370000","36970190,840000"
"2025","MG","Metálicos","Manganês","551748,970000","79808,830000000000000","t","Mn","274013,97999999998","30236181,370000001",",000000",",000000",",000000",",000000"
"2025","MG","Metálicos","Lítio","1981313,670000","95673,010000000000000","t","Li2O","0","0",",000000",",000000",",000000",",000000"
"2025","MG","Não-Metálicos","Fosfato","25431300,690000","2398958,850000000000000","t","P2O5","15248,5","11142406,279999999",",000000",",000000",",000000",",000000"
"2025","MS","Não-Metálicos","Calcário","6938048,510000",",000000000000000","-","","25608,48","1482374,74",",000000",",000000",",000000",",000000"
"2025","MS","Não-Metálicos","Rochas Ornamentais","3951,120000",",000000000000000","-","","3701,7699999999995","12847544,390000001",",000000",",000000",",000000",",000000"
"2025","MS","Não-Metálicos","Argilas","221529,060000",",000000000000000","-","","131830,35999999999","1834956,6600000001","892,000000","58190,000000",",000000",",000000"
"2025","MS","Metálicos","Ferro","18348709,290000","1450305,760000000000000","t","Fe","0","0",",000000",",000000",",000000",",000000"
"2025","MS","Metálicos","Manganês","380422,120000","8516,000000000000000","t","Mn","0","0",",000000",",000000",",000000",",000000"
"2025","MS","Não-Metálicos","Fosfato","84886,240000","3192,000000000000000","t","P2O5","0","0",",000000",",000000",",000000",",000000"
"2025","MS","Não-Metálicos","Rochas (Britadas) e Cascalho","10282030,760000",",000000000000000","-","","1685824","20498085,109999999","10408,890000","128857,850000","18889,000000","617630,440000"
"2025","MS","Não-Metálicos","Saibro","276295,190000",",000000000000000","-","","223225,38","3294714,6699999999","67844,590000","723981,440000",",000000",",000000"
"2025","MS","Não-Metálicos","Areia","2887954,650000",",000000000000000","-","","2305402,5900000003","73556303,599999994","91619,610000","179004,260000",",000000",",000000"
"2025","MS","Não-Metálicos","Talco e outras Cargas Minerais","261340,220000",",000000000000000","-","","0","0",",000000",",000000",",000000",",000000"
"2025","MT","Gemas e Diamantes","Gemas","4,770000",",000000000000000","-","","0","0",",000000",",000000",",000000",",000000"
"2025","MT","Não-Metálicos","Rochas (Britadas) e Cascalho","11472312,861200",",000000000000000","-","","1838400,77","34287822,57","587796,870000","4169985,360000","509169,000000","36163324,290000"
"2025","MT","Não-Metálicos","Talco e outras Cargas Minerais","68767,870000",",000000000000000","-","","0","0",",000000",",000000","68767,870000","546290,430000"
"2025","MT","Metálicos","Ouro","25076908,250000","9390,333160000000000","kg","Au","3178,7799999999997","10099490,16","46784,600000","1140778,000000",",000000",",000000"
"2025","MT","Não-Metálicos","Calcário","20135107,918800",",000000000000000","-","","578202,34999999998","41579050,799999997",",000000",",000000",",000000",",000000"
"2025","MT","Não-Metálicos","Argilas","374629,810000",",000000000000000","-","","96090,810000000012","4798950,9199999999","7506,110000","627511,250000","39426,000000","436850,000000"
"2025","MT","Não-Metálicos","Dolomito e Magnesita","2553616,940000",",000000000000000","-","","0","0",",000000",",000000",",000000",",000000"
"2025","MT","Gemas e Diamantes","Gemas",",000000",",000000000000000","kg","","0","0",",000000",",000000",",000000",",000000"
"2025","MT","Metálicos","Chumbo","1468185,650000","15879,190000000000000","t","Pb","0","0",",000000",",000000",",000000",",000000"
"2025","MT","Metálicos","Ferro","4200,000000","2946,360000000000000","t","Fe","0","0",",000000",",000000",",000000",",000000"
"2025","MT","Metálicos","Zinco","1468185,650000","47278,650000000000000","t","Zn","0","0",",000000",",000000",",000000",",000000"
"2025","MT","Metálicos","Manganês","95695,580000","27224,600000000000000","t","Mn","25684,860000000001","5373504,2400000002",",000000",",000000","40784,000000","12235200,000000"
"2025","MT","Não-Metálicos","Areias Industriais","1125,000000",",000000000000000","-","","1125","22500",",000000",",000000",",000000",",000000"
"2025","MT","Gemas e Diamantes","Diamante","13189,720000","176,870000000000000","ct","","0","0",",000000",",000000",",000000",",000000"
"2025","MT","Não-Metálicos","Areia","3086932,080000",",000000000000000","-","","2473444,1299999999","124062407,06999999","9760,040000","116593,760000","92478,180000","3043769,970000"
"2025","MT","Metálicos","Cobre","1468185,650000","9057,670000000000000","t","Cu","0","0",",000000",",000000",",000000",",000000"
"2025","MT","Não-Metálicos","Rochas Ornamentais","6410,440000",",000000000000000","-","","6250,8400000000001","5788525,8399999999",",000000",",000000",",000000",",000000"
"2025","MT","Metálicos","Estanho",",000000",",000000000000000","kg","Sn","0","0",",000000",",000000",",000000",",000000"
"2025","PA","Metálicos","Estanho","1404,280000","1022297,120000000000000","kg","Sn","0","0",",000000",",000000",",000000",",000000"
"2025","PA","Gemas e Diamantes","Gemas","209,480000","167576,800000000000000","kg","","209,47999999999999","1539611,8500000001",",000000",",000000",",000000",",000000"
"2025","PA","Metálicos","Titânio","13100,000000","655,000000000000000","t","TiO2","12751,290000000001","973899,19999999995",",000000",",000000",",000000",",000000"
"2025","PA","Metálicos","Columbita-Tantalita",",000000",",000000000000000","t","Ta2O5","0","0",",000000",",000000",",000000",",000000"
"2025","PA","Metálicos","Columbita-Tantalita",",000000",",000000000000000","t","Nb2O5","0","0",",000000",",000000",",000000",",000000"
"2025","PA","Metálicos","Prata","99177,970000","1792,469840000000000","kg","Ag","0","0",",000000",",000000",",000000",",000000"
"2025","PA","Não-Metálicos","Rochas Ornamentais","533367,020000",",000000000000000","-","","0","0",",000000",",000000",",000000",",000000"
"2025","PA","Não-Metálicos","Fosfato","48004,740000","9696,950000000000000","t","P2O5","0","0",",000000",",000000",",000000",",000000"
"2025","PA","Metálicos","Níquel","2500723,770000","45955,190000000000000","t"," Ni","0","0",",000000",",000000",",000000",",000000"
"2025","PA","Não-Metálicos","Argilas","543567,840000",",000000000000000","-","","375240,54999999999","4824280,75","44024,000000","707441,000000","112331,220000","1921313,750000"
"2025","PA","Não-Metálicos","Caulim","1780776,150000",",000000000000000","-","","103996,41","8596021,9399999995",",000000",",000000",",000000",",000000"
"2025","PA","Metálicos","Manganês","1283988,230000","177986,730000000000000","t","Mn","75067,369999999995","29503059,870000001",",000000",",000000",",000000",",000000"
"2025","PA","Metálicos","Alumínio (Bauxita)","43227545,160000","16392722,490000000000000","t","Al2O3","0","0",",000000",",000000","17609004,210000","55296134,120000"
"2025","PA","Não-Metálicos","Gipsita","190750,370000",",000000000000000","-","","116388,08","1280268,8799999999",",000000",",000000",",000000",",000000"
"2025","PA","Metálicos","Ouro","10498037,370000","5753,046230000000000","kg","Au","115170,45","57611242,859999999",",000000",",000000",",000000",",000000"
"2025","PA","Não-Metálicos","Calcário","4188594,290000",",000000000000000","-","","782517,40000000002","46299318,980000004",",000000",",000000",",000000",",000000"
"2025","PA","Metálicos","Ferro","174372741,890000","111563217,590000000000000","t","Fe","146398,63","38046806,369999997",",000000",",000000",",000000",",000000"
"2025","PA","Não-Metálicos","Rochas (Britadas) e Cascalho","2821686,610000",",000000000000000","-","","574009,26000000001","44452366,939999998","99,080000","2106550,000000","6308,080000","2431189,170000"
"2025","PA","Não-Metálicos","Areia","1570469,020000",",000000000000000","-","","1586467,7099999997","30086549,649999999","118,000000","11000,000000",",000000",",000000"
"2025","PA","Não-Metálicos","Rochas Ornamentais - Outras",",000000",",000000000000000","-","","3553,21","7212514,4900000002",",000000",",000000",",000000",",000000"
"2025","PA","Não-Metálicos","Saibro","207345,380000",",000000000000000","-","","206378,48000000001","1461173,6899999999","101,000000","553,480000","865,900000","13853,700000"
"2025","PA","Metálicos","Cobre","70212003,680000","482565,080000000000000","t","Cu","2054,8099999999999","25050294,43",",000000",",000000",",000000",",000000"
"2025","PA","Metálicos","Tungstênio",",000000",",000000000000000","t","WO3","0","0",",000000",",000000",",000000",",000000"
"2025","PB","Não-Metálicos","Saibro","23900,250000",",000000000000000","-","","2123,1999999999998","105763","21777,050000","21777,050000","21777,050000","21777,050000"
"2025","PB","Não-Metálicos","Caulim","50094,670000",",000000000000000","-","","50094,669999999998","1697054,8999999999",",000000",",000000",",000000",",000000"
"2025","PB","Não-Metálicos","Areia","1858228,680000",",000000000000000","-","","1948939,4000000004","27075728,219999999",",000000",",000000","285,600000","2016,000000"
"2025","PB","Não-Metálicos","Argilas","902370,680000",",000000000000000","-","","298563,70000000001","16738458,870000001",",000000",",000000","42165,530000","443165,220000"
"2025","PB","Não-Metálicos","Dolomito e Magnesita","4841,670000",",000000000000000","-","","4841,6700000000001","209925,60000000001",",000000",",000000",",000000",",000000"
"2025","PB","Não-Metálicos","Calcário","6377886,730000",",000000000000000","-","","2984091,4499999997","57608543,880000003",",000000",",000000","68339,230000","1819974,320000"
"2025","PB","Não-Metálicos","Rochas Ornamentais - Outras","4662,650000",",000000000000000","-","","4635,7600000000002","2267308,8199999998",",000000",",000000",",000000",",000000"
"2025","PB","Não-Metálicos","Rochas Ornamentais","584847,870000",",000000000000000","-","","19917,110000000001","64951081,600000009",",000000",",000000",",000000",",000000"
"2025","PB","Gemas e Diamantes","Gemas","192,000000",",000000000000000","kg","","0","0",",000000",",000000",",000000",",000000"
"2025","PB","Não-Metálicos","Minerais Industriais (Outros)",",000000",",000000000000000","t","","0","0",",000000",",000000",",000000",",000000"
"2025","PB","Não-Metálicos","Areias Industriais","242975,770000",",000000000000000","-","","25743,440000000002","3757026,1399999997",",000000",",000000","210890,330000","613434,610000"
"2025","PB","Não-Metálicos","Rochas (Britadas) e Cascalho","3083809,370000",",000000000000000","-","","488280,79999999999","734008,40000000002",",000000",",000000",",000000",",000000"
"2025","PB","Não-Metálicos","Mica","19714,250000",",000000000000000","-","","19713,169999999998","5365495,9299999997",",000000",",000000",",000000",",000000"
"2025","PB","Não-Metálicos","Feldspato, Leucita e Nefelina-Sienito","147974,710000",",000000000000000","-","","100978,59999999999","7531606,6499999994",",000000",",000000","32212,610000","1448103,200000"
"2025","PB","Metálicos","Ferro",",000000",",000000000000000","t","Fe","0","0",",000000",",000000",",000000",",000000"
"2025","PB","Não-Metálicos","Talco e outras Cargas Minerais","29180,000000",",000000000000000","-","","60792,160000000003","4566633,6500000004",",000000",",000000",",000000",",000000"
"2025","PB","Não-Metálicos","Quartzo (Cristal) e outros Piezelétricos","29,000000",",000000000000000","-","","0","0",",000000",",000000",",000000",",000000"
"2025","PB","Não-Metálicos","Vermiculita e Perlita","3529,510000","3529,130000000000000","t","","3529,5100000000002","6376812,04",",000000",",000000",",000000",",000000"
"2025","PB","Metálicos","Tungstênio",",000000",",000000000000000","t","WO3","0","0",",000000",",000000",",000000",",000000"
"2025","PB","Metálicos","Columbita-Tantalita",",000000",",000000000000000","t","Ta2O5","0","0",",000000",",000000",",000000",",000000"
"2025","PE","Não-Metálicos","Calcário","338713,090000",",000000000000000","-","","51337,182000000001","3599704,0520000001","185,000000","1850,000000","94441,010000","1273129,000000"
"2025","PE","Não-Metálicos","Rochas Ornamentais - Outras","46,000000",",000000000000000","-","","76","20000",",000000",",000000",",000000",",000000"
"2025","PE","Não-Metálicos","Gipsita","3675176,860000",",000000000000000","-","","1282700,6299999999","57328531,870000005",",000000",",000000",",000000",",000000"
"2025","PE","Não-Metálicos","Saibro","19588,560000",",000000000000000","-","","15451,560000000001","90071,979999999996",",000000",",000000","4137,000000","6895,000000"
"2025","PE","Não-Metálicos","Vermiculita e Perlita","2841,000000","860,540000000000000","t","","0","0",",120000","486994,500000",",000000",",000000"
"2025","PE","Não-Metálicos","Rochas Ornamentais","3766,020000",",000000000000000","-","","2567,5853999999999","5255947,3525999999",",000000",",000000","33,080000","26172,500000"
"2025","PE","Não-Metálicos","Areia","1564858,510000",",000000000000000","-","","1512192,73","16958034,440000001",",000000",",000000","1842,000000","25051,200000"
"2025","PE","Não-Metálicos","Argilas","654572,630000",",000000000000000","-","","564260,30000000005","13590758,9","17014,640000","255219,300000","72079,520000","808294,840000"
"2025","PE","Metálicos","Titânio",",000000",",000000000000000","t","TiO2","0","0",",000000",",000000",",000000",",000000"
"2025","PE","Não-Metálicos","Caulim","77,440000",",000000000000000","-","","47","3807",",000000",",000000","30,440000","1369,800000"
"2025","PE","Não-Metálicos","Areias Industriais","63223,000000",",000000000000000","-","","0","0",",000000",",000000",",000000",",000000"
"2025","PE","Metálicos","Ouro","60683,200000","165,577710000000000","kg","Au","0","0",",000000",",000000",",000000",",000000"
"2025","PE","Não-Metálicos","Rochas (Britadas) e Cascalho","7198733,220000",",000000000000000","-","","93793,992599999998","8341951,2053999994","20000,000000","20000,000000",",000000",",000000"
"2025","PI","Não-Metálicos","Saibro","248511,000000",",000000000000000","-","","248511","491771,58000000002",",000000",",000000",",000000",",000000"
"2025","PI","Gemas e Diamantes","Gemas","117,820000",",000000000000000","kg","","117,81999999999999","12936,639999999999",",000000",",000000",",000000",",000000"
"2025","PI","Não-Metálicos","Areia","355455,740000",",000000000000000","-","","333633,26000000001","8015489,6299999999","40402,000000","312136,750000",",000000",",000000"
"2025","PI","Não-Metálicos","Rochas Ornamentais - Outras","878,760000",",000000000000000","-","","0","0",",000000",",000000",",000000",",000000"
"2025","PI","Não-Metálicos","Calcário","1279612,600000",",000000000000000","-","","71683,289999999994","1343034,3149999999",",000000",",000000","484816,670000","54088608,020000"
"2025","PI","Não-Metálicos","Dolomito e Magnesita","135003,500000",",000000000000000","-","","94054,800000000003","1100496,7250000001",",000000",",000000",",000000",",000000"
"2025","PI","Metálicos","Níquel","9467,000000","94,670000000000000","t"," Ni","0","0",",000000",",000000",",000000",",000000"
"2025","PI","Não-Metálicos","Rochas Ornamentais","55497,110000",",000000000000000","-","","30671,519999999997","7445111,04","520,000000","44200,000000",",000000",",000000"
"2025","PI","Gemas e Diamantes","Diamante","8511,930000","1357,910000000000000","ct","","0","0",",000000",",000000",",000000",",000000"
"2025","PI","Metálicos","Ferro","327462,000000","186653,340000000000000","t","Fe","574574,38","118015454,93000001",",000000",",000000",",000000",",000000"
"2025","PI","Não-Metálicos","Rochas (Britadas) e Cascalho","2042757,420000",",000000000000000","-","","73047,070000000007","3144362,8400000003","45482,300000","3401008,500000",",000000",",000000"
"2025","PI","Não-Metálicos","Vermiculita e Perlita",",000000",",000000000000000","t","","0","0",",000000",",000000",",000000",",000000"
"2025","PI","Não-Metálicos","Argilas","679549,330000",",000000000000000","-","","535198,60000000009","5376354,8000000007","25338,940000","365037,800000","138344,570000","846018,520000"
"2025","PR","Não-Metálicos","Caulim","79036,550000",",000000000000000","-","","30760,369999999999","698540,01000000001",",000000",",000000","3750,030000","127501,020000"
"2025","PR","Metálicos","Ouro","71951,340000","211,241290000000000","kg","Au","0","0",",000000",",000000",",000000",",000000"
"2025","PR","Metálicos","Prata","59077,820000","11,672100000000000","kg","Ag","0","0",",000000",",000000",",000000",",000000"
"2025","PR","Não-Metálicos","Talco e outras Cargas Minerais","890983,390000",",000000000000000","-","","153970,34","18179472,380000003",",000000",",000000","413268,680000","11102665,780000"
"2025","PR","Não-Metálicos","Rochas Ornamentais","174238,134641",",000000000000000","-","","55483,682585999995","85260463,491053015",",000000",",000000","2853,979000","1532447,910000"
"2025","PR","Não-Metálicos","Saibro","2186826,670000",",000000000000000","-","","2042234,0300000003","52259871,239999987","45667,400000","755661,510000","13570,270000","76902,490000"
"2025","PR","Não-Metálicos","Rochas (Britadas) e Cascalho","29190374,636559",",000000000000000","-","","2617016,5120139997","121496906,82334699","816534,360000","9801706,680000","948371,410000","20486271,600000"
"2025","PR","Não-Metálicos","Feldspato, Leucita e Nefelina-Sienito","102007,200000",",000000000000000","-","","0","0",",000000",",000000",",000000",",000000"
"2025","PR","Energéticos","Carvão Mineral",",000000",",000000000000000","-","","0","0",",000000",",000000",",000000",",000000"
"2025","PR","Gemas e Diamantes","Gemas","2166,820000","21668,200000000000000","kg","","0","0",",000000",",000000","2166,820000","54170,500000"
"2025","PR","Não-Metálicos","Calcário","21771076,138800",",000000000000000","-","","4264163,2253999999","145108321,34560001","44991,170000","1292648,060000","24529,371000","1490214,660000"
"2025","PR","Não-Metálicos","Bário","1376,740000","1287,100000000000000","t","BaSO4","1376,74","4198231,5199999996",",000000",",000000",",000000",",000000"
"2025","PR","Não-Metálicos","Fluorita e Criolita","87866,350000","39487,130000000000000","t","","0","0",",000000",",000000",",000000",",000000"
"2025","PR","Não-Metálicos","Areias Industriais","158930,560000",",000000000000000","-","","0","0",",000000",",000000","150606,560000","5012134,500000"
"2025","PR","Não-Metálicos","Rochas Ornamentais - Outras","84696,720000",",000000000000000","-","","67122,949999999997","404451,88",",000000",",000000","3243,770000","356814,000000"
"2025","PR","Não-Metálicos","Areia","10861970,180000",",000000000000000","-","","6878062,709999999","264691516,85999998",",000000",",000000","115117,850000","4003864,370000"
"2025","PR","Não-Metálicos","Argilas","2877623,830000",",000000000000000","-","","1696618,0700000001","19586940,879999999","21449,000000","200348,000000","1155296,180000","9939530,450000"
"2025","PR","Não-Metálicos","Dolomito e Magnesita","2521589,800000",",000000000000000","-","","786970,70999999996","5342711,4500000002","1037573,650000","8887986,630000","44775,950000","530771,400000"
"2025","RJ","Metálicos","Titânio",",000000",",000000000000000","t","TiO2","0","0",",000000",",000000",",000000",",000000"
"2025","RJ","Não-Metálicos","Feldspato, Leucita e Nefelina-Sienito","91480,550000",",000000000000000","-","","73848,490000000005","17494077,199999999",",000000",",000000",",000000",",000000"
"2025","RJ","Metálicos","Monazita e Terras-Raras",",000000",",000000000000000","t","ETR","0","0",",000000",",000000",",000000",",000000"
"2025","RJ","Não-Metálicos","Rochas (Britadas) e Cascalho","15940081,470000",",000000000000000","-","","137254,97","9764875,5500000007",",000000",",000000",",000000",",000000"
"2025","RJ","Metálicos","Zircônio",",000000",",000000000000000","t","ZrSiO4","0","0",",000000",",000000",",000000",",000000"
"2025","RJ","Não-Metálicos","Rochas Ornamentais - Outras","51116,900000",",000000000000000","-","","47134,900000000001","6798720,6299999999",",000000",",000000","3577,000000","500780,000000"
"2025","RJ","Não-Metálicos","Saibro","1788488,450000",",000000000000000","-","","1384943,6600000001","10065494,330000002",",000000",",000000","374930,920000","2533174,280000"
"2025","RJ","Metálicos","Alumínio (Bauxita)",",000000",",000000000000000","t","Al2O3","0","0",",000000",",000000",",000000",",000000"
"2025","RJ","Não-Metálicos","Areias Industriais",",000000",",000000000000000","-","","0","0",",000000",",000000",",000000",",000000"
"2025","RJ","Não-Metálicos","Fluorita e Criolita","1,000000","1,000000000000000","t","","0","0",",000000",",000000",",000000",",000000"
"2025","RJ","Não-Metálicos","Areia","5057914,020000",",000000000000000","-","","4749069,1300000008","117313915,02000003",",000000",",000000",",000000",",000000"
"2025","RJ","Não-Metálicos","Argilas","1844609,480000",",000000000000000","-","","381999,32000000001","584153,43999999994","34482,000000","335780,000000","1338451,830000","3850674,660000"
"2025","RJ","Não-Metálicos","Rochas Ornamentais","59080,140000",",000000000000000","-","","10800,790000000001","1216221,25",",000000",",000000",",000000",",000000"
"2025","RJ","Não-Metálicos","Calcário","2894026,680000",",000000000000000","-","","0","0","545384,000000","6091585,000000",",000000",",000000"
"2025","RN","Não-Metálicos","Minerais Industriais (Outros)",",009800",",001274000000000","t","","0","0",",000000",",000000",",000000",",000000"
"2025","RN","Metálicos","Ouro","4162035,630000","3345,175270000000000","kg","Au","0","0",",000000",",000000",",000000",",000000"
"2025","RN","Metálicos","Tungstênio","93372,870000","367,040000000000000","t","WO3","4,75","47500",",000000",",000000",",000000",",000000"
"2025","RN","Não-Metálicos","Feldspato, Leucita e Nefelina-Sienito","258426,970000",",000000000000000","-","","221473,32000000001","3118292,1400000001",",000000",",000000","36598,700000","5116965,930000"
"2025","RN","Não-Metálicos","Diatomita","540,000000",",000000000000000","-","","517","242465",",000000",",000000",",000000",",000000"
"2025","RN","Não-Metálicos","Areias Industriais","38382,180000",",000000000000000","-","","20466,297000000002","3424185,8790000002",",000000",",000000","7133,970000","814047,300000"
"2025","RN","Não-Metálicos","Dolomito e Magnesita","9992,620000",",000000000000000","-","","0","0",",000000",",000000",",000000",",000000"
"2025","RN","Não-Metálicos","Rochas (Britadas) e Cascalho","1546086,250000",",000000000000000","-","","0","0",",000000",",000000",",000000",",000000"
"2025","RN","Metálicos","Ferro","8580,340000","4098,000000000000000","t","Fe","3501,8000000000002","34633,800000000003",",000000",",000000",",000000",",000000"
"2025","RN","Não-Metálicos","Talco e outras Cargas Minerais","20165,890000",",000000000000000","-","","0","0",",000000",",000000","20165,890000","1209953,640000"
"2025","RN","Gemas e Diamantes","Gemas","18664,700200","16006,130100000000000","kg","","23,859999999999999","13721,82",",000000",",000000",",000000",",000000"
"2025","RN","Gemas e Diamantes","Gemas","174,500000",",000000000000000","-","","174,173","13411,321",",000000",",000000",",000000",",000000"
"2025","RN","Não-Metálicos","Gipsita",",000000",",000000000000000","-","","0","0",",000000",",000000",",000000",",000000"
"2025","RN","Não-Metálicos","Rochas Ornamentais","19519,190000",",000000000000000","-","","19184,059999999998","18012668,73",",000000",",000000","3094,930000","978461,410000"
"2025","RN","Não-Metálicos","Argilas","723029,960000",",000000000000000","-","","134575,64999999999","1413527,4500000002","5949,410000","5949,410000","11741,000000","67803,490000"
"2025","RN","Não-Metálicos","Caulim","75424,100000",",000000000000000","-","","75374,100000000006","5983325,4100000001",",000000",",000000",",000000",",000000"
"2025","RN","Não-Metálicos","Areia","199762,770000",",000000000000000","-","","203349,76999999999","3256105,7000000002",",000000",",000000","4342,000000","86840,000000"
"2025","RN","Não-Metálicos","Saibro","118031,480000",",000000000000000","-","","118031,48000000001","811702,45999999996",",000000",",000000",",000000",",000000"
"2025","RN","Não-Metálicos","Mica","565,730000",",000000000000000","-","","563,62","1874200,54",",000000",",000000",",000000",",000000"
"2025","RN","Não-Metálicos","Rochas Ornamentais - Outras","35607,800000",",000000000000000","-","","31276,199999999997","43470572,180000007",",000000",",000000","1525,500000","339000,000000"
"2025","RN","Metálicos","Columbita-Tantalita","2,950000",",505300000000000","t","Ta2O5","2,9500000000000002","88050",",000000",",000000",",000000",",000000"
"2025","RN","Não-Metálicos","Calcário","3394493,880000",",000000000000000","-","","683982,55000000005","16867393,57",",000000",",000000","2356,350000","282762,000000"
"2025","RO","Metálicos","Ouro","4156219,960000","670,794440000000000","kg","Au","44747,300000000003","23629391,260000002",",000000",",000000",",000000",",000000"
"2025","RO","Não-Metálicos","Calcário","720717,750000",",000000000000000","-","","606235,82000000007","65050583,089999996",",000000",",000000",",000000",",000000"
"2025","RO","Metálicos","Zinco","210562,000000","21358,490000000000000","t","Zn","0","0",",000000",",000000",",000000",",000000"
"2025","RO","Não-Metálicos","Areia","22416983,990000",",000000000000000","-","","22409054,360000003","21303792,52",",000000",",000000",",000000",",000000"
"2025","RO","Metálicos","Columbita-Tantalita","35579,718000","45,264666000000000","t","Ta2O5","0","0",",000000",",000000",",000000",",000000"
"2025","RO","Não-Metálicos","Saibro","7041,600000",",000000000000000","-","","7041,6000000000004","78468,220000000001",",000000",",000000",",000000",",000000"
"2025","RO","Metálicos","Titânio","1813464,140000","10262,660000000000000","t","TiO2","0","0",",000000",",000000",",000000",",000000"
"2025","RO","Não-Metálicos","Argilas","1028834,780000",",000000000000000","-","","819953,59999999998","1492967,3999999999",",000000",",000000","209051,180000","4823367,320000"
"2025","RO","Metálicos","Columbita-Tantalita","829178,742000","439,783944000000000","t","Nb2O5","0","0",",000000",",000000",",000000",",000000"
"2025","RO","Não-Metálicos","Rochas (Britadas) e Cascalho","1685505,450000",",000000000000000","-","","206003,99999999997","17216709,080000002",",000000",",000000","1925,000000","57750,000000"
"2025","RO","Metálicos","Estanho","4570633,900000","4529854,080000000000000","kg","Sn","56","5372673,3700000001",",000000",",000000",",000000",",000000"
"2025","RO","Metálicos","Chumbo","210562,000000","4414,040000000000000","t","Pb","0","0",",000000",",000000",",000000",",000000"
"2025","RR","Não-Metálicos","Argilas","314613,220000",",000000000000000","-","","314483,68000000005","1890181,5","129,540000","49563,500000",",000000",",000000"
"2025","RR","Metálicos","Ouro",",000000",",000000000000000","kg","Au","0","0",",000000",",000000",",000000",",000000"
"2025","RR","Não-Metálicos","Areia","134733,100000",",000000000000000","-","","134733","3085315,5199999996",",000000",",000000",",000000",",000000"
"2025","RR","Não-Metálicos","Rochas (Britadas) e Cascalho","336195,090000",",000000000000000","-","","16117","768525,47000000009",",000000",",000000",",000000",",000000"
"2025","RR","Não-Metálicos","Rochas Ornamentais","234,040000",",000000000000000","-","","234,03999999999999","1550350,3100000001",",000000",",000000",",000000",",000000"
"2025","RS","Não-Metálicos","Rochas Ornamentais","267745,890000",",000000000000000","-","","140103,12","11413124,879999997",",000000",",000000","85223,800000","2444453,470000"
"2025","RS","Metálicos","Ouro",",000000",",000000000000000","kg","Au","0","0",",000000",",000000",",000000",",000000"
"2025","RS","Não-Metálicos","Calcário","5285166,010000",",000000000000000","-","","1182596,21","34755111,729999997",",000000",",000000","300,000000","300,000000"
"2025","RS","Metálicos","Cobre",",000000",",000000000000000","t","Cu","0","0",",000000",",000000",",000000",",000000"
"2025","RS","Não-Metálicos","Areia","8860740,910000",",000000000000000","-","","8560011,3300000001","208844045,38999999",",000000",",000000","240770,440000","3267997,820000"
"2025","RS","Gemas e Diamantes","Gemas","17,000000","16000,000000000000000","kg","","17","11665",",000000",",000000",",000000",",000000"
"2025","RS","Não-Metálicos","Rochas Ornamentais - Outras","7386634,855000",",000000000000000","-","","277891,67599999998","32228336,287999995",",000000",",000000","9191,900000","98963,750000"
"2025","RS","Não-Metálicos","Areias Industriais","95677,690000",",000000000000000","-","","95677,690000000002","2804998,0700000003",",000000",",000000",",000000",",000000"
"2025","RS","Não-Metálicos","Rochas (Britadas) e Cascalho","34484781,675000",",000000000000000","-","","2080322,9465000001","50870381,539499991","184268,792500","1372222,776000","768172,750000","16325349,680000"
"2025","RS","Não-Metálicos","Geodos, Ágatas, Calcedônia, etc","164786,250000","9650,193310000000000","t","","164476,92999999996","97814235,920000017","3,500000","3,500000",",000000",",000000"
"2025","RS","Metálicos","Prata",",000000",",000000000000000","kg","Ag","0","0",",000000",",000000",",000000",",000000"
"2025","RS","Energéticos","Carvão Mineral","5132223,280000",",000000000000000","-","","254347,85999999999","631800,08999999997",",000000",",000000",",000000",",000000"
"2025","RS","Metálicos","Chumbo",",000000",",000000000000000","t","Pb","0","0",",000000",",000000",",000000",",000000"
"2025","RS","Não-Metálicos","Caulim","319881,120000",",000000000000000","-","","294143,88","20134448,18",",000000",",000000","3793,200000","83451,000000"
"2025","RS","Não-Metálicos","Argilas","4309300,790000",",000000000000000","-","","2207878,5499999998","38364939,289999999","1164384,940000","3494271,460000","1125158,760000","9324963,970000"
"2025","RS","Não-Metálicos","Talco e outras Cargas Minerais","773,890000",",000000000000000","-","","773,88999999999999","355377,40000000002",",000000",",000000",",000000",",000000"
"2025","RS","Não-Metálicos","Saibro","4474841,520000",",000000000000000","-","","2008194,6874999998","47427127,072499998","92597,957500","1695831,854000","1123800,260000","4095759,250000"
"2025","SC","Energéticos","Carvão Mineral","5464642,818000",",000000000000000","-","","1156766","204187820,75999999",",000000",",000000",",000000",",000000"
"2025","SC","Não-Metálicos","Rochas Ornamentais","301126,180000",",000000000000000","-","","299100,815","9581513,5150000006",",000000",",000000",",000000",",000000"
"2025","SC","Não-Metálicos","Saibro","3795638,690000",",000000000000000","-","","2428859,4100000001","40488445,469999991","325833,270000","2048024,880000","266051,090000","2327369,650000"
"2025","SC","Não-Metálicos","Areia","8510438,480000",",000000000000000","-","","6030989,9300000016","243758580,44000003","8957,500000","89710,800000","25150,040000","1082811,380000"
"2025","SC","Não-Metálicos","Areias Industriais","139341,460000",",000000000000000","-","","4452,8900000000003","654822,23999999999",",000000",",000000",",000000",",000000"
"2025","SC","Energéticos","Turfa","9937,250000",",000000000000000","-","","3794,29","1030750,9399999999",",000000",",000000",",000000",",000000"
"2025","SC","Não-Metálicos","Calcário","2585757,390000",",000000000000000","-","","436044,98999999999","1926003,4099999999",",000000",",000000",",000000",",000000"
"2025","SC","Não-Metálicos","Rochas (Britadas) e Cascalho","1136458417,060000",",000000000000000","-","","3599127,6550000003","166412582,42500001","1278827,320000","49907518,350000","1063127,980000","5583520,200000"
"2025","SC","Não-Metálicos","Fluorita e Criolita",",000000",",000000000000000","t","","0","0",",000000",",000000",",000000",",000000"
"2025","SC","Não-Metálicos","Argilas","4859660,950000",",000000000000000","-","","3351557,29","84260061,76000002","115989,840000","849453,460000","1245610,280000","18674667,580000"
"2025","SC","Não-Metálicos","Caulim","30346,890000",",000000000000000","-","","27479","378130,06999999995","24788,000000","24788,000000","5118,880000","67656,470000"
"2025","SC","Não-Metálicos","Feldspato, Leucita e Nefelina-Sienito","161395,880000",",000000000000000","-","","0","0",",000000",",000000",",000000",",000000"
"2025","SC","Não-Metálicos","Enxofre","72903,242000",",000000000000000","-","S","0","0",",000000",",000000",",000000",",000000"
"2025","SC","Não-Metálicos","Rochas Ornamentais - Outras","119548,970000",",000000000000000","-","","56355,940000000002","3909552,3400000003",",000000",",000000",",000000",",000000"
"2025","SC","Não-Metálicos","Dolomito e Magnesita","267500,000000",",000000000000000","-","","0","0",",000000",",000000",",000000",",000000"
"2025","SE","Não-Metálicos","Calcário","4540661,360000",",000000000000000","-","","0","0",",000000",",000000",",000000",",000000"
"2025","SE","Não-Metálicos","Potássio","1852534,510000","450274,690000000000000","t","K2O","0","0",",000000",",000000",",000000",",000000"
"2025","SE","Não-Metálicos","Rochas Ornamentais","3822,010000",",000000000000000","-","","3822,0100000000002","2652603,3100000001",",000000",",000000",",000000",",000000"
"2025","SE","Não-Metálicos","Talco e outras Cargas Minerais","91841,370000",",000000000000000","-","","0","0",",000000",",000000","65094,490000","879977,490000"
"2025","SE","Não-Metálicos","Rochas (Britadas) e Cascalho","1560143,960000",",000000000000000","-","","232066,01999999999","3597688,75",",000000",",000000",",000000",",000000"
"2025","SE","Não-Metálicos","Argilas","1183799,360000",",000000000000000","-","","420485,46000000008","5100563,5900000008",",000000",",000000","619122,900000","29931739,880000"
"2025","SE","Não-Metálicos","Areia","724484,560000",",000000000000000","-","","723304,56000000006","14651197,49",",000000",",000000","22800,000000","170932,000000"
"2025","SE","Não-Metálicos","Areias Industriais","53929,890000",",000000000000000","-","","0","0",",000000",",000000",",000000",",000000"
"2025","SE","Não-Metálicos","Saibro","4000,000000",",000000000000000","-","","2500","9561",",000000",",000000",",000000",",000000"
"2025","SP","Não-Metálicos","Rochas Ornamentais - Outras","313109,260000",",000000000000000","-","","28966,239999999998","5674521,3200000003",",000000",",000000",",000000",",000000"
"2025","SP","Não-Metálicos","Saibro","580845,600000",",000000000000000","-","","530104,41000000003","8956680,5999999996",",000000",",000000","7964,790000","398239,500000"
"2025","SP","Não-Metálicos","Minerais Industriais (Outros)",",000000",",000000000000000","t","","0","0",",000000",",000000",",000000",",000000"
"2025","SP","Não-Metálicos","Calcário","10927981,753276",",000000000000000","-","","295281,58600000001","11400126,657000002",",000000",",000000",",000000",",000000"
"2025","SP","Não-Metálicos","Areias Industriais","6169226,368000",",000000000000000","-","","855200,57000000007","47686239,009999998",",000000",",000000","35743,000000","35743,000000"
"2025","SP","Não-Metálicos","Rochas Ornamentais","370593,220000",",000000000000000","-","","348489,42000000004","52203355,88000001",",000000",",000000",",000000",",000000"
"2025","SP","Não-Metálicos","Caulim","96471,880000",",000000000000000","-","","9294,3899999999994","444119","2308,000000","41741,000000","1940,000000","87300,000000"
"2025","SP","Metálicos","Alumínio (Bauxita)","534237,280000","208398,630000000000000","t","Al2O3","297824,13","34805695,400000006",",000000",",000000",",000000",",000000"
"2025","SP","Metálicos","Cobre","565,560000","56,560000000000000","t","Cu","565,55999999999995","113112",",000000",",000000",",000000",",000000"
"2025","SP","Não-Metálicos","Dolomito e Magnesita","1115439,533500",",000000000000000","-","","323871,89399999997","18545101,982999999",",000000",",000000",",000000",",000000"
"2025","SP","Não-Metálicos","Areia","32201579,322000",",000000000000000","-","","13925620,809999997","536797078,48000002","451,310000","8496,330000","733562,700000","10724485,260000"
"2025","SP","Não-Metálicos","Talco e outras Cargas Minerais","1113933,240000",",000000000000000","-","","393557,80000000005","13813517,140000001",",000000",",000000","5,700000","65,250000"
"2025","SP","Não-Metálicos","Fosfato","4127611,170000","197833,570000000000000","t","P2O5","268533,75","8197743,4000000004",",000000",",000000",",000000",",000000"
"2025","SP","Não-Metálicos","Rochas (Britadas) e Cascalho","78501157,313224",",000000000000000","-","","917815,90000000002","33021929,300000001","11807,400000","213621,200000","101136,850000","653923,360000"
"2025","SP","Não-Metálicos","Feldspato, Leucita e Nefelina-Sienito","384,380000",",000000000000000","-","","60","1818",",000000",",000000",",000000",",000000"
"2025","SP","Não-Metálicos","Argilas","12748520,900000",",000000000000000","-","","9395441,1699999981","197806190,18999997","398150,470000","4552739,770000","1403654,420000","12199154,200000"
"2025","SP","Energéticos","Turfa","64961,680000",",000000000000000","-","","51505,379999999997","7413182,1400000006",",000000",",000000","4419,000000","66798,260000"
"2025","TO","Não-Metálicos","Rochas Ornamentais","184,220000",",000000000000000","-","","184,22","305106,47999999998",",000000",",000000",",000000",",000000"
"2025","TO","Não-Metálicos","Calcário","9855654,530800",",000000000000000","-","","547544,96999999997","50105203,639999993","210012,370000",",360000",",360000",",360000"
"2025","TO","Metálicos","Ferro","3000,000000","1200,000000000000000","t","Fe","0","0",",000000",",000000",",000000",",000000"
"2025","TO","Não-Metálicos","Quartzo (Cristal) e outros Piezelétricos","1,500000",",000000000000000","-","","0","0",",000000",",000000",",000000",",000000"
"2025","TO","Não-Metálicos","Talco e outras Cargas Minerais","1705,420000",",000000000000000","-","","649,94000000000005","1361154,3200000001",",000000",",000000",",000000",",000000"
"2025","TO","Metálicos","Ouro","3267228,150000","2414,524830000000000","kg","Au","0","0",",000000",",000000",",000000",",000000"
"2025","TO","Não-Metálicos","Rochas (Britadas) e Cascalho","1683660,179200",",000000000000000","-","","311617,98000000004","24199411,220000003","6769,570000","618527,430000","367,500000","2697,450000"
"2025","TO","Não-Metálicos","Minerais Industriais (Outros)",",920000",",000000000000000","-","","0","0",",000000",",000000",",000000",",000000"
"2025","TO","Não-Metálicos","Areia","541977,940000",",000000000000000","-","","504292,97000000009","19808965,73",",000000",",000000",",000000",",000000"
"2025","TO","Metálicos","Zircônio","581170,800000","577388,320000000000000","t","ZrSiO4","225,22","1455820",",000000",",000000",",000000",",000000"
"2025","TO","Metálicos","Manganês","137856,300000","9496,710000000000000","t","Mn","0","0",",000000",",000000",",000000",",000000"
"2025","TO","Não-Metálicos","Areias Industriais","2573,920000",",000000000000000","-","","1554,3200000000002","4707756,8000000007",",000000",",000000","1067,580000","1305422,460000"
"2025","TO","Não-Metálicos","Argilas","224904,780000",",000000000000000","-","","29252","383380,5","19390,000000","81020,000000","173434,780000","1528331,000000"
"2025","TO","Não-Metálicos","Gipsita","80453,580000",",000000000000000","-","","0","0",",000000",",000000",",000000",",000000"
"2025","TO","Não-Metálicos","Fosfato","273132,160000","22125,000000000000000","t","P2O5","65234,419999999998","65234,419999999998",",000000",",000000","19209,770000","3457758,600000"
"2025","TO","Não-Metálicos","Saibro","65,600000",",000000000000000","-","","65,599999999999994","1463",",000000",",000000",",000000",",000000"
"2025","TO","Não-Metálicos","Dolomito e Magnesita","291302,160000",",000000000000000","-","","0","0",",000000",",000000",",000000",",000000"
